timestamp,frame_idx,mode,franka_x,franka_y,franka_z,vx,vy,vz,wz,pwm1,pwm2,pwm3,sm_x,sm_y,sm_z,sm_yaw,btn0,btn_other
2026-08-24 20:01:16.614899,0,franka,0.53916,-0.03912,0.43400,-0.00000,-0.00000,-0.00000,0.00000,0.00,0.00,0.00,0.0000,0.0000,0.0000,0.0000,0,0
2026-08-24 20:01:16.663858,1,franka,0.53916,-0.03912,0.43400,-0.00000,-0.00000,-0.00000,0.00000,0.00,0.00,0.00,0.0000,0.0000,0.0000,0.0000,0,0
2026-08-24 20:01:16.717129,2,franka,0.53916,-0.03912,0.43400,-0.00000,-0.00000,-0.00000,0.00000,0.00,0.00,0.00,0.0000,0.0000,0.0000,0.0000,0,0
2026-08-24 20:01:16.770309,3,franka,0.53916,-0.03912,0.43400,-0.00000,-0.00000,-0.00000,0.00000,0.00,0.00,0.00,0.0000,0.0000,0.0000,0.0000,0,0
2026-08-24 20:01:16.823606,4,franka,0.53916,-0.03912,0.43400,-0.00000,-0.00000,-0.00000,0.00000,0.00,0.00,0.00,0.0000,0.0000,0.0000,0.0000,0,0
2026-08-24 20:01:16.877489,5,franka,0.53917,-0.03912,0.43400,-0.00000,-0.00000,-0.00000,0.00000,0.00,0.00,0.00,0.0000,0.0000,0.0000,0.0000,0,0
2026-08-24 20:01:16.931702,6,franka,0.53916,-0.03912,0.43400,-0.00000,-0.00000,-0.00000,0.00000,0.00,0.00,0.00,0.0000,0.0000,0.0000,0.0000,0,0
2026-08-24 20:01:16.985204,7,franka,0.53916,-0.03912,0.43400,-0.00000,-0.00000,-0.00000,0.00000,0.00,0.00,0.00,0.0000,0.0000,0.0000,0.0000,0,0
2026-08-24 20:01:17.038993,8,franka,0.53916,-0.03912,0.43400,-0.00000,-0.00000,-0.00000,0.00000,0.00,0.00,0.00,0.0000,0.0000,0.0000,0.0000,0,0
2026-08-24 20:01:17.092828,9,franka,0.53917,-0.03912,0.43400,-0.00000,-0.00000,-0.00000,0.00000,0.00,0.00,0.00,0.0000,0.0000,0.0000,0.0000,0,0
2026-08-24 20:01:17.146649,10,franka,0.53917,-0.03912,0.43400,-0.00000,-0.00000,-0.00000,0.00000,0.00,0.00,0.00,0.0000,0.0000,0.0000,0.0000,0,0
2026-08-24 20:01:17.200304,11,franka,0.53917,-0.03912,0.43400,-0.00000,-0.00000,-0.00000,0.00000,0.00,0.00,0.00,0.0000,0.0000,0.0000,0.0000,0,0
2026-08-24 20:01:17.250819,12,franka,0.53916,-0.03912,0.43400,-0.00000,-0.00000,-0.00000,0.00000,0.00,0.00,0.00,0.0000,0.0000,0.0000,0.0000,0,0
2026-08-24 20:01:17.304744,13,franka,0.53917,-0.03912,0.43400,-0.00000,-0.00000,-0.00000,0.00000,0.00,0.00,0.00,0.0000,0.0000,0.0000,0.0000,0,0
2026-08-24 20:01:17.356103,14,franka,0.53917,-0.03912,0.43400,-0.00000,-0.00000,-0.00000,0.00000,0.00,0.00,0.00,0.0000,0.0000,0.0000,0.0000,0,0
2026-08-24 20:01:17.409670,15,franka,0.53916,-0.03913,0.43400,-0.00000,-0.00000,-0.00000,0.00000,0.00,0.00,0.00,0.0000,0.0000,0.0000,0.0000,0,0
2026-08-24 20:01:17.464743,16,franka,0.53916,-0.03912,0.43400,-0.00000,-0.00000,-0.00000,0.00000,0.00,0.00,0.00,0.0000,0.0000,0.0000,0.0000,0,0
2026-08-24 20:01:17.518763,17,franka,0.53917,-0.03912,0.43400,-0.00000,-0.00000,-0.00000,0.00000,0.00,0.00,0.00,0.0000,0.0000,0.0000,0.0000,0,0
2026-08-24 20:01:17.572345,18,franka,0.53916,-0.03912,0.43400,-0.00000,-0.00000,-0.00000,0.00000,0.00,0.00,0.00,0.0000,0.0000,0.0000,0.0000,0,0
2026-08-24 20:01:17.626040,19,franka,0.53917,-0.03912,0.43400,-0.00000,-0.00000,-0.00000,0.00000,0.00,0.00,0.00,0.0000,0.0000,0.0000,0.0000,0,0
2026-08-24 20:01:17.679566,20,franka,0.53916,-0.03912,0.43400,-0.00000,-0.00000,-0.00000,0.00000,0.00,0.00,0.00,0.0000,0.0000,0.0000,0.0000,0,0
2026-08-24 20:01:17.733474,21,franka,0.53916,-0.03912,0.43400,-0.00000,-0.00000,-0.00000,0.00000,0.00,0.00,0.00,0.0000,0.0000,0.0000,0.0000,0,0
2026-08-24 20:01:17.787376,22,franka,0.53917,-0.03912,0.43400,-0.00000,-0.00000,-0.00000,0.00000,0.00,0.00,0.00,0.0000,0.0000,0.0000,0.0000,0,0
2026-08-24 20:01:17.842009,23,franka,0.53916,-0.03912,0.43400,-0.00000,-0.00000,-0.00000,0.00000,0.00,0.00,0.00,0.0000,0.0000,0.0000,0.0000,0,0
2026-08-24 20:01:17.896000,24,franka,0.53916,-0.03912,0.43400,-0.00000,-0.00000,-0.00000,0.00000,0.00,0.00,0.00,0.0000,0.0000,0.0000,0.0000,0,0
2026-08-24 20:01:17.950223,25,franka,0.53916,-0.03912,0.43400,-0.00000,-0.00000,-0.00000,0.00000,0.00,0.00,0.00,0.0000,0.0000,0.0000,0.0000,0,0
2026-08-24 20:01:18.003818,26,franka,0.53916,-0.03912,0.43400,-0.00000,-0.00000,-0.00000,0.00000,0.00,0.00,0.00,0.0000,0.0000,0.0000,0.0000,0,0
2026-08-24 20:01:18.057915,27,franka,0.53916,-0.03912,0.43400,-0.00000,-0.00000,-0.00000,0.00000,0.00,0.00,0.00,0.0000,0.0000,0.0000,0.0000,0,0
2026-08-24 20:01:18.111634,28,franka,0.53917,-0.03912,0.43400,-0.00000,-0.00000,-0.00000,0.00000,0.00,0.00,0.00,0.0000,0.0000,0.0000,0.0000,0,0
2026-08-24 20:01:18.164402,29,franka,0.53916,-0.03912,0.43400,-0.00000,-0.00000,-0.00000,0.00000,0.00,0.00,0.00,0.0000,0.0000,0.0000,0.0000,0,0
2026-08-24 20:01:18.217956,30,franka,0.53916,-0.03912,0.43400,-0.00000,-0.00000,-0.00000,0.00000,0.00,0.00,0.00,0.0000,0.0000,0.0000,0.0000,0,0
2026-08-24 20:01:18.271954,31,franka,0.53916,-0.03912,0.43400,-0.00000,-0.00000,-0.00000,0.00000,0.00,0.00,0.00,0.0000,0.0000,0.0000,0.0000,0,0
2026-08-24 20:01:18.325897,32,franka,0.53916,-0.03912,0.43400,-0.00000,-0.00000,-0.00000,0.00000,0.00,0.00,0.00,0.0000,0.0000,0.0000,0.0000,0,0
2026-08-24 20:01:18.379811,33,franka,0.53916,-0.03912,0.43400,-0.00000,-0.00000,-0.00000,0.00000,0.00,0.00,0.00,0.0000,0.0000,0.0000,0.0000,0,0
2026-08-24 20:01:18.433671,34,franka,0.53917,-0.03912,0.43400,-0.00000,-0.00000,-0.00000,0.00000,0.00,0.00,0.00,0.0000,0.0000,0.0000,0.0000,0,0
2026-08-24 20:01:18.487395,35,franka,0.53916,-0.03912,0.43400,-0.00000,-0.00000,-0.00000,0.00000,0.00,0.00,0.00,0.0000,0.0000,0.0000,0.0000,0,0
2026-08-24 20:01:18.541061,36,franka,0.53916,-0.03912,0.43400,-0.00000,-0.00000,-0.00000,0.00000,0.00,0.00,0.00,0.0000,0.0000,0.0000,0.0000,0,0
2026-08-24 20:01:18.594651,37,franka,0.53916,-0.03912,0.43400,-0.00000,-0.00000,-0.00000,0.00000,0.00,0.00,0.00,0.0000,0.0000,0.0000,0.0000,0,0
2026-08-24 20:01:18.648602,38,franka,0.53917,-0.03912,0.43400,-0.00000,-0.00000,-0.00000,0.00000,0.00,0.00,0.00,0.0000,0.0000,0.0000,0.0000,0,0
2026-08-24 20:01:18.702334,39,franka,0.53916,-0.03912,0.43400,-0.00000,-0.00000,-0.00000,0.00000,0.00,0.00,0.00,0.0000,0.0000,0.0000,0.0000,0,0
2026-08-24 20:01:18.756167,40,franka,0.53917,-0.03912,0.43400,-0.00000,-0.00000,-0.00000,0.00000,0.00,0.00,0.00,0.0000,0.0000,0.0000,0.0000,0,0
2026-08-24 20:01:18.810069,41,franka,0.53917,-0.03912,0.43400,-0.00000,-0.00000,-0.00000,0.00000,0.00,0.00,0.00,0.0000,0.0000,0.0000,0.0000,0,0
2026-08-24 20:01:18.863805,42,franka,0.53916,-0.03912,0.43400,-0.00000,-0.00000,-0.00000,0.00000,0.00,0.00,0.00,0.0000,0.0000,0.0000,0.0000,0,0
2026-08-24 20:01:18.917839,43,franka,0.53916,-0.03912,0.43400,-0.00000,-0.00000,-0.00000,0.00000,0.00,0.00,0.00,0.0000,0.0000,0.0000,0.0000,0,0
2026-08-24 20:01:18.971951,44,franka,0.53917,-0.03912,0.43400,-0.00000,-0.00000,-0.00000,0.00000,0.00,0.00,0.00,0.0000,0.0000,0.0000,0.0000,0,0
2026-08-24 20:01:19.025616,45,franka,0.53917,-0.03912,0.43400,-0.00000,-0.00000,-0.00000,0.00000,0.00,0.00,0.00,0.0000,0.0000,0.0000,0.0000,0,0
2026-08-24 20:01:19.079454,46,franka,0.53916,-0.03912,0.43400,-0.00000,-0.00000,-0.00000,0.00000,0.00,0.00,0.00,0.0000,0.0000,0.0000,0.0000,0,0
2026-08-24 20:01:19.133377,47,franka,0.53917,-0.03912,0.43400,-0.00000,-0.00000,-0.00000,0.00000,0.00,0.00,0.00,0.0000,0.0000,0.0000,0.0000,0,0
2026-08-24 20:01:19.187267,48,franka,0.53916,-0.03912,0.43400,-0.00000,-0.00000,-0.00000,0.00000,0.00,0.00,0.00,0.0000,0.0000,0.0000,0.0000,0,0
2026-08-24 20:01:19.240972,49,franka,0.53917,-0.03912,0.43400,-0.00000,-0.00000,-0.00000,0.00000,0.00,0.00,0.00,0.0000,0.0000,0.0000,0.0000,0,0
2026-08-24 20:01:19.295015,50,franka,0.53916,-0.03912,0.43400,-0.00000,-0.00000,-0.00000,0.00000,0.00,0.00,0.00,0.0000,0.0000,0.0000,0.0000,0,0
2026-08-24 20:01:19.349232,51,franka,0.53916,-0.03912,0.43400,-0.00000,-0.00000,-0.00000,0.00000,0.00,0.00,0.00,0.0000,0.0000,0.0000,0.0000,0,0
2026-08-24 20:01:19.402925,52,franka,0.53916,-0.03912,0.43400,-0.00000,-0.00000,-0.00000,0.00000,0.00,0.00,0.00,0.0000,0.0000,0.0000,0.0000,0,0
2026-08-24 20:01:19.457206,53,franka,0.53916,-0.03912,0.43400,-0.00000,-0.00000,-0.00000,0.00000,0.00,0.00,0.00,0.0000,0.0000,0.0000,0.0000,0,0
2026-08-24 20:01:19.510863,54,franka,0.53916,-0.03912,0.43400,-0.00000,-0.00000,-0.00000,0.00000,0.00,0.00,0.00,0.0000,0.0000,0.0000,0.0000,0,0
2026-08-24 20:01:19.564408,55,franka,0.53916,-0.03912,0.43400,-0.00000,-0.00000,-0.00000,0.00000,0.00,0.00,0.00,0.0000,0.0000,0.0000,0.0000,0,0
2026-08-24 20:01:19.618172,56,franka,0.53916,-0.03912,0.43400,-0.00000,-0.00000,-0.00000,0.00000,0.00,0.00,0.00,0.0000,0.0000,0.0000,0.0000,0,0
2026-08-24 20:01:19.672187,57,franka,0.53917,-0.03912,0.43400,-0.00000,-0.00000,-0.00000,0.00000,0.00,0.00,0.00,0.0000,0.0000,0.0000,0.0000,0,0
2026-08-24 20:01:19.725707,58,franka,0.53916,-0.03912,0.43400,-0.00000,-0.00000,-0.00000,0.00000,0.00,0.00,0.00,0.0000,0.0000,0.0000,0.0000,0,0
2026-08-24 20:01:19.779509,59,franka,0.53916,-0.03912,0.43400,-0.00000,-0.00000,-0.00000,0.00000,0.00,0.00,0.00,0.0000,0.0000,0.0000,0.0000,0,0
2026-08-24 20:01:19.833095,60,franka,0.53917,-0.03912,0.43400,-0.00000,-0.00000,-0.00000,0.00000,0.00,0.00,0.00,0.0000,0.0000,0.0000,0.0000,0,0
2026-08-24 20:01:19.886843,61,franka,0.53916,-0.03912,0.43400,-0.00000,-0.00000,-0.00000,0.00000,0.00,0.00,0.00,0.0000,0.0000,0.0000,0.0000,0,0
2026-08-24 20:01:19.940712,62,franka,0.53916,-0.03912,0.43400,-0.00000,-0.00000,-0.00000,0.00000,0.00,0.00,0.00,0.0000,0.0000,0.0000,0.0000,0,0
2026-08-24 20:01:19.994880,63,franka,0.53916,-0.03912,0.43400,-0.00000,-0.00000,-0.00000,0.00000,0.00,0.00,0.00,0.0000,0.0000,0.0000,0.0000,0,0
2026-08-24 20:01:20.048765,64,franka,0.53916,-0.03912,0.43400,-0.00000,-0.00000,-0.00000,0.00000,0.00,0.00,0.00,0.0000,0.0000,0.0000,0.0000,0,0
2026-08-24 20:01:20.102802,65,franka,0.53916,-0.03912,0.43400,-0.00000,-0.00000,-0.00000,0.00000,0.00,0.00,0.00,0.0000,0.0000,0.0000,0.0000,0,0
2026-08-24 20:01:20.156816,66,franka,0.53917,-0.03912,0.43400,-0.00000,-0.00000,-0.00000,0.00000,0.00,0.00,0.00,0.0000,0.0000,0.0000,0.0000,0,0
2026-08-24 20:01:20.210691,67,franka,0.53916,-0.03912,0.43400,-0.00000,-0.00000,-0.00000,0.00000,0.00,0.00,0.00,0.0000,0.0000,0.0000,0.0000,0,0
2026-08-24 20:01:20.264325,68,franka,0.53916,-0.03912,0.43400,-0.00000,-0.00000,-0.00000,0.00000,0.00,0.00,0.00,0.0000,0.0000,0.0000,0.0000,0,0
2026-08-24 20:01:20.318182,69,franka,0.53917,-0.03912,0.43400,-0.00000,-0.00000,-0.00000,0.00000,0.00,0.00,0.00,0.0000,0.0000,0.0000,0.0000,0,0
2026-08-24 20:01:20.372056,70,franka,0.53916,-0.03912,0.43400,-0.00000,-0.00000,-0.00000,0.00000,0.00,0.00,0.00,0.0000,0.0000,0.0000,0.0000,0,0
2026-08-24 20:01:20.426011,71,franka,0.53916,-0.03912,0.43400,-0.00000,-0.00000,-0.00000,0.00000,0.00,0.00,0.00,0.0000,0.0000,0.0000,0.0000,0,0
2026-08-24 20:01:20.479940,72,franka,0.53916,-0.03912,0.43400,-0.00000,-0.00000,-0.00000,0.00000,0.00,0.00,0.00,0.0000,0.0000,0.0000,0.0000,0,0
2026-08-24 20:01:20.534037,73,franka,0.53917,-0.03912,0.43400,-0.00000,-0.00000,-0.00000,0.00000,0.00,0.00,0.00,0.0000,0.0000,0.0000,0.0000,0,0
2026-08-24 20:01:20.587996,74,franka,0.53916,-0.03912,0.43400,-0.00000,-0.00000,-0.00000,0.00000,0.00,0.00,0.00,0.0000,0.0000,0.0000,0.0000,0,0
2026-08-24 20:01:20.641383,75,franka,0.53916,-0.03912,0.43400,-0.00000,-0.00000,-0.00000,0.00000,0.00,0.00,0.00,0.0000,0.0000,0.0000,0.0000,0,0
2026-08-24 20:01:20.695119,76,franka,0.53916,-0.03912,0.43400,-0.00000,-0.00000,-0.00000,0.00000,0.00,0.00,0.00,0.0000,0.0000,0.0000,0.0000,0,0
2026-08-24 20:01:20.749227,77,franka,0.53916,-0.03912,0.43400,-0.00000,-0.00000,-0.00000,0.00000,0.00,0.00,0.00,0.0000,0.0000,0.0000,0.0000,0,0
2026-08-24 20:01:20.803213,78,franka,0.53916,-0.03912,0.43400,-0.00000,-0.00000,-0.00000,0.00000,0.00,0.00,0.00,0.0000,0.0000,0.0000,0.0000,0,0
2026-08-24 20:01:20.857209,79,franka,0.53917,-0.03912,0.43400,-0.00000,-0.00000,-0.00000,0.00000,0.00,0.00,0.00,0.0000,0.0000,0.0000,0.0000,0,0
2026-08-24 20:01:20.911133,80,franka,0.53917,-0.03912,0.43400,-0.00000,-0.00000,-0.00000,0.00000,0.00,0.00,0.00,0.0000,0.0000,0.0000,0.0000,0,0
2026-08-24 20:01:20.965020,81,franka,0.53917,-0.03912,0.43400,-0.00000,-0.00000,-0.00000,0.00000,0.00,0.00,0.00,0.0000,0.0000,0.0000,0.0000,0,0
2026-08-24 20:01:21.018738,82,franka,0.53917,-0.03912,0.43400,-0.00000,-0.00000,-0.00000,0.00000,0.00,0.00,0.00,0.0000,0.0000,0.0000,0.0000,0,0
2026-08-24 20:01:21.072590,83,franka,0.53917,-0.03912,0.43400,-0.00000,-0.00000,-0.00000,0.00000,0.00,0.00,0.00,0.0000,0.0000,0.0000,0.0000,0,0
2026-08-24 20:01:21.126420,84,franka,0.53917,-0.03912,0.43400,-0.00000,-0.00000,-0.00000,0.00000,0.00,0.00,0.00,0.0000,0.0000,0.0000,0.0000,0,0
2026-08-24 20:01:21.180596,85,franka,0.53917,-0.03912,0.43400,-0.00000,-0.00000,-0.00000,0.00000,0.00,0.00,0.00,0.0000,0.0000,0.0000,0.0000,0,0
2026-08-24 20:01:21.234660,86,franka,0.53916,-0.03912,0.43400,-0.00000,-0.00000,-0.00000,0.00000,0.00,0.00,0.00,0.0000,0.0000,0.0000,0.0000,0,0
2026-08-24 20:01:21.288810,87,franka,0.53917,-0.03912,0.43400,-0.00000,-0.00000,-0.00000,0.00000,0.00,0.00,0.00,0.0000,0.0000,0.0000,0.0000,0,0
2026-08-24 20:01:21.342490,88,franka,0.53916,-0.03912,0.43400,-0.00000,-0.00000,-0.00000,0.00000,0.00,0.00,0.00,0.0000,0.0000,0.0000,0.0000,0,0
2026-08-24 20:01:21.396835,89,franka,0.53916,-0.03912,0.43400,-0.00000,-0.00000,-0.00000,0.00000,0.00,0.00,0.00,0.0000,0.0000,0.0000,0.0000,0,0
2026-08-24 20:01:21.450493,90,franka,0.53916,-0.03912,0.43400,-0.00000,-0.00000,-0.00000,0.00000,0.00,0.00,0.00,0.0000,0.0000,0.0000,0.0000,0,0
2026-08-24 20:01:21.504463,91,franka,0.53916,-0.03912,0.43400,-0.00000,-0.00000,-0.00000,0.00000,0.00,0.00,0.00,0.0000,0.0000,0.0000,0.0000,0,0
2026-08-24 20:01:21.558516,92,franka,0.53917,-0.03912,0.43400,-0.00000,-0.00000,-0.00000,0.00000,0.00,0.00,0.00,0.0000,0.0000,0.0000,0.0000,0,0
2026-08-24 20:01:21.612697,93,franka,0.53916,-0.03912,0.43400,-0.00000,-0.00000,-0.00000,0.00000,0.00,0.00,0.00,0.0000,0.0000,0.0000,0.0000,0,0
2026-08-24 20:01:21.666979,94,franka,0.53917,-0.03912,0.43400,-0.00000,-0.00000,-0.00000,0.00000,0.00,0.00,0.00,0.0000,0.0000,0.0000,0.0000,0,0
2026-08-24 20:01:21.720823,95,franka,0.53917,-0.03912,0.43400,-0.00000,-0.00000,-0.00000,0.00000,0.00,0.00,0.00,0.0000,0.0000,0.0000,0.0000,0,0
2026-08-24 20:01:21.774463,96,franka,0.53916,-0.03912,0.43400,-0.00000,-0.00000,-0.00000,0.00000,0.00,0.00,0.00,0.0000,0.0000,0.0000,0.0000,0,0
2026-08-24 20:01:21.828077,97,franka,0.53916,-0.03912,0.43400,-0.00000,-0.00000,-0.00000,0.00000,0.00,0.00,0.00,0.0000,0.0000,0.0000,0.0000,0,0
2026-08-24 20:01:21.881949,98,franka,0.53916,-0.03912,0.43400,-0.00000,-0.00000,-0.00000,0.00000,0.00,0.00,0.00,0.0000,0.0000,0.0000,0.0000,0,0
2026-08-24 20:01:21.936307,99,franka,0.53916,-0.03912,0.43400,-0.00000,-0.00000,-0.00000,0.00000,0.00,0.00,0.00,0.0000,0.0000,0.0000,0.0000,0,0
2026-08-24 20:01:21.989976,100,franka,0.53916,-0.03912,0.43400,-0.00000,-0.00000,-0.00000,0.00000,0.00,0.00,0.00,0.0000,0.0000,0.0000,0.0000,0,0
2026-08-24 20:01:22.044035,101,franka,0.53916,-0.03912,0.43400,-0.00000,-0.00000,-0.00000,0.00000,0.00,0.00,0.00,0.0000,0.0000,0.0000,0.0000,0,0
2026-08-24 20:01:22.098081,102,franka,0.53916,-0.03912,0.43400,-0.00000,-0.00000,-0.00000,0.00000,0.00,0.00,0.00,0.0000,0.0000,0.0000,0.0000,0,0
2026-08-24 20:01:22.152259,103,franka,0.53916,-0.03912,0.43400,-0.00000,-0.00000,-0.00000,0.00000,0.00,0.00,0.00,0.0000,0.0000,0.0000,0.0000,0,0
2026-08-24 20:01:22.206190,104,franka,0.53916,-0.03912,0.43400,-0.00000,-0.00000,-0.00000,0.00000,0.00,0.00,0.00,0.0000,0.0000,0.0000,0.0000,0,0
2026-08-24 20:01:22.260131,105,franka,0.53916,-0.03912,0.43400,-0.00000,-0.00000,-0.00000,0.00000,0.00,0.00,0.00,0.0000,0.0000,0.0000,0.0000,0,0
2026-08-24 20:01:22.314062,106,franka,0.53916,-0.03912,0.43400,-0.00000,-0.00000,-0.00000,0.00000,0.00,0.00,0.00,0.0000,0.0000,0.0000,0.0000,0,0
2026-08-24 20:01:22.367892,107,franka,0.53917,-0.03912,0.43400,-0.00000,-0.00000,-0.00000,0.00000,0.00,0.00,0.00,0.0000,0.0000,0.0000,0.0000,0,0
2026-08-24 20:01:22.421778,108,franka,0.53917,-0.03912,0.43400,-0.00000,-0.00000,-0.00000,0.00000,0.00,0.00,0.00,0.0000,0.0000,0.0000,0.0000,0,0
2026-08-24 20:01:22.475432,109,franka,0.53917,-0.03912,0.43400,-0.00000,-0.00000,-0.00000,0.00000,0.00,0.00,0.00,0.0000,0.0000,0.0000,0.0000,0,0
2026-08-24 20:01:22.529443,110,franka,0.53917,-0.03912,0.43400,-0.00000,-0.00000,-0.00000,0.00000,0.00,0.00,0.00,0.0000,0.0000,0.0000,0.0000,0,0
2026-08-24 20:01:22.583181,111,franka,0.53917,-0.03912,0.43400,-0.00000,-0.00000,-0.00000,0.00000,0.00,0.00,0.00,0.0000,0.0000,0.0000,0.0000,0,0
2026-08-24 20:01:22.637256,112,franka,0.53917,-0.03912,0.43400,-0.00000,-0.00000,-0.00000,0.00000,0.00,0.00,0.00,0.0000,0.0000,0.0000,0.0000,0,0
2026-08-24 20:01:22.691192,113,franka,0.53916,-0.03912,0.43400,-0.00000,-0.00000,-0.00000,0.00000,0.00,0.00,0.00,0.0000,0.0000,0.0000,0.0000,0,0
2026-08-24 20:01:22.745434,114,franka,0.53917,-0.03912,0.43400,-0.00000,-0.00000,-0.00000,0.00000,0.00,0.00,0.00,0.0000,0.0000,0.0000,0.0000,0,0
2026-08-24 20:01:22.799407,115,franka,0.53916,-0.03912,0.43400,-0.00000,-0.00000,-0.00000,0.00000,0.00,0.00,0.00,0.0000,0.0000,0.0000,0.0000,0,0
2026-08-24 20:01:22.854383,116,franka,0.53916,-0.03912,0.43400,-0.00000,-0.00000,-0.00000,0.00000,0.00,0.00,0.00,0.0000,0.0000,0.0000,0.0000,0,0
2026-08-24 20:01:22.908067,117,franka,0.53916,-0.03912,0.43400,-0.00000,-0.00000,-0.00000,0.00000,0.00,0.00,0.00,0.0000,0.0000,0.0000,0.0000,0,0
2026-08-24 20:01:22.961781,118,franka,0.53916,-0.03912,0.43400,-0.00000,-0.00000,-0.00000,0.00000,0.00,0.00,0.00,0.0000,0.0000,-0.0029,0.0000,0,0
2026-08-24 20:01:23.015308,119,franka,0.53917,-0.03912,0.43400,-0.00000,-0.00000,-0.00000,0.00000,0.00,0.00,0.00,0.0000,0.0000,-0.1429,0.0000,0,0
2026-08-24 20:01:23.069091,120,franka,0.53916,-0.03912,0.43400,-0.00000,-0.00000,-0.00000,0.00000,0.00,0.00,0.00,0.0000,0.0000,-0.2686,0.0000,0,0
2026-08-24 20:01:23.123386,121,franka,0.53918,-0.03912,0.43356,-0.00000,-0.00000,-0.02627,0.00000,0.00,0.00,0.00,0.0086,0.0000,-0.3286,0.0114,0,0
2026-08-24 20:01:23.177306,122,franka,0.53918,-0.03914,0.43202,-0.00000,-0.00000,-0.03000,0.00000,0.00,0.00,0.00,0.0429,0.0000,-0.3771,0.0086,0,0
2026-08-24 20:01:23.230924,123,franka,0.53919,-0.03915,0.43056,-0.00000,-0.00000,-0.03000,0.00000,0.00,0.00,0.00,0.0800,0.0000,-0.4343,0.0029,0,0
2026-08-24 20:01:23.284696,124,franka,0.53918,-0.03916,0.42899,-0.00000,-0.00000,-0.03000,0.00000,0.00,0.00,0.00,0.0914,0.0000,-0.4200,0.0057,0,0
2026-08-24 20:01:23.338589,125,franka,0.53918,-0.03916,0.42758,-0.00000,-0.00000,-0.03000,0.00000,0.00,0.00,0.00,0.0857,0.0000,-0.4229,0.0143,0,0
2026-08-24 20:01:23.392848,126,franka,0.53918,-0.03916,0.42447,-0.00000,-0.00000,-0.03000,0.00000,0.00,0.00,0.00,0.1000,0.0000,-0.4200,0.0171,0,0
2026-08-24 20:01:23.447023,127,franka,0.53918,-0.03916,0.42299,-0.00000,-0.00000,-0.03000,0.00000,0.00,0.00,0.00,0.0971,0.0000,-0.4286,0.0171,0,0
2026-08-24 20:01:23.501025,128,franka,0.53918,-0.03916,0.42149,-0.00000,-0.00000,-0.03000,0.00000,0.00,0.00,0.00,0.1057,0.0000,-0.4429,0.0057,0,0
2026-08-24 20:01:23.555220,129,franka,0.53919,-0.03916,0.41992,-0.00000,-0.00000,-0.03000,0.00000,0.00,0.00,0.00,0.1029,0.0000,-0.4457,0.0057,0,0
2026-08-24 20:01:23.609258,130,franka,0.53919,-0.03916,0.41843,-0.00000,-0.00000,-0.03000,0.00000,0.00,0.00,0.00,0.0943,0.0000,-0.4457,0.0057,0,0
2026-08-24 20:01:23.663232,131,franka,0.53919,-0.03916,0.41695,-0.00000,-0.00000,-0.03000,0.00000,0.00,0.00,0.00,0.1029,0.0000,-0.4486,0.0086,0,0
2026-08-24 20:01:23.717037,132,franka,0.53918,-0.03916,0.41540,-0.00000,-0.00000,-0.03000,0.00000,0.00,0.00,0.00,0.1086,0.0000,-0.4400,0.0086,0,0
2026-08-24 20:01:23.771112,133,franka,0.53919,-0.03916,0.41387,-0.00000,-0.00000,-0.03000,0.00000,0.00,0.00,0.00,0.1143,0.0000,-0.4400,0.0086,0,0
2026-08-24 20:01:23.825290,134,franka,0.53919,-0.03916,0.41237,-0.00000,-0.00000,-0.03000,0.00000,0.00,0.00,0.00,0.1171,0.0000,-0.4686,0.0086,0,0
2026-08-24 20:01:23.879198,135,franka,0.53918,-0.03917,0.41087,-0.00000,-0.00000,-0.03000,0.00000,0.00,0.00,0.00,0.1257,0.0000,-0.5057,0.0057,0,0
2026-08-24 20:01:23.933089,136,franka,0.53918,-0.03916,0.40931,-0.00000,-0.00000,-0.03000,0.00000,0.00,0.00,0.00,0.1371,0.0000,-0.5286,0.0000,0,0
2026-08-24 20:01:23.986708,137,franka,0.53919,-0.03917,0.40784,-0.00000,-0.00000,-0.03000,0.00000,0.00,0.00,0.00,0.1400,0.0000,-0.5429,0.0029,0,0
2026-08-24 20:01:24.040495,138,franka,0.53919,-0.03916,0.40632,-0.00000,-0.00000,-0.03000,0.00000,0.00,0.00,0.00,0.1343,0.0000,-0.5400,0.0057,0,0
2026-08-24 20:01:24.094130,139,franka,0.53918,-0.03916,0.40481,-0.00000,-0.00000,-0.03000,0.00000,0.00,0.00,0.00,0.1343,0.0000,-0.5400,0.0086,0,0
2026-08-24 20:01:24.147753,140,franka,0.53918,-0.03916,0.40326,-0.00000,-0.00000,-0.03000,0.00000,0.00,0.00,0.00,0.1314,0.0000,-0.5400,0.0086,0,0
2026-08-24 20:01:24.201305,141,franka,0.53919,-0.03917,0.40025,-0.00000,-0.00000,-0.03000,0.00000,0.00,0.00,0.00,0.1343,0.0000,-0.5457,0.0143,0,0
2026-08-24 20:01:24.255008,142,franka,0.53918,-0.03916,0.39874,-0.00000,-0.00000,-0.03000,0.00000,0.00,0.00,0.00,0.1429,0.0000,-0.5543,0.0143,0,0
2026-08-24 20:01:24.308670,143,franka,0.53919,-0.03916,0.39724,-0.00000,-0.00000,-0.03000,0.00000,0.00,0.00,0.00,0.1429,0.0000,-0.5543,0.0143,0,0
2026-08-24 20:01:24.362966,144,franka,0.53919,-0.03916,0.39572,-0.00000,-0.00000,-0.03000,0.00000,0.00,0.00,0.00,0.1486,0.0000,-0.5543,0.0143,0,0
2026-08-24 20:01:24.416683,145,franka,0.53919,-0.03917,0.39422,-0.00000,-0.00000,-0.03000,0.00000,0.00,0.00,0.00,0.1543,0.0000,-0.5543,0.0171,0,0
2026-08-24 20:01:24.470451,146,franka,0.53919,-0.03916,0.39269,-0.00000,-0.00000,-0.03000,0.00000,0.00,0.00,0.00,0.1543,0.0000,-0.5514,0.0171,0,0
2026-08-24 20:01:24.525123,147,franka,0.53919,-0.03916,0.39118,-0.00000,-0.00000,-0.03000,0.00000,0.00,0.00,0.00,0.1571,0.0000,-0.5457,0.0200,0,0
2026-08-24 20:01:24.579008,148,franka,0.53919,-0.03917,0.38969,-0.00000,-0.00000,-0.03000,0.00000,0.00,0.00,0.00,0.1571,0.0000,-0.5429,0.0229,0,0
2026-08-24 20:01:24.632630,149,franka,0.53919,-0.03916,0.38819,-0.00000,-0.00000,-0.03000,0.00000,0.00,0.00,0.00,0.1600,0.0000,-0.5514,0.0229,0,0
2026-08-24 20:01:24.686103,150,franka,0.53919,-0.03916,0.38670,-0.00000,-0.00000,-0.03000,0.00000,0.00,0.00,0.00,0.1543,0.0000,-0.5514,0.0229,0,0
2026-08-24 20:01:24.739908,151,franka,0.53919,-0.03917,0.38515,-0.00000,-0.00000,-0.03000,0.00000,0.00,0.00,0.00,0.1543,0.0000,-0.5486,0.0229,0,0
2026-08-24 20:01:24.793744,152,franka,0.53920,-0.03917,0.38363,-0.00000,-0.00000,-0.03000,0.00000,0.00,0.00,0.00,0.1571,0.0000,-0.5457,0.0229,0,0
2026-08-24 20:01:24.848627,153,franka,0.53920,-0.03917,0.38211,-0.00000,-0.00000,-0.03000,0.00000,0.00,0.00,0.00,0.1629,0.0000,-0.5486,0.0229,0,0
2026-08-24 20:01:24.902433,154,franka,0.53920,-0.03917,0.38062,-0.00000,-0.00000,-0.03000,0.00000,0.00,0.00,0.00,0.1657,0.0000,-0.5457,0.0229,0,0
2026-08-24 20:01:24.956086,155,franka,0.53919,-0.03916,0.37757,-0.00000,-0.00000,-0.03000,0.00000,0.00,0.00,0.00,0.1657,0.0000,-0.5486,0.0229,0,0
2026-08-24 20:01:25.009734,156,franka,0.53920,-0.03917,0.37606,-0.00000,-0.00000,-0.03000,0.00000,0.00,0.00,0.00,0.1657,0.0000,-0.5457,0.0257,0,0
2026-08-24 20:01:25.063720,157,franka,0.53920,-0.03917,0.37455,-0.00000,-0.00000,-0.03000,0.00000,0.00,0.00,0.00,0.1657,0.0000,-0.5514,0.0257,0,0
2026-08-24 20:01:25.117495,158,franka,0.53919,-0.03916,0.37304,-0.00000,-0.00000,-0.03000,0.00000,0.00,0.00,0.00,0.1657,0.0000,-0.5400,0.0257,0,0
2026-08-24 20:01:25.171385,159,franka,0.53920,-0.03917,0.37154,-0.00000,-0.00000,-0.03000,0.00000,0.00,0.00,0.00,0.1629,0.0000,-0.5400,0.0286,0,0
2026-08-24 20:01:25.225005,160,franka,0.53920,-0.03916,0.37003,-0.00000,-0.00000,-0.03000,0.00000,0.00,0.00,0.00,0.1657,0.0000,-0.5400,0.0286,0,0
2026-08-24 20:01:25.278696,161,franka,0.53920,-0.03917,0.36852,-0.00000,-0.00000,-0.03000,0.00000,0.00,0.00,0.00,0.1629,0.0000,-0.5400,0.0314,0,0
2026-08-24 20:01:25.332681,162,franka,0.53920,-0.03917,0.36702,-0.00000,-0.00000,-0.03000,0.00000,0.00,0.00,0.00,0.1686,0.0000,-0.5371,0.0314,0,0
2026-08-24 20:01:25.387327,163,franka,0.53920,-0.03916,0.36548,-0.00000,-0.00000,-0.03000,0.00000,0.00,0.00,0.00,0.1743,0.0000,-0.5371,0.0314,0,0
2026-08-24 20:01:25.441287,164,franka,0.53920,-0.03917,0.36396,-0.00000,-0.00000,-0.03000,0.00000,0.00,0.00,0.00,0.1771,0.0000,-0.5400,0.0314,0,0
2026-08-24 20:01:25.495190,165,franka,0.53920,-0.03917,0.36245,-0.00000,-0.00000,-0.03000,0.00000,0.00,0.00,0.00,0.1800,0.0000,-0.5429,0.0314,0,0
2026-08-24 20:01:25.548929,166,franka,0.53920,-0.03917,0.36093,-0.00000,-0.00000,-0.03000,0.00000,0.00,0.00,0.00,0.1829,0.0000,-0.5457,0.0314,0,0
2026-08-24 20:01:25.602853,167,franka,0.53920,-0.03917,0.35940,-0.00000,-0.00000,-0.03000,0.00000,0.00,0.00,0.00,0.1800,0.0000,-0.5486,0.0343,0,0
2026-08-24 20:01:25.656876,168,franka,0.53920,-0.03917,0.35786,-0.00000,-0.00000,-0.03000,0.00000,0.00,0.00,0.00,0.1829,0.0000,-0.5486,0.0343,0,0
2026-08-24 20:01:25.711367,169,franka,0.53921,-0.03916,0.35638,-0.00000,-0.00000,-0.03000,0.00000,0.00,0.00,0.00,0.1829,0.0000,-0.5400,0.0371,0,0
2026-08-24 20:01:25.765621,170,franka,0.53921,-0.03917,0.35336,-0.00000,-0.00000,-0.03000,0.00000,0.00,0.00,0.00,0.1800,0.0000,-0.5343,0.0400,0,0
2026-08-24 20:01:25.819559,171,franka,0.53920,-0.03917,0.35184,-0.00000,-0.00000,-0.03000,0.00000,0.00,0.00,0.00,0.1800,0.0000,-0.5286,0.0400,0,0
2026-08-24 20:01:25.873460,172,franka,0.53920,-0.03917,0.35034,-0.00000,-0.00000,-0.03000,0.00000,0.00,0.00,0.00,0.1771,0.0000,-0.5229,0.0400,0,0
2026-08-24 20:01:25.927771,173,franka,0.53921,-0.03917,0.34885,-0.00000,-0.00000,-0.03000,0.00000,0.00,0.00,0.00,0.1743,0.0000,-0.5171,0.0371,0,0
2026-08-24 20:01:25.982068,174,franka,0.53921,-0.03917,0.34732,-0.00000,-0.00000,-0.03000,0.00000,0.00,0.00,0.00,0.1771,0.0000,-0.5171,0.0371,0,0
2026-08-24 20:01:26.036117,175,franka,0.53921,-0.03917,0.34579,-0.00000,-0.00000,-0.03000,0.00000,0.00,0.00,0.00,0.1771,0.0000,-0.5171,0.0371,0,0
2026-08-24 20:01:26.089844,176,franka,0.53920,-0.03917,0.34429,-0.00000,-0.00000,-0.03000,0.00000,0.00,0.00,0.00,0.1771,0.0000,-0.5171,0.0371,0,0
2026-08-24 20:01:26.143904,177,franka,0.53921,-0.03917,0.34279,-0.00000,-0.00000,-0.03000,0.00000,0.00,0.00,0.00,0.1771,0.0000,-0.5171,0.0371,0,0
2026-08-24 20:01:26.197978,178,franka,0.53921,-0.03917,0.34127,-0.00000,-0.00000,-0.03000,0.00000,0.00,0.00,0.00,0.1771,0.0000,-0.5114,0.0371,0,0
2026-08-24 20:01:26.251891,179,franka,0.53922,-0.03917,0.33977,-0.00000,-0.00000,-0.03000,0.00000,0.00,0.00,0.00,0.1657,0.0000,-0.5057,0.0371,0,0
2026-08-24 20:01:26.305969,180,franka,0.53921,-0.03917,0.33824,-0.00000,-0.00000,-0.03000,0.00000,0.00,0.00,0.00,0.1657,0.0000,-0.5029,0.0400,0,0
2026-08-24 20:01:26.359893,181,franka,0.53920,-0.03917,0.33669,-0.00000,-0.00000,-0.03000,0.00000,0.00,0.00,0.00,0.1657,0.0000,-0.4971,0.0400,0,0
2026-08-24 20:01:26.413852,182,franka,0.53921,-0.03917,0.33517,-0.00000,-0.00000,-0.03000,0.00000,0.00,0.00,0.00,0.1629,0.0000,-0.4943,0.0400,0,0
2026-08-24 20:01:26.467947,183,franka,0.53921,-0.03917,0.33364,-0.00000,-0.00000,-0.03000,0.00000,0.00,0.00,0.00,0.1600,0.0000,-0.4971,0.0400,0,0
2026-08-24 20:01:26.522060,184,franka,0.53921,-0.03917,0.33210,-0.00000,-0.00000,-0.03000,0.00000,0.00,0.00,0.00,0.1543,0.0000,-0.4714,0.0400,0,0
2026-08-24 20:01:26.575696,185,franka,0.53921,-0.03917,0.32907,-0.00000,-0.00000,-0.03000,0.00000,0.00,0.00,0.00,0.1400,0.0000,-0.4429,0.0343,0,0
2026-08-24 20:01:26.629556,186,franka,0.53921,-0.03917,0.32757,-0.00000,-0.00000,-0.02994,0.00000,0.00,0.00,0.00,0.0000,0.0257,-0.1714,0.0000,0,0
2026-08-24 20:01:26.683438,187,franka,0.53920,-0.03917,0.32677,-0.00000,-0.00000,-0.00010,0.00000,0.00,0.00,0.00,0.0000,0.0000,0.0000,0.0000,0,0
2026-08-24 20:01:26.737219,188,franka,0.53921,-0.03916,0.32679,-0.00000,-0.00000,-0.00000,0.00000,0.00,0.00,0.00,0.0000,0.0000,0.0000,0.0000,0,0
2026-08-24 20:01:26.791110,189,franka,0.53920,-0.03916,0.32677,-0.00000,-0.00000,-0.00000,0.00000,0.00,0.00,0.00,0.0000,0.0000,0.0000,0.0000,0,0
2026-08-24 20:01:26.845084,190,franka,0.53921,-0.03916,0.32678,-0.00000,-0.00000,-0.00000,0.00000,0.00,0.00,0.00,0.0000,0.0000,0.0000,0.0000,0,0
2026-08-24 20:01:26.900461,191,franka,0.53920,-0.03915,0.32674,-0.00000,-0.00000,-0.00000,0.00000,0.00,0.00,0.00,0.0000,0.0000,0.0000,0.0000,0,0
2026-08-24 20:01:26.950306,192,franka,0.53920,-0.03916,0.32677,-0.00000,-0.00000,-0.00000,0.00000,0.00,0.00,0.00,0.0000,0.0086,0.0000,0.0000,0,0
2026-08-24 20:01:27.004552,193,franka,0.53920,-0.03915,0.32676,-0.00000,-0.00000,-0.00000,0.00000,0.00,0.00,0.00,0.0000,0.0343,0.0000,0.0000,0,0
2026-08-24 20:01:27.058634,194,franka,0.53920,-0.03916,0.32675,-0.00000,-0.00000,-0.00000,0.00000,0.00,0.00,0.00,0.0000,0.0143,0.0000,0.0000,0,0
2026-08-24 20:01:27.112160,195,franka,0.53921,-0.03916,0.32677,-0.00000,-0.00000,-0.00000,0.00000,0.00,0.00,0.00,0.0000,0.0000,0.0000,0.0000,0,0
2026-08-24 20:01:27.166286,196,franka,0.53921,-0.03916,0.32677,-0.00000,-0.00000,-0.00000,0.00000,0.00,0.00,0.00,0.0000,0.0000,0.0000,0.0000,0,0
2026-08-24 20:01:27.220010,197,franka,0.53920,-0.03916,0.32676,-0.00000,-0.00000,-0.00000,0.00000,0.00,0.00,0.00,0.0000,0.0000,0.0000,0.0000,0,0
2026-08-24 20:01:27.273492,198,franka,0.53920,-0.03916,0.32676,-0.00000,-0.00000,-0.00000,0.00000,0.00,0.00,0.00,-0.0086,0.0000,0.0000,0.0000,0,0
2026-08-24 20:01:27.327256,199,franka,0.53921,-0.03916,0.32676,-0.00000,-0.00000,-0.00000,0.00000,0.00,0.00,0.00,0.0000,0.0000,0.0000,0.0000,0,0
2026-08-24 20:01:27.380974,200,franka,0.53921,-0.03916,0.32676,-0.00000,-0.00000,-0.00000,0.00000,0.00,0.00,0.00,0.0000,0.0000,0.0000,0.0000,0,0
2026-08-24 20:01:27.434979,201,franka,0.53921,-0.03916,0.32676,-0.00000,-0.00000,-0.00000,0.00000,0.00,0.00,0.00,0.0000,0.0000,0.0000,0.0000,0,0
2026-08-24 20:01:27.489029,202,franka,0.53920,-0.03916,0.32676,-0.00000,-0.00000,-0.00000,0.00000,0.00,0.00,0.00,0.0000,0.0000,0.0000,0.0000,0,0
2026-08-24 20:01:27.542887,203,franka,0.53920,-0.03916,0.32676,-0.00000,-0.00000,-0.00000,0.00000,0.00,0.00,0.00,-0.0200,-0.0371,-0.0457,0.0714,0,0
2026-08-24 20:01:27.597215,204,franka,0.53920,-0.03916,0.32676,-0.00000,-0.00000,-0.00000,0.00000,0.00,0.00,0.00,-0.0686,0.0000,-0.0486,0.0971,0,0
2026-08-24 20:01:27.651446,205,franka,0.53920,-0.03916,0.32676,-0.00000,-0.00000,-0.00000,0.00000,0.00,0.00,0.00,-0.0771,0.0000,-0.0371,0.1057,0,0
2026-08-24 20:01:27.706017,206,franka,0.53921,-0.03916,0.32676,-0.00000,-0.00000,-0.00000,0.00000,0.00,0.00,0.00,-0.0914,0.0000,-0.0171,0.0914,0,0
2026-08-24 20:01:27.760097,207,franka,0.53921,-0.03916,0.32676,-0.00000,-0.00000,-0.00000,0.00000,0.00,0.00,0.00,-0.0486,0.0000,0.0000,0.0543,0,0
2026-08-24 20:01:27.813865,208,franka,0.53920,-0.03916,0.32676,-0.00000,-0.00000,-0.00000,0.00000,0.00,0.00,0.00,-0.1086,-0.0114,-0.0143,0.0886,0,0
2026-08-24 20:01:27.867583,209,franka,0.53921,-0.03916,0.32676,-0.00000,-0.00000,-0.00000,0.00000,0.00,0.00,0.00,-0.0800,-0.0114,-0.0143,0.1086,0,0
2026-08-24 20:01:27.921732,210,franka,0.53921,-0.03916,0.32676,-0.00000,-0.00000,-0.00000,0.00000,0.00,0.00,0.00,-0.0800,0.0000,-0.0029,0.0314,0,0
2026-08-24 20:01:27.975601,211,franka,0.53920,-0.03916,0.32676,-0.00000,-0.00000,-0.00000,0.00000,0.00,0.00,0.00,-0.1229,0.0000,-0.0086,0.0314,0,0
2026-08-24 20:01:28.029765,212,franka,0.53920,-0.03916,0.32676,-0.00000,-0.00000,-0.00000,0.00000,0.00,0.00,0.00,-0.1029,0.0000,-0.0143,0.0000,0,0
2026-08-24 20:01:28.083850,213,franka,0.53921,-0.03916,0.32676,-0.00000,-0.00000,-0.00000,0.00000,0.00,0.00,0.00,-0.0629,0.0000,-0.0029,0.0000,0,0
2026-08-24 20:01:28.137730,214,franka,0.53921,-0.03916,0.32676,-0.00000,-0.00000,-0.00000,0.00000,0.00,0.00,0.00,-0.0257,0.0000,0.0000,0.0000,0,0
2026-08-24 20:01:28.192557,215,franka,0.53920,-0.03916,0.32676,-0.00000,-0.00000,-0.00000,0.00000,0.00,0.00,0.00,-0.1029,0.0000,-0.0429,0.0257,0,0
2026-08-24 20:01:28.246320,216,franka,0.53920,-0.03916,0.32676,-0.00000,-0.00000,-0.00000,0.00000,0.00,0.00,0.00,-0.1914,0.0000,-0.0857,0.0714,0,0
2026-08-24 20:01:28.299964,217,franka,0.53892,-0.03915,0.32678,-0.02107,-0.00000,-0.00000,0.00000,0.00,0.00,0.00,-0.2629,0.0000,-0.1429,0.0571,0,0
2026-08-24 20:01:28.354672,218,franka,0.53742,-0.03909,0.32665,-0.03000,-0.00000,-0.00000,0.00000,0.00,0.00,0.00,-0.2543,0.0000,-0.1371,0.0600,0,0
2026-08-24 20:01:28.409113,219,franka,0.53590,-0.03909,0.32677,-0.03000,-0.00000,-0.00000,0.00000,0.00,0.00,0.00,-0.2514,0.0000,-0.1371,0.0514,0,0
2026-08-24 20:01:28.462845,220,franka,0.53442,-0.03913,0.32678,-0.03000,-0.00000,-0.00000,0.00000,0.00,0.00,0.00,-0.2029,0.0000,-0.1286,0.0514,0,0
2026-08-24 20:01:28.516343,221,franka,0.53286,-0.03911,0.32666,-0.03000,-0.00000,-0.00000,0.00000,0.00,0.00,0.00,-0.3429,0.0000,-0.1543,0.0914,0,0
2026-08-24 20:01:28.569932,222,franka,0.53137,-0.03911,0.32672,-0.03000,-0.00000,-0.00000,0.00000,0.00,0.00,0.00,-0.3229,0.0000,-0.1514,0.0686,0,0
2026-08-24 20:01:28.623700,223,franka,0.52986,-0.03913,0.32677,-0.03000,-0.00000,-0.00000,0.00000,0.00,0.00,0.00,-0.4686,0.0000,-0.1857,0.0657,0,0
2026-08-24 20:01:28.677459,224,franka,0.52834,-0.03909,0.32669,-0.03000,-0.00000,-0.00000,0.00000,0.00,0.00,0.00,-0.4429,0.0000,-0.2171,0.0829,0,0
2026-08-24 20:01:28.731136,225,franka,0.52694,-0.03911,0.32642,-0.02221,-0.00000,-0.01912,0.00000,0.00,0.00,0.00,-0.5286,-0.0057,-0.2486,0.1343,0,0
2026-08-24 20:01:28.785230,226,franka,0.52590,-0.03915,0.32547,-0.02121,-0.00000,-0.02121,0.00000,0.00,0.00,0.00,-0.4914,0.0000,-0.2486,0.1343,0,0
2026-08-24 20:01:28.838918,227,franka,0.52481,-0.03913,0.32429,-0.02121,-0.00000,-0.02121,0.00000,0.00,0.00,0.00,-0.4914,0.0000,-0.2457,0.0943,0,0
2026-08-24 20:01:28.892837,228,franka,0.52374,-0.03911,0.32320,-0.02121,-0.00000,-0.02121,0.00000,0.00,0.00,0.00,-0.4429,0.0000,-0.2314,0.0486,0,0
2026-08-24 20:01:28.946551,229,franka,0.52158,-0.03911,0.32108,-0.02121,-0.00000,-0.02121,0.00000,0.00,0.00,0.00,-0.4629,0.0000,-0.2314,0.0257,0,0
2026-08-24 20:01:29.000081,230,franka,0.52052,-0.03911,0.31999,-0.02121,-0.00000,-0.02121,0.00000,0.00,0.00,0.00,-0.4800,0.0000,-0.2314,0.0600,0,0
2026-08-24 20:01:29.053911,231,franka,0.51947,-0.03913,0.31899,-0.02121,-0.00000,-0.02121,0.00000,0.00,0.00,0.00,-0.3886,0.0000,-0.2286,0.0657,0,0
2026-08-24 20:01:29.107567,232,franka,0.51839,-0.03911,0.31804,-0.02537,-0.00000,-0.01120,0.00000,0.00,0.00,0.00,-0.3286,0.0000,-0.1857,0.0286,0,0
2026-08-24 20:01:29.161305,233,franka,0.51690,-0.03909,0.31777,-0.03000,-0.00000,-0.00000,0.00000,0.00,0.00,0.00,-0.3457,0.0000,-0.1743,0.0171,0,0
2026-08-24 20:01:29.215731,234,franka,0.51540,-0.03911,0.31789,-0.03000,-0.00000,-0.00000,0.00000,0.00,0.00,0.00,-0.3514,0.0000,-0.1743,0.0171,0,0
2026-08-24 20:01:29.269480,235,franka,0.51388,-0.03912,0.31796,-0.03000,-0.00000,-0.00000,0.00000,0.00,0.00,0.00,-0.3343,0.0000,-0.1629,0.0371,0,0
2026-08-24 20:01:29.323215,236,franka,0.51234,-0.03911,0.31779,-0.03000,-0.00000,-0.00000,0.00000,0.00,0.00,0.00,-0.2486,0.0000,-0.1086,0.0143,0,0
2026-08-24 20:01:29.376997,237,franka,0.51094,-0.03910,0.31781,-0.01673,-0.00000,-0.00000,0.00000,0.00,0.00,0.00,0.0000,0.0000,0.0000,0.0000,0,0
2026-08-24 20:01:29.430957,238,franka,0.51074,-0.03915,0.31800,-0.00000,-0.00000,0.00000,0.00000,0.00,0.00,0.00,0.0000,0.0000,0.0000,0.0000,0,0
2026-08-24 20:01:29.484811,239,franka,0.51071,-0.03914,0.31789,-0.00000,-0.00000,0.00000,0.00000,0.00,0.00,0.00,0.0000,0.0000,0.0000,0.0000,0,0
2026-08-24 20:01:29.538872,240,franka,0.51071,-0.03912,0.31782,-0.00000,-0.00000,-0.00000,0.00000,0.00,0.00,0.00,0.0000,0.0000,0.0000,0.0000,0,0
2026-08-24 20:01:29.593132,241,franka,0.51072,-0.03913,0.31794,-0.00000,-0.00000,-0.00000,0.00000,0.00,0.00,0.00,0.0000,0.0029,0.0000,0.0000,0,0
2026-08-24 20:01:29.647304,242,franka,0.51072,-0.03914,0.31792,-0.00000,-0.00000,-0.00000,0.00000,0.00,0.00,0.00,-0.0457,0.0171,0.0000,0.0000,0,0
2026-08-24 20:01:29.701464,243,franka,0.51071,-0.03914,0.31788,-0.00000,-0.00000,-0.00000,0.00000,0.00,0.00,0.00,-0.0486,0.0000,0.0000,0.0000,0,0
2026-08-24 20:01:29.755470,244,franka,0.51072,-0.03913,0.31793,-0.00000,-0.00000,-0.00000,0.00000,0.00,0.00,0.00,-0.0057,0.0000,0.0000,0.0000,0,0
2026-08-24 20:01:29.810713,245,franka,0.51071,-0.03914,0.31786,-0.00000,-0.00000,-0.00000,0.00000,0.00,0.00,0.00,0.0000,0.0000,0.0000,0.0000,0,0
2026-08-24 20:01:29.860935,246,franka,0.51071,-0.03913,0.31788,-0.00000,-0.00000,-0.00000,0.00000,0.00,0.00,0.00,0.0000,0.0000,0.0000,0.0000,0,0
2026-08-24 20:01:29.910247,247,franka,0.51071,-0.03914,0.31791,-0.00000,-0.00000,-0.00000,0.00000,0.00,0.00,0.00,-0.0486,0.0000,0.0000,0.0000,0,0
2026-08-24 20:01:29.964233,248,franka,0.51071,-0.03914,0.31788,-0.00000,-0.00000,-0.00000,0.00000,0.00,0.00,0.00,-0.0657,0.0000,0.0000,0.0171,0,0
2026-08-24 20:01:30.017770,249,franka,0.51071,-0.03913,0.31788,-0.00000,-0.00000,-0.00000,0.00000,0.00,0.00,0.00,-0.1000,0.0000,0.0000,0.0143,0,0
2026-08-24 20:01:30.071561,250,franka,0.51071,-0.03914,0.31791,-0.00419,-0.00000,-0.00000,0.00000,0.00,0.00,0.00,-0.2200,0.0000,0.0000,0.0714,0,0
2026-08-24 20:01:30.125721,251,franka,0.50975,-0.03911,0.31782,-0.03000,-0.00000,-0.00000,0.00000,0.00,0.00,0.00,-0.2229,0.0000,0.0000,0.0600,0,0
2026-08-24 20:01:30.179565,252,franka,0.50825,-0.03909,0.31781,-0.02323,-0.00000,-0.00000,0.00000,0.00,0.00,0.00,-0.1629,0.0000,0.0000,0.0486,0,0
2026-08-24 20:01:30.233384,253,franka,0.50782,-0.03913,0.31801,-0.00000,-0.00000,-0.00000,0.00000,0.00,0.00,0.00,-0.1800,0.0000,0.0000,0.0914,0,0
2026-08-24 20:01:30.287345,254,franka,0.50779,-0.03914,0.31788,-0.00000,-0.00000,-0.00000,0.00000,0.00,0.00,0.00,-0.2000,0.0000,0.0086,0.1314,0,0
2026-08-24 20:01:30.341164,255,franka,0.50779,-0.03911,0.31778,-0.00000,-0.00000,-0.00000,0.00000,0.00,0.00,0.00,-0.2000,0.0000,0.0086,0.1314,0,0
2026-08-24 20:01:30.395141,256,franka,0.50781,-0.03913,0.31792,-0.00000,-0.00000,-0.00000,0.00000,0.00,0.00,0.00,-0.2000,0.0000,0.0086,0.1314,0,0
2026-08-24 20:01:30.449302,257,franka,0.50781,-0.03914,0.31795,-0.00000,-0.00000,-0.00000,0.00000,0.00,0.00,0.00,-0.2000,0.0000,0.0086,0.1314,0,0
2026-08-24 20:01:30.503057,258,franka,0.50779,-0.03912,0.31781,-0.00000,-0.00000,-0.00000,0.00000,0.00,0.00,0.00,-0.2000,0.0000,0.0086,0.1314,0,0
2026-08-24 20:01:30.556854,259,franka,0.50780,-0.03913,0.31787,-0.00000,-0.00000,-0.00000,0.00000,0.00,0.00,0.00,-0.2000,0.0000,0.0086,0.1314,0,0
2026-08-24 20:01:30.610898,260,franka,0.50781,-0.03913,0.31794,-0.00000,-0.00000,-0.00000,0.00000,0.00,0.00,0.00,-0.2000,0.0000,0.0086,0.1314,0,0
2026-08-24 20:01:30.665302,261,franka,0.50780,-0.03913,0.31785,-0.00000,-0.00000,-0.00000,0.00000,0.00,0.00,0.00,-0.2000,0.0000,0.0086,0.1314,0,0
2026-08-24 20:01:30.719504,262,franka,0.50780,-0.03914,0.31791,-0.00000,-0.00000,-0.00000,0.00000,0.00,0.00,0.00,-0.2000,0.0000,0.0086,0.1314,0,0
2026-08-24 20:01:30.773219,263,franka,0.50780,-0.03913,0.31788,-0.00000,-0.00000,-0.00000,0.00000,0.00,0.00,0.00,-0.2000,0.0000,0.0086,0.1314,0,0
2026-08-24 20:01:30.827262,264,franka,0.50780,-0.03913,0.31786,-0.00000,-0.00000,-0.00000,0.00000,0.00,0.00,0.00,-0.2000,0.0000,0.0086,0.1314,0,0
2026-08-24 20:01:30.881422,265,franka,0.50780,-0.03913,0.31789,-0.00000,-0.00000,-0.00000,0.00000,0.00,0.00,0.00,-0.2000,0.0000,0.0086,0.1314,0,0
2026-08-24 20:01:30.935352,266,franka,0.50780,-0.03914,0.31788,-0.00000,-0.00000,-0.00000,0.00000,0.00,0.00,0.00,-0.2000,0.0000,0.0086,0.1314,0,0
2026-08-24 20:01:30.989338,267,franka,0.50780,-0.03913,0.31786,-0.00000,-0.00000,-0.00000,0.00000,0.00,0.00,0.00,-0.2000,0.0000,0.0086,0.1314,0,0
2026-08-24 20:01:31.043296,268,franka,0.50781,-0.03913,0.31791,-0.00000,-0.00000,0.00547,0.00000,0.00,0.00,0.00,-0.0400,0.0000,0.3514,0.1171,0,0
2026-08-24 20:01:31.098054,269,franka,0.50778,-0.03911,0.31881,-0.00000,-0.00000,0.03000,0.00000,0.00,0.00,0.00,-0.0400,0.0000,0.3514,0.1171,0,0
2026-08-24 20:01:31.152451,270,franka,0.50779,-0.03910,0.32034,-0.00000,-0.00000,0.03000,0.00000,0.00,0.00,0.00,-0.0400,0.0000,0.3514,0.1171,0,0
2026-08-24 20:01:31.206372,271,franka,0.50777,-0.03911,0.32187,-0.00000,-0.00000,0.03000,0.00000,0.00,0.00,0.00,-0.0400,0.0000,0.3514,0.1171,0,0
2026-08-24 20:01:31.260809,272,franka,0.50780,-0.03911,0.32344,-0.00000,-0.00000,0.03000,0.00000,0.00,0.00,0.00,-0.0400,0.0000,0.3514,0.1171,0,0
2026-08-24 20:01:31.315212,273,franka,0.50777,-0.03910,0.32482,-0.00000,-0.00000,0.03000,0.00000,0.00,0.00,0.00,-0.0400,0.0000,0.3514,0.1171,0,0
2026-08-24 20:01:31.369594,274,franka,0.50780,-0.03912,0.32646,-0.00000,-0.00000,0.03000,0.00000,0.00,0.00,0.00,-0.0400,0.0000,0.3514,0.1171,0,0
2026-08-24 20:01:31.423517,275,franka,0.50778,-0.03911,0.32945,-0.00000,-0.00000,0.03000,0.00000,0.00,0.00,0.00,-0.0400,0.0000,0.3514,0.1171,0,0
2026-08-24 20:01:31.477591,276,franka,0.50778,-0.03910,0.33100,-0.00000,-0.00000,0.03000,0.00000,0.00,0.00,0.00,-0.0400,0.0000,0.3514,0.1171,0,0
2026-08-24 20:01:31.532192,277,franka,0.50779,-0.03910,0.33254,-0.00000,-0.00000,0.03000,0.00000,0.00,0.00,0.00,-0.0400,0.0000,0.3514,0.1171,0,0
2026-08-24 20:01:31.586276,278,franka,0.50778,-0.03911,0.33403,-0.00000,-0.00000,0.03000,0.00000,0.00,0.00,0.00,-0.0400,0.0000,0.3514,0.1171,0,0
2026-08-24 20:01:31.640397,279,franka,0.50779,-0.03911,0.33557,-0.00000,-0.00000,0.03000,0.00000,0.00,0.00,0.00,-0.0400,0.0000,0.3514,0.1171,0,0
2026-08-24 20:01:31.694920,280,franka,0.50778,-0.03911,0.33707,-0.00000,-0.00000,0.03000,0.00000,0.00,0.00,0.00,-0.0400,0.0000,0.3514,0.1171,0,0
2026-08-24 20:01:31.749022,281,franka,0.50778,-0.03911,0.33858,-0.00000,-0.00000,0.03000,0.00000,0.00,0.00,0.00,-0.0400,0.0000,0.3514,0.1171,0,0
2026-08-24 20:01:31.803117,282,franka,0.50779,-0.03910,0.34012,-0.00000,-0.00000,0.03000,0.00000,0.00,0.00,0.00,-0.0400,0.0000,0.3514,0.1171,0,0
2026-08-24 20:01:31.857107,283,franka,0.50779,-0.03911,0.34164,-0.00000,-0.00000,0.03000,0.00000,0.00,0.00,0.00,0.0000,0.0000,0.0000,0.0000,0,0
2026-08-24 20:01:31.911077,284,franka,0.50779,-0.03911,0.34300,-0.00000,-0.00000,0.01608,0.00000,0.00,0.00,0.00,0.0000,0.0000,0.0000,0.0000,0,0
2026-08-24 20:01:31.965022,285,franka,0.50779,-0.03912,0.34324,-0.00000,-0.00000,0.00000,0.00000,0.00,0.00,0.00,0.0000,0.0000,0.0000,0.0000,0,0
2026-08-24 20:01:32.018915,286,franka,0.50779,-0.03912,0.34324,-0.00000,-0.00000,0.00000,0.00000,0.00,0.00,0.00,0.0000,0.0000,0.0000,0.0000,0,0
2026-08-24 20:01:32.072938,287,franka,0.50779,-0.03912,0.34322,-0.00000,-0.00000,0.00000,0.00000,0.00,0.00,0.00,0.0000,0.0000,0.0000,0.0000,0,0
2026-08-24 20:01:32.126986,288,franka,0.50780,-0.03912,0.34327,-0.00000,-0.00000,0.00000,0.00000,0.00,0.00,0.00,0.0000,0.0000,0.0000,0.0000,0,0
2026-08-24 20:01:32.180862,289,franka,0.50779,-0.03912,0.34324,-0.00000,-0.00000,-0.00000,0.00000,0.00,0.00,0.00,0.0000,0.0000,0.0000,0.0000,0,0
2026-08-24 20:01:32.235211,290,franka,0.50779,-0.03912,0.34325,-0.00000,-0.00000,-0.00000,0.00000,0.00,0.00,0.00,0.0000,0.0000,0.0000,0.0000,0,0
2026-08-24 20:01:32.289199,291,franka,0.50779,-0.03912,0.34325,-0.00000,-0.00000,-0.00000,0.00000,0.00,0.00,0.00,0.0000,0.0000,0.0000,0.0000,0,0
2026-08-24 20:01:32.343194,292,franka,0.50779,-0.03912,0.34325,-0.00000,-0.00000,-0.00000,0.00000,0.00,0.00,0.00,0.0000,0.0000,0.0000,0.0000,0,0
2026-08-24 20:01:32.396838,293,franka,0.50779,-0.03912,0.34325,-0.00000,-0.00000,0.00000,0.00000,0.00,0.00,0.00,0.0000,0.0000,0.0000,0.0000,0,0
2026-08-24 20:01:32.450473,294,franka,0.50779,-0.03912,0.34325,-0.00000,-0.00000,0.00000,0.00000,0.00,0.00,0.00,0.0000,0.0000,0.0000,0.0000,0,0
2026-08-24 20:01:32.503957,295,franka,0.50779,-0.03913,0.34325,-0.00000,-0.00000,0.00000,0.00000,0.00,0.00,0.00,0.0000,0.0000,0.0000,0.0000,0,0
2026-08-24 20:01:32.557575,296,franka,0.50779,-0.03912,0.34325,-0.00000,-0.00000,0.00000,0.00000,0.00,0.00,0.00,0.0000,0.0000,0.0000,0.0000,0,0
2026-08-24 20:01:32.611232,297,franka,0.50779,-0.03912,0.34325,-0.00000,-0.00000,0.00000,0.00000,0.00,0.00,0.00,0.0000,0.0000,0.0000,0.0000,0,0
2026-08-24 20:01:32.664930,298,franka,0.50779,-0.03912,0.34325,-0.00000,-0.00000,0.00000,0.00000,0.00,0.00,0.00,0.0000,0.0000,0.0000,0.0000,0,0
2026-08-24 20:01:32.718609,299,franka,0.50779,-0.03912,0.34325,-0.00000,-0.00000,0.00000,0.00000,0.00,0.00,0.00,0.0000,0.0000,0.0000,0.0000,0,0
2026-08-24 20:01:32.770394,300,franka,0.50779,-0.03912,0.34325,-0.00000,-0.00000,0.00000,0.00000,0.00,0.00,0.00,0.0000,0.0000,0.0000,0.0000,0,0
2026-08-24 20:01:32.824428,301,franka,0.50779,-0.03912,0.34325,-0.00000,-0.00000,0.00000,0.00000,0.00,0.00,0.00,0.0000,0.0000,0.0000,0.0000,0,0
2026-08-24 20:01:32.878778,302,franka,0.50779,-0.03912,0.34325,-0.00000,-0.00000,0.00000,0.00000,0.00,0.00,0.00,0.0000,0.0000,0.0000,0.0000,0,0
2026-08-24 20:01:32.932957,303,franka,0.50779,-0.03912,0.34325,-0.00000,-0.00000,0.00000,0.00000,0.00,0.00,0.00,0.0000,0.0000,0.0000,0.0000,0,0
2026-08-24 20:01:32.986785,304,franka,0.50779,-0.03912,0.34325,-0.00000,-0.00000,0.00000,0.00000,0.00,0.00,0.00,0.0000,0.0000,0.0000,0.0000,0,0
2026-08-24 20:01:33.040465,305,franka,0.50779,-0.03912,0.34325,-0.00000,-0.00000,0.00000,0.00000,0.00,0.00,0.00,0.0000,0.0000,0.0000,0.0000,0,0
2026-08-24 20:01:33.094141,306,franka,0.50779,-0.03912,0.34325,-0.00000,-0.00000,0.00000,0.00000,0.00,0.00,0.00,0.0000,0.0000,0.0000,0.0000,0,0
2026-08-24 20:01:33.148060,307,franka,0.50779,-0.03912,0.34325,-0.00000,-0.00000,0.00000,0.00000,0.00,0.00,0.00,0.0000,0.0000,0.0000,0.0000,0,0
2026-08-24 20:01:33.201569,308,franka,0.50779,-0.03912,0.34325,-0.00000,-0.00000,0.00000,0.00000,0.00,0.00,0.00,0.0000,0.0000,0.0000,0.0000,0,0
2026-08-24 20:01:33.255277,309,franka,0.50779,-0.03912,0.34325,-0.00000,-0.00000,0.00000,0.00000,0.00,0.00,0.00,0.0000,0.0000,0.0000,0.0000,0,0
2026-08-24 20:01:33.308989,310,franka,0.50779,-0.03912,0.34325,-0.00000,-0.00000,0.00000,0.00000,0.00,0.00,0.00,0.0000,0.0000,0.0000,0.0000,0,0
2026-08-24 20:01:33.362602,311,franka,0.50779,-0.03913,0.34325,-0.00000,-0.00000,0.00000,0.00000,0.00,0.00,0.00,0.0000,0.0000,0.0000,0.0000,0,0
2026-08-24 20:01:33.416104,312,franka,0.50779,-0.03912,0.34325,-0.00000,-0.00000,0.00000,0.00000,0.00,0.00,0.00,0.0000,0.0000,0.0000,0.0000,0,0
2026-08-24 20:01:33.469744,313,franka,0.50779,-0.03912,0.34325,-0.00000,-0.00000,0.00000,0.00000,0.00,0.00,0.00,0.0000,0.0000,0.0000,0.0000,0,0
2026-08-24 20:01:33.523191,314,franka,0.50779,-0.03912,0.34325,-0.00000,-0.00000,0.00000,0.00000,0.00,0.00,0.00,0.0000,0.0000,0.0000,0.0000,0,0
2026-08-24 20:01:33.577571,315,franka,0.50779,-0.03912,0.34325,-0.00000,-0.00000,0.00000,0.00000,0.00,0.00,0.00,0.0000,0.0000,0.0000,0.0000,0,0
2026-08-24 20:01:33.631526,316,franka,0.50779,-0.03912,0.34325,-0.00000,-0.00000,0.00000,0.00000,0.00,0.00,0.00,0.0000,0.0000,0.0000,0.0000,0,0
2026-08-24 20:01:33.685170,317,franka,0.50779,-0.03912,0.34325,-0.00000,-0.00000,0.00000,0.00000,0.00,0.00,0.00,0.0000,0.0000,0.0000,0.0000,0,0
2026-08-24 20:01:33.738814,318,franka,0.50779,-0.03912,0.34325,-0.00000,-0.00000,0.00000,0.00000,0.00,0.00,0.00,0.0000,0.0000,0.0000,0.0000,0,0
2026-08-24 20:01:33.792556,319,franka,0.50779,-0.03912,0.34325,-0.00000,-0.00000,0.00000,0.00000,0.00,0.00,0.00,0.0000,0.0000,0.0000,0.0000,0,0
2026-08-24 20:01:33.846389,320,franka,0.50779,-0.03912,0.34325,-0.00000,-0.00000,0.00000,0.00000,0.00,0.00,0.00,0.0000,0.0000,0.0000,0.0000,0,0
2026-08-24 20:01:33.900157,321,franka,0.50779,-0.03912,0.34325,-0.00000,-0.00000,0.00000,0.00000,0.00,0.00,0.00,0.0000,0.0000,0.0000,0.0000,0,0
2026-08-24 20:01:33.954095,322,franka,0.50779,-0.03912,0.34325,-0.00000,-0.00000,0.00000,0.00000,0.00,0.00,0.00,0.0000,0.0000,0.0000,0.0000,0,0
2026-08-24 20:01:34.007665,323,franka,0.50779,-0.03912,0.34325,-0.00000,-0.00000,0.00000,0.00000,0.00,0.00,0.00,0.0000,0.0000,0.0000,0.0000,0,0
2026-08-24 20:01:34.061177,324,franka,0.50779,-0.03912,0.34325,-0.00000,-0.00000,0.00000,0.00000,0.00,0.00,0.00,0.0000,0.0000,0.0000,0.0000,0,0
2026-08-24 20:01:34.115181,325,franka,0.50779,-0.03913,0.34325,-0.00000,-0.00000,0.00000,0.00000,0.00,0.00,0.00,0.0000,0.0000,0.0000,0.0000,0,0
2026-08-24 20:01:34.169241,326,franka,0.50779,-0.03912,0.34325,-0.00000,-0.00000,0.00000,0.00000,0.00,0.00,0.00,0.0000,0.0000,0.0000,0.0000,0,0
2026-08-24 20:01:34.222950,327,franka,0.50779,-0.03912,0.34325,-0.00000,-0.00000,0.00000,0.00000,0.00,0.00,0.00,0.0000,0.0000,0.0000,0.0000,0,0
2026-08-24 20:01:34.276410,328,franka,0.50779,-0.03912,0.34325,-0.00000,-0.00000,0.00000,0.00000,0.00,0.00,0.00,0.0000,0.0000,0.0000,0.0000,0,0
2026-08-24 20:01:34.330666,329,franka,0.50779,-0.03912,0.34325,-0.00000,-0.00000,0.00000,0.00000,0.00,0.00,0.00,0.0000,0.0000,0.0000,0.0000,0,0
2026-08-24 20:01:34.384507,330,franka,0.50779,-0.03912,0.34325,-0.00000,-0.00000,0.00000,0.00000,0.00,0.00,0.00,0.0000,0.0000,0.0000,0.0000,0,0
2026-08-24 20:01:34.438442,331,franka,0.50779,-0.03912,0.34325,-0.00000,-0.00000,0.00000,0.00000,0.00,0.00,0.00,0.0000,0.0000,0.0000,0.0000,0,0
2026-08-24 20:01:34.491992,332,franka,0.50779,-0.03912,0.34325,-0.00000,-0.00000,0.00000,0.00000,0.00,0.00,0.00,0.0000,0.0000,0.0000,0.0000,0,0
2026-08-24 20:01:34.546158,333,flowbot,0.50779,-0.03912,0.34325,-0.00000,-0.00000,0.00000,0.00000,0.00,0.00,0.00,0.0000,0.0000,0.0000,0.0000,1,0
2026-08-24 20:01:34.596834,334,flowbot,0.50779,-0.03912,0.34325,-0.00000,-0.00000,0.00000,0.00000,0.00,0.00,0.00,0.0000,0.0000,0.0000,0.0000,1,0
2026-08-24 20:01:34.652863,335,flowbot,0.50779,-0.03912,0.34325,-0.00000,-0.00000,0.00000,0.00000,0.00,0.00,0.00,0.0000,0.0000,0.0000,0.0000,1,0
2026-08-24 20:01:34.704951,336,flowbot,0.50779,-0.03912,0.34325,-0.00000,-0.00000,0.00000,0.00000,0.00,0.00,0.00,0.0000,0.0000,0.0000,0.0000,1,0
2026-08-24 20:01:34.755151,337,flowbot,0.50779,-0.03912,0.34325,-0.00000,-0.00000,0.00000,0.00000,0.00,0.00,0.00,0.0000,0.0000,0.0000,0.0000,1,0
2026-08-24 20:01:34.812895,338,flowbot,0.50779,-0.03912,0.34325,-0.00000,-0.00000,0.00000,0.00000,0.00,0.00,0.00,0.0000,0.0000,0.0000,0.0000,1,0
2026-08-24 20:01:34.865112,339,flowbot,0.50779,-0.03912,0.34325,-0.00000,-0.00000,0.00000,0.00000,0.00,0.00,0.00,0.0000,0.0000,0.0000,0.0000,1,0
2026-08-24 20:01:34.915889,340,flowbot,0.50779,-0.03912,0.34325,-0.00000,-0.00000,0.00000,0.00000,0.00,0.00,0.00,0.0000,0.0000,0.0000,0.0000,1,0
2026-08-24 20:01:34.974391,341,flowbot,0.50779,-0.03912,0.34325,-0.00000,-0.00000,0.00000,0.00000,0.00,0.00,0.00,0.0000,0.0000,0.0000,0.0000,0,0
2026-08-24 20:01:35.019776,342,flowbot,0.50779,-0.03912,0.34325,-0.00000,-0.00000,0.00000,0.00000,0.00,0.00,0.00,0.0000,0.0000,0.0000,0.0000,0,0
2026-08-24 20:01:35.075652,343,flowbot,0.50779,-0.03912,0.34325,-0.00000,-0.00000,0.00000,0.00000,0.00,0.00,0.00,0.0000,0.0000,0.0000,0.0000,0,0
2026-08-24 20:01:35.125311,344,flowbot,0.50779,-0.03912,0.34325,-0.00000,-0.00000,0.00000,0.00000,0.00,0.00,0.00,0.0000,0.0000,0.0000,0.0000,0,0
2026-08-24 20:01:35.180827,345,flowbot,0.50779,-0.03912,0.34325,-0.00000,-0.00000,0.00000,0.00000,0.00,0.00,0.00,0.0000,0.0000,0.0000,0.0000,0,0
2026-08-24 20:01:35.232279,346,flowbot,0.50779,-0.03912,0.34325,-0.00000,-0.00000,0.00000,0.00000,0.00,0.00,0.00,0.0000,0.0000,0.0000,0.0000,0,0
2026-08-24 20:01:35.284651,347,flowbot,0.50779,-0.03912,0.34325,-0.00000,-0.00000,0.00000,0.00000,0.00,0.00,0.00,0.0000,0.0000,0.0000,0.0000,0,0
2026-08-24 20:01:35.336322,348,flowbot,0.50779,-0.03912,0.34325,-0.00000,-0.00000,0.00000,0.00000,0.00,0.00,0.00,0.0000,0.0000,0.0000,0.0000,0,0
2026-08-24 20:01:35.394990,349,flowbot,0.50779,-0.03912,0.34325,-0.00000,-0.00000,0.00000,0.00000,0.00,0.00,0.00,0.0000,0.0000,0.0000,0.0000,0,0
2026-08-24 20:01:35.449947,350,flowbot,0.50779,-0.03912,0.34325,-0.00000,-0.00000,0.00000,0.00000,0.00,0.00,0.00,0.0000,0.0000,0.0000,0.0000,0,0
2026-08-24 20:01:35.503128,351,flowbot,0.50779,-0.03912,0.34325,-0.00000,-0.00000,0.00000,0.00000,0.00,0.00,0.00,0.0000,0.0000,0.0000,0.0000,0,0
2026-08-24 20:01:35.554031,352,flowbot,0.50779,-0.03912,0.34325,-0.00000,-0.00000,0.00000,0.00000,0.00,0.00,0.00,0.0000,0.0000,0.0000,0.0000,0,0
2026-08-24 20:01:35.609639,353,flowbot,0.50779,-0.03912,0.34325,-0.00000,-0.00000,0.00000,0.00000,0.00,0.00,0.00,0.0000,0.0000,0.0000,0.0000,0,0
2026-08-24 20:01:35.663138,354,flowbot,0.50779,-0.03912,0.34325,-0.00000,-0.00000,0.00000,0.00000,0.00,0.00,0.00,0.0000,0.0000,0.0000,0.0000,0,0
2026-08-24 20:01:35.710747,355,flowbot,0.50779,-0.03912,0.34325,-0.00000,-0.00000,0.00000,0.00000,0.00,0.00,0.00,0.0000,0.0000,0.0000,0.0000,0,0
2026-08-24 20:01:35.760858,356,flowbot,0.50779,-0.03912,0.34325,-0.00000,-0.00000,0.00000,0.00000,0.00,0.00,0.00,0.0000,0.0000,0.0000,0.0000,0,0
2026-08-24 20:01:35.813718,357,flowbot,0.50779,-0.03912,0.34325,-0.00000,-0.00000,0.00000,0.00000,0.00,0.00,0.00,0.0000,0.0000,0.0000,0.0000,0,0
2026-08-24 20:01:35.865058,358,flowbot,0.50779,-0.03912,0.34325,-0.00000,-0.00000,0.00000,0.00000,0.00,0.00,0.00,0.0000,0.0000,0.0000,0.0000,0,0
2026-08-24 20:01:35.921076,359,flowbot,0.50779,-0.03912,0.34325,-0.00000,-0.00000,0.00000,0.00000,0.00,0.00,0.00,0.0000,0.0000,0.0000,0.0000,0,0
2026-08-24 20:01:35.972493,360,flowbot,0.50779,-0.03912,0.34325,-0.00000,-0.00000,0.00000,0.00000,0.00,0.00,0.00,0.0000,0.0000,0.0000,0.0000,0,0
2026-08-24 20:01:36.027024,361,flowbot,0.50779,-0.03912,0.34325,-0.00000,-0.00000,0.00000,0.00000,0.00,0.00,0.00,0.0000,0.0000,0.0000,0.0000,0,0
2026-08-24 20:01:36.078616,362,flowbot,0.50779,-0.03912,0.34325,-0.00000,-0.00000,0.00000,0.00000,0.00,0.00,0.00,0.0000,0.0000,0.0000,0.0000,0,0
2026-08-24 20:01:36.132048,363,flowbot,0.50779,-0.03912,0.34325,-0.00000,-0.00000,0.00000,0.00000,0.00,0.00,0.00,0.0000,0.0000,0.0000,0.0000,0,0
2026-08-24 20:01:36.184308,364,flowbot,0.50779,-0.03912,0.34325,-0.00000,-0.00000,0.00000,0.00000,0.00,0.00,0.00,0.0000,0.0000,0.0000,0.0000,0,0
2026-08-24 20:01:36.238661,365,flowbot,0.50779,-0.03912,0.34325,-0.00000,-0.00000,0.00000,0.00000,0.00,0.00,0.00,0.0000,0.0000,0.0000,0.0000,0,0
2026-08-24 20:01:36.291304,366,flowbot,0.50779,-0.03912,0.34325,-0.00000,-0.00000,0.00000,0.00000,0.00,0.00,0.00,0.0000,0.0000,0.0000,0.0000,0,0
2026-08-24 20:01:36.343717,367,flowbot,0.50779,-0.03912,0.34325,-0.00000,-0.00000,0.00000,0.00000,0.00,0.00,0.00,0.0000,0.0000,0.0000,0.0000,0,0
2026-08-24 20:01:36.394185,368,flowbot,0.50779,-0.03912,0.34325,-0.00000,-0.00000,0.00000,0.00000,0.00,0.00,0.00,0.0000,0.0000,0.0000,0.0000,0,0
2026-08-24 20:01:36.449361,369,flowbot,0.50779,-0.03912,0.34325,-0.00000,-0.00000,0.00000,0.00000,0.00,0.00,0.00,0.0000,0.0000,0.0000,0.0000,0,0
2026-08-24 20:01:36.499938,370,flowbot,0.50779,-0.03912,0.34325,-0.00000,-0.00000,0.00000,0.00000,0.00,0.00,0.00,0.0000,0.0000,0.0000,0.0000,0,0
2026-08-24 20:01:36.555640,371,flowbot,0.50779,-0.03912,0.34325,-0.00000,-0.00000,0.00000,0.00000,0.00,0.00,0.00,0.0000,0.0000,0.0000,0.0000,0,0
2026-08-24 20:01:36.612194,372,flowbot,0.50779,-0.03912,0.34325,-0.00000,-0.00000,0.00000,0.00000,0.00,0.00,0.00,0.0000,0.0000,0.0000,0.0000,0,0
2026-08-24 20:01:36.664799,373,flowbot,0.50779,-0.03912,0.34325,-0.00000,-0.00000,0.00000,0.00000,0.00,0.00,0.00,0.0000,0.0000,0.0000,0.0000,0,0
2026-08-24 20:01:36.715629,374,flowbot,0.50779,-0.03912,0.34325,-0.00000,-0.00000,0.00000,0.00000,0.00,0.00,0.00,0.0000,0.0000,0.0000,0.0000,0,0
2026-08-24 20:01:36.770031,375,flowbot,0.50779,-0.03912,0.34325,-0.00000,-0.00000,0.00000,0.00000,0.00,0.00,0.00,0.0000,0.0000,0.0000,0.0000,0,0
2026-08-24 20:01:36.821633,376,flowbot,0.50779,-0.03912,0.34325,-0.00000,-0.00000,0.00000,0.00000,0.00,0.00,0.00,0.0000,0.0000,0.0000,0.0000,0,0
2026-08-24 20:01:36.877487,377,flowbot,0.50779,-0.03912,0.34325,-0.00000,-0.00000,0.00000,0.00000,0.00,0.00,0.00,0.0000,0.0000,0.0000,0.0000,0,0
2026-08-24 20:01:36.930413,378,flowbot,0.50779,-0.03912,0.34325,-0.00000,-0.00000,0.00000,0.00000,0.00,0.00,0.00,0.0000,0.0000,0.0000,0.0000,0,0
2026-08-24 20:01:36.981645,379,flowbot,0.50779,-0.03912,0.34325,-0.00000,-0.00000,0.00000,0.00000,0.00,0.00,0.00,0.0000,0.0000,0.0000,0.0000,0,0
2026-08-24 20:01:37.035080,380,flowbot,0.50779,-0.03912,0.34325,-0.00000,-0.00000,0.00000,0.00000,0.00,0.00,0.00,0.0000,0.0000,0.0000,0.0000,0,0
2026-08-24 20:01:37.085110,381,flowbot,0.50779,-0.03912,0.34325,-0.00000,-0.00000,0.00000,0.00000,0.00,0.00,0.00,0.0000,0.0000,0.0000,0.0000,0,0
2026-08-24 20:01:37.134917,382,flowbot,0.50779,-0.03912,0.34325,-0.00000,-0.00000,0.00000,0.00000,0.00,0.00,0.00,0.0000,0.0000,0.0000,0.0000,0,0
2026-08-24 20:01:37.188984,383,flowbot,0.50779,-0.03912,0.34325,-0.00000,-0.00000,0.00000,0.00000,0.00,0.00,0.00,0.0000,0.0000,0.0000,0.0000,0,0
2026-08-24 20:01:37.246225,384,flowbot,0.50779,-0.03912,0.34325,-0.00000,-0.00000,0.00000,0.00000,0.00,0.00,0.00,0.0000,0.0000,0.0000,0.0000,0,0
2026-08-24 20:01:37.298195,385,flowbot,0.50779,-0.03912,0.34325,-0.00000,-0.00000,0.00000,0.00000,0.00,0.00,0.00,0.0000,0.0000,0.0000,0.0000,0,0
2026-08-24 20:01:37.350887,386,flowbot,0.50779,-0.03912,0.34325,-0.00000,-0.00000,0.00000,0.00000,0.00,0.00,0.00,0.0000,0.0000,0.0000,0.0000,0,0
2026-08-24 20:01:37.405169,387,flowbot,0.50779,-0.03912,0.34325,-0.00000,-0.00000,0.00000,0.00000,0.00,0.00,0.00,0.0000,0.0000,0.0000,0.0000,0,0
2026-08-24 20:01:37.461021,388,flowbot,0.50779,-0.03912,0.34325,-0.00000,-0.00000,0.00000,0.00000,0.00,0.00,0.00,0.0000,0.0000,0.0000,0.0000,0,0
2026-08-24 20:01:37.509749,389,flowbot,0.50779,-0.03912,0.34325,-0.00000,-0.00000,0.00000,0.00000,0.00,0.00,0.00,0.0000,0.0000,0.0000,0.0000,0,0
2026-08-24 20:01:37.562311,390,flowbot,0.50779,-0.03912,0.34325,-0.00000,-0.00000,0.00000,0.00000,0.00,0.00,0.00,0.0000,0.0000,0.0000,0.0000,0,0
2026-08-24 20:01:37.615137,391,flowbot,0.50779,-0.03912,0.34325,-0.00000,-0.00000,0.00000,0.00000,0.00,0.00,0.00,0.0000,0.0000,0.0000,0.0000,0,0
2026-08-24 20:01:37.669517,392,flowbot,0.50779,-0.03912,0.34325,-0.00000,-0.00000,0.00000,0.00000,0.00,0.00,0.00,0.0000,0.0000,0.0000,0.0000,0,0
2026-08-24 20:01:37.721113,393,flowbot,0.50779,-0.03912,0.34325,-0.00000,-0.00000,0.00000,0.00000,0.00,0.00,0.00,0.0000,0.0000,0.0000,0.0000,0,0
2026-08-24 20:01:37.775014,394,flowbot,0.50779,-0.03912,0.34325,-0.00000,-0.00000,0.00000,0.00000,0.00,0.00,0.00,0.0000,0.0000,0.0000,0.0000,0,0
2026-08-24 20:01:37.827740,395,flowbot,0.50779,-0.03912,0.34325,-0.00000,-0.00000,0.00000,0.00000,0.00,0.00,0.00,0.2857,0.0000,0.0000,0.0000,0,0
2026-08-24 20:01:37.888970,396,flowbot,0.50779,-0.03912,0.34325,-0.00000,-0.00000,0.00000,0.00000,0.00,0.00,0.00,0.2857,0.0000,0.0000,0.0000,0,0
2026-08-24 20:01:37.933094,397,flowbot,0.50779,-0.03912,0.34325,-0.00000,-0.00000,0.00000,0.00000,0.00,0.00,0.00,0.2857,0.0000,0.0000,0.0000,0,0
2026-08-24 20:01:37.987228,398,flowbot,0.50779,-0.03912,0.34325,-0.00000,-0.00000,0.00000,0.00000,0.00,0.00,0.00,0.2857,0.0000,0.0000,0.0000,0,0
2026-08-24 20:01:38.045528,399,flowbot,0.50779,-0.03912,0.34325,-0.00000,-0.00000,0.00000,0.00000,0.00,0.00,0.00,1.0114,-0.1000,0.3629,0.0000,0,0
2026-08-24 20:01:38.102690,400,flowbot,0.50779,-0.03912,0.34325,-0.00000,-0.00000,0.00000,0.00000,0.00,0.00,0.00,1.0114,-0.1000,0.3629,0.0000,0,0
2026-08-24 20:01:38.151404,401,flowbot,0.50779,-0.03912,0.34325,-0.00000,-0.00000,0.00000,0.00000,0.00,0.00,0.00,1.0114,-0.1000,0.3629,0.0000,0,0
2026-08-24 20:01:38.200095,402,flowbot,0.50779,-0.03912,0.34325,-0.00000,-0.00000,0.00000,0.00000,0.00,0.00,0.00,0.9086,0.0000,0.2971,0.0000,0,0
2026-08-24 20:01:38.252146,403,flowbot,0.50779,-0.03912,0.34325,-0.00000,-0.00000,0.00000,0.00000,0.00,0.00,0.00,0.9086,0.0000,0.2971,0.0000,0,0
2026-08-24 20:01:38.303474,404,flowbot,0.50779,-0.03912,0.34325,-0.00000,-0.00000,0.00000,0.00000,0.00,0.00,0.00,0.9086,0.0000,0.2971,0.0000,0,0
2026-08-24 20:01:38.357336,405,flowbot,0.50779,-0.03912,0.34325,-0.00000,-0.00000,0.00000,0.00000,0.00,0.00,0.00,0.9086,0.0000,0.2971,0.0000,0,0
2026-08-24 20:01:38.406400,406,flowbot,0.50779,-0.03912,0.34325,-0.00000,-0.00000,0.00000,0.00000,0.00,0.00,0.00,0.9086,0.0000,0.2971,0.0000,0,0
2026-08-24 20:01:38.458155,407,flowbot,0.50779,-0.03912,0.34325,-0.00000,-0.00000,0.00000,0.00000,0.00,0.00,0.00,0.6486,-0.1486,0.0000,0.0000,0,0
2026-08-24 20:01:38.511378,408,flowbot,0.50779,-0.03912,0.34325,-0.00000,-0.00000,0.00000,0.00000,0.00,0.00,0.00,0.6486,-0.1486,0.0000,0.0000,0,0
2026-08-24 20:01:38.563788,409,flowbot,0.50779,-0.03912,0.34325,-0.00000,-0.00000,0.00000,0.00000,0.00,0.00,0.00,0.6486,-0.1486,0.0000,0.0000,0,0
2026-08-24 20:01:38.618210,410,flowbot,0.50779,-0.03912,0.34325,-0.00000,-0.00000,0.00000,0.00000,1.00,0.00,0.00,1.3543,-0.2057,0.2343,0.0000,0,0
2026-08-24 20:01:38.669908,411,flowbot,0.50779,-0.03912,0.34325,-0.00000,-0.00000,0.00000,0.00000,1.00,0.00,0.00,1.3543,-0.2057,0.2343,0.0000,0,0
2026-08-24 20:01:38.726659,412,flowbot,0.50779,-0.03912,0.34325,-0.00000,-0.00000,0.00000,0.00000,1.00,0.00,0.00,1.3543,-0.2057,0.2343,0.0000,0,0
2026-08-24 20:01:38.776448,413,flowbot,0.50779,-0.03912,0.34325,-0.00000,-0.00000,0.00000,0.00000,1.00,0.00,0.00,1.3543,-0.2057,0.2343,0.0000,0,0
2026-08-24 20:01:38.828549,414,flowbot,0.50779,-0.03912,0.34325,-0.00000,-0.00000,0.00000,0.00000,2.00,0.00,0.00,0.9543,-0.1914,0.0000,0.0000,0,0
2026-08-24 20:01:38.882878,415,flowbot,0.50779,-0.03912,0.34325,-0.00000,-0.00000,0.00000,0.00000,2.00,0.00,0.00,0.9543,-0.1914,0.0000,0.0000,0,0
2026-08-24 20:01:38.933183,416,flowbot,0.50779,-0.03912,0.34325,-0.00000,-0.00000,0.00000,0.00000,2.00,0.00,0.00,0.9543,-0.1914,0.0000,0.0000,0,0
2026-08-24 20:01:38.987369,417,flowbot,0.50779,-0.03912,0.34325,-0.00000,-0.00000,0.00000,0.00000,2.00,0.00,0.00,0.9543,-0.1914,0.0000,0.0000,0,0
2026-08-24 20:01:39.039209,418,flowbot,0.50779,-0.03912,0.34325,-0.00000,-0.00000,0.00000,0.00000,3.00,0.00,0.00,0.5943,-0.1000,0.0000,0.0000,0,0
2026-08-24 20:01:39.099191,419,flowbot,0.50779,-0.03912,0.34325,-0.00000,-0.00000,0.00000,0.00000,3.00,0.00,0.00,0.5943,-0.1000,0.0000,0.0000,0,0
2026-08-24 20:01:39.147169,420,flowbot,0.50779,-0.03912,0.34325,-0.00000,-0.00000,0.00000,0.00000,3.00,0.00,0.00,0.5943,-0.1000,0.0000,0.0000,0,0
2026-08-24 20:01:39.200184,421,flowbot,0.50779,-0.03912,0.34325,-0.00000,-0.00000,0.00000,0.00000,3.00,0.00,0.00,0.5943,-0.1000,0.0000,0.0000,0,0
2026-08-24 20:01:39.251061,422,flowbot,0.50779,-0.03912,0.34325,-0.00000,-0.00000,0.00000,0.00000,4.00,0.00,0.00,0.8629,0.0000,0.1457,0.0000,0,0
2026-08-24 20:01:39.303399,423,flowbot,0.50779,-0.03912,0.34325,-0.00000,-0.00000,0.00000,0.00000,4.00,0.00,0.00,0.8629,0.0000,0.1457,0.0000,0,0
2026-08-24 20:01:39.357549,424,flowbot,0.50779,-0.03912,0.34325,-0.00000,-0.00000,0.00000,0.00000,4.00,0.00,0.00,0.8629,0.0000,0.1457,0.0000,0,0
2026-08-24 20:01:39.408156,425,flowbot,0.50779,-0.03912,0.34325,-0.00000,-0.00000,0.00000,0.00000,4.00,0.00,0.00,0.8629,0.0000,0.1457,0.0000,0,0
2026-08-24 20:01:39.462270,426,flowbot,0.50779,-0.03912,0.34325,-0.00000,-0.00000,0.00000,0.00000,4.00,0.00,0.00,0.4771,0.0000,0.0000,0.0000,0,0
2026-08-24 20:01:39.516569,427,flowbot,0.50779,-0.03912,0.34325,-0.00000,-0.00000,0.00000,0.00000,4.00,0.00,0.00,0.4771,0.0000,0.0000,0.0000,0,0
2026-08-24 20:01:39.570538,428,flowbot,0.50779,-0.03912,0.34325,-0.00000,-0.00000,0.00000,0.00000,4.00,0.00,0.00,0.4771,0.0000,0.0000,0.0000,0,0
2026-08-24 20:01:39.627801,429,flowbot,0.50779,-0.03912,0.34325,-0.00000,-0.00000,0.00000,0.00000,4.00,0.00,0.00,0.4771,0.0000,0.0000,0.0000,0,0
2026-08-24 20:01:39.677199,430,flowbot,0.50779,-0.03912,0.34325,-0.00000,-0.00000,0.00000,0.00000,5.00,0.00,0.00,0.6286,-0.1371,0.0000,0.0000,0,0
2026-08-24 20:01:39.729737,431,flowbot,0.50779,-0.03912,0.34325,-0.00000,-0.00000,0.00000,0.00000,5.00,0.00,0.00,0.6286,-0.1371,0.0000,0.0000,0,0
2026-08-24 20:01:39.781929,432,flowbot,0.50779,-0.03912,0.34325,-0.00000,-0.00000,0.00000,0.00000,5.00,0.00,0.00,0.6286,-0.1371,0.0000,0.0000,0,0
2026-08-24 20:01:39.835488,433,flowbot,0.50779,-0.03912,0.34325,-0.00000,-0.00000,0.00000,0.00000,5.00,0.00,0.00,0.6286,-0.1371,0.0000,0.0000,0,0
2026-08-24 20:01:39.889380,434,flowbot,0.50779,-0.03912,0.34325,-0.00000,-0.00000,0.00000,0.00000,7.00,0.00,0.00,1.1143,-0.2200,0.3171,0.0000,0,0
2026-08-24 20:01:39.944783,435,flowbot,0.50779,-0.03912,0.34325,-0.00000,-0.00000,0.00000,0.00000,7.00,0.00,0.00,1.1143,-0.2200,0.3171,0.0000,0,0
2026-08-24 20:01:39.999822,436,flowbot,0.50779,-0.03912,0.34325,-0.00000,-0.00000,0.00000,0.00000,7.00,0.00,0.00,1.1143,-0.2200,0.3171,0.0000,0,0
2026-08-24 20:01:40.053013,437,flowbot,0.50779,-0.03912,0.34325,-0.00000,-0.00000,0.00000,0.00000,7.00,0.00,0.00,1.1143,-0.2200,0.3171,0.0000,0,0
2026-08-24 20:01:40.102109,438,flowbot,0.50779,-0.03912,0.34325,-0.00000,-0.00000,0.00000,0.00000,7.00,0.00,0.00,0.4200,0.0000,0.0000,0.0000,0,0
2026-08-24 20:01:40.155040,439,flowbot,0.50779,-0.03912,0.34325,-0.00000,-0.00000,0.00000,0.00000,7.00,0.00,0.00,0.4200,0.0000,0.0000,0.0000,0,0
2026-08-24 20:01:40.209362,440,flowbot,0.50779,-0.03912,0.34325,-0.00000,-0.00000,0.00000,0.00000,7.00,0.00,0.00,0.4200,0.0000,0.0000,0.0000,0,0
2026-08-24 20:01:40.263162,441,flowbot,0.50779,-0.03912,0.34325,-0.00000,-0.00000,0.00000,0.00000,7.00,0.00,0.00,0.4200,0.0000,0.0000,0.0000,0,0
2026-08-24 20:01:40.314612,442,flowbot,0.50779,-0.03912,0.34325,-0.00000,-0.00000,0.00000,0.00000,7.00,0.00,0.00,0.4200,0.0000,0.0000,0.0000,0,0
2026-08-24 20:01:40.368920,443,flowbot,0.50779,-0.03912,0.34325,-0.00000,-0.00000,0.00000,0.00000,9.00,0.00,0.00,1.1914,-0.1143,0.3743,0.0000,0,0
2026-08-24 20:01:40.419777,444,flowbot,0.50779,-0.03912,0.34325,-0.00000,-0.00000,0.00000,0.00000,9.00,0.00,0.00,1.1914,-0.1143,0.3743,0.0000,0,0
2026-08-24 20:01:40.470840,445,flowbot,0.50779,-0.03912,0.34325,-0.00000,-0.00000,0.00000,0.00000,9.00,0.00,0.00,1.1914,-0.1143,0.3743,0.0000,0,0
2026-08-24 20:01:40.523810,446,flowbot,0.50779,-0.03912,0.34325,-0.00000,-0.00000,0.00000,0.00000,9.00,0.00,0.00,0.6114,0.0000,0.0000,0.0000,0,0
2026-08-24 20:01:40.579055,447,flowbot,0.50779,-0.03912,0.34325,-0.00000,-0.00000,0.00000,0.00000,9.00,0.00,0.00,0.6114,0.0000,0.0000,0.0000,0,0
2026-08-24 20:01:40.629560,448,flowbot,0.50779,-0.03912,0.34325,-0.00000,-0.00000,0.00000,0.00000,9.00,0.00,0.00,0.6114,0.0000,0.0000,0.0000,0,0
2026-08-24 20:01:40.683124,449,flowbot,0.50779,-0.03912,0.34325,-0.00000,-0.00000,0.00000,0.00000,9.00,0.00,0.00,0.6114,0.0000,0.0000,0.0000,0,0
2026-08-24 20:01:40.735399,450,flowbot,0.50779,-0.03912,0.34325,-0.00000,-0.00000,0.00000,0.00000,11.00,0.00,0.00,1.0486,-0.2343,0.2429,0.0000,0,0
2026-08-24 20:01:40.792178,451,flowbot,0.50779,-0.03912,0.34325,-0.00000,-0.00000,0.00000,0.00000,11.00,0.00,0.00,1.0486,-0.2343,0.2429,0.0000,0,0
2026-08-24 20:01:40.847124,452,flowbot,0.50779,-0.03912,0.34325,-0.00000,-0.00000,0.00000,0.00000,11.00,0.00,0.00,1.0486,-0.2343,0.2429,0.0000,0,0
2026-08-24 20:01:40.902025,453,flowbot,0.50779,-0.03912,0.34325,-0.00000,-0.00000,0.00000,0.00000,11.00,0.00,0.00,1.0486,-0.2343,0.2429,0.0000,0,0
2026-08-24 20:01:40.954146,454,flowbot,0.50779,-0.03912,0.34325,-0.00000,-0.00000,0.00000,0.00000,11.00,0.00,0.00,0.1371,0.0000,0.0000,0.0000,0,0
2026-08-24 20:01:41.005145,455,flowbot,0.50779,-0.03912,0.34325,-0.00000,-0.00000,0.00000,0.00000,11.00,0.00,0.00,0.1371,0.0000,0.0000,0.0000,0,0
2026-08-24 20:01:41.055974,456,flowbot,0.50779,-0.03912,0.34325,-0.00000,-0.00000,0.00000,0.00000,11.00,0.00,0.00,0.1371,0.0000,0.0000,0.0000,0,0
2026-08-24 20:01:41.116355,457,flowbot,0.50779,-0.03912,0.34325,-0.00000,-0.00000,0.00000,0.00000,11.00,0.00,0.00,0.1371,0.0000,0.0000,0.0000,0,0
2026-08-24 20:01:41.163048,458,flowbot,0.50779,-0.03912,0.34325,-0.00000,-0.00000,0.00000,0.00000,11.00,0.00,0.00,0.1371,0.0000,0.0000,0.0000,0,0
2026-08-24 20:01:41.215605,459,flowbot,0.50779,-0.03912,0.34325,-0.00000,-0.00000,0.00000,0.00000,11.00,0.00,0.00,0.0000,0.0000,0.0000,0.0000,0,0
2026-08-24 20:01:41.271635,460,flowbot,0.50779,-0.03912,0.34325,-0.00000,-0.00000,0.00000,0.00000,11.00,0.00,0.00,0.0000,0.0000,0.0000,0.0000,0,0
2026-08-24 20:01:41.319790,461,flowbot,0.50779,-0.03912,0.34325,-0.00000,-0.00000,0.00000,0.00000,11.00,0.00,0.00,0.0000,0.0000,0.0000,0.0000,0,0
2026-08-24 20:01:41.370292,462,flowbot,0.50779,-0.03912,0.34325,-0.00000,-0.00000,0.00000,0.00000,11.00,0.00,0.00,0.0000,0.0000,0.0000,0.0000,0,0
2026-08-24 20:01:41.425140,463,flowbot,0.50779,-0.03912,0.34325,-0.00000,-0.00000,0.00000,0.00000,12.00,0.00,0.00,0.3000,0.0000,0.0000,0.0000,0,0
2026-08-24 20:01:41.471333,464,flowbot,0.50779,-0.03912,0.34325,-0.00000,-0.00000,0.00000,0.00000,12.00,0.00,0.00,0.3000,0.0000,0.0000,0.0000,0,0
2026-08-24 20:01:41.524152,465,flowbot,0.50779,-0.03912,0.34325,-0.00000,-0.00000,0.00000,0.00000,12.00,0.00,0.00,0.3000,0.0000,0.0000,0.0000,0,0
2026-08-24 20:01:41.575326,466,flowbot,0.50779,-0.03912,0.34325,-0.00000,-0.00000,0.00000,0.00000,12.00,0.00,0.00,0.3000,0.0000,0.0000,0.0000,0,0
2026-08-24 20:01:41.625884,467,flowbot,0.50779,-0.03912,0.34325,-0.00000,-0.00000,0.00000,0.00000,13.00,0.00,0.00,0.9143,0.0000,0.2286,0.0000,0,0
2026-08-24 20:01:41.680151,468,flowbot,0.50779,-0.03912,0.34325,-0.00000,-0.00000,0.00000,0.00000,13.00,0.00,0.00,0.9143,0.0000,0.2286,0.0000,0,0
2026-08-24 20:01:41.731709,469,flowbot,0.50779,-0.03912,0.34325,-0.00000,-0.00000,0.00000,0.00000,13.00,0.00,0.00,0.9143,0.0000,0.2286,0.0000,0,0
2026-08-24 20:01:41.783531,470,flowbot,0.50779,-0.03912,0.34325,-0.00000,-0.00000,0.00000,0.00000,13.00,0.00,0.00,0.9143,0.0000,0.2286,0.0000,0,0
2026-08-24 20:01:41.836797,471,flowbot,0.50779,-0.03912,0.34325,-0.00000,-0.00000,0.00000,0.00000,13.00,0.00,0.00,0.0000,0.0000,0.0000,0.0000,0,0
2026-08-24 20:01:41.894210,472,flowbot,0.50779,-0.03912,0.34325,-0.00000,-0.00000,0.00000,0.00000,13.00,0.00,0.00,0.0000,0.0000,0.0000,0.0000,0,0
2026-08-24 20:01:41.943800,473,flowbot,0.50779,-0.03912,0.34325,-0.00000,-0.00000,0.00000,0.00000,13.00,0.00,0.00,0.0000,0.0000,0.0000,0.0000,0,0
2026-08-24 20:01:41.993342,474,flowbot,0.50779,-0.03912,0.34325,-0.00000,-0.00000,0.00000,0.00000,13.00,0.00,0.00,0.0000,0.0000,0.0000,0.0000,0,0
2026-08-24 20:01:42.042971,475,flowbot,0.50779,-0.03912,0.34325,-0.00000,-0.00000,0.00000,0.00000,13.00,0.00,0.00,0.1743,0.0000,0.0000,0.0000,0,0
2026-08-24 20:01:42.101096,476,flowbot,0.50779,-0.03912,0.34325,-0.00000,-0.00000,0.00000,0.00000,13.00,0.00,0.00,0.1743,0.0000,0.0000,0.0000,0,0
2026-08-24 20:01:42.152186,477,flowbot,0.50779,-0.03912,0.34325,-0.00000,-0.00000,0.00000,0.00000,13.00,0.00,0.00,0.1743,0.0000,0.0000,0.0000,0,0
2026-08-24 20:01:42.202993,478,flowbot,0.50779,-0.03912,0.34325,-0.00000,-0.00000,0.00000,0.00000,13.00,0.00,0.00,0.1743,0.0000,0.0000,0.0000,0,0
2026-08-24 20:01:42.252341,479,flowbot,0.50779,-0.03912,0.34325,-0.00000,-0.00000,0.00000,0.00000,15.00,0.00,0.00,1.1257,0.0000,0.3857,0.0000,0,0
2026-08-24 20:01:42.307060,480,flowbot,0.50779,-0.03912,0.34325,-0.00000,-0.00000,0.00000,0.00000,15.00,0.00,0.00,1.1257,0.0000,0.3857,0.0000,0,0
2026-08-24 20:01:42.360293,481,flowbot,0.50779,-0.03912,0.34325,-0.00000,-0.00000,0.00000,0.00000,15.00,0.00,0.00,1.1257,0.0000,0.3857,0.0000,0,0
2026-08-24 20:01:42.417392,482,flowbot,0.50779,-0.03912,0.34325,-0.00000,-0.00000,0.00000,0.00000,15.00,0.00,0.00,1.1257,0.0000,0.3857,0.0000,0,0
2026-08-24 20:01:42.471627,483,flowbot,0.50779,-0.03912,0.34325,-0.00000,-0.00000,0.00000,0.00000,15.00,0.00,0.00,0.3771,-0.1457,0.0000,0.0000,0,0
2026-08-24 20:01:42.522116,484,flowbot,0.50779,-0.03912,0.34325,-0.00000,-0.00000,0.00000,0.00000,15.00,0.00,0.00,0.3771,-0.1457,0.0000,0.0000,0,0
2026-08-24 20:01:42.574397,485,flowbot,0.50779,-0.03912,0.34325,-0.00000,-0.00000,0.00000,0.00000,15.00,0.00,0.00,0.3771,-0.1457,0.0000,0.0000,0,0
2026-08-24 20:01:42.625510,486,flowbot,0.50779,-0.03912,0.34325,-0.00000,-0.00000,0.00000,0.00000,15.00,0.00,0.00,0.3771,-0.1457,0.0000,0.0000,0,0
2026-08-24 20:01:42.687414,487,flowbot,0.50779,-0.03912,0.34325,-0.00000,-0.00000,0.00000,0.00000,16.00,0.00,0.00,0.4514,0.0000,0.0000,0.0000,0,0
2026-08-24 20:01:42.739014,488,flowbot,0.50779,-0.03912,0.34325,-0.00000,-0.00000,0.00000,0.00000,16.00,0.00,0.00,0.4514,0.0000,0.0000,0.0000,0,0
2026-08-24 20:01:42.794158,489,flowbot,0.50779,-0.03912,0.34325,-0.00000,-0.00000,0.00000,0.00000,16.00,0.00,0.00,0.4514,0.0000,0.0000,0.0000,0,0
2026-08-24 20:01:42.844852,490,flowbot,0.50779,-0.03912,0.34325,-0.00000,-0.00000,0.00000,0.00000,16.00,0.00,0.00,0.4514,0.0000,0.0000,0.0000,0,0
2026-08-24 20:01:42.900364,491,flowbot,0.50779,-0.03912,0.34325,-0.00000,-0.00000,0.00000,0.00000,18.00,0.00,0.00,1.2114,-0.1143,0.3914,0.0000,0,0
2026-08-24 20:01:42.952069,492,flowbot,0.50779,-0.03912,0.34325,-0.00000,-0.00000,0.00000,0.00000,18.00,0.00,0.00,1.2114,-0.1143,0.3914,0.0000,0,0
2026-08-24 20:01:43.005743,493,flowbot,0.50779,-0.03912,0.34325,-0.00000,-0.00000,0.00000,0.00000,18.00,0.00,0.00,1.2114,-0.1143,0.3914,0.0000,0,0
2026-08-24 20:01:43.057302,494,flowbot,0.50779,-0.03912,0.34325,-0.00000,-0.00000,0.00000,0.00000,20.00,0.00,1.00,1.0800,-0.1200,0.2914,0.0000,0,0
2026-08-24 20:01:43.108399,495,flowbot,0.50779,-0.03912,0.34325,-0.00000,-0.00000,0.00000,0.00000,20.00,0.00,1.00,1.0800,-0.1200,0.2914,0.0000,0,0
2026-08-24 20:01:43.163221,496,flowbot,0.50779,-0.03912,0.34325,-0.00000,-0.00000,0.00000,0.00000,20.00,0.00,1.00,1.0800,-0.1200,0.2914,0.0000,0,0
2026-08-24 20:01:43.218535,497,flowbot,0.50779,-0.03912,0.34325,-0.00000,-0.00000,0.00000,0.00000,20.00,0.00,1.00,1.0800,-0.1200,0.2914,0.0000,0,0
2026-08-24 20:01:43.271531,498,flowbot,0.50779,-0.03912,0.34325,-0.00000,-0.00000,0.00000,0.00000,20.00,0.00,1.00,0.5257,-0.1457,0.0000,0.0000,0,0
2026-08-24 20:01:43.325722,499,flowbot,0.50779,-0.03912,0.34325,-0.00000,-0.00000,0.00000,0.00000,20.00,0.00,1.00,0.5257,-0.1457,0.0000,0.0000,0,0
2026-08-24 20:01:43.379991,500,flowbot,0.50779,-0.03912,0.34325,-0.00000,-0.00000,0.00000,0.00000,20.00,0.00,1.00,0.5257,-0.1457,0.0000,0.0000,0,0
2026-08-24 20:01:43.432178,501,flowbot,0.50779,-0.03912,0.34325,-0.00000,-0.00000,0.00000,0.00000,20.00,0.00,1.00,0.5257,-0.1457,0.0000,0.0000,0,0
2026-08-24 20:01:43.482255,502,flowbot,0.50779,-0.03912,0.34325,-0.00000,-0.00000,0.00000,0.00000,20.00,0.00,1.00,0.1657,0.1943,-0.4286,0.0000,0,0
2026-08-24 20:01:43.536520,503,flowbot,0.50779,-0.03912,0.34325,-0.00000,-0.00000,0.00000,0.00000,20.00,0.00,1.00,0.1657,0.1943,-0.4286,0.0000,0,0
2026-08-24 20:01:43.590503,504,flowbot,0.50779,-0.03912,0.34325,-0.00000,-0.00000,0.00000,0.00000,20.00,0.00,1.00,0.1657,0.1943,-0.4286,0.0000,0,0
2026-08-24 20:01:43.644990,505,flowbot,0.50779,-0.03912,0.34325,-0.00000,-0.00000,0.00000,0.00000,20.00,0.00,1.00,0.1657,0.1943,-0.4286,0.0000,0,0
2026-08-24 20:01:43.700188,506,flowbot,0.50779,-0.03912,0.34325,-0.00000,-0.00000,0.00000,0.00000,21.00,0.00,1.00,0.7771,0.0000,0.0000,0.0000,0,0
2026-08-24 20:01:43.750795,507,flowbot,0.50779,-0.03912,0.34325,-0.00000,-0.00000,0.00000,0.00000,21.00,0.00,1.00,0.7771,0.0000,0.0000,0.0000,0,0
2026-08-24 20:01:43.802627,508,flowbot,0.50779,-0.03912,0.34325,-0.00000,-0.00000,0.00000,0.00000,21.00,0.00,1.00,0.7771,0.0000,0.0000,0.0000,0,0
2026-08-24 20:01:43.851303,509,flowbot,0.50779,-0.03912,0.34325,-0.00000,-0.00000,0.00000,0.00000,21.00,0.00,1.00,0.7771,0.0000,0.0000,0.0000,0,0
2026-08-24 20:01:43.900832,510,flowbot,0.50779,-0.03912,0.34325,-0.00000,-0.00000,0.00000,0.00000,22.00,0.00,1.00,0.7771,0.0000,0.0000,0.0000,0,0
2026-08-24 20:01:43.955106,511,flowbot,0.50779,-0.03912,0.34325,-0.00000,-0.00000,0.00000,0.00000,22.00,0.00,1.00,0.7771,0.0000,0.0000,0.0000,0,0
2026-08-24 20:01:44.007552,512,flowbot,0.50779,-0.03912,0.34325,-0.00000,-0.00000,0.00000,0.00000,22.00,0.00,1.00,0.7771,0.0000,0.0000,0.0000,0,0
2026-08-24 20:01:44.059637,513,flowbot,0.50779,-0.03912,0.34325,-0.00000,-0.00000,0.00000,0.00000,22.00,0.00,1.00,0.7771,0.0000,0.0000,0.0000,0,0
2026-08-24 20:01:44.113611,514,flowbot,0.50779,-0.03912,0.34325,-0.00000,-0.00000,0.00000,0.00000,24.00,0.00,2.00,1.3743,0.0000,0.2914,0.0000,0,0
2026-08-24 20:01:44.171183,515,flowbot,0.50779,-0.03912,0.34325,-0.00000,-0.00000,0.00000,0.00000,24.00,0.00,2.00,1.3743,0.0000,0.2914,0.0000,0,0
2026-08-24 20:01:44.228177,516,flowbot,0.50779,-0.03912,0.34325,-0.00000,-0.00000,0.00000,0.00000,24.00,0.00,2.00,1.3743,0.0000,0.2914,0.0000,0,0
2026-08-24 20:01:44.280379,517,flowbot,0.50779,-0.03912,0.34325,-0.00000,-0.00000,0.00000,0.00000,25.00,0.00,2.00,0.6314,-0.2114,0.0000,0.0000,0,0
2026-08-24 20:01:44.335521,518,flowbot,0.50779,-0.03912,0.34325,-0.00000,-0.00000,0.00000,0.00000,25.00,0.00,2.00,0.6314,-0.2114,0.0000,0.0000,0,0
2026-08-24 20:01:44.386927,519,flowbot,0.50779,-0.03912,0.34325,-0.00000,-0.00000,0.00000,0.00000,25.00,0.00,2.00,0.6314,-0.2114,0.0000,0.0000,0,0
2026-08-24 20:01:44.439345,520,flowbot,0.50779,-0.03912,0.34325,-0.00000,-0.00000,0.00000,0.00000,25.00,0.00,2.00,0.6314,-0.2114,0.0000,0.0000,0,0
2026-08-24 20:01:44.493973,521,flowbot,0.50779,-0.03912,0.34325,-0.00000,-0.00000,0.00000,0.00000,24.00,0.00,1.00,0.2114,0.0000,-0.7686,0.0000,0,0
2026-08-24 20:01:44.546624,522,flowbot,0.50779,-0.03912,0.34325,-0.00000,-0.00000,0.00000,0.00000,24.00,0.00,1.00,0.2114,0.0000,-0.7686,0.0000,0,0
2026-08-24 20:01:44.600896,523,flowbot,0.50779,-0.03912,0.34325,-0.00000,-0.00000,0.00000,0.00000,24.00,0.00,1.00,0.2114,0.0000,-0.7686,0.0000,0,0
2026-08-24 20:01:44.653368,524,flowbot,0.50779,-0.03912,0.34325,-0.00000,-0.00000,0.00000,0.00000,24.00,0.00,1.00,0.2114,0.0000,-0.7686,0.0000,0,0
2026-08-24 20:01:44.704442,525,flowbot,0.50779,-0.03912,0.34325,-0.00000,-0.00000,0.00000,0.00000,26.00,0.00,2.00,1.4286,0.0000,0.3571,0.0000,0,0
2026-08-24 20:01:44.756379,526,flowbot,0.50779,-0.03912,0.34325,-0.00000,-0.00000,0.00000,0.00000,26.00,0.00,2.00,1.4286,0.0000,0.3571,0.0000,0,0
2026-08-24 20:01:44.814676,527,flowbot,0.50779,-0.03912,0.34325,-0.00000,-0.00000,0.00000,0.00000,26.00,0.00,2.00,1.4286,0.0000,0.3571,0.0000,0,0
2026-08-24 20:01:44.866993,528,flowbot,0.50779,-0.03912,0.34325,-0.00000,-0.00000,0.00000,0.00000,26.00,0.00,2.00,1.4286,0.0000,0.3571,0.0000,0,0
2026-08-24 20:01:44.919257,529,flowbot,0.50779,-0.03912,0.34325,-0.00000,-0.00000,0.00000,0.00000,26.00,0.00,2.00,1.0857,0.0000,0.0000,0.0000,0,0
2026-08-24 20:01:44.973896,530,flowbot,0.50779,-0.03912,0.34325,-0.00000,-0.00000,0.00000,0.00000,26.00,0.00,2.00,1.0857,0.0000,0.0000,0.0000,0,0
2026-08-24 20:01:45.026686,531,flowbot,0.50779,-0.03912,0.34325,-0.00000,-0.00000,0.00000,0.00000,26.00,0.00,2.00,1.0857,0.0000,0.0000,0.0000,0,0
2026-08-24 20:01:45.081152,532,flowbot,0.50779,-0.03912,0.34325,-0.00000,-0.00000,0.00000,0.00000,26.00,0.00,2.00,1.0857,0.0000,0.0000,0.0000,0,0
2026-08-24 20:01:45.137965,533,flowbot,0.50779,-0.03912,0.34325,-0.00000,-0.00000,0.00000,0.00000,26.00,0.00,2.00,1.4286,0.0000,0.2800,0.0000,0,0
2026-08-24 20:01:45.195443,534,flowbot,0.50779,-0.03912,0.34325,-0.00000,-0.00000,0.00000,0.00000,26.00,0.00,2.00,1.4286,0.0000,0.2800,0.0000,0,0
2026-08-24 20:01:45.250901,535,flowbot,0.50779,-0.03912,0.34325,-0.00000,-0.00000,0.00000,0.00000,26.00,0.00,2.00,1.4286,0.0000,0.2800,0.0000,0,0
2026-08-24 20:01:45.303685,536,flowbot,0.50779,-0.03912,0.34325,-0.00000,-0.00000,0.00000,0.00000,26.00,0.00,2.00,0.0000,0.0000,0.0000,0.0000,0,0
2026-08-24 20:01:45.356731,537,flowbot,0.50779,-0.03912,0.34325,-0.00000,-0.00000,0.00000,0.00000,26.00,0.00,2.00,0.0000,0.0000,0.0000,0.0000,0,0
2026-08-24 20:01:45.407831,538,flowbot,0.50779,-0.03912,0.34325,-0.00000,-0.00000,0.00000,0.00000,26.00,0.00,2.00,0.0000,0.0000,0.0000,0.0000,0,0
2026-08-24 20:01:45.459195,539,flowbot,0.50779,-0.03912,0.34325,-0.00000,-0.00000,0.00000,0.00000,26.00,0.00,2.00,0.0000,0.0000,0.0000,0.0000,0,0
2026-08-24 20:01:45.510688,540,flowbot,0.50779,-0.03912,0.34325,-0.00000,-0.00000,0.00000,0.00000,26.00,0.00,2.00,0.0000,0.0000,0.0000,0.0000,0,0
2026-08-24 20:01:45.561861,541,flowbot,0.50779,-0.03912,0.34325,-0.00000,-0.00000,0.00000,0.00000,26.00,0.00,2.00,0.0000,0.0000,0.0000,0.0000,0,0
2026-08-24 20:01:45.616823,542,flowbot,0.50779,-0.03912,0.34325,-0.00000,-0.00000,0.00000,0.00000,26.00,0.00,2.00,0.0000,0.0000,0.0000,0.0000,0,0
2026-08-24 20:01:45.667172,543,flowbot,0.50779,-0.03912,0.34325,-0.00000,-0.00000,0.00000,0.00000,26.00,0.00,2.00,0.0000,0.0000,0.0000,0.0000,0,0
2026-08-24 20:01:45.719385,544,flowbot,0.50779,-0.03912,0.34325,-0.00000,-0.00000,0.00000,0.00000,25.00,0.00,1.00,0.0000,0.0000,-0.4857,0.0000,0,0
2026-08-24 20:01:45.775811,545,flowbot,0.50779,-0.03912,0.34325,-0.00000,-0.00000,0.00000,0.00000,25.00,0.00,1.00,0.0000,0.0000,-0.4857,0.0000,0,0
2026-08-24 20:01:45.830398,546,flowbot,0.50779,-0.03912,0.34325,-0.00000,-0.00000,0.00000,0.00000,25.00,0.00,1.00,0.0000,0.0000,-0.4857,0.0000,0,0
2026-08-24 20:01:45.883833,547,flowbot,0.50779,-0.03912,0.34325,-0.00000,-0.00000,0.00000,0.00000,25.00,0.00,1.00,0.0000,0.0000,-0.4857,0.0000,0,0
2026-08-24 20:01:45.936596,548,flowbot,0.50779,-0.03912,0.34325,-0.00000,-0.00000,0.00000,0.00000,25.00,0.00,0.00,0.0000,0.0000,-0.5657,0.0000,0,0
2026-08-24 20:01:45.994264,549,flowbot,0.50779,-0.03912,0.34325,-0.00000,-0.00000,0.00000,0.00000,25.00,0.00,0.00,0.0000,0.0000,-0.5657,0.0000,0,0
2026-08-24 20:01:46.046542,550,flowbot,0.50779,-0.03912,0.34325,-0.00000,-0.00000,0.00000,0.00000,25.00,0.00,0.00,0.0000,0.0000,-0.5657,0.0000,0,0
2026-08-24 20:01:46.099569,551,flowbot,0.50779,-0.03912,0.34325,-0.00000,-0.00000,0.00000,0.00000,25.00,0.00,0.00,0.0000,0.0000,-0.5657,0.0000,0,0
2026-08-24 20:01:46.155924,552,flowbot,0.50779,-0.03912,0.34325,-0.00000,-0.00000,0.00000,0.00000,26.00,0.00,1.00,0.9000,0.0000,0.1171,0.0000,0,0
2026-08-24 20:01:46.211649,553,flowbot,0.50779,-0.03912,0.34325,-0.00000,-0.00000,0.00000,0.00000,26.00,0.00,1.00,0.9000,0.0000,0.1171,0.0000,0,0
2026-08-24 20:01:46.262490,554,flowbot,0.50779,-0.03912,0.34325,-0.00000,-0.00000,0.00000,0.00000,26.00,0.00,1.00,0.9000,0.0000,0.1171,0.0000,0,0
2026-08-24 20:01:46.313364,555,flowbot,0.50779,-0.03912,0.34325,-0.00000,-0.00000,0.00000,0.00000,26.00,0.00,1.00,0.0000,0.0000,0.0000,0.0000,0,0
2026-08-24 20:01:46.367250,556,flowbot,0.50779,-0.03912,0.34325,-0.00000,-0.00000,0.00000,0.00000,26.00,0.00,1.00,0.0000,0.0000,0.0000,0.0000,0,0
2026-08-24 20:01:46.418565,557,flowbot,0.50779,-0.03912,0.34325,-0.00000,-0.00000,0.00000,0.00000,26.00,0.00,1.00,0.0000,0.0000,0.0000,0.0000,0,0
2026-08-24 20:01:46.474698,558,flowbot,0.50779,-0.03912,0.34325,-0.00000,-0.00000,0.00000,0.00000,26.00,0.00,1.00,0.0000,0.0000,0.0000,0.0000,0,0
2026-08-24 20:01:46.525519,559,flowbot,0.50779,-0.03912,0.34325,-0.00000,-0.00000,0.00000,0.00000,26.00,0.00,1.00,0.0000,0.0000,0.0000,0.0000,0,0
2026-08-24 20:01:46.580177,560,flowbot,0.50779,-0.03912,0.34325,-0.00000,-0.00000,0.00000,0.00000,26.00,0.00,1.00,0.0000,0.0000,0.0000,0.0000,0,0
2026-08-24 20:01:46.636017,561,flowbot,0.50779,-0.03912,0.34325,-0.00000,-0.00000,0.00000,0.00000,26.00,0.00,1.00,0.0000,0.0000,0.0000,0.0000,0,0
2026-08-24 20:01:46.688089,562,flowbot,0.50779,-0.03912,0.34325,-0.00000,-0.00000,0.00000,0.00000,26.00,0.00,1.00,0.0000,0.0000,0.0000,0.0000,0,0
2026-08-24 20:01:46.739705,563,flowbot,0.50779,-0.03912,0.34325,-0.00000,-0.00000,0.00000,0.00000,26.00,0.00,1.00,0.0000,0.0000,0.0000,0.0000,0,0
2026-08-24 20:01:46.793578,564,flowbot,0.50779,-0.03912,0.34325,-0.00000,-0.00000,0.00000,0.00000,26.00,0.00,1.00,0.0000,0.0000,0.0000,0.0000,0,0
2026-08-24 20:01:46.848478,565,flowbot,0.50779,-0.03912,0.34325,-0.00000,-0.00000,0.00000,0.00000,26.00,0.00,1.00,0.0000,0.0000,0.0000,0.0000,0,0
2026-08-24 20:01:46.904858,566,flowbot,0.50779,-0.03912,0.34325,-0.00000,-0.00000,0.00000,0.00000,26.00,0.00,1.00,0.0000,0.0000,0.0000,0.0000,0,0
2026-08-24 20:01:46.957703,567,flowbot,0.50779,-0.03912,0.34325,-0.00000,-0.00000,0.00000,0.00000,26.00,0.00,1.00,0.0000,0.0000,0.0000,0.0000,0,0
2026-08-24 20:01:47.010819,568,flowbot,0.50779,-0.03912,0.34325,-0.00000,-0.00000,0.00000,0.00000,26.00,0.00,1.00,0.0000,0.0000,0.0000,0.0000,0,0
2026-08-24 20:01:47.061620,569,flowbot,0.50779,-0.03912,0.34325,-0.00000,-0.00000,0.00000,0.00000,26.00,0.00,1.00,0.0000,0.0000,0.0000,0.0000,0,0
2026-08-24 20:01:47.114504,570,flowbot,0.50779,-0.03912,0.34325,-0.00000,-0.00000,0.00000,0.00000,26.00,0.00,1.00,0.0000,0.0000,0.0000,0.0000,0,0
2026-08-24 20:01:47.170538,571,flowbot,0.50779,-0.03912,0.34325,-0.00000,-0.00000,0.00000,0.00000,25.00,0.00,0.00,0.0000,0.0000,-0.4743,0.0000,0,0
2026-08-24 20:01:47.226225,572,flowbot,0.50779,-0.03912,0.34325,-0.00000,-0.00000,0.00000,0.00000,25.00,0.00,0.00,0.0000,0.0000,-0.4743,0.0000,0,0
2026-08-24 20:01:47.275204,573,flowbot,0.50779,-0.03912,0.34325,-0.00000,-0.00000,0.00000,0.00000,25.00,0.00,0.00,0.0000,0.0000,-0.4743,0.0000,0,0
2026-08-24 20:01:47.323143,574,flowbot,0.50779,-0.03912,0.34325,-0.00000,-0.00000,0.00000,0.00000,25.00,0.00,0.00,0.1657,0.0000,-0.4829,0.0000,0,0
2026-08-24 20:01:47.375715,575,flowbot,0.50779,-0.03912,0.34325,-0.00000,-0.00000,0.00000,0.00000,25.00,0.00,0.00,0.1657,0.0000,-0.4829,0.0000,0,0
2026-08-24 20:01:47.431038,576,flowbot,0.50779,-0.03912,0.34325,-0.00000,-0.00000,0.00000,0.00000,25.00,0.00,0.00,0.1657,0.0000,-0.4829,0.0000,0,0
2026-08-24 20:01:47.482920,577,flowbot,0.50779,-0.03912,0.34325,-0.00000,-0.00000,0.00000,0.00000,25.00,0.00,0.00,0.1657,0.0000,-0.4829,0.0000,0,0
2026-08-24 20:01:47.535787,578,flowbot,0.50779,-0.03912,0.34325,-0.00000,-0.00000,0.00000,0.00000,25.00,0.00,0.00,0.2143,0.0000,0.0000,0.0000,0,0
2026-08-24 20:01:47.590525,579,flowbot,0.50779,-0.03912,0.34325,-0.00000,-0.00000,0.00000,0.00000,25.00,0.00,0.00,0.2143,0.0000,0.0000,0.0000,0,0
2026-08-24 20:01:47.644543,580,flowbot,0.50779,-0.03912,0.34325,-0.00000,-0.00000,0.00000,0.00000,25.00,0.00,0.00,0.2143,0.0000,0.0000,0.0000,0,0
2026-08-24 20:01:47.697722,581,flowbot,0.50779,-0.03912,0.34325,-0.00000,-0.00000,0.00000,0.00000,25.00,0.00,0.00,0.2143,0.0000,0.0000,0.0000,0,0
2026-08-24 20:01:47.747882,582,flowbot,0.50779,-0.03912,0.34325,-0.00000,-0.00000,0.00000,0.00000,26.00,0.00,0.00,1.3086,0.0000,0.2429,0.0000,0,0
2026-08-24 20:01:47.804007,583,flowbot,0.50779,-0.03912,0.34325,-0.00000,-0.00000,0.00000,0.00000,26.00,0.00,0.00,1.3086,0.0000,0.2429,0.0000,0,0
2026-08-24 20:01:47.857582,584,flowbot,0.50779,-0.03912,0.34325,-0.00000,-0.00000,0.00000,0.00000,26.00,0.00,0.00,1.3086,0.0000,0.2429,0.0000,0,0
2026-08-24 20:01:47.907414,585,flowbot,0.50779,-0.03912,0.34325,-0.00000,-0.00000,0.00000,0.00000,26.00,0.00,0.00,1.3086,0.0000,0.2429,0.0000,0,0
2026-08-24 20:01:47.958098,586,flowbot,0.50779,-0.03912,0.34325,-0.00000,-0.00000,0.00000,0.00000,26.00,0.00,0.00,0.3743,0.0000,0.0000,0.0000,0,0
2026-08-24 20:01:48.009526,587,flowbot,0.50779,-0.03912,0.34325,-0.00000,-0.00000,0.00000,0.00000,26.00,0.00,0.00,0.3743,0.0000,0.0000,0.0000,0,0
2026-08-24 20:01:48.061877,588,flowbot,0.50779,-0.03912,0.34325,-0.00000,-0.00000,0.00000,0.00000,26.00,0.00,0.00,0.3743,0.0000,0.0000,0.0000,0,0
2026-08-24 20:01:48.120190,589,flowbot,0.50779,-0.03912,0.34325,-0.00000,-0.00000,0.00000,0.00000,26.00,0.00,0.00,0.3743,0.0000,0.0000,0.0000,0,0
2026-08-24 20:01:48.183386,590,flowbot,0.50779,-0.03912,0.34325,-0.00000,-0.00000,0.00000,0.00000,26.00,0.00,0.00,0.0000,0.0000,0.0000,0.0000,0,0
2026-08-24 20:01:48.236808,591,flowbot,0.50779,-0.03912,0.34325,-0.00000,-0.00000,0.00000,0.00000,26.00,0.00,0.00,0.0000,0.0000,0.0000,0.0000,0,0
2026-08-24 20:01:48.287298,592,flowbot,0.50779,-0.03912,0.34325,-0.00000,-0.00000,0.00000,0.00000,26.00,0.00,0.00,0.0000,0.0000,0.0000,0.0000,0,0
2026-08-24 20:01:48.336405,593,flowbot,0.50779,-0.03912,0.34325,-0.00000,-0.00000,0.00000,0.00000,26.00,0.00,0.00,0.0000,0.0000,0.0000,0.0000,0,0
2026-08-24 20:01:48.389175,594,flowbot,0.50779,-0.03912,0.34325,-0.00000,-0.00000,0.00000,0.00000,26.00,0.00,0.00,0.0000,0.0000,0.0000,0.0000,0,0
2026-08-24 20:01:48.444171,595,flowbot,0.50779,-0.03912,0.34325,-0.00000,-0.00000,0.00000,0.00000,26.00,0.00,0.00,0.0000,0.0000,0.0000,0.0000,0,0
2026-08-24 20:01:48.495758,596,flowbot,0.50779,-0.03912,0.34325,-0.00000,-0.00000,0.00000,0.00000,26.00,0.00,0.00,0.0000,0.0000,0.0000,0.0000,0,0
2026-08-24 20:01:48.551976,597,flowbot,0.50779,-0.03912,0.34325,-0.00000,-0.00000,0.00000,0.00000,26.00,0.00,0.00,0.0000,0.0000,0.0000,0.0000,0,0
2026-08-24 20:01:48.608445,598,flowbot,0.50779,-0.03912,0.34325,-0.00000,-0.00000,0.00000,0.00000,26.00,0.00,0.00,0.0000,0.0000,0.0000,0.0000,0,0
2026-08-24 20:01:48.661825,599,flowbot,0.50779,-0.03912,0.34325,-0.00000,-0.00000,0.00000,0.00000,26.00,0.00,0.00,0.0000,0.0000,0.0000,0.0000,0,0
2026-08-24 20:01:48.714104,600,flowbot,0.50779,-0.03912,0.34325,-0.00000,-0.00000,0.00000,0.00000,26.00,0.00,0.00,0.0000,0.0000,0.0000,0.0000,0,0
2026-08-24 20:01:48.766334,601,flowbot,0.50779,-0.03912,0.34325,-0.00000,-0.00000,0.00000,0.00000,26.00,0.00,0.00,0.0000,0.0000,0.0000,0.0000,0,0
2026-08-24 20:01:48.824153,602,flowbot,0.50779,-0.03912,0.34325,-0.00000,-0.00000,0.00000,0.00000,26.00,0.00,0.00,0.0000,0.0000,0.0000,0.0000,0,0
2026-08-24 20:01:48.877953,603,flowbot,0.50779,-0.03912,0.34325,-0.00000,-0.00000,0.00000,0.00000,26.00,0.00,0.00,0.0000,0.0000,0.0000,0.0000,0,0
2026-08-24 20:01:48.928211,604,flowbot,0.50779,-0.03912,0.34325,-0.00000,-0.00000,0.00000,0.00000,26.00,0.00,0.00,0.0000,0.0000,0.0000,0.0000,0,0
2026-08-24 20:01:48.978021,605,flowbot,0.50779,-0.03912,0.34325,-0.00000,-0.00000,0.00000,0.00000,26.00,0.00,0.00,0.0000,0.0000,0.0000,0.0000,0,0
2026-08-24 20:01:49.031788,606,flowbot,0.50779,-0.03912,0.34325,-0.00000,-0.00000,0.00000,0.00000,26.00,0.00,0.00,0.0000,0.0000,0.0000,0.0000,0,0
2026-08-24 20:01:49.083507,607,flowbot,0.50779,-0.03912,0.34325,-0.00000,-0.00000,0.00000,0.00000,26.00,0.00,0.00,0.0000,0.0000,0.0000,0.0000,0,0
2026-08-24 20:01:49.136536,608,flowbot,0.50779,-0.03912,0.34325,-0.00000,-0.00000,0.00000,0.00000,26.00,0.00,0.00,0.0000,0.0000,0.0000,0.0000,0,0
2026-08-24 20:01:49.186609,609,flowbot,0.50779,-0.03912,0.34325,-0.00000,-0.00000,0.00000,0.00000,26.00,0.00,0.00,0.0000,0.0000,0.0000,0.0000,0,0
2026-08-24 20:01:49.242341,610,flowbot,0.50779,-0.03912,0.34325,-0.00000,-0.00000,0.00000,0.00000,26.00,0.00,0.00,0.0000,0.0000,0.0000,0.0000,0,0
2026-08-24 20:01:49.296174,611,flowbot,0.50779,-0.03912,0.34325,-0.00000,-0.00000,0.00000,0.00000,26.00,0.00,0.00,0.0000,0.0000,0.0000,0.0000,0,0
2026-08-24 20:01:49.349583,612,flowbot,0.50779,-0.03912,0.34325,-0.00000,-0.00000,0.00000,0.00000,26.00,0.00,0.00,0.0000,0.0000,0.0000,0.0000,0,0
2026-08-24 20:01:49.400994,613,flowbot,0.50779,-0.03912,0.34325,-0.00000,-0.00000,0.00000,0.00000,26.00,0.00,0.00,0.0000,0.0000,0.0000,0.0000,0,0
2026-08-24 20:01:49.451483,614,flowbot,0.50779,-0.03912,0.34325,-0.00000,-0.00000,0.00000,0.00000,26.00,0.00,0.00,0.0000,0.0000,0.0000,0.0000,0,0
2026-08-24 20:01:49.515262,615,flowbot,0.50779,-0.03912,0.34325,-0.00000,-0.00000,0.00000,0.00000,26.00,0.00,0.00,0.0000,0.0000,0.0000,0.0000,0,0
2026-08-24 20:01:49.562730,616,flowbot,0.50779,-0.03912,0.34325,-0.00000,-0.00000,0.00000,0.00000,26.00,0.00,0.00,0.0000,0.0000,0.0000,0.0000,0,0
2026-08-24 20:01:49.615236,617,flowbot,0.50779,-0.03912,0.34325,-0.00000,-0.00000,0.00000,0.00000,26.00,0.00,0.00,0.0000,0.0000,0.0000,0.0000,0,0
2026-08-24 20:01:49.669716,618,flowbot,0.50779,-0.03912,0.34325,-0.00000,-0.00000,0.00000,0.00000,26.00,0.00,0.00,0.0000,0.0000,0.0000,0.0000,0,0
2026-08-24 20:01:49.724356,619,flowbot,0.50779,-0.03912,0.34325,-0.00000,-0.00000,0.00000,0.00000,26.00,0.00,0.00,0.0000,0.0000,0.0000,0.0000,0,0
2026-08-24 20:01:49.771945,620,flowbot,0.50779,-0.03912,0.34325,-0.00000,-0.00000,0.00000,0.00000,26.00,0.00,0.00,0.0000,0.0000,0.0000,0.0000,0,0
2026-08-24 20:01:49.826841,621,flowbot,0.50779,-0.03912,0.34325,-0.00000,-0.00000,0.00000,0.00000,26.00,0.00,0.00,0.0000,0.0000,0.0000,0.0000,0,0
2026-08-24 20:01:49.880753,622,flowbot,0.50779,-0.03912,0.34325,-0.00000,-0.00000,0.00000,0.00000,26.00,0.00,0.00,0.0000,0.0000,0.0000,0.0000,0,0
2026-08-24 20:01:49.933169,623,flowbot,0.50779,-0.03912,0.34325,-0.00000,-0.00000,0.00000,0.00000,26.00,0.00,0.00,0.0000,0.0000,0.0000,0.0000,0,0
2026-08-24 20:01:49.986084,624,flowbot,0.50779,-0.03912,0.34325,-0.00000,-0.00000,0.00000,0.00000,26.00,0.00,0.00,0.0000,0.0000,0.0000,0.0000,0,0
2026-08-24 20:01:50.040137,625,flowbot,0.50779,-0.03912,0.34325,-0.00000,-0.00000,0.00000,0.00000,26.00,0.00,0.00,0.0000,0.0000,0.0000,0.0000,0,0
2026-08-24 20:01:50.090745,626,flowbot,0.50779,-0.03912,0.34325,-0.00000,-0.00000,0.00000,0.00000,26.00,0.00,0.00,0.0000,0.0000,0.0000,0.0000,0,0
2026-08-24 20:01:50.148155,627,flowbot,0.50779,-0.03912,0.34325,-0.00000,-0.00000,0.00000,0.00000,26.00,0.00,0.00,0.0000,0.0000,0.0000,0.0000,0,0
2026-08-24 20:01:50.198903,628,flowbot,0.50779,-0.03912,0.34325,-0.00000,-0.00000,0.00000,0.00000,26.00,0.00,0.00,0.0000,0.0000,0.0000,0.0000,0,0
2026-08-24 20:01:50.254637,629,flowbot,0.50779,-0.03912,0.34325,-0.00000,-0.00000,0.00000,0.00000,26.00,0.00,0.00,0.0000,0.0000,0.0000,0.0000,0,0
2026-08-24 20:01:50.310545,630,flowbot,0.50779,-0.03912,0.34325,-0.00000,-0.00000,0.00000,0.00000,26.00,0.00,0.00,0.0000,0.0000,0.0000,0.0000,0,0
2026-08-24 20:01:50.363174,631,flowbot,0.50779,-0.03912,0.34325,-0.00000,-0.00000,0.00000,0.00000,26.00,0.00,0.00,0.0000,0.0000,0.0000,0.0000,0,0
2026-08-24 20:01:50.420630,632,flowbot,0.50779,-0.03912,0.34325,-0.00000,-0.00000,0.00000,0.00000,26.00,0.00,0.00,0.0000,0.0000,0.0000,0.0000,0,0
2026-08-24 20:01:50.477349,633,flowbot,0.50779,-0.03912,0.34325,-0.00000,-0.00000,0.00000,0.00000,26.00,0.00,0.00,0.0000,0.0000,0.0000,0.0000,0,0
2026-08-24 20:01:50.530969,634,flowbot,0.50779,-0.03912,0.34325,-0.00000,-0.00000,0.00000,0.00000,26.00,0.00,0.00,0.0000,0.0000,0.0000,0.0000,0,0
2026-08-24 20:01:50.572478,635,flowbot,0.50779,-0.03912,0.34325,-0.00000,-0.00000,0.00000,0.00000,26.00,0.00,0.00,0.0000,0.0000,0.0000,0.0000,0,0
2026-08-24 20:01:50.627922,636,flowbot,0.50779,-0.03912,0.34325,-0.00000,-0.00000,0.00000,0.00000,26.00,0.00,0.00,0.0000,0.0000,0.0000,0.0000,0,0
2026-08-24 20:01:50.679854,637,flowbot,0.50779,-0.03912,0.34325,-0.00000,-0.00000,0.00000,0.00000,26.00,0.00,0.00,0.0000,0.0000,0.0000,0.0000,0,0
2026-08-24 20:01:50.731566,638,flowbot,0.50779,-0.03912,0.34325,-0.00000,-0.00000,0.00000,0.00000,26.00,0.00,0.00,0.0000,0.0000,0.0000,0.0000,0,0
2026-08-24 20:01:50.782035,639,franka,0.50779,-0.03912,0.34325,-0.00000,-0.00000,0.00000,0.00000,26.00,0.00,0.00,0.0000,0.0000,0.0000,0.0000,0,0
2026-08-24 20:01:50.836178,640,franka,0.50780,-0.03914,0.34325,0.00000,0.00000,0.00000,0.00000,26.00,0.00,0.00,0.0000,0.0000,0.0000,0.0000,0,0
2026-08-24 20:01:50.890083,641,franka,0.50780,-0.03914,0.34326,0.00000,0.00000,0.00000,0.00000,26.00,0.00,0.00,0.0000,0.0000,0.0000,0.0000,0,0
2026-08-24 20:01:50.944483,642,franka,0.50780,-0.03914,0.34326,0.00000,0.00000,0.00000,0.00000,26.00,0.00,0.00,0.0000,0.0000,0.0000,0.0000,0,0
2026-08-24 20:01:50.998666,643,franka,0.50780,-0.03914,0.34326,0.00000,0.00000,0.00000,0.00000,26.00,0.00,0.00,0.0000,0.0000,0.0000,0.0000,0,0
2026-08-24 20:01:51.052775,644,franka,0.50780,-0.03914,0.34326,0.00000,0.00000,0.00000,0.00000,26.00,0.00,0.00,0.0000,0.0000,0.0000,0.0000,0,0
2026-08-24 20:01:51.106715,645,franka,0.50780,-0.03914,0.34326,0.00000,0.00000,0.00000,0.00000,26.00,0.00,0.00,0.0000,0.0000,0.0000,0.0000,0,0
2026-08-24 20:01:51.160433,646,franka,0.50780,-0.03914,0.34326,0.00000,0.00000,0.00000,0.00000,26.00,0.00,0.00,0.0000,0.0000,0.0000,0.0000,0,0
2026-08-24 20:01:51.214363,647,franka,0.50780,-0.03914,0.34326,0.00000,0.00000,0.00000,0.00000,26.00,0.00,0.00,0.0000,0.0000,0.0000,0.0000,0,0
2026-08-24 20:01:51.268486,648,franka,0.50780,-0.03914,0.34326,0.00000,0.00000,0.00000,0.00000,26.00,0.00,0.00,0.0000,0.0000,0.0000,0.0000,0,0
2026-08-24 20:01:51.323238,649,franka,0.50780,-0.03914,0.34326,0.00000,0.00000,0.00000,0.00000,26.00,0.00,0.00,0.0000,0.0000,0.0000,0.0000,0,0
2026-08-24 20:01:51.376885,650,franka,0.50780,-0.03914,0.34326,0.00000,0.00000,0.00000,0.00000,26.00,0.00,0.00,0.0000,0.0000,0.0000,0.0000,0,0
2026-08-24 20:01:51.430813,651,franka,0.50780,-0.03914,0.34326,0.00000,0.00000,0.00000,0.00000,26.00,0.00,0.00,0.0000,0.0000,0.0000,0.0000,0,0
2026-08-24 20:01:51.485017,652,franka,0.50780,-0.03914,0.34326,0.00000,0.00000,0.00000,0.00000,26.00,0.00,0.00,0.0000,0.0000,0.0000,0.0000,0,0
2026-08-24 20:01:51.539376,653,franka,0.50780,-0.03914,0.34326,0.00000,0.00000,0.00000,0.00000,26.00,0.00,0.00,0.0000,0.0000,0.0000,0.0000,0,0
2026-08-24 20:01:51.593125,654,franka,0.50780,-0.03914,0.34326,0.00000,0.00000,0.00000,0.00000,26.00,0.00,0.00,0.0000,0.0000,0.0000,0.0000,0,0
2026-08-24 20:01:51.647213,655,franka,0.50780,-0.03914,0.34326,0.00000,0.00000,0.00000,0.00000,26.00,0.00,0.00,0.0000,0.0000,0.0000,0.0000,0,0
2026-08-24 20:01:51.701715,656,franka,0.50780,-0.03914,0.34326,0.00000,0.00000,0.00000,0.00000,26.00,0.00,0.00,0.0000,0.0000,0.0000,0.0000,0,0
2026-08-24 20:01:51.755600,657,franka,0.50780,-0.03914,0.34326,0.00000,0.00000,0.00000,0.00000,26.00,0.00,0.00,0.0000,0.0000,0.0000,0.0000,0,0
2026-08-24 20:01:51.809863,658,franka,0.50780,-0.03914,0.34326,0.00000,0.00000,0.00000,0.00000,26.00,0.00,0.00,0.0000,0.0000,0.0000,0.0000,0,0
2026-08-24 20:01:51.863939,659,franka,0.50780,-0.03914,0.34326,0.00000,0.00000,0.00000,0.00000,26.00,0.00,0.00,0.0000,0.0000,0.0000,0.0000,0,0
2026-08-24 20:01:51.919192,660,franka,0.50780,-0.03914,0.34326,0.00000,0.00000,0.00000,0.00000,26.00,0.00,0.00,0.0000,0.0000,0.0000,0.0000,0,0
2026-08-24 20:01:51.968009,661,franka,0.50780,-0.03914,0.34326,0.00000,0.00000,0.00000,0.00000,26.00,0.00,0.00,0.0000,0.0000,0.0000,0.0000,0,0
2026-08-24 20:01:52.021943,662,franka,0.50780,-0.03914,0.34326,0.00000,0.00000,0.00000,0.00000,26.00,0.00,0.00,0.0000,0.0000,0.0000,0.0000,0,0
2026-08-24 20:01:52.075709,663,franka,0.50780,-0.03914,0.34326,0.00000,0.00000,0.00000,0.00000,26.00,0.00,0.00,0.0000,0.0000,0.0000,0.0000,0,0
2026-08-24 20:01:52.129499,664,franka,0.50780,-0.03914,0.34326,0.00000,0.00000,0.00000,0.00000,26.00,0.00,0.00,0.0000,0.0000,0.0000,0.0000,0,0
2026-08-24 20:01:52.183527,665,franka,0.50780,-0.03914,0.34326,0.00000,0.00000,0.00000,0.00000,26.00,0.00,0.00,0.0000,0.0000,0.0000,0.0000,0,0
2026-08-24 20:01:52.237217,666,franka,0.50780,-0.03914,0.34326,0.00000,0.00000,0.00000,0.00000,26.00,0.00,0.00,0.0000,0.0000,0.0000,0.0000,0,0
2026-08-24 20:01:52.291104,667,franka,0.50780,-0.03914,0.34326,0.00000,0.00000,0.00000,0.00000,26.00,0.00,0.00,0.0000,0.0000,0.0000,0.0000,0,0
2026-08-24 20:01:52.344820,668,franka,0.50780,-0.03914,0.34326,0.00000,0.00000,0.00000,0.00000,26.00,0.00,0.00,0.0000,0.0000,0.0000,0.0000,0,0
2026-08-24 20:01:52.398337,669,franka,0.50780,-0.03914,0.34326,0.00000,0.00000,0.00000,0.00000,26.00,0.00,0.00,0.0000,0.0000,0.0000,0.0000,0,0
2026-08-24 20:01:52.452493,670,franka,0.50780,-0.03914,0.34326,0.00000,0.00000,0.00000,0.00000,26.00,0.00,0.00,0.0000,0.0000,0.0000,0.0000,0,0
2026-08-24 20:01:52.506967,671,franka,0.50780,-0.03914,0.34326,0.00000,0.00000,0.00000,0.00000,26.00,0.00,0.00,0.0000,0.0000,0.0000,0.0000,0,0
2026-08-24 20:01:52.560730,672,franka,0.50780,-0.03914,0.34326,0.00000,0.00000,0.00000,0.00000,26.00,0.00,0.00,0.0000,0.0000,0.0000,0.0000,0,0
2026-08-24 20:01:52.614400,673,franka,0.50780,-0.03914,0.34326,0.00000,0.00000,0.00000,0.00000,26.00,0.00,0.00,0.0000,0.0000,0.0000,0.0000,0,0
2026-08-24 20:01:52.668078,674,franka,0.50780,-0.03914,0.34326,0.00000,0.00000,0.00000,0.00000,26.00,0.00,0.00,0.0000,0.0000,0.0000,0.0000,0,0
2026-08-24 20:01:52.722462,675,franka,0.50780,-0.03914,0.34326,0.00000,0.00000,0.00000,0.00000,26.00,0.00,0.00,0.0000,0.0000,0.0000,0.0000,0,0
2026-08-24 20:01:52.776251,676,franka,0.50780,-0.03914,0.34326,0.00000,0.00000,0.00000,0.00000,26.00,0.00,0.00,0.0000,0.0000,0.0000,0.0000,0,0
2026-08-24 20:01:52.827768,677,franka,0.50780,-0.03914,0.34326,0.00000,0.00000,0.00000,0.00000,26.00,0.00,0.00,0.0000,0.0000,0.0000,0.0000,0,0
2026-08-24 20:01:52.881423,678,franka,0.50780,-0.03914,0.34326,0.00000,0.00000,0.00000,0.00000,26.00,0.00,0.00,0.0000,0.0000,0.0000,0.0000,0,0
2026-08-24 20:01:52.934128,679,franka,0.50780,-0.03914,0.34326,0.00000,0.00000,0.00000,0.00000,26.00,0.00,0.00,0.0000,0.0000,0.0000,0.0000,0,0
2026-08-24 20:01:52.987943,680,franka,0.50780,-0.03914,0.34326,0.00000,0.00000,0.00000,0.00000,26.00,0.00,0.00,0.0000,0.0000,0.0000,0.0000,0,0
2026-08-24 20:01:53.041517,681,franka,0.50780,-0.03914,0.34326,0.00000,0.00000,0.00000,0.00000,26.00,0.00,0.00,0.0000,0.0000,0.0000,0.0000,0,0
2026-08-24 20:01:53.095387,682,franka,0.50780,-0.03914,0.34326,0.00000,0.00000,0.00000,0.00000,26.00,0.00,0.00,0.0000,0.0000,0.0000,0.0000,0,0
2026-08-24 20:01:53.149158,683,franka,0.50780,-0.03914,0.34326,0.00000,0.00000,0.00000,0.00000,26.00,0.00,0.00,0.0000,0.0000,0.0000,0.0000,0,0
2026-08-24 20:01:53.202997,684,franka,0.50780,-0.03914,0.34326,0.00000,0.00000,0.00000,0.00000,26.00,0.00,0.00,0.0000,0.0000,0.0000,0.0000,0,0
2026-08-24 20:01:53.256633,685,franka,0.50780,-0.03914,0.34326,0.00000,0.00000,0.00000,0.00000,26.00,0.00,0.00,0.0000,0.0000,0.0000,0.0000,0,0
2026-08-24 20:01:53.310390,686,franka,0.50780,-0.03914,0.34326,0.00000,0.00000,0.00000,0.00000,26.00,0.00,0.00,0.0000,0.0000,0.0000,0.0000,0,0
2026-08-24 20:01:53.363945,687,franka,0.50780,-0.03914,0.34326,0.00000,0.00000,0.00000,0.00000,26.00,0.00,0.00,0.0000,0.0000,0.0000,0.0000,0,0
2026-08-24 20:01:53.417461,688,franka,0.50780,-0.03914,0.34326,0.00000,0.00000,0.00000,0.00000,26.00,0.00,0.00,0.0000,0.0000,0.0000,0.0000,0,0
2026-08-24 20:01:53.471098,689,franka,0.50780,-0.03914,0.34326,0.00000,0.00000,0.00000,0.00000,26.00,0.00,0.00,0.0000,0.0000,0.0000,0.0000,0,0
2026-08-24 20:01:53.524837,690,franka,0.50780,-0.03914,0.34326,0.00000,0.00000,0.00000,0.00000,26.00,0.00,0.00,0.0000,0.0000,0.0000,0.0000,0,0
2026-08-24 20:01:53.578601,691,franka,0.50780,-0.03914,0.34326,0.00000,0.00000,0.00000,0.00000,26.00,0.00,0.00,0.0000,0.0000,0.0000,0.0000,0,0
2026-08-24 20:01:53.628801,692,franka,0.50780,-0.03914,0.34326,0.00000,0.00000,0.00000,0.00000,26.00,0.00,0.00,0.0000,0.0000,0.0000,0.0000,0,0
2026-08-24 20:01:53.682493,693,franka,0.50780,-0.03914,0.34326,0.00000,0.00000,0.00000,0.00000,26.00,0.00,0.00,0.0000,0.0000,0.0000,0.0000,0,0
2026-08-24 20:01:53.734342,694,franka,0.50780,-0.03914,0.34326,0.00000,0.00000,0.00000,0.00000,26.00,0.00,0.00,0.0000,0.0000,0.0000,0.0000,0,0
2026-08-24 20:01:53.788574,695,franka,0.50780,-0.03914,0.34326,0.00000,0.00000,0.00000,0.00000,26.00,0.00,0.00,0.0000,0.0000,0.0000,0.0000,0,0
2026-08-24 20:01:53.842803,696,franka,0.50780,-0.03914,0.34326,0.00000,0.00000,0.00000,0.00000,26.00,0.00,0.00,0.0000,0.0000,0.0000,0.0000,0,0
2026-08-24 20:01:53.896448,697,franka,0.50780,-0.03914,0.34326,0.00000,0.00000,0.00000,0.00000,26.00,0.00,0.00,0.0000,0.0000,0.0000,0.0000,0,0
2026-08-24 20:01:53.950233,698,franka,0.50780,-0.03914,0.34326,0.00000,0.00000,0.00000,0.00000,26.00,0.00,0.00,0.0000,0.0000,0.0000,0.0000,0,0
2026-08-24 20:01:54.004428,699,franka,0.50780,-0.03914,0.34326,0.00000,0.00000,0.00000,0.00000,26.00,0.00,0.00,0.0000,0.0000,0.0000,0.0000,0,0
2026-08-24 20:01:54.058376,700,franka,0.50780,-0.03914,0.34326,0.00000,0.00000,0.00000,0.00000,26.00,0.00,0.00,0.0000,0.0000,0.0000,0.0000,0,0
2026-08-24 20:01:54.112049,701,franka,0.50780,-0.03914,0.34326,0.00000,0.00000,0.00000,0.00000,26.00,0.00,0.00,0.0000,0.0000,0.0000,0.0000,0,0
2026-08-24 20:01:54.165767,702,franka,0.50780,-0.03914,0.34326,0.00000,0.00000,0.00000,0.00000,26.00,0.00,0.00,0.0000,0.0000,0.0000,0.0000,0,0
2026-08-24 20:01:54.219457,703,franka,0.50780,-0.03914,0.34326,0.00000,0.00000,0.00000,0.00000,26.00,0.00,0.00,0.0000,0.0000,0.0000,0.0000,0,0
2026-08-24 20:01:54.273315,704,franka,0.50780,-0.03914,0.34326,0.00000,0.00000,0.00000,0.00000,26.00,0.00,0.00,0.0000,0.0000,0.0000,0.0000,0,0
2026-08-24 20:01:54.329141,705,franka,0.50780,-0.03914,0.34326,0.00000,0.00000,0.00000,0.00000,26.00,0.00,0.00,0.0000,0.0000,0.0000,0.0000,0,0
2026-08-24 20:01:54.377939,706,franka,0.50780,-0.03914,0.34326,0.00000,0.00000,0.00000,0.00000,26.00,0.00,0.00,0.0000,0.0000,0.0000,0.0000,0,0
2026-08-24 20:01:54.431967,707,franka,0.50780,-0.03914,0.34326,0.00000,0.00000,0.00000,0.00000,26.00,0.00,0.00,0.0000,0.0000,0.0000,0.0000,0,0
2026-08-24 20:01:54.486213,708,franka,0.50780,-0.03914,0.34326,0.00000,0.00000,0.00000,0.00000,26.00,0.00,0.00,0.0000,0.0000,0.0000,0.0000,0,1
2026-08-24 20:01:54.540246,709,franka,0.50780,-0.03914,0.34326,0.00000,0.00000,0.00000,0.00000,26.00,0.00,0.00,0.0000,0.0000,0.0000,0.0000,0,1
2026-08-24 20:01:54.593969,710,franka,0.50780,-0.03914,0.34326,0.00000,0.00000,0.00000,0.00000,26.00,0.00,0.00,0.0000,0.0000,0.0000,0.0000,0,1
2026-08-24 20:01:54.647792,711,franka,0.50780,-0.03914,0.34326,0.00000,0.00000,0.00000,0.00000,26.00,0.00,0.00,0.0000,0.0000,0.0000,0.0000,0,1
2026-08-24 20:01:54.702427,712,franka,0.50780,-0.03914,0.34326,0.00000,0.00000,0.00000,0.00000,26.00,0.00,0.00,0.0000,0.0000,0.0000,0.0000,0,1
2026-08-24 20:01:54.756149,713,franka,0.50780,-0.03914,0.34326,0.00000,0.00000,0.00000,0.00000,26.00,0.00,0.00,0.0000,0.0000,0.0000,0.0000,0,0
2026-08-24 20:01:54.810256,714,franka,0.50780,-0.03914,0.34326,0.00000,0.00000,0.00000,0.00000,26.00,0.00,0.00,0.0000,0.0000,0.0000,0.0000,0,0
2026-08-24 20:01:54.864088,715,franka,0.50780,-0.03914,0.34326,0.00000,0.00000,0.00000,0.00000,26.00,0.00,0.00,0.0000,0.0000,0.0000,0.0000,0,0
2026-08-24 20:01:54.918209,716,franka,0.50780,-0.03914,0.34326,0.00000,0.00000,0.00000,0.00000,26.00,0.00,0.00,0.0000,0.0000,0.0000,0.0000,0,0
2026-08-24 20:01:54.972408,717,franka,0.50780,-0.03914,0.34326,0.00000,0.00000,0.00000,0.00000,26.00,0.00,0.00,0.0000,0.0000,0.0000,0.0000,0,0
2026-08-24 20:01:55.026652,718,franka,0.50780,-0.03914,0.34326,0.00000,0.00000,0.00000,0.00000,26.00,0.00,0.00,0.0000,0.0114,0.0000,-0.0029,0,0
2026-08-24 20:01:55.081033,719,franka,0.50780,-0.03914,0.34326,0.00000,0.00000,0.00000,0.00000,26.00,0.00,0.00,0.0000,0.0143,0.0000,0.0000,0,0
2026-08-24 20:01:55.135151,720,franka,0.50780,-0.03914,0.34326,0.00000,0.00000,0.00000,0.00000,26.00,0.00,0.00,0.0000,0.0000,0.0000,0.0000,0,0
2026-08-24 20:01:55.189048,721,franka,0.50780,-0.03914,0.34326,0.00000,0.00000,0.00000,0.00000,26.00,0.00,0.00,0.0000,0.0000,0.0000,0.0000,0,0
2026-08-24 20:01:55.242981,722,franka,0.50780,-0.03914,0.34326,0.00000,0.00000,0.00000,0.00000,26.00,0.00,0.00,0.0000,0.0000,0.0000,0.0000,0,0
2026-08-24 20:01:55.296642,723,franka,0.50780,-0.03914,0.34326,0.00000,0.00000,0.00000,0.00000,26.00,0.00,0.00,0.0000,0.0000,0.0000,0.0000,0,0
2026-08-24 20:01:55.350898,724,franka,0.50780,-0.03914,0.34326,0.00000,0.00000,0.00000,0.00000,26.00,0.00,0.00,0.0000,0.1571,0.0000,0.0000,0,0
2026-08-24 20:01:55.404660,725,franka,0.50780,-0.03909,0.34326,0.00000,0.00807,0.00000,0.00000,26.00,0.00,0.00,0.0000,0.4229,-0.0257,0.0000,0,0
2026-08-24 20:01:55.458482,726,franka,0.50782,-0.03872,0.34328,0.00000,0.01000,0.00000,0.00000,26.00,0.00,0.00,-0.0400,0.8143,-0.1429,0.0000,0,0
2026-08-24 20:01:55.512173,727,franka,0.50783,-0.03815,0.34329,0.00000,0.00944,-0.00117,0.00000,26.00,0.00,0.00,-0.1343,1.0000,-0.2171,0.0143,0,0
2026-08-24 20:01:55.566414,728,franka,0.50783,-0.03775,0.34302,0.00000,0.00707,-0.00707,0.00000,26.00,0.00,0.00,-0.1314,1.0000,-0.2171,0.0200,0,0
2026-08-24 20:01:55.620420,729,franka,0.50782,-0.03744,0.34268,0.00000,0.00707,-0.00707,0.00000,26.00,0.00,0.00,-0.0743,0.7943,-0.1057,0.0229,0,0
2026-08-24 20:01:55.674398,730,franka,0.50783,-0.03697,0.34253,0.00000,0.01000,-0.00000,0.00000,26.00,0.00,0.00,-0.0371,0.4743,-0.0200,0.0200,0,0
2026-08-24 20:01:55.728512,731,franka,0.50783,-0.03648,0.34254,0.00000,0.01000,0.00000,0.00000,26.00,0.00,0.00,0.0000,0.3143,0.0000,0.0000,0,0
2026-08-24 20:01:55.782267,732,franka,0.50783,-0.03596,0.34252,0.00000,0.01000,0.00000,0.00000,26.00,0.00,0.00,0.0000,0.4143,0.0000,0.0000,0,0
2026-08-24 20:01:55.835738,733,franka,0.50783,-0.03495,0.34251,0.00000,0.01000,0.00000,0.00000,26.00,0.00,0.00,0.0000,0.5886,0.0000,0.0000,0,0
2026-08-24 20:01:55.889569,734,franka,0.50784,-0.03445,0.34252,0.00000,0.01000,0.00000,0.00000,26.00,0.00,0.00,0.0000,0.7086,-0.0371,0.0000,0,0
2026-08-24 20:01:55.943912,735,franka,0.50784,-0.03393,0.34251,0.00000,0.01000,0.00000,0.00000,26.00,0.00,0.00,-0.0171,0.9457,-0.1371,0.0000,0,0
2026-08-24 20:01:55.997930,736,franka,0.50784,-0.03344,0.34251,0.00000,0.01000,0.00000,0.00000,26.00,0.00,0.00,0.0000,1.0000,-0.2057,0.0000,0,0
2026-08-24 20:01:56.052095,737,franka,0.50783,-0.03301,0.34229,0.00000,0.00707,-0.00707,0.00000,26.00,0.00,0.00,-0.0114,1.0000,-0.2457,0.0000,0,0
2026-08-24 20:01:56.105813,738,franka,0.50783,-0.03265,0.34193,0.00000,0.00707,-0.00707,0.00000,26.00,0.00,0.00,0.0000,1.0000,-0.2029,0.0000,0,0
2026-08-24 20:01:56.159412,739,franka,0.50782,-0.03226,0.34164,0.00000,0.01000,-0.00001,0.00000,26.00,0.00,0.00,0.0000,1.0000,-0.1714,0.0000,0,0
2026-08-24 20:01:56.212767,740,franka,0.50783,-0.03179,0.34164,0.00000,0.01000,-0.00000,0.00000,26.00,0.00,0.00,-0.0057,1.0000,-0.0829,0.0000,0,0
2026-08-24 20:01:56.266364,741,franka,0.50782,-0.03128,0.34161,0.00000,0.01000,0.00000,0.00000,26.00,0.00,0.00,0.0000,0.9829,-0.0429,0.0000,0,0
2026-08-24 20:01:56.319898,742,franka,0.50783,-0.03078,0.34162,0.00000,0.01000,0.00000,0.00000,26.00,0.00,0.00,0.0000,0.9114,0.0000,0.0000,0,0
2026-08-24 20:01:56.374444,743,franka,0.50783,-0.03027,0.34160,0.00000,0.01000,-0.00000,0.00000,26.00,0.00,0.00,-0.0114,0.7914,0.0000,0.0000,0,0
2026-08-24 20:01:56.428204,744,franka,0.50784,-0.02977,0.34163,0.00000,0.01000,-0.00000,0.00000,26.00,0.00,0.00,-0.0400,0.2629,0.0000,0.0000,0,0
2026-08-24 20:01:56.482523,745,franka,0.50783,-0.02926,0.34161,0.00000,0.01000,-0.00000,0.00000,26.00,0.00,0.00,-0.1571,0.3629,0.0000,0.0000,0,0
2026-08-24 20:01:56.536414,746,franka,0.50783,-0.02874,0.34161,0.00000,0.01000,-0.00000,0.00000,26.00,0.00,0.00,-0.1714,0.4800,0.0400,0.0000,0,0
2026-08-24 20:01:56.590210,747,franka,0.50784,-0.02824,0.34162,0.00000,0.01000,-0.00000,0.00000,26.00,0.00,0.00,-0.1829,0.5743,0.0629,0.0000,0,0
2026-08-24 20:01:56.644246,748,franka,0.50783,-0.02722,0.34160,0.00000,0.01000,-0.00000,0.00000,26.00,0.00,0.00,-0.1886,0.6114,0.0714,0.0000,0,0
2026-08-24 20:01:56.698244,749,franka,0.50757,-0.02680,0.34158,-0.00707,0.00707,-0.00000,0.00000,26.00,0.00,0.00,-0.2657,0.9057,0.0714,0.0000,0,0
2026-08-24 20:01:56.751914,750,franka,0.50722,-0.02645,0.34161,-0.00707,0.00707,-0.00000,0.00000,26.00,0.00,0.00,-0.3114,1.0000,0.0000,0.0000,0,0
2026-08-24 20:01:56.806309,751,franka,0.50685,-0.02610,0.34161,-0.00707,0.00707,-0.00000,0.00000,26.00,0.00,0.00,-0.3343,1.0000,0.0000,0.0000,0,0
2026-08-24 20:01:56.860826,752,franka,0.50649,-0.02574,0.34158,-0.00707,0.00707,-0.00000,0.00000,26.00,0.00,0.00,-0.3514,1.0000,0.0000,0.0000,0,0
2026-08-24 20:01:56.914387,753,franka,0.50614,-0.02538,0.34160,-0.00707,0.00707,-0.00000,0.00000,26.00,0.00,0.00,-0.3600,1.0000,0.0000,0.0000,0,0
2026-08-24 20:01:56.968266,754,franka,0.50579,-0.02503,0.34163,-0.00707,0.00707,-0.00000,0.00000,26.00,0.00,0.00,-0.3829,1.0000,0.0000,0.0000,0,0
2026-08-24 20:01:57.022033,755,franka,0.50542,-0.02466,0.34160,-0.00707,0.00707,-0.00000,0.00000,26.00,0.00,0.00,-0.3971,1.0000,0.0000,0.0000,0,0
2026-08-24 20:01:57.075771,756,franka,0.50507,-0.02432,0.34160,-0.00707,0.00707,-0.00000,0.00000,26.00,0.00,0.00,-0.3800,1.0000,0.0000,-0.0171,0,0
2026-08-24 20:01:57.129334,757,franka,0.50471,-0.02395,0.34161,-0.00707,0.00707,-0.00000,0.00000,26.00,0.00,0.00,-0.3743,1.0000,0.0000,-0.0171,0,0
2026-08-24 20:01:57.182955,758,franka,0.50436,-0.02359,0.34162,-0.00707,0.00707,-0.00000,0.00000,26.00,0.00,0.00,-0.3657,1.0000,0.0000,-0.0171,0,0
2026-08-24 20:01:57.236497,759,franka,0.50399,-0.02323,0.34159,-0.00707,0.00707,-0.00000,0.00000,26.00,0.00,0.00,-0.3457,1.0000,-0.0086,-0.0229,0,0
2026-08-24 20:01:57.290500,760,franka,0.50363,-0.02287,0.34161,-0.00707,0.00707,-0.00000,0.00000,26.00,0.00,0.00,-0.3457,1.0000,-0.0086,-0.0229,0,0
2026-08-24 20:01:57.345380,761,franka,0.50327,-0.02251,0.34161,-0.00707,0.00707,-0.00000,0.00000,26.00,0.00,0.00,-0.3457,1.0000,-0.0114,-0.0229,0,0
2026-08-24 20:01:57.399014,762,franka,0.50290,-0.02215,0.34159,-0.00707,0.00707,-0.00000,0.00000,26.00,0.00,0.00,-0.3457,1.0000,-0.0114,-0.0229,0,0
2026-08-24 20:01:57.452645,763,franka,0.50255,-0.02179,0.34160,-0.00707,0.00707,-0.00000,0.00000,26.00,0.00,0.00,-0.3429,1.0000,-0.0200,-0.0200,0,0
2026-08-24 20:01:57.506343,764,franka,0.50185,-0.02108,0.34162,-0.00707,0.00707,-0.00000,0.00000,26.00,0.00,0.00,-0.3486,1.0000,-0.0371,-0.0229,0,0
2026-08-24 20:01:57.559931,765,franka,0.50149,-0.02072,0.34161,-0.00707,0.00707,-0.00000,0.00000,26.00,0.00,0.00,-0.3486,1.0000,-0.0371,-0.0229,0,0
2026-08-24 20:01:57.614129,766,franka,0.50113,-0.02036,0.34162,-0.00707,0.00707,-0.00000,0.00000,26.00,0.00,0.00,-0.3486,1.0000,-0.0371,-0.0229,0,0
2026-08-24 20:01:57.667592,767,franka,0.50077,-0.02000,0.34162,-0.00707,0.00707,-0.00000,0.00000,26.00,0.00,0.00,-0.3486,1.0000,-0.0371,-0.0229,0,0
2026-08-24 20:01:57.721249,768,franka,0.50041,-0.01964,0.34161,-0.00707,0.00707,-0.00000,0.00000,26.00,0.00,0.00,-0.3486,1.0000,-0.0371,-0.0229,0,0
2026-08-24 20:01:57.774811,769,franka,0.50005,-0.01928,0.34162,-0.00707,0.00707,-0.00000,0.00000,26.00,0.00,0.00,-0.3486,1.0000,-0.0371,-0.0229,0,0
2026-08-24 20:01:57.828414,770,franka,0.49969,-0.01893,0.34161,-0.00707,0.00707,-0.00000,0.00000,26.00,0.00,0.00,-0.3486,1.0000,-0.0371,-0.0229,0,0
2026-08-24 20:01:57.882420,771,franka,0.49933,-0.01857,0.34160,-0.00707,0.00707,-0.00000,0.00000,26.00,0.00,0.00,-0.3286,1.0000,-0.0514,-0.0200,0,0
2026-08-24 20:01:57.936154,772,franka,0.49897,-0.01821,0.34159,-0.00707,0.00707,-0.00000,0.00000,26.00,0.00,0.00,-0.2743,1.0000,-0.0600,0.0000,0,0
2026-08-24 20:01:57.989902,773,franka,0.49863,-0.01784,0.34159,-0.00063,0.00969,-0.00000,0.00000,26.00,0.00,0.00,-0.1629,1.0000,-0.0686,0.0000,0,0
2026-08-24 20:01:58.043668,774,franka,0.49864,-0.01738,0.34162,-0.00000,0.01000,-0.00000,0.00000,26.00,0.00,0.00,-0.1571,1.0000,-0.0714,0.0000,0,0
2026-08-24 20:01:58.097253,775,franka,0.49864,-0.01685,0.34160,0.00000,0.01000,-0.00000,0.00000,26.00,0.00,0.00,-0.1171,1.0000,-0.0800,0.0000,0,0
2026-08-24 20:01:58.150873,776,franka,0.49864,-0.01635,0.34158,0.00000,0.01000,-0.00000,0.00000,26.00,0.00,0.00,-0.0914,1.0000,-0.0971,0.0000,0,0
2026-08-24 20:01:58.204717,777,franka,0.49864,-0.01584,0.34163,0.00000,0.01000,-0.00000,0.00000,26.00,0.00,0.00,-0.0514,1.0000,-0.1029,0.0000,0,0
2026-08-24 20:01:58.258473,778,franka,0.49864,-0.01532,0.34161,-0.00000,0.01000,-0.00000,0.00000,26.00,0.00,0.00,-0.0371,1.0000,-0.1029,0.0000,0,0
2026-08-24 20:01:58.312291,779,franka,0.49864,-0.01483,0.34160,-0.00000,0.01000,-0.00000,0.00000,26.00,0.00,0.00,-0.0171,1.0000,-0.1171,0.0000,0,0
2026-08-24 20:01:58.366176,780,franka,0.49865,-0.01431,0.34161,-0.00000,0.01000,-0.00000,0.00000,26.00,0.00,0.00,-0.0143,1.0000,-0.1143,0.0000,0,0
2026-08-24 20:01:58.419988,781,franka,0.49865,-0.01330,0.34160,-0.00000,0.01000,-0.00000,0.00000,26.00,0.00,0.00,-0.0143,1.0000,-0.1143,0.0000,0,0
2026-08-24 20:01:58.473986,782,franka,0.49865,-0.01279,0.34161,-0.00000,0.01000,-0.00000,0.00000,26.00,0.00,0.00,-0.0171,1.0000,-0.1114,0.0000,0,0
2026-08-24 20:01:58.527700,783,franka,0.49865,-0.01227,0.34161,-0.00000,0.01000,-0.00000,0.00000,26.00,0.00,0.00,-0.0171,1.0000,-0.1114,0.0000,0,0
2026-08-24 20:01:58.581373,784,franka,0.49865,-0.01178,0.34160,-0.00000,0.01000,-0.00000,0.00000,26.00,0.00,0.00,-0.0171,1.0000,-0.1114,0.0000,0,0
2026-08-24 20:01:58.635801,785,franka,0.49865,-0.01127,0.34160,-0.00000,0.01000,-0.00000,0.00000,26.00,0.00,0.00,-0.0171,1.0000,-0.1114,0.0000,0,0
2026-08-24 20:01:58.689367,786,franka,0.49865,-0.01078,0.34161,-0.00000,0.01000,-0.00000,0.00000,26.00,0.00,0.00,-0.0200,1.0000,-0.1143,0.0000,0,0
2026-08-24 20:01:58.743292,787,franka,0.49865,-0.01027,0.34160,-0.00000,0.01000,-0.00000,0.00000,26.00,0.00,0.00,-0.0229,1.0000,-0.1200,0.0000,0,0
2026-08-24 20:01:58.796857,788,franka,0.49865,-0.00976,0.34160,-0.00000,0.01000,-0.00000,0.00000,26.00,0.00,0.00,-0.0229,1.0000,-0.1200,0.0000,0,0
2026-08-24 20:01:58.850593,789,franka,0.49865,-0.00925,0.34161,-0.00000,0.01000,-0.00000,0.00000,26.00,0.00,0.00,-0.0286,1.0000,-0.1200,0.0000,0,0
2026-08-24 20:01:58.904194,790,franka,0.49865,-0.00875,0.34161,-0.00000,0.01000,-0.00000,0.00000,26.00,0.00,0.00,-0.0314,1.0000,-0.1171,0.0000,0,0
2026-08-24 20:01:58.958128,791,franka,0.49865,-0.00824,0.34161,-0.00000,0.01000,-0.00000,0.00000,26.00,0.00,0.00,-0.0343,1.0000,-0.1143,0.0000,0,0
2026-08-24 20:01:59.011841,792,franka,0.49865,-0.00773,0.34161,-0.00000,0.01000,-0.00000,0.00000,26.00,0.00,0.00,-0.0514,1.0000,-0.1029,0.0000,0,0
2026-08-24 20:01:59.065934,793,franka,0.49865,-0.00722,0.34161,-0.00000,0.01000,-0.00000,0.00000,26.00,0.00,0.00,-0.0600,1.0000,-0.1000,0.0000,0,0
2026-08-24 20:01:59.119873,794,franka,0.49865,-0.00670,0.34161,-0.00000,0.01000,-0.00000,0.00000,26.00,0.00,0.00,-0.0686,1.0000,-0.0914,0.0000,0,0
2026-08-24 20:01:59.173428,795,franka,0.49865,-0.00620,0.34161,-0.00000,0.01000,-0.00000,0.00000,26.00,0.00,0.00,-0.0771,1.0000,-0.0914,0.0000,0,0
2026-08-24 20:01:59.227476,796,franka,0.49865,-0.00569,0.34161,-0.00000,0.01000,-0.00000,0.00000,26.00,0.00,0.00,-0.0829,1.0000,-0.0857,0.0000,0,0
2026-08-24 20:01:59.281486,797,franka,0.49865,-0.00470,0.34161,-0.00000,0.01000,-0.00000,0.00000,26.00,0.00,0.00,-0.0857,1.0000,-0.0829,0.0000,0,0
2026-08-24 20:01:59.335828,798,franka,0.49865,-0.00419,0.34161,-0.00000,0.01000,-0.00000,0.00000,26.00,0.00,0.00,-0.0886,1.0000,-0.0800,0.0000,0,0
2026-08-24 20:01:59.389878,799,franka,0.49865,-0.00368,0.34161,-0.00000,0.01000,-0.00000,0.00000,26.00,0.00,0.00,-0.0886,1.0000,-0.0800,0.0000,0,0
2026-08-24 20:01:59.443524,800,franka,0.49865,-0.00317,0.34161,-0.00000,0.01000,-0.00000,0.00000,26.00,0.00,0.00,-0.0914,1.0000,-0.0771,0.0000,0,0
2026-08-24 20:01:59.497304,801,franka,0.49865,-0.00267,0.34161,-0.00000,0.01000,-0.00000,0.00000,26.00,0.00,0.00,-0.1000,1.0000,-0.0743,0.0000,0,0
2026-08-24 20:01:59.551146,802,franka,0.49864,-0.00216,0.34161,-0.00000,0.01000,-0.00000,0.00000,26.00,0.00,0.00,-0.1057,1.0000,-0.0743,0.0000,0,0
2026-08-24 20:01:59.604923,803,franka,0.49864,-0.00165,0.34160,-0.00000,0.01000,-0.00000,0.00000,26.00,0.00,0.00,-0.1114,1.0000,-0.0714,0.0000,0,0
2026-08-24 20:01:59.658602,804,franka,0.49864,-0.00115,0.34160,-0.00000,0.01000,-0.00000,0.00000,26.00,0.00,0.00,-0.1143,1.0000,-0.0714,0.0000,0,0
2026-08-24 20:01:59.712334,805,franka,0.49864,-0.00064,0.34160,-0.00000,0.01000,-0.00000,0.00000,26.00,0.00,0.00,-0.1143,1.0000,-0.0714,0.0000,0,0
2026-08-24 20:01:59.765948,806,franka,0.49863,-0.00013,0.34160,-0.00000,0.01000,-0.00000,0.00000,26.00,0.00,0.00,-0.1171,1.0000,-0.0743,0.0000,0,0
2026-08-24 20:01:59.819486,807,franka,0.49863,0.00037,0.34160,-0.00000,0.01000,-0.00000,0.00000,26.00,0.00,0.00,-0.1171,1.0000,-0.0743,0.0000,0,0
2026-08-24 20:01:59.872960,808,franka,0.49863,0.00087,0.34160,-0.00000,0.01000,-0.00000,0.00000,26.00,0.00,0.00,-0.1200,1.0000,-0.0743,0.0000,0,0
2026-08-24 20:01:59.926444,809,franka,0.49863,0.00138,0.34160,-0.00000,0.01000,-0.00000,0.00000,26.00,0.00,0.00,-0.1200,1.0000,-0.0714,0.0000,0,0
2026-08-24 20:01:59.980230,810,franka,0.49862,0.00188,0.34160,-0.00000,0.01000,-0.00000,0.00000,26.00,0.00,0.00,-0.1229,1.0000,-0.0714,0.0000,0,0
2026-08-24 20:02:00.034276,811,franka,0.49862,0.00238,0.34160,-0.00000,0.01000,-0.00000,0.00000,26.00,0.00,0.00,-0.1229,1.0000,-0.0714,0.0000,0,0
2026-08-24 20:02:00.087925,812,franka,0.49862,0.00339,0.34160,-0.00000,0.01000,-0.00000,0.00000,26.00,0.00,0.00,-0.1229,1.0000,-0.0714,0.0000,0,0
2026-08-24 20:02:00.141437,813,franka,0.49862,0.00390,0.34160,-0.00000,0.01000,-0.00000,0.00000,26.00,0.00,0.00,-0.1229,1.0000,-0.0714,0.0000,0,0
2026-08-24 20:02:00.195078,814,franka,0.49862,0.00441,0.34161,-0.00000,0.01000,-0.00000,0.00000,26.00,0.00,0.00,-0.1229,1.0000,-0.0714,0.0000,0,0
2026-08-24 20:02:00.249240,815,franka,0.49862,0.00493,0.34161,-0.00000,0.01000,-0.00000,0.00000,26.00,0.00,0.00,-0.1229,1.0000,-0.0714,0.0000,0,0
2026-08-24 20:02:00.302876,816,franka,0.49862,0.00543,0.34161,-0.00000,0.01000,-0.00000,0.00000,26.00,0.00,0.00,-0.1257,1.0000,-0.0743,0.0000,0,0
2026-08-24 20:02:00.356978,817,franka,0.49862,0.00593,0.34161,-0.00000,0.01000,-0.00000,0.00000,26.00,0.00,0.00,-0.1286,1.0000,-0.0743,0.0000,0,0
2026-08-24 20:02:00.411027,818,franka,0.49862,0.00643,0.34160,-0.00000,0.01000,-0.00000,0.00000,26.00,0.00,0.00,-0.1343,1.0000,-0.0743,0.0000,0,0
2026-08-24 20:02:00.464621,819,franka,0.49861,0.00694,0.34160,-0.00000,0.01000,-0.00000,0.00000,26.00,0.00,0.00,-0.1371,1.0000,-0.0743,0.0000,0,0
2026-08-24 20:02:00.518418,820,franka,0.49862,0.00744,0.34161,-0.00000,0.01000,-0.00000,0.00000,26.00,0.00,0.00,-0.1371,1.0000,-0.0743,0.0000,0,0
2026-08-24 20:02:00.572491,821,franka,0.49861,0.00794,0.34161,-0.00000,0.01000,-0.00000,0.00000,26.00,0.00,0.00,-0.1371,1.0000,-0.0771,0.0000,0,0
2026-08-24 20:02:00.626336,822,franka,0.49862,0.00844,0.34161,-0.00000,0.01000,-0.00000,0.00000,26.00,0.00,0.00,-0.1400,1.0000,-0.0771,0.0000,0,0
2026-08-24 20:02:00.680023,823,franka,0.49862,0.00894,0.34161,-0.00000,0.01000,-0.00000,0.00000,26.00,0.00,0.00,-0.1371,1.0000,-0.0771,0.0000,0,0
2026-08-24 20:02:00.733651,824,franka,0.49861,0.00944,0.34161,-0.00000,0.01000,-0.00000,0.00000,26.00,0.00,0.00,-0.1371,1.0000,-0.0771,0.0000,0,0
2026-08-24 20:02:00.787417,825,franka,0.49862,0.00995,0.34161,-0.00000,0.01000,-0.00000,0.00000,26.00,0.00,0.00,-0.1371,1.0000,-0.0771,0.0000,0,0
2026-08-24 20:02:00.841110,826,franka,0.49861,0.01046,0.34161,-0.00000,0.01000,-0.00000,0.00000,26.00,0.00,0.00,-0.1371,1.0000,-0.0771,0.0000,0,0
2026-08-24 20:02:00.894920,827,franka,0.49861,0.01147,0.34161,-0.00000,0.01000,-0.00000,0.00000,26.00,0.00,0.00,-0.1371,1.0000,-0.0800,0.0000,0,0
2026-08-24 20:02:00.948522,828,franka,0.49862,0.01198,0.34161,-0.00000,0.01000,-0.00000,0.00000,26.00,0.00,0.00,-0.1371,1.0000,-0.0800,0.0000,0,0
2026-08-24 20:02:01.002147,829,franka,0.49862,0.01248,0.34161,-0.00000,0.01000,-0.00000,0.00000,26.00,0.00,0.00,-0.1371,1.0000,-0.0800,0.0000,0,0
2026-08-24 20:02:01.055847,830,franka,0.49861,0.01299,0.34161,-0.00000,0.01000,-0.00000,0.00000,26.00,0.00,0.00,-0.1371,1.0000,-0.0771,0.0000,0,0
2026-08-24 20:02:01.109745,831,franka,0.49861,0.01351,0.34161,-0.00000,0.01000,-0.00000,0.00000,26.00,0.00,0.00,-0.1371,1.0000,-0.0829,0.0000,0,0
2026-08-24 20:02:01.163432,832,franka,0.49861,0.01400,0.34161,-0.00000,0.01000,-0.00000,0.00000,26.00,0.00,0.00,-0.1457,1.0000,-0.0829,0.0000,0,0
2026-08-24 20:02:01.217224,833,franka,0.49861,0.01451,0.34161,-0.00000,0.01000,-0.00000,0.00000,26.00,0.00,0.00,-0.1571,1.0000,-0.0886,0.0000,0,0
2026-08-24 20:02:01.270882,834,franka,0.49861,0.01501,0.34161,-0.00000,0.01000,-0.00000,0.00000,26.00,0.00,0.00,-0.1743,1.0000,-0.1000,0.0000,0,0
2026-08-24 20:02:01.324451,835,franka,0.49861,0.01550,0.34161,-0.00000,0.01000,-0.00000,0.00000,26.00,0.00,0.00,-0.1800,1.0000,-0.1086,0.0000,0,0
2026-08-24 20:02:01.378206,836,franka,0.49861,0.01602,0.34161,-0.00000,0.01000,-0.00000,0.00000,26.00,0.00,0.00,-0.1971,1.0000,-0.1229,0.0000,0,0
2026-08-24 20:02:01.431990,837,franka,0.49861,0.01653,0.34161,-0.00117,0.00944,-0.00000,0.00000,26.00,0.00,0.00,-0.2171,1.0000,-0.1343,0.0000,0,0
2026-08-24 20:02:01.486342,838,franka,0.49831,0.01693,0.34158,-0.00707,0.00707,-0.00000,0.00000,26.00,0.00,0.00,-0.2314,1.0000,-0.1629,0.0000,0,0
2026-08-24 20:02:01.540210,839,franka,0.49797,0.01727,0.34161,-0.00707,0.00707,-0.00000,0.00000,26.00,0.00,0.00,-0.2314,1.0000,-0.1743,0.0000,0,0
2026-08-24 20:02:01.593957,840,franka,0.49761,0.01764,0.34164,-0.00707,0.00707,-0.00000,0.00000,26.00,0.00,0.00,-0.2371,1.0000,-0.1800,0.0000,0,0
2026-08-24 20:02:01.647682,841,franka,0.49725,0.01799,0.34160,-0.00707,0.00707,-0.00000,0.00000,26.00,0.00,0.00,-0.2371,1.0000,-0.1857,0.0000,0,0
2026-08-24 20:02:01.701390,842,franka,0.49690,0.01835,0.34162,-0.00707,0.00707,-0.00000,0.00000,26.00,0.00,0.00,-0.2400,1.0000,-0.1886,0.0000,0,0
2026-08-24 20:02:01.754986,843,franka,0.49618,0.01907,0.34161,-0.00707,0.00707,-0.00000,0.00000,26.00,0.00,0.00,-0.2400,1.0000,-0.2000,0.0000,0,0
2026-08-24 20:02:01.809544,844,franka,0.49584,0.01941,0.34151,-0.00577,0.00577,-0.00577,0.00000,26.00,0.00,0.00,-0.2457,1.0000,-0.2114,0.0000,0,0
2026-08-24 20:02:01.863494,845,franka,0.49554,0.01971,0.34122,-0.00577,0.00577,-0.00577,0.00000,26.00,0.00,0.00,-0.2657,1.0000,-0.2400,0.0000,0,0
2026-08-24 20:02:01.917031,846,franka,0.49525,0.02000,0.34093,-0.00577,0.00577,-0.00577,0.00000,26.00,0.00,0.00,-0.2800,1.0000,-0.2571,0.0000,0,0
2026-08-24 20:02:01.970866,847,franka,0.49494,0.02029,0.34060,-0.00577,0.00577,-0.00577,0.00000,26.00,0.00,0.00,-0.2800,1.0000,-0.2571,0.0000,0,0
2026-08-24 20:02:02.024583,848,franka,0.49467,0.02058,0.34036,-0.00577,0.00577,-0.00577,0.00000,26.00,0.00,0.00,-0.2371,1.0000,-0.2143,0.0000,0,0
2026-08-24 20:02:02.078276,849,franka,0.49436,0.02088,0.34012,-0.00707,0.00707,-0.00000,0.00000,26.00,0.00,0.00,-0.1829,1.0000,-0.1000,0.0000,0,0
2026-08-24 20:02:02.132165,850,franka,0.49409,0.02127,0.34010,-0.00001,0.01000,-0.00000,0.00000,26.00,0.00,0.00,-0.1171,1.0000,-0.0371,0.0000,0,0
2026-08-24 20:02:02.185801,851,franka,0.49408,0.02174,0.34012,-0.00000,0.01000,-0.00000,0.00000,26.00,0.00,0.00,-0.0943,1.0000,-0.0343,0.0000,0,0
2026-08-24 20:02:02.239593,852,franka,0.49408,0.02227,0.34015,0.00000,0.01000,-0.00000,0.00000,26.00,0.00,0.00,-0.0771,1.0000,-0.0429,0.0000,0,0
2026-08-24 20:02:02.293507,853,franka,0.49406,0.02277,0.34009,0.00000,0.01000,-0.00000,0.00000,26.00,0.00,0.00,-0.0629,1.0000,-0.0514,0.0000,0,0
2026-08-24 20:02:02.347431,854,franka,0.49407,0.02328,0.34015,0.00000,0.01000,0.00000,0.00000,26.00,0.00,0.00,-0.0543,1.0000,-0.0514,0.0000,0,0
2026-08-24 20:02:02.401150,855,franka,0.49407,0.02380,0.34013,0.00000,0.01000,0.00000,0.00000,26.00,0.00,0.00,-0.0629,1.0000,-0.0514,0.0000,0,0
2026-08-24 20:02:02.455127,856,franka,0.49407,0.02431,0.34011,0.00000,0.01000,0.00000,0.00000,26.00,0.00,0.00,-0.0714,1.0000,-0.0571,0.0000,0,0
2026-08-24 20:02:02.508640,857,franka,0.49407,0.02483,0.34014,0.00000,0.01000,0.00000,0.00000,26.00,0.00,0.00,-0.0800,1.0000,-0.0657,0.0000,0,0
2026-08-24 20:02:02.562474,858,franka,0.49407,0.02534,0.34014,0.00000,0.01000,0.00000,0.00000,26.00,0.00,0.00,-0.0800,1.0000,-0.0657,0.0000,0,0
2026-08-24 20:02:02.616178,859,franka,0.49406,0.02585,0.34011,0.00000,0.01000,0.00000,0.00000,26.00,0.00,0.00,-0.0886,1.0000,-0.0714,0.0000,0,0
2026-08-24 20:02:02.669863,860,franka,0.49407,0.02686,0.34014,0.00000,0.01000,0.00000,0.00000,26.00,0.00,0.00,-0.0943,1.0000,-0.0771,0.0000,0,0
2026-08-24 20:02:02.723517,861,franka,0.49407,0.02736,0.34012,0.00000,0.01000,0.00000,0.00000,26.00,0.00,0.00,-0.1029,1.0000,-0.0800,-0.0029,0,0
2026-08-24 20:02:02.777392,862,franka,0.49407,0.02788,0.34013,0.00000,0.01000,0.00000,0.00000,26.00,0.00,0.00,-0.1314,1.0000,-0.1257,-0.0057,0,0
2026-08-24 20:02:02.831468,863,franka,0.49407,0.02837,0.34014,0.00000,0.01000,0.00000,0.00000,26.00,0.00,0.00,-0.1371,1.0000,-0.1600,-0.0143,0,0
2026-08-24 20:02:02.885490,864,franka,0.49407,0.02888,0.34013,0.00000,0.01000,0.00000,0.00000,26.00,0.00,0.00,-0.1771,1.0000,-0.2400,-0.0343,0,0
2026-08-24 20:02:02.939625,865,franka,0.49408,0.02934,0.34001,0.00000,0.00707,-0.00707,0.00000,26.00,0.00,0.00,-0.1800,1.0000,-0.2657,-0.0371,0,0
2026-08-24 20:02:02.993424,866,franka,0.49409,0.02970,0.33967,0.00000,0.00707,-0.00707,0.00000,26.00,0.00,0.00,-0.1943,1.0000,-0.2914,-0.0429,0,0
2026-08-24 20:02:03.047330,867,franka,0.49405,0.03004,0.33933,-0.00574,0.00578,-0.00578,0.00000,26.00,0.00,0.00,-0.2200,1.0000,-0.3457,-0.0514,0,0
2026-08-24 20:02:03.102003,868,franka,0.49374,0.03034,0.33895,-0.00577,0.00577,-0.00577,0.00000,26.00,0.00,0.00,-0.2429,1.0000,-0.4171,-0.0600,0,0
2026-08-24 20:02:03.155617,869,franka,0.49346,0.03063,0.33870,-0.00577,0.00577,-0.00577,0.00000,26.00,0.00,0.00,-0.2371,0.9343,-0.4743,-0.0800,0,0
2026-08-24 20:02:03.209178,870,franka,0.49317,0.03093,0.33841,-0.00577,0.00577,-0.00577,0.00000,26.00,0.00,0.00,-0.2171,0.8314,-0.5571,-0.0686,0,0
2026-08-24 20:02:03.262745,871,franka,0.49287,0.03122,0.33807,-0.00577,0.00577,-0.00577,0.00000,26.00,0.00,0.00,-0.2029,0.8143,-0.5657,-0.0457,0,0
2026-08-24 20:02:03.316433,872,franka,0.49257,0.03151,0.33778,-0.00577,0.00577,-0.00577,0.00000,26.00,0.00,0.00,-0.2000,0.8086,-0.5629,-0.0429,0,0
2026-08-24 20:02:03.370713,873,franka,0.49236,0.03182,0.33749,-0.00000,0.00707,-0.00707,0.00000,26.00,0.00,0.00,-0.1857,0.7714,-0.5571,-0.0371,0,0
2026-08-24 20:02:03.424315,874,franka,0.49237,0.03217,0.33718,-0.00000,0.00707,-0.00707,0.00000,26.00,0.00,0.00,-0.1886,0.7657,-0.5600,-0.0371,0,0
2026-08-24 20:02:03.478276,875,franka,0.49237,0.03253,0.33680,0.00000,0.00707,-0.00707,0.00000,26.00,0.00,0.00,-0.1857,0.7629,-0.5571,-0.0400,0,0
2026-08-24 20:02:03.531789,876,franka,0.49237,0.03325,0.33611,-0.00000,0.00707,-0.00707,0.00000,26.00,0.00,0.00,-0.1857,0.7629,-0.5571,-0.0400,0,0
2026-08-24 20:02:03.585160,877,franka,0.49237,0.03360,0.33573,-0.00000,0.00707,-0.00707,0.00000,26.00,0.00,0.00,-0.1829,0.7457,-0.5457,-0.0429,0,0
2026-08-24 20:02:03.638885,878,franka,0.49237,0.03396,0.33539,-0.00000,0.00707,-0.00707,0.00000,26.00,0.00,0.00,-0.1771,0.7371,-0.5400,-0.0429,0,0
2026-08-24 20:02:03.693366,879,franka,0.49237,0.03431,0.33505,-0.00000,0.00707,-0.00707,0.00000,26.00,0.00,0.00,-0.1771,0.7314,-0.5371,-0.0457,0,0
2026-08-24 20:02:03.747148,880,franka,0.49237,0.03467,0.33468,-0.00000,0.00707,-0.00707,0.00000,26.00,0.00,0.00,-0.1657,0.7171,-0.5371,-0.0486,0,0
2026-08-24 20:02:03.800638,881,franka,0.49237,0.03503,0.33433,-0.00000,0.00707,-0.00707,0.00000,26.00,0.00,0.00,-0.1629,0.6914,-0.5371,-0.0514,0,0
2026-08-24 20:02:03.854469,882,franka,0.49237,0.03538,0.33399,-0.00000,0.00707,-0.00707,0.00000,26.00,0.00,0.00,-0.1714,0.6971,-0.5400,-0.0600,0,0
2026-08-24 20:02:03.908041,883,franka,0.49237,0.03574,0.33362,-0.00000,0.00707,-0.00707,0.00000,26.00,0.00,0.00,-0.1657,0.7000,-0.5400,-0.0600,0,0
2026-08-24 20:02:03.961776,884,franka,0.49238,0.03610,0.33327,-0.00000,0.00707,-0.00707,0.00000,26.00,0.00,0.00,-0.1543,0.6886,-0.5343,-0.0571,0,0
2026-08-24 20:02:04.015400,885,franka,0.49238,0.03646,0.33292,-0.00000,0.00707,-0.00707,0.00000,26.00,0.00,0.00,-0.1457,0.6886,-0.5286,-0.0571,0,0
2026-08-24 20:02:04.068974,886,franka,0.49237,0.03681,0.33256,-0.00000,0.00707,-0.00707,0.00000,26.00,0.00,0.00,-0.1429,0.6857,-0.5314,-0.0543,0,0
2026-08-24 20:02:04.122542,887,franka,0.49237,0.03717,0.33219,-0.00000,0.00707,-0.00707,0.00000,26.00,0.00,0.00,-0.1514,0.6829,-0.5343,-0.0543,0,0
2026-08-24 20:02:04.175996,888,franka,0.49238,0.03754,0.33184,-0.00000,0.00707,-0.00707,0.00000,26.00,0.00,0.00,-0.1514,0.6743,-0.5314,-0.0543,0,0
2026-08-24 20:02:04.229558,889,franka,0.49238,0.03790,0.33149,-0.00000,0.00707,-0.00707,0.00000,26.00,0.00,0.00,-0.1486,0.6457,-0.5257,-0.0543,0,0
2026-08-24 20:02:04.283235,890,franka,0.49237,0.03825,0.33112,-0.00000,0.00707,-0.00707,0.00000,26.00,0.00,0.00,-0.1457,0.6400,-0.5257,-0.0543,0,0
2026-08-24 20:02:04.336740,891,franka,0.49237,0.03861,0.33077,-0.00000,0.00707,-0.00707,0.00000,26.00,0.00,0.00,-0.1343,0.6200,-0.5229,-0.0514,0,0
2026-08-24 20:02:04.390095,892,franka,0.49238,0.03932,0.33006,-0.00000,0.00707,-0.00707,0.00000,26.00,0.00,0.00,-0.1343,0.6057,-0.5229,-0.0514,0,0
2026-08-24 20:02:04.444249,893,franka,0.49237,0.03967,0.32970,-0.00000,0.00707,-0.00707,0.00000,26.00,0.00,0.00,-0.1314,0.6029,-0.5229,-0.0514,0,0
2026-08-24 20:02:04.498058,894,franka,0.49237,0.04004,0.32934,-0.00000,0.00707,-0.00707,0.00000,26.00,0.00,0.00,-0.1314,0.6000,-0.5257,-0.0514,0,0
2026-08-24 20:02:04.551962,895,franka,0.49237,0.04039,0.32899,-0.00000,0.00707,-0.00707,0.00000,26.00,0.00,0.00,-0.1343,0.5886,-0.5257,-0.0571,0,0
2026-08-24 20:02:04.605802,896,franka,0.49237,0.04075,0.32862,-0.00000,0.00707,-0.00707,0.00000,26.00,0.00,0.00,-0.1314,0.5943,-0.5286,-0.0571,0,0
2026-08-24 20:02:04.659435,897,franka,0.49237,0.04111,0.32826,-0.00000,0.00707,-0.00707,0.00000,26.00,0.00,0.00,-0.1257,0.5886,-0.5171,-0.0571,0,0
2026-08-24 20:02:04.713163,898,franka,0.49237,0.04146,0.32790,-0.00000,0.00707,-0.00707,0.00000,26.00,0.00,0.00,-0.1229,0.5771,-0.5057,-0.0600,0,0
2026-08-24 20:02:04.766863,899,franka,0.49237,0.04182,0.32754,-0.00000,0.00707,-0.00707,0.00000,26.00,0.00,0.00,-0.1229,0.5771,-0.5057,-0.0600,0,0
2026-08-24 20:02:04.820581,900,franka,0.49237,0.04218,0.32718,-0.00000,0.00707,-0.00707,0.00000,26.00,0.00,0.00,-0.1114,0.5686,-0.4971,-0.0600,0,0
2026-08-24 20:02:04.874404,901,franka,0.49237,0.04255,0.32682,-0.00000,0.00707,-0.00707,0.00000,26.00,0.00,0.00,-0.0943,0.4657,-0.4400,-0.0514,0,0
2026-08-24 20:02:04.928319,902,franka,0.49237,0.04290,0.32647,-0.00000,0.00707,-0.00707,0.00000,26.00,0.00,0.00,-0.0800,0.4486,-0.4143,-0.0286,0,0
2026-08-24 20:02:04.982307,903,franka,0.49237,0.04325,0.32611,-0.00000,0.00707,-0.00707,0.00000,26.00,0.00,0.00,-0.0800,0.3914,-0.3400,-0.0143,0,0
2026-08-24 20:02:05.036213,904,franka,0.49238,0.04362,0.32576,-0.00000,0.00707,-0.00707,0.00000,26.00,0.00,0.00,-0.0686,0.1629,0.0000,0.0000,0,0
2026-08-24 20:02:05.090390,905,franka,0.49237,0.04401,0.32550,-0.00000,0.01000,-0.00000,0.00000,26.00,0.00,0.00,-0.0343,0.0657,0.0000,0.0000,0,0
2026-08-24 20:02:05.144341,906,franka,0.49235,0.04438,0.32549,-0.00000,0.00000,-0.00000,0.00000,26.00,0.00,0.00,-0.0229,0.0486,0.0000,0.0000,0,0
2026-08-24 20:02:05.197975,907,franka,0.49235,0.04442,0.32548,-0.00000,0.00000,0.00000,0.00000,26.00,0.00,0.00,-0.0086,0.0000,0.0000,0.0000,0,0
2026-08-24 20:02:05.251587,908,franka,0.49236,0.04439,0.32548,-0.00000,-0.00000,0.00000,0.00000,26.00,0.00,0.00,-0.0143,0.0000,0.0000,0.0000,0,0
2026-08-24 20:02:05.305222,909,franka,0.49236,0.04439,0.32548,-0.00000,-0.00000,0.00000,0.00000,26.00,0.00,0.00,-0.0143,0.0200,0.0000,0.0000,0,0
2026-08-24 20:02:05.358907,910,franka,0.49236,0.04439,0.32549,-0.00000,-0.00000,0.00000,0.00000,26.00,0.00,0.00,-0.0143,0.0429,0.0000,0.0000,0,0
2026-08-24 20:02:05.412426,911,franka,0.49236,0.04440,0.32548,-0.00000,-0.00000,0.00000,0.00000,26.00,0.00,0.00,-0.0114,0.0571,0.0000,0.0000,0,0
2026-08-24 20:02:05.465995,912,franka,0.49236,0.04439,0.32548,-0.00000,-0.00000,0.00000,0.00000,26.00,0.00,0.00,0.0000,0.0314,-0.0429,0.0000,0,0
2026-08-24 20:02:05.519580,913,franka,0.49236,0.04439,0.32548,-0.00000,-0.00000,0.00000,0.00000,26.00,0.00,0.00,0.0000,0.0457,-0.2343,0.0000,0,0
2026-08-24 20:02:05.573272,914,franka,0.49239,0.04439,0.32524,-0.00000,-0.00000,-0.01000,0.00000,26.00,0.00,0.00,0.0000,0.0771,-0.3371,0.0000,0,0
2026-08-24 20:02:05.626967,915,franka,0.49238,0.04438,0.32472,-0.00000,-0.00000,-0.01000,0.00000,26.00,0.00,0.00,0.0000,0.0886,-0.3743,0.0000,0,0
2026-08-24 20:02:05.680993,916,franka,0.49239,0.04438,0.32423,-0.00000,-0.00000,-0.01000,0.00000,26.00,0.00,0.00,0.0000,0.1571,-0.4143,0.0000,0,0
2026-08-24 20:02:05.735042,917,franka,0.49239,0.04437,0.32371,-0.00000,-0.00000,-0.01000,0.00000,26.00,0.00,0.00,-0.0143,0.2000,-0.3600,0.0000,0,0
2026-08-24 20:02:05.789918,918,franka,0.49239,0.04438,0.32323,-0.00000,-0.00000,-0.01000,0.00000,26.00,0.00,0.00,-0.0229,0.1771,-0.3286,0.0000,0,0
2026-08-24 20:02:05.843750,919,franka,0.49239,0.04438,0.32272,-0.00000,-0.00000,-0.01000,0.00000,26.00,0.00,0.00,-0.0114,0.1514,-0.2429,0.0000,0,0
2026-08-24 20:02:05.897395,920,franka,0.49240,0.04437,0.32222,-0.00000,-0.00000,-0.01000,0.00000,26.00,0.00,0.00,-0.0114,0.1514,-0.2429,0.0000,0,0
2026-08-24 20:02:05.951254,921,franka,0.49240,0.04438,0.32173,-0.00000,-0.00000,-0.01000,0.00000,26.00,0.00,0.00,-0.0114,0.1514,-0.1886,0.0000,0,0
2026-08-24 20:02:06.005138,922,franka,0.49239,0.04437,0.32140,-0.00000,-0.00000,-0.00000,0.00000,26.00,0.00,0.00,-0.0114,0.1086,-0.0771,0.0000,0,0
2026-08-24 20:02:06.058899,923,franka,0.49239,0.04438,0.32140,-0.00000,-0.00000,0.00000,0.00000,26.00,0.00,0.00,-0.0029,0.0943,-0.0457,0.0000,0,0
2026-08-24 20:02:06.113034,924,franka,0.49239,0.04438,0.32140,-0.00000,-0.00000,0.00000,0.00000,26.00,0.00,0.00,-0.0057,0.0743,0.0000,0.0000,0,0
2026-08-24 20:02:06.166898,925,franka,0.49239,0.04438,0.32139,-0.00000,-0.00000,0.00000,0.00000,26.00,0.00,0.00,0.0000,0.0314,0.0000,0.0000,0,0
2026-08-24 20:02:06.220705,926,franka,0.49239,0.04438,0.32140,-0.00000,-0.00000,0.00000,0.00000,26.00,0.00,0.00,0.0000,0.0486,0.0000,0.0000,0,0
2026-08-24 20:02:06.274409,927,franka,0.49239,0.04438,0.32140,-0.00000,-0.00000,0.00000,0.00000,26.00,0.00,0.00,-0.0143,0.0571,0.0000,0.0000,0,0
2026-08-24 20:02:06.328156,928,franka,0.49239,0.04438,0.32139,-0.00000,-0.00000,0.00000,0.00000,26.00,0.00,0.00,0.0000,0.0029,0.0000,0.0000,0,0
2026-08-24 20:02:06.382101,929,franka,0.49239,0.04438,0.32140,-0.00000,-0.00000,0.00000,0.00000,26.00,0.00,0.00,0.0000,0.0000,0.0000,0.0000,0,0
2026-08-24 20:02:06.435694,930,franka,0.49239,0.04439,0.32140,-0.00000,-0.00000,0.00000,0.00000,26.00,0.00,0.00,-0.0086,0.0343,0.0000,0.0000,0,0
2026-08-24 20:02:06.490092,931,franka,0.49239,0.04438,0.32139,-0.00000,-0.00000,0.00000,0.00000,26.00,0.00,0.00,-0.0086,0.0600,0.0000,0.0000,0,0
2026-08-24 20:02:06.543905,932,franka,0.49239,0.04439,0.32140,-0.00000,-0.00000,0.00000,0.00000,26.00,0.00,0.00,-0.0086,0.0600,0.0000,0.0000,0,0
2026-08-24 20:02:06.597655,933,franka,0.49239,0.04438,0.32139,-0.00000,-0.00000,0.00000,0.00000,26.00,0.00,0.00,-0.0086,0.0629,0.0343,0.0000,0,0
2026-08-24 20:02:06.651400,934,franka,0.49239,0.04438,0.32139,-0.00000,-0.00000,0.00000,0.00000,26.00,0.00,0.00,0.0000,0.0657,0.1229,0.0000,0,0
2026-08-24 20:02:06.704994,935,franka,0.49239,0.04438,0.32139,-0.00000,-0.00000,0.00000,0.00000,26.00,0.00,0.00,0.0000,0.0886,0.3400,0.0000,0,0
2026-08-24 20:02:06.759752,936,franka,0.49239,0.04438,0.32139,-0.00000,-0.00000,0.00000,0.00000,26.00,0.00,0.00,0.0000,0.0886,0.3400,0.0000,0,0
2026-08-24 20:02:06.814153,937,franka,0.49236,0.04438,0.32157,-0.00000,-0.00000,0.01000,0.00000,26.00,0.00,0.00,0.0000,0.0886,0.3400,0.0000,0,0
2026-08-24 20:02:06.867645,938,franka,0.49236,0.04440,0.32259,-0.00000,-0.00000,0.01000,0.00000,26.00,0.00,0.00,0.0000,0.0886,0.3400,0.0000,0,0
2026-08-24 20:02:06.921323,939,franka,0.49236,0.04441,0.32308,-0.00000,-0.00000,0.01000,0.00000,26.00,0.00,0.00,0.0000,0.0886,0.3400,0.0000,0,0
2026-08-24 20:02:06.975082,940,franka,0.49236,0.04442,0.32356,-0.00000,-0.00000,0.01000,0.00000,26.00,0.00,0.00,0.0000,0.0829,0.4857,0.0200,0,0
2026-08-24 20:02:07.028706,941,franka,0.49236,0.04442,0.32409,-0.00000,-0.00000,0.01000,0.00000,26.00,0.00,0.00,0.0000,0.0829,0.4857,0.0200,0,0
2026-08-24 20:02:07.082432,942,franka,0.49235,0.04442,0.32458,-0.00000,-0.00000,0.01000,0.00000,26.00,0.00,0.00,0.0000,0.0800,0.4857,0.0200,0,0
2026-08-24 20:02:07.135935,943,franka,0.49235,0.04442,0.32507,-0.00000,-0.00000,0.01000,0.00000,26.00,0.00,0.00,0.0000,0.0800,0.4857,0.0200,0,0
2026-08-24 20:02:07.189431,944,franka,0.49235,0.04442,0.32559,-0.00000,-0.00000,0.01000,0.00000,26.00,0.00,0.00,0.0000,0.0800,0.4857,0.0200,0,0
2026-08-24 20:02:07.243316,945,franka,0.49234,0.04442,0.32608,-0.00000,-0.00000,0.01000,0.00000,26.00,0.00,0.00,0.0000,0.0829,0.4886,0.0086,0,0
2026-08-24 20:02:07.296975,946,franka,0.49234,0.04442,0.32653,-0.00000,-0.00000,0.00131,0.00000,26.00,0.00,0.00,-0.0057,0.0543,0.0543,0.0371,0,0
2026-08-24 20:02:07.350604,947,franka,0.49235,0.04441,0.32656,-0.00000,-0.00000,0.00000,0.00000,26.00,0.00,0.00,-0.0229,0.0543,0.0000,0.0571,0,0
2026-08-24 20:02:07.404108,948,franka,0.49235,0.04441,0.32657,-0.00000,-0.00000,-0.00000,0.00000,26.00,0.00,0.00,-0.1314,0.0714,-0.0571,0.0371,0,0
2026-08-24 20:02:07.457801,949,franka,0.49235,0.04441,0.32655,-0.00000,-0.00000,-0.00000,0.00000,26.00,0.00,0.00,-0.1714,0.3857,-0.6029,0.0000,0,0
2026-08-24 20:02:07.511443,950,franka,0.49235,0.04447,0.32654,-0.00000,0.00692,-0.00692,0.00000,26.00,0.00,0.00,-0.1714,0.3857,-0.6029,0.0000,0,0
2026-08-24 20:02:07.565086,951,franka,0.49238,0.04472,0.32625,-0.00000,0.00707,-0.00707,0.00000,26.00,0.00,0.00,-0.1114,0.3857,-0.6114,0.0000,0,0
2026-08-24 20:02:07.619068,952,franka,0.49236,0.04514,0.32586,-0.00000,0.00707,-0.00707,0.00000,26.00,0.00,0.00,-0.0800,0.4057,-0.5714,0.0000,0,0
2026-08-24 20:02:07.672761,953,franka,0.49237,0.04548,0.32552,-0.00000,0.00707,-0.00707,0.00000,26.00,0.00,0.00,-0.0714,0.4057,-0.5714,0.0000,0,0
2026-08-24 20:02:07.726584,954,franka,0.49238,0.04583,0.32519,-0.00000,0.00707,-0.00707,0.00000,26.00,0.00,0.00,-0.0657,0.4000,-0.5600,0.0000,0,0
2026-08-24 20:02:07.780285,955,franka,0.49238,0.04654,0.32446,-0.00000,0.00707,-0.00707,0.00000,26.00,0.00,0.00,-0.0600,0.3943,-0.5571,0.0000,0,0
2026-08-24 20:02:07.833954,956,franka,0.49239,0.04691,0.32413,-0.00000,0.00707,-0.00707,0.00000,26.00,0.00,0.00,-0.0600,0.3943,-0.5571,0.0000,0,0
2026-08-24 20:02:07.887544,957,franka,0.49239,0.04726,0.32378,-0.00000,0.00707,-0.00707,0.00000,26.00,0.00,0.00,-0.0571,0.3914,-0.5514,0.0000,0,0
2026-08-24 20:02:07.941271,958,franka,0.49239,0.04760,0.32342,-0.00000,0.00707,-0.00707,0.00000,26.00,0.00,0.00,-0.0571,0.3943,-0.5429,0.0000,0,0
2026-08-24 20:02:07.995134,959,franka,0.49240,0.04797,0.32309,-0.00000,0.00707,-0.00707,0.00000,26.00,0.00,0.00,-0.0571,0.3943,-0.5429,0.0000,0,0
2026-08-24 20:02:08.049185,960,franka,0.49240,0.04833,0.32272,-0.00000,0.00707,-0.00707,0.00000,26.00,0.00,0.00,-0.0571,0.3943,-0.5429,0.0000,0,0
2026-08-24 20:02:08.102831,961,franka,0.49239,0.04869,0.32233,-0.00000,0.00707,-0.00707,0.00000,26.00,0.00,0.00,-0.0629,0.4114,-0.4857,0.0000,0,0
2026-08-24 20:02:08.156552,962,franka,0.49239,0.04907,0.32197,-0.00000,0.00707,-0.00707,0.00000,26.00,0.00,0.00,-0.0714,0.3943,-0.4743,0.0000,0,0
2026-08-24 20:02:08.210215,963,franka,0.49239,0.04942,0.32164,-0.00000,0.00707,-0.00707,0.00000,26.00,0.00,0.00,-0.0714,0.3943,-0.4743,0.0000,0,0
2026-08-24 20:02:08.264815,964,franka,0.49239,0.04978,0.32127,-0.00000,0.00707,-0.00707,0.00000,26.00,0.00,0.00,-0.0657,0.3886,-0.4343,0.0000,0,0
2026-08-24 20:02:08.318622,965,franka,0.49239,0.05013,0.32092,-0.00000,0.00707,-0.00707,0.00000,26.00,0.00,0.00,-0.0486,0.3486,-0.3543,0.0000,0,0
2026-08-24 20:02:08.372625,966,franka,0.49240,0.05047,0.32059,-0.00000,0.00707,-0.00707,0.00000,26.00,0.00,0.00,-0.0286,0.3086,-0.2543,0.0000,0,0
2026-08-24 20:02:08.426166,967,franka,0.49241,0.05083,0.32024,-0.00000,0.00707,-0.00707,0.00000,26.00,0.00,0.00,-0.0286,0.3086,-0.2543,0.0000,0,0
2026-08-24 20:02:08.479924,968,franka,0.49241,0.05119,0.31989,-0.00000,0.00707,-0.00707,0.00000,26.00,0.00,0.00,-0.0257,0.1457,-0.0600,-0.0057,0,0
2026-08-24 20:02:08.533894,969,franka,0.49241,0.05138,0.31971,-0.00000,0.00000,-0.00000,0.00000,26.00,0.00,0.00,-0.0257,0.1457,-0.0600,-0.0057,0,0
2026-08-24 20:02:08.587561,970,franka,0.49241,0.05138,0.31972,-0.00000,-0.00000,0.00000,0.00000,26.00,0.00,0.00,-0.0257,0.1457,-0.0600,-0.0057,0,0
2026-08-24 20:02:08.641104,971,franka,0.49241,0.05137,0.31970,-0.00000,-0.00000,0.00000,0.00000,26.00,0.00,0.00,0.0000,0.0143,0.0000,0.0000,0,0
2026-08-24 20:02:08.694703,972,franka,0.49241,0.05136,0.31970,-0.00000,-0.00000,0.00000,0.00000,26.00,0.00,0.00,0.0000,0.0143,0.0000,0.0000,0,0
2026-08-24 20:02:08.748161,973,franka,0.49241,0.05137,0.31970,-0.00000,-0.00000,0.00000,0.00000,26.00,0.00,0.00,0.0000,0.0143,0.0000,0.0000,0,0
2026-08-24 20:02:08.801797,974,franka,0.49241,0.05137,0.31970,-0.00000,-0.00000,0.00000,0.00000,26.00,0.00,0.00,0.0000,0.0143,0.0000,0.0000,0,0
2026-08-24 20:02:08.855338,975,franka,0.49241,0.05136,0.31970,-0.00000,-0.00000,0.00000,0.00000,26.00,0.00,0.00,0.0000,0.0143,0.0000,0.0000,0,0
2026-08-24 20:02:08.908880,976,franka,0.49241,0.05137,0.31970,-0.00000,-0.00000,0.00000,0.00000,26.00,0.00,0.00,0.0000,0.0143,0.0000,0.0000,0,0
2026-08-24 20:02:08.962835,977,franka,0.49241,0.05136,0.31970,-0.00000,-0.00000,0.00000,0.00000,26.00,0.00,0.00,0.0000,0.0143,0.0000,0.0000,0,0
2026-08-24 20:02:09.016817,978,franka,0.49241,0.05137,0.31971,-0.00000,-0.00000,0.00000,0.00000,26.00,0.00,0.00,0.0000,0.0143,0.0000,0.0000,0,0
2026-08-24 20:02:09.070897,979,franka,0.49241,0.05137,0.31971,-0.00000,-0.00000,0.00000,0.00000,26.00,0.00,0.00,0.0000,0.0143,0.0000,0.0000,0,0
2026-08-24 20:02:09.124821,980,franka,0.49241,0.05136,0.31970,-0.00000,-0.00000,0.00000,0.00000,26.00,0.00,0.00,0.0000,0.0143,0.0000,0.0000,0,0
2026-08-24 20:02:09.178542,981,franka,0.49241,0.05137,0.31970,-0.00000,-0.00000,0.00000,0.00000,26.00,0.00,0.00,0.0000,0.0143,0.0000,0.0000,0,0
2026-08-24 20:02:09.232406,982,franka,0.49241,0.05136,0.31971,-0.00000,-0.00000,0.00000,0.00000,26.00,0.00,0.00,0.0000,0.0143,0.0000,0.0000,0,0
2026-08-24 20:02:09.286103,983,franka,0.49241,0.05137,0.31971,-0.00000,-0.00000,0.00000,0.00000,26.00,0.00,0.00,0.0057,0.0000,0.7371,0.0000,0,0
2026-08-24 20:02:09.339859,984,franka,0.49242,0.05137,0.31974,-0.00000,-0.00000,0.00742,0.00000,26.00,0.00,0.00,0.0057,0.0000,0.7971,0.0000,0,0
2026-08-24 20:02:09.393356,985,franka,0.49238,0.05137,0.32014,-0.00000,-0.00000,0.01000,0.00000,26.00,0.00,0.00,0.0000,0.0000,0.7971,0.0000,0,0
2026-08-24 20:02:09.446903,986,franka,0.49239,0.05139,0.32066,-0.00000,-0.00000,0.01000,0.00000,26.00,0.00,0.00,0.0000,0.0000,0.7971,0.0000,0,0
2026-08-24 20:02:09.500335,987,franka,0.49238,0.05140,0.32114,-0.00000,-0.00000,0.01000,0.00000,26.00,0.00,0.00,0.0000,0.0000,0.7971,0.0000,0,0
2026-08-24 20:02:09.553802,988,franka,0.49236,0.05142,0.32212,-0.00000,-0.00000,0.01000,0.00000,26.00,0.00,0.00,0.0000,0.0000,0.8114,0.0057,0,0
2026-08-24 20:02:09.607298,989,franka,0.49236,0.05143,0.32261,-0.00000,-0.00000,0.01000,0.00000,26.00,0.00,0.00,0.0000,0.0000,0.8257,0.0000,0,0
2026-08-24 20:02:09.660873,990,franka,0.49235,0.05144,0.32309,-0.00000,-0.00000,0.01000,0.00000,26.00,0.00,0.00,0.0000,0.0000,0.8257,0.0057,0,0
2026-08-24 20:02:09.714449,991,franka,0.49234,0.05143,0.32358,-0.00000,-0.00000,0.01000,0.00000,26.00,0.00,0.00,0.0000,0.0000,0.8286,0.0000,0,0
2026-08-24 20:02:09.768227,992,franka,0.49234,0.05145,0.32407,-0.00000,-0.00000,0.01000,0.00000,26.00,0.00,0.00,0.0000,0.0000,0.8286,0.0000,0,0
2026-08-24 20:02:09.821960,993,franka,0.49233,0.05144,0.32456,-0.00000,-0.00000,0.01000,0.00000,26.00,0.00,0.00,0.0000,0.0000,0.8114,0.0000,0,0
2026-08-24 20:02:09.875566,994,franka,0.49233,0.05144,0.32505,-0.00000,-0.00000,0.01000,0.00000,26.00,0.00,0.00,0.0000,0.0000,0.8114,0.0000,0,0
2026-08-24 20:02:09.929154,995,franka,0.49232,0.05145,0.32556,-0.00000,-0.00000,0.01000,0.00000,26.00,0.00,0.00,0.0000,0.0000,0.7714,0.0000,0,0
2026-08-24 20:02:09.982990,996,franka,0.49232,0.05145,0.32607,-0.00000,-0.00000,0.01000,0.00000,26.00,0.00,0.00,0.0000,0.0000,0.7571,0.0143,0,0
2026-08-24 20:02:10.036896,997,franka,0.49233,0.05145,0.32657,-0.00000,-0.00000,0.01000,0.00000,26.00,0.00,0.00,0.0000,0.0000,0.7571,0.0143,0,0
2026-08-24 20:02:10.090756,998,franka,0.49233,0.05145,0.32707,-0.00000,-0.00000,0.01000,0.00000,26.00,0.00,0.00,0.0000,0.0000,0.7314,0.0343,0,0
2026-08-24 20:02:10.144316,999,franka,0.49233,0.05145,0.32758,-0.00000,-0.00000,0.01000,0.00000,26.00,0.00,0.00,0.0000,0.0000,0.7257,0.0400,0,0
2026-08-24 20:02:10.197849,1000,franka,0.49233,0.05145,0.32807,-0.00000,-0.00000,0.01000,0.00000,26.00,0.00,0.00,0.0000,0.0000,0.7314,0.0486,0,0
2026-08-24 20:02:10.251586,1001,franka,0.49233,0.05145,0.32859,-0.00000,-0.00000,0.01000,0.00000,26.00,0.00,0.00,0.0000,0.0000,0.7257,0.0486,0,0
2026-08-24 20:02:10.305139,1002,franka,0.49233,0.05145,0.32909,-0.00000,-0.00000,0.01000,0.00000,26.00,0.00,0.00,0.0000,0.0000,0.7229,0.0486,0,0
2026-08-24 20:02:10.360388,1003,franka,0.49233,0.05145,0.33009,-0.00000,-0.00000,0.01000,0.00000,26.00,0.00,0.00,0.0000,0.0000,0.7229,0.0543,0,0
2026-08-24 20:02:10.413942,1004,franka,0.49233,0.05145,0.33061,-0.00000,-0.00000,0.01000,0.00000,26.00,0.00,0.00,0.0000,0.0000,0.7286,0.0657,0,0
2026-08-24 20:02:10.467414,1005,franka,0.49233,0.05145,0.33110,-0.00000,-0.00000,0.01000,0.00000,26.00,0.00,0.00,0.0000,0.0000,0.7314,0.0657,0,0
2026-08-24 20:02:10.521491,1006,franka,0.49232,0.05145,0.33161,-0.00000,-0.00000,0.01000,0.00000,26.00,0.00,0.00,0.0000,0.0000,0.7429,0.0657,0,0
2026-08-24 20:02:10.575338,1007,franka,0.49232,0.05145,0.33211,-0.00000,-0.00000,0.01000,0.00000,26.00,0.00,0.00,0.0000,0.0000,0.7371,0.0714,0,0
2026-08-24 20:02:10.628742,1008,franka,0.49232,0.05144,0.33260,-0.00000,-0.00000,0.01000,0.00000,26.00,0.00,0.00,0.0000,0.0000,0.7400,0.0714,0,0
2026-08-24 20:02:10.682431,1009,franka,0.49232,0.05144,0.33310,-0.00000,-0.00000,0.01000,0.00000,26.00,0.00,0.00,0.0000,0.0000,0.7400,0.0686,0,0
2026-08-24 20:02:10.736132,1010,franka,0.49232,0.05145,0.33361,-0.00000,-0.00000,0.01000,0.00000,26.00,0.00,0.00,0.0000,0.0000,0.7343,0.0686,0,0
2026-08-24 20:02:10.789680,1011,franka,0.49232,0.05144,0.33411,-0.00000,-0.00000,0.01000,0.00000,26.00,0.00,0.00,0.0000,0.0000,0.7229,0.0771,0,0
2026-08-24 20:02:10.844005,1012,franka,0.49232,0.05143,0.33461,-0.00000,-0.00000,0.01000,0.00000,26.00,0.00,0.00,0.0000,0.0000,0.7257,0.0771,0,0
2026-08-24 20:02:10.897781,1013,franka,0.49232,0.05143,0.33511,-0.00000,-0.00000,0.01000,0.00000,26.00,0.00,0.00,0.0000,0.0000,0.7314,0.0743,0,0
2026-08-24 20:02:10.951774,1014,franka,0.49232,0.05144,0.33563,-0.00000,-0.00000,0.01000,0.00000,26.00,0.00,0.00,0.0000,0.0000,0.7200,0.0686,0,0
2026-08-24 20:02:11.005472,1015,franka,0.49233,0.05144,0.33613,-0.00000,-0.00000,0.01000,0.00000,26.00,0.00,0.00,0.0000,0.0000,0.7171,0.0686,0,0
2026-08-24 20:02:11.059099,1016,franka,0.49233,0.05145,0.33664,-0.00000,-0.00000,0.01000,0.00000,26.00,0.00,0.00,0.0000,0.0000,0.7000,0.0686,0,0
2026-08-24 20:02:11.112668,1017,franka,0.49233,0.05145,0.33715,-0.00000,-0.00000,0.01000,0.00000,26.00,0.00,0.00,0.0000,0.0000,0.7057,0.0600,0,0
2026-08-24 20:02:11.166378,1018,franka,0.49232,0.05144,0.33815,-0.00000,-0.00000,0.01000,0.00000,26.00,0.00,0.00,0.0000,0.0000,0.7200,0.0600,0,0
2026-08-24 20:02:11.220054,1019,franka,0.49232,0.05144,0.33866,-0.00000,-0.00000,0.01000,0.00000,26.00,0.00,0.00,0.0000,0.0000,0.7143,0.0571,0,0
2026-08-24 20:02:11.274168,1020,franka,0.49232,0.05143,0.33916,-0.00000,-0.00000,0.01000,0.00000,26.00,0.00,0.00,0.0000,-0.0286,0.6886,0.0514,0,0
2026-08-24 20:02:11.327710,1021,franka,0.49232,0.05144,0.33967,-0.00000,-0.00000,0.01000,0.00000,26.00,0.00,0.00,0.0000,-0.0629,0.6371,0.0429,0,0
2026-08-24 20:02:11.381361,1022,franka,0.49232,0.05144,0.34017,-0.00000,-0.00000,0.01000,0.00000,26.00,0.00,0.00,0.0086,-0.0114,0.4286,0.0514,0,0
2026-08-24 20:02:11.435985,1023,franka,0.49232,0.05145,0.34068,-0.00000,-0.00000,0.01000,0.00000,26.00,0.00,0.00,0.0000,0.0000,0.3057,0.0486,0,0
2026-08-24 20:02:11.490629,1024,franka,0.49232,0.05145,0.34119,-0.00000,-0.00000,0.01000,0.00000,26.00,0.00,0.00,0.0000,0.0000,0.2571,0.0686,0,0
2026-08-24 20:02:11.544404,1025,franka,0.49232,0.05144,0.34170,-0.00000,-0.00000,0.01000,0.00000,26.00,0.00,0.00,0.0000,0.0000,0.3971,0.0943,0,0
2026-08-24 20:02:11.598064,1026,franka,0.49232,0.05144,0.34220,-0.00000,-0.00000,0.01000,0.00000,26.00,0.00,0.00,0.0000,0.0000,0.5629,0.1029,0,0
2026-08-24 20:02:11.653091,1027,franka,0.49232,0.05144,0.34270,-0.00000,-0.00000,0.01000,0.00000,26.00,0.00,0.00,0.0000,0.0000,0.5886,0.0857,0,0
2026-08-24 20:02:11.707344,1028,franka,0.49233,0.05144,0.34322,-0.00000,-0.00000,0.01000,0.00000,26.00,0.00,0.00,0.0029,0.0000,0.5200,0.0571,0,0
2026-08-24 20:02:11.760921,1029,franka,0.49233,0.05144,0.34372,-0.00000,-0.00000,0.01000,0.00000,26.00,0.00,0.00,0.0057,0.0000,0.2600,0.0029,0,0
2026-08-24 20:02:11.814946,1030,franka,0.49233,0.05144,0.34422,-0.00000,-0.00000,0.01000,0.00000,26.00,0.00,0.00,0.0000,0.0000,0.1629,0.0000,0,0
2026-08-24 20:02:11.868848,1031,franka,0.49233,0.05144,0.34467,-0.00000,-0.00000,0.00050,0.00000,26.00,0.00,0.00,0.0000,0.0000,0.1171,0.0000,0,0
2026-08-24 20:02:11.922470,1032,franka,0.49233,0.05144,0.34470,-0.00000,-0.00000,0.00000,0.00000,26.00,0.00,0.00,0.0000,0.0000,0.0971,0.0000,0,0
2026-08-24 20:02:11.976439,1033,franka,0.49233,0.05144,0.34469,-0.00000,-0.00000,-0.00000,0.00000,26.00,0.00,0.00,0.0000,0.0000,0.0029,0.0000,0,0
2026-08-24 20:02:12.030697,1034,franka,0.49233,0.05144,0.34471,-0.00000,-0.00000,-0.00000,0.00000,26.00,0.00,0.00,0.0000,0.0000,0.0000,0.0000,0,0
2026-08-24 20:02:12.084361,1035,franka,0.49233,0.05143,0.34469,-0.00000,-0.00000,-0.00000,0.00000,26.00,0.00,0.00,0.0000,0.0000,0.0000,0.0000,0,0
2026-08-24 20:02:12.138764,1036,franka,0.49233,0.05143,0.34470,-0.00000,-0.00000,-0.00000,0.00000,26.00,0.00,0.00,0.0000,0.0000,0.0000,0.0000,0,0
2026-08-24 20:02:12.192799,1037,franka,0.49233,0.05144,0.34470,-0.00000,-0.00000,-0.00000,0.00000,26.00,0.00,0.00,0.0000,0.0000,0.0000,0.0000,0,0
2026-08-24 20:02:12.246533,1038,franka,0.49233,0.05143,0.34470,-0.00000,-0.00000,-0.00000,0.00000,26.00,0.00,0.00,0.0000,0.0000,0.0000,0.0086,0,0
2026-08-24 20:02:12.300175,1039,franka,0.49233,0.05144,0.34470,-0.00000,-0.00000,-0.00000,0.00000,26.00,0.00,0.00,0.0000,0.0000,0.0000,0.0086,0,0
2026-08-24 20:02:12.353915,1040,franka,0.49233,0.05144,0.34470,-0.00000,-0.00000,-0.00000,0.00000,26.00,0.00,0.00,0.0114,0.0000,0.0000,0.0571,0,0
2026-08-24 20:02:12.407459,1041,franka,0.49233,0.05144,0.34470,-0.00000,-0.00000,-0.00000,0.00000,26.00,0.00,0.00,0.0114,0.0000,0.0000,0.0571,0,0
2026-08-24 20:02:12.461197,1042,franka,0.49233,0.05144,0.34470,-0.00000,-0.00000,-0.00000,0.00000,26.00,0.00,0.00,0.0114,0.0000,0.0000,0.0571,0,0
2026-08-24 20:02:12.514910,1043,franka,0.49233,0.05144,0.34470,-0.00000,-0.00000,-0.00000,0.00000,26.00,0.00,0.00,0.0000,0.0000,0.0000,0.0000,0,0
2026-08-24 20:02:12.568582,1044,franka,0.49233,0.05144,0.34470,-0.00000,-0.00068,-0.00000,0.00000,26.00,0.00,0.00,0.0571,-0.4343,0.0000,0.0000,0,0
2026-08-24 20:02:12.622231,1045,franka,0.49234,0.05109,0.34470,-0.00000,-0.01000,-0.00000,0.00000,26.00,0.00,0.00,0.0886,-0.7114,0.0000,-0.0257,0,0
2026-08-24 20:02:12.675813,1046,franka,0.49235,0.05052,0.34472,-0.00000,-0.01000,-0.00000,0.00000,26.00,0.00,0.00,0.1029,-0.7457,0.0000,-0.0171,0,0
2026-08-24 20:02:12.729306,1047,franka,0.49235,0.05002,0.34472,-0.00000,-0.01000,-0.00000,0.00000,26.00,0.00,0.00,0.1000,-0.7629,0.0000,-0.0257,0,0
2026-08-24 20:02:12.782936,1048,franka,0.49235,0.04953,0.34471,-0.00000,-0.01000,-0.00000,0.00000,26.00,0.00,0.00,0.1171,-0.8486,0.0000,-0.0229,0,0
2026-08-24 20:02:12.836469,1049,franka,0.49235,0.04849,0.34472,-0.00000,-0.01000,-0.00000,0.00000,26.00,0.00,0.00,0.1257,-0.8629,0.0000,-0.0171,0,0
2026-08-24 20:02:12.890131,1050,franka,0.49235,0.04799,0.34471,-0.00000,-0.01000,-0.00000,0.00000,26.00,0.00,0.00,0.1086,-0.8086,0.0000,-0.0171,0,0
2026-08-24 20:02:12.943835,1051,franka,0.49235,0.04748,0.34471,-0.00000,-0.01000,-0.00000,0.00000,26.00,0.00,0.00,0.1029,-0.7857,0.0000,-0.0229,0,0
2026-08-24 20:02:12.997348,1052,franka,0.49234,0.04699,0.34471,-0.00000,-0.01000,-0.00000,0.00000,26.00,0.00,0.00,0.0657,-0.7771,0.0000,-0.0714,0,0
2026-08-24 20:02:13.051719,1053,franka,0.49235,0.04647,0.34472,-0.00000,-0.01000,-0.00000,0.00000,26.00,0.00,0.00,0.0657,-0.7829,0.0000,-0.0743,0,0
2026-08-24 20:02:13.105397,1054,franka,0.49235,0.04596,0.34472,-0.00000,-0.01000,-0.00000,0.00000,26.00,0.00,0.00,0.0743,-0.7829,0.0000,-0.0714,0,0
2026-08-24 20:02:13.159480,1055,franka,0.49234,0.04546,0.34472,-0.00000,-0.01000,-0.00000,0.00000,26.00,0.00,0.00,0.0829,-0.7914,0.0000,-0.0629,0,0
2026-08-24 20:02:13.213519,1056,franka,0.49234,0.04495,0.34472,-0.00000,-0.01000,-0.00000,0.00000,26.00,0.00,0.00,0.0800,-0.7943,0.0000,-0.0629,0,0
2026-08-24 20:02:13.268179,1057,franka,0.49235,0.04445,0.34471,-0.00000,-0.01000,-0.00000,0.00000,26.00,0.00,0.00,0.0829,-0.7857,0.0000,-0.0629,0,0
2026-08-24 20:02:13.322683,1058,franka,0.49235,0.04394,0.34472,-0.00000,-0.01000,-0.00000,0.00000,26.00,0.00,0.00,0.0829,-0.7743,0.0000,-0.0543,0,0
2026-08-24 20:02:13.376774,1059,franka,0.49235,0.04344,0.34472,-0.00000,-0.01000,-0.00000,0.00000,26.00,0.00,0.00,0.0771,-0.7600,0.0000,-0.0629,0,0
2026-08-24 20:02:13.430904,1060,franka,0.49235,0.04293,0.34472,-0.00000,-0.01000,-0.00000,0.00000,26.00,0.00,0.00,0.0771,-0.7486,0.0000,-0.0657,0,0
2026-08-24 20:02:13.484408,1061,franka,0.49235,0.04243,0.34472,-0.00000,-0.01000,-0.00000,0.00000,26.00,0.00,0.00,0.0600,-0.7057,0.0000,-0.0686,0,0
2026-08-24 20:02:13.538102,1062,franka,0.49235,0.04192,0.34472,-0.00000,-0.01000,-0.00000,0.00000,26.00,0.00,0.00,0.0600,-0.6971,0.0000,-0.0686,0,0
2026-08-24 20:02:13.592938,1063,franka,0.49235,0.04142,0.34472,-0.00000,-0.01000,-0.00000,0.00000,26.00,0.00,0.00,0.0400,-0.5571,0.0000,-0.0743,0,0
2026-08-24 20:02:13.646502,1064,franka,0.49234,0.04041,0.34471,-0.00000,-0.01000,-0.00000,0.00000,26.00,0.00,0.00,0.0000,-0.3114,0.0000,0.0000,0,0
2026-08-24 20:02:13.700304,1065,franka,0.49235,0.04005,0.34471,-0.00000,-0.00000,-0.00000,0.00000,26.00,0.00,0.00,0.0000,-0.0657,0.0000,0.0000,0,0
2026-08-24 20:02:13.754152,1066,franka,0.49235,0.04003,0.34472,-0.00000,-0.00000,-0.00000,0.00000,26.00,0.00,0.00,0.0000,-0.0657,0.0000,0.0000,0,0
2026-08-24 20:02:13.807917,1067,franka,0.49234,0.04008,0.34471,-0.00000,0.00000,-0.00000,0.00000,26.00,0.00,0.00,0.0000,-0.0657,0.0000,0.0000,0,0
2026-08-24 20:02:13.861602,1068,franka,0.49234,0.04006,0.34472,-0.00000,0.00000,-0.00000,0.00000,26.00,0.00,0.00,0.0000,-0.0657,0.0000,0.0000,0,0
2026-08-24 20:02:13.915375,1069,franka,0.49234,0.04006,0.34472,-0.00000,0.00000,-0.00000,0.00000,26.00,0.00,0.00,0.0000,0.0000,0.0000,0.0000,0,0
2026-08-24 20:02:13.969123,1070,franka,0.49234,0.04006,0.34472,-0.00000,0.00000,-0.00000,0.00000,26.00,0.00,0.00,0.0000,0.0000,0.0000,0.0000,0,0
2026-08-24 20:02:14.022925,1071,franka,0.49234,0.04005,0.34472,-0.00000,0.00000,-0.00000,0.00000,26.00,0.00,0.00,0.0000,0.0000,0.0000,0.0000,0,0
2026-08-24 20:02:14.077131,1072,franka,0.49234,0.04006,0.34472,-0.00000,0.00000,-0.00000,0.00000,26.00,0.00,0.00,0.0000,0.0000,0.0000,0.0000,0,1
2026-08-24 20:02:14.130509,1073,franka,0.49234,0.04005,0.34472,-0.00000,0.00000,-0.00000,0.00000,26.00,0.00,0.00,0.0000,0.0000,0.0000,0.0000,0,1
2026-08-24 20:02:14.184250,1074,franka,0.49234,0.04006,0.34472,-0.00000,0.00000,-0.00000,0.00000,26.00,0.00,0.00,0.0000,0.0000,0.0000,0.0000,0,1
2026-08-24 20:02:14.237915,1075,franka,0.49234,0.04005,0.34472,-0.00000,0.00000,-0.00000,0.00000,26.00,0.00,0.00,0.0000,0.0000,0.0000,0.0000,0,1
2026-08-24 20:02:14.291837,1076,franka,0.49234,0.04006,0.34472,-0.00000,0.00000,-0.00000,0.00000,26.00,0.00,0.00,0.0000,0.0000,0.0000,0.0000,0,1
2026-08-24 20:02:14.345615,1077,franka,0.49234,0.04005,0.34472,-0.00000,0.00000,-0.00000,0.00000,26.00,0.00,0.00,0.0000,0.0000,0.0000,0.0000,0,1
2026-08-24 20:02:14.399378,1078,franka,0.49234,0.04005,0.34472,-0.00000,0.00000,-0.00000,0.00000,26.00,0.00,0.00,0.0000,0.0000,0.0000,0.0000,0,1
2026-08-24 20:02:14.453155,1079,franka,0.49234,0.04006,0.34472,-0.00000,0.00000,-0.00000,0.00000,26.00,0.00,0.00,0.0000,0.0000,0.0000,0.0000,0,1
2026-08-24 20:02:14.506854,1080,franka,0.49234,0.04006,0.34472,-0.00000,0.00000,-0.00000,0.00000,26.00,0.00,0.00,0.0000,0.0000,0.0000,0.0000,0,1
2026-08-24 20:02:14.561113,1081,franka,0.49234,0.04006,0.34472,-0.00000,0.00000,-0.00000,0.00000,26.00,0.00,0.00,0.0000,0.0000,0.0000,0.0000,0,1
2026-08-24 20:02:14.614966,1082,franka,0.49234,0.04005,0.34472,-0.00000,0.00000,-0.00000,0.00000,26.00,0.00,0.00,0.0000,-0.0400,0.0000,-0.0914,0,1
2026-08-24 20:02:14.668549,1083,franka,0.49234,0.04006,0.34472,-0.00000,0.00000,-0.00000,0.00000,26.00,0.00,0.00,0.0000,-0.0400,0.0000,-0.0914,0,1
2026-08-24 20:02:14.722185,1084,franka,0.49234,0.04005,0.34472,-0.00000,0.00000,-0.00000,0.00000,26.00,0.00,0.00,0.0000,-0.0400,0.0000,-0.0914,0,1
2026-08-24 20:02:14.776379,1085,franka,0.49234,0.04005,0.34472,-0.00000,0.00000,-0.00000,0.00000,26.00,0.00,0.00,0.0000,-0.0400,0.0000,-0.0914,0,1
2026-08-24 20:02:14.829886,1086,franka,0.49234,0.04006,0.34472,-0.00000,0.00000,-0.00000,0.00000,26.00,0.00,0.00,0.0000,-0.0400,0.0000,-0.0914,0,1
2026-08-24 20:02:14.883828,1087,franka,0.49234,0.04006,0.34472,-0.00000,0.00000,-0.00000,0.00000,26.00,0.00,0.00,0.0000,-0.0400,0.0000,-0.0914,0,1
2026-08-24 20:02:14.937583,1088,franka,0.49234,0.04005,0.34472,-0.00000,0.00000,-0.00000,0.00000,26.00,0.00,0.00,0.1743,-1.0000,-0.0943,-0.0286,0,1
2026-08-24 20:02:14.993040,1089,franka,0.49235,0.03966,0.34473,-0.00000,-0.02432,-0.00000,0.00000,26.00,0.00,0.00,0.1686,-1.0000,-0.1086,-0.0371,0,1
2026-08-24 20:02:15.041833,1090,franka,0.49233,0.03825,0.34469,-0.00000,-0.03000,-0.00000,0.00000,26.00,0.00,0.00,0.1657,-1.0000,-0.1171,-0.0200,0,1
2026-08-24 20:02:15.096661,1091,franka,0.49235,0.03656,0.34472,-0.00000,-0.03000,-0.00000,0.00000,26.00,0.00,0.00,0.1543,-0.9914,-0.1171,-0.0200,0,1
2026-08-24 20:02:15.151246,1092,franka,0.49235,0.03510,0.34471,-0.00000,-0.03000,-0.00000,0.00000,26.00,0.00,0.00,0.1114,-0.8943,-0.0914,-0.0543,0,1
2026-08-24 20:02:15.206556,1093,franka,0.49234,0.03362,0.34471,-0.00000,-0.03000,-0.00000,0.00000,26.00,0.00,0.00,0.0829,-0.8057,-0.0971,-0.0543,0,1
2026-08-24 20:02:15.255896,1094,franka,0.49234,0.03203,0.34471,-0.00000,-0.03000,-0.00000,0.00000,26.00,0.00,0.00,0.0829,-0.8057,-0.0971,-0.0543,0,1
2026-08-24 20:02:15.311170,1095,franka,0.49234,0.03054,0.34470,-0.00000,-0.03000,-0.00000,0.00000,26.00,0.00,0.00,0.0714,-0.7343,-0.0886,-0.0457,0,1
2026-08-24 20:02:15.360635,1096,franka,0.49235,0.02898,0.34470,-0.00000,-0.03000,-0.00000,0.00000,26.00,0.00,0.00,0.0600,-0.6114,-0.0514,-0.0371,0,1
2026-08-24 20:02:15.414797,1097,franka,0.49234,0.02749,0.34471,-0.00000,-0.03000,-0.00000,0.00000,26.00,0.00,0.00,0.0600,-0.5886,-0.0543,-0.0371,0,1
2026-08-24 20:02:15.468822,1098,franka,0.49234,0.02599,0.34471,-0.00000,-0.03000,-0.00000,0.00000,26.00,0.00,0.00,0.0771,-0.6486,-0.0686,-0.0371,0,1
2026-08-24 20:02:15.522827,1099,franka,0.49235,0.02293,0.34471,-0.00000,-0.03000,-0.00000,0.00000,26.00,0.00,0.00,0.1000,-0.6914,-0.0829,-0.0371,0,1
2026-08-24 20:02:15.576755,1100,franka,0.49234,0.02144,0.34471,-0.00000,-0.03000,-0.00000,0.00000,26.00,0.00,0.00,0.1486,-0.8543,-0.1000,-0.0371,0,1
2026-08-24 20:02:15.630777,1101,franka,0.49234,0.01991,0.34471,-0.00000,-0.03000,-0.00000,0.00000,26.00,0.00,0.00,0.1600,-0.8943,-0.1086,-0.0371,0,1
2026-08-24 20:02:15.685059,1102,franka,0.49234,0.01838,0.34471,-0.00000,-0.03000,-0.00000,0.00000,26.00,0.00,0.00,0.1657,-0.9200,-0.1114,-0.0343,0,1
2026-08-24 20:02:15.739277,1103,franka,0.49235,0.01684,0.34471,-0.00000,-0.03000,-0.00000,0.00000,26.00,0.00,0.00,0.1629,-0.8971,-0.1086,-0.0314,0,1
2026-08-24 20:02:15.793401,1104,franka,0.49235,0.01535,0.34472,-0.00000,-0.03000,-0.00000,0.00000,26.00,0.00,0.00,0.1600,-0.9171,-0.0971,-0.0286,0,1
2026-08-24 20:02:15.847314,1105,franka,0.49235,0.01383,0.34472,-0.00000,-0.03000,-0.00000,0.00000,26.00,0.00,0.00,0.1657,-0.9171,-0.0657,-0.0171,0,1
2026-08-24 20:02:15.901551,1106,franka,0.49235,0.01233,0.34472,-0.00000,-0.03000,-0.00000,0.00000,26.00,0.00,0.00,0.1743,-0.8943,-0.0486,-0.0114,0,1
2026-08-24 20:02:15.955977,1107,franka,0.49235,0.01079,0.34472,-0.00000,-0.03000,-0.00000,0.00000,26.00,0.00,0.00,0.1600,-0.8371,-0.0486,-0.0114,0,1
2026-08-24 20:02:16.010123,1108,franka,0.49235,0.00928,0.34472,-0.00000,-0.03000,-0.00000,0.00000,26.00,0.00,0.00,0.1600,-0.8200,-0.0486,-0.0114,0,1
2026-08-24 20:02:16.064543,1109,franka,0.49235,0.00776,0.34471,-0.00000,-0.03000,-0.00000,0.00000,26.00,0.00,0.00,0.1486,-0.8057,-0.0457,-0.0257,0,1
2026-08-24 20:02:16.119369,1110,franka,0.49235,0.00627,0.34471,-0.00000,-0.03000,-0.00000,0.00000,26.00,0.00,0.00,0.1657,-0.8371,-0.0486,-0.0171,0,1
2026-08-24 20:02:16.173415,1111,franka,0.49235,0.00473,0.34472,-0.00000,-0.03000,-0.00000,0.00000,26.00,0.00,0.00,0.1829,-0.8800,-0.0514,0.0000,0,1
2026-08-24 20:02:16.227507,1112,franka,0.49235,0.00323,0.34471,-0.00000,-0.03000,-0.00000,0.00000,26.00,0.00,0.00,0.1829,-0.8886,-0.0629,0.0000,0,1
2026-08-24 20:02:16.281750,1113,franka,0.49235,0.00021,0.34472,-0.00000,-0.03000,-0.00000,0.00000,26.00,0.00,0.00,0.1829,-0.9000,-0.0629,0.0000,0,1
2026-08-24 20:02:16.336026,1114,franka,0.49235,-0.00129,0.34472,-0.00000,-0.03000,-0.00000,0.00000,26.00,0.00,0.00,0.1800,-0.8686,-0.0657,0.0000,0,1
2026-08-24 20:02:16.390084,1115,franka,0.49235,-0.00284,0.34472,-0.00000,-0.03000,-0.00000,0.00000,26.00,0.00,0.00,0.1800,-0.8686,-0.0657,0.0000,0,1
2026-08-24 20:02:16.444496,1116,franka,0.49234,-0.00434,0.34472,-0.00000,-0.03000,-0.00000,0.00000,26.00,0.00,0.00,0.1800,-0.8543,-0.0657,0.0000,0,1
2026-08-24 20:02:16.498929,1117,franka,0.49234,-0.00583,0.34472,-0.00000,-0.03000,-0.00000,0.00000,26.00,0.00,0.00,0.1743,-0.8457,-0.0657,0.0000,0,1
2026-08-24 20:02:16.553090,1118,franka,0.49233,-0.00736,0.34472,-0.00000,-0.03000,-0.00000,0.00000,26.00,0.00,0.00,0.1714,-0.8400,-0.0600,0.0000,0,1
2026-08-24 20:02:16.607391,1119,franka,0.49232,-0.00889,0.34472,-0.00000,-0.03000,-0.00000,0.00000,26.00,0.00,0.00,0.1714,-0.8400,-0.0600,0.0000,0,1
2026-08-24 20:02:16.661537,1120,franka,0.49232,-0.01039,0.34472,-0.00000,-0.03000,-0.00000,0.00000,26.00,0.00,0.00,0.1714,-0.8400,-0.0600,0.0000,0,1
2026-08-24 20:02:16.715505,1121,franka,0.49232,-0.01191,0.34472,-0.00000,-0.03000,-0.00000,0.00000,26.00,0.00,0.00,0.1714,-0.8400,-0.0600,0.0000,0,1
2026-08-24 20:02:16.770642,1122,franka,0.49231,-0.01341,0.34472,-0.00000,-0.03000,-0.00000,0.00000,26.00,0.00,0.00,0.1714,-0.8400,-0.0600,0.0000,0,1
2026-08-24 20:02:16.819988,1123,franka,0.49231,-0.01495,0.34472,-0.00000,-0.03000,-0.00000,0.00000,26.00,0.00,0.00,0.1714,-0.8400,-0.0600,0.0000,0,1
2026-08-24 20:02:16.870182,1124,franka,0.49231,-0.01646,0.34472,-0.00000,-0.03000,-0.00000,0.00000,26.00,0.00,0.00,0.1714,-0.8400,-0.0600,0.0000,0,1
2026-08-24 20:02:16.924384,1125,franka,0.49231,-0.01795,0.34472,-0.00000,-0.03000,-0.00000,0.00000,26.00,0.00,0.00,0.1714,-0.8400,-0.0600,0.0000,0,1
2026-08-24 20:02:16.979047,1126,franka,0.49231,-0.01944,0.34472,-0.00000,-0.03000,-0.00000,0.00000,26.00,0.00,0.00,0.1714,-0.8400,-0.0600,0.0000,0,1
2026-08-24 20:02:17.034381,1127,franka,0.49231,-0.02098,0.34472,-0.00000,-0.03000,-0.00000,0.00000,26.00,0.00,0.00,0.1714,-0.8400,-0.0600,0.0000,0,1
2026-08-24 20:02:17.083695,1128,franka,0.49231,-0.02251,0.34472,-0.00000,-0.03000,-0.00000,0.00000,26.00,0.00,0.00,0.1714,-0.8400,-0.0600,0.0000,0,1
2026-08-24 20:02:17.136434,1129,franka,0.49231,-0.02553,0.34472,-0.00000,-0.03000,-0.00000,0.00000,26.00,0.00,0.00,0.1714,-0.8400,-0.0600,0.0000,0,1
2026-08-24 20:02:17.190922,1130,franka,0.49231,-0.02703,0.34472,-0.00000,-0.03000,-0.00000,0.00000,26.00,0.00,0.00,0.1714,-0.8400,-0.0600,0.0000,0,1
2026-08-24 20:02:17.245084,1131,franka,0.49230,-0.02854,0.34471,-0.00000,-0.03000,-0.00000,0.00000,26.00,0.00,0.00,0.1714,-0.8400,-0.0600,0.0000,0,1
2026-08-24 20:02:17.299149,1132,franka,0.49231,-0.03007,0.34472,-0.00000,-0.03000,-0.00000,0.00000,26.00,0.00,0.00,0.1714,-0.8400,-0.0600,0.0000,0,1
2026-08-24 20:02:17.349808,1133,franka,0.49231,-0.03156,0.34472,-0.00000,-0.03000,-0.00000,0.00000,26.00,0.00,0.00,0.1714,-0.8400,-0.0600,0.0000,0,1
2026-08-24 20:02:17.403805,1134,franka,0.49230,-0.03309,0.34472,-0.00000,-0.03000,-0.00000,0.00000,26.00,0.00,0.00,0.1714,-0.8400,-0.0600,0.0000,0,1
2026-08-24 20:02:17.457813,1135,franka,0.49230,-0.03460,0.34472,-0.00000,-0.03000,-0.00000,0.00000,26.00,0.00,0.00,0.1571,-0.7743,-0.0543,0.0000,0,1
2026-08-24 20:02:17.511952,1136,franka,0.49230,-0.03609,0.34472,-0.00000,-0.03000,-0.00000,0.00000,26.00,0.00,0.00,0.1571,-0.7743,-0.0543,0.0000,0,1
2026-08-24 20:02:17.566083,1137,franka,0.49230,-0.03758,0.34472,-0.00000,-0.03000,-0.00000,0.00000,26.00,0.00,0.00,0.1571,-0.7743,-0.0543,0.0000,0,1
2026-08-24 20:02:17.616747,1138,franka,0.49230,-0.03908,0.34472,-0.00000,-0.03000,-0.00000,0.00000,26.00,0.00,0.00,0.1571,-0.7743,-0.0543,0.0000,0,1
2026-08-24 20:02:17.670793,1139,franka,0.49230,-0.04059,0.34471,-0.00000,-0.03000,-0.00000,0.00000,26.00,0.00,0.00,0.1571,-0.7743,-0.0543,0.0000,0,1
2026-08-24 20:02:17.722347,1140,franka,0.49230,-0.04213,0.34472,-0.00000,-0.03000,-0.00000,0.00000,26.00,0.00,0.00,0.1571,-0.7743,-0.0543,0.0000,0,1
2026-08-24 20:02:17.776146,1141,franka,0.49231,-0.04362,0.34473,-0.00000,-0.03000,-0.00000,0.00000,26.00,0.00,0.00,0.1571,-0.7743,-0.0543,0.0000,0,1
2026-08-24 20:02:17.830391,1142,franka,0.49230,-0.04514,0.34472,-0.00000,-0.03000,-0.00000,0.00000,26.00,0.00,0.00,0.1571,-0.7743,-0.0543,0.0000,0,1
2026-08-24 20:02:17.884852,1143,franka,0.49230,-0.04668,0.34472,-0.00000,-0.03000,-0.00000,0.00000,26.00,0.00,0.00,0.1571,-0.7743,-0.0543,0.0000,0,1
2026-08-24 20:02:17.939360,1144,franka,0.49231,-0.04821,0.34473,-0.00000,-0.03000,-0.00000,0.00000,26.00,0.00,0.00,0.1571,-0.7743,-0.0543,0.0000,0,1
2026-08-24 20:02:17.992981,1145,franka,0.49231,-0.05123,0.34473,-0.00000,-0.03000,-0.00000,0.00000,26.00,0.00,0.00,0.1571,-0.7743,-0.0543,0.0000,0,1
2026-08-24 20:02:18.047206,1146,franka,0.49231,-0.05273,0.34473,-0.00000,-0.03000,-0.00000,0.00000,26.00,0.00,0.00,0.1571,-0.7743,-0.0543,0.0000,0,1
2026-08-24 20:02:18.101383,1147,franka,0.49231,-0.05425,0.34473,-0.00000,-0.03000,-0.00000,0.00000,26.00,0.00,0.00,0.1571,-0.7743,-0.0543,0.0000,0,1
2026-08-24 20:02:18.155447,1148,franka,0.49231,-0.05578,0.34473,-0.00000,-0.03000,-0.00000,0.00000,26.00,0.00,0.00,0.1571,-0.7743,-0.0543,0.0000,0,1
2026-08-24 20:02:18.209310,1149,franka,0.49231,-0.05730,0.34473,-0.00000,-0.03000,-0.00000,0.00000,26.00,0.00,0.00,0.1571,-0.7743,-0.0543,0.0000,0,1
2026-08-24 20:02:18.263539,1150,franka,0.49231,-0.05882,0.34473,-0.00000,-0.03000,-0.00000,0.00000,26.00,0.00,0.00,0.1571,-0.7743,-0.0543,0.0000,0,1
2026-08-24 20:02:18.317517,1151,franka,0.49231,-0.06033,0.34473,-0.00000,-0.03000,-0.00000,0.00000,26.00,0.00,0.00,0.1571,-0.7743,-0.0543,0.0000,0,1
2026-08-24 20:02:18.371399,1152,franka,0.49231,-0.06183,0.34473,-0.00000,-0.03000,-0.00000,0.00000,26.00,0.00,0.00,0.1571,-0.7743,-0.0543,0.0000,0,1
2026-08-24 20:02:18.425437,1153,franka,0.49231,-0.06336,0.34473,-0.00000,-0.03000,-0.00000,0.00000,26.00,0.00,0.00,0.1571,-0.7743,-0.0543,0.0000,0,1
2026-08-24 20:02:18.479439,1154,franka,0.49231,-0.06485,0.34473,-0.00000,-0.03000,-0.00000,0.00000,26.00,0.00,0.00,0.1571,-0.7743,-0.0543,0.0000,0,1
2026-08-24 20:02:18.533277,1155,franka,0.49231,-0.06639,0.34473,-0.00000,-0.03000,-0.00000,0.00000,26.00,0.00,0.00,0.1571,-0.7743,-0.0543,0.0000,0,1
2026-08-24 20:02:18.587155,1156,franka,0.49231,-0.06790,0.34473,-0.00000,-0.03000,-0.00000,0.00000,26.00,0.00,0.00,0.1571,-0.7743,-0.0543,0.0000,0,1
2026-08-24 20:02:18.641251,1157,franka,0.49231,-0.06942,0.34473,-0.00000,-0.03000,-0.00000,0.00000,26.00,0.00,0.00,0.1571,-0.7743,-0.0543,0.0000,0,1
2026-08-24 20:02:18.695233,1158,franka,0.49230,-0.07091,0.34472,-0.00000,-0.03000,-0.00000,0.00000,26.00,0.00,0.00,0.1571,-0.7743,-0.0543,0.0000,0,1
2026-08-24 20:02:18.749111,1159,franka,0.49230,-0.07244,0.34471,-0.00000,-0.03000,-0.00000,0.00000,26.00,0.00,0.00,0.1571,-0.7743,-0.0543,0.0000,0,1
2026-08-24 20:02:18.803915,1160,franka,0.49230,-0.07545,0.34472,-0.00000,-0.03000,-0.00000,0.00000,26.00,0.00,0.00,0.1571,-0.7743,-0.0543,0.0000,0,1
2026-08-24 20:02:18.858124,1161,franka,0.49230,-0.07694,0.34472,-0.00000,-0.03000,-0.00000,0.00000,26.00,0.00,0.00,0.1571,-0.7743,-0.0543,0.0000,0,1
2026-08-24 20:02:18.912206,1162,franka,0.49231,-0.07847,0.34472,-0.00000,-0.03000,-0.00000,0.00000,26.00,0.00,0.00,0.1571,-0.7743,-0.0543,0.0000,0,1
2026-08-24 20:02:18.966367,1163,franka,0.49231,-0.07998,0.34473,-0.00000,-0.03000,-0.00000,0.00000,26.00,0.00,0.00,0.1571,-0.7743,-0.0543,0.0000,0,1
2026-08-24 20:02:19.020406,1164,franka,0.49231,-0.08152,0.34474,-0.00000,-0.03000,-0.00000,0.00000,26.00,0.00,0.00,0.0000,0.0000,0.0000,0.0000,0,1
2026-08-24 20:02:19.074640,1165,franka,0.49232,-0.08295,0.34474,-0.00000,-0.02323,-0.00000,0.00000,26.00,0.00,0.00,0.0000,0.0000,0.0000,0.0000,0,1
2026-08-24 20:02:19.128759,1166,franka,0.49230,-0.08352,0.34473,-0.00000,-0.00000,-0.00000,0.00000,26.00,0.00,0.00,0.0000,0.0000,0.0000,0.0000,0,1
2026-08-24 20:02:19.183274,1167,franka,0.49232,-0.08342,0.34473,-0.00000,-0.00000,-0.00000,0.00000,26.00,0.00,0.00,0.0000,0.0000,0.0000,0.0000,0,1
2026-08-24 20:02:19.237459,1168,franka,0.49232,-0.08340,0.34473,-0.00000,-0.00000,-0.00000,0.00000,26.00,0.00,0.00,0.0000,0.0000,0.0000,0.0000,0,1
2026-08-24 20:02:19.291762,1169,franka,0.49231,-0.08348,0.34472,-0.00000,-0.00000,-0.00000,0.00000,26.00,0.00,0.00,0.0000,0.0000,0.0000,0.0000,0,1
2026-08-24 20:02:19.345823,1170,franka,0.49232,-0.08343,0.34474,-0.00000,-0.00000,-0.00000,0.00000,26.00,0.00,0.00,0.0000,0.0000,0.0000,0.0000,0,1
2026-08-24 20:02:19.399924,1171,franka,0.49232,-0.08343,0.34473,-0.00000,-0.00000,-0.00000,0.00000,26.00,0.00,0.00,0.0000,0.0000,0.0000,0.0000,0,1
2026-08-24 20:02:19.454281,1172,franka,0.49232,-0.08345,0.34473,-0.00000,-0.00000,-0.00000,0.00000,26.00,0.00,0.00,0.0000,0.0000,0.0000,0.0000,0,1
2026-08-24 20:02:19.508357,1173,franka,0.49232,-0.08345,0.34473,-0.00000,-0.00000,-0.00000,0.00000,26.00,0.00,0.00,0.0000,0.0000,0.0000,0.0000,0,1
2026-08-24 20:02:19.562484,1174,franka,0.49232,-0.08344,0.34473,-0.00000,-0.00000,-0.00000,0.00000,26.00,0.00,0.00,0.0000,0.0000,0.0000,0.0000,0,1
2026-08-24 20:02:19.617607,1175,franka,0.49232,-0.08345,0.34473,-0.00000,-0.00000,-0.00000,0.00000,26.00,0.00,0.00,0.0000,0.0000,0.0000,0.0000,0,1
2026-08-24 20:02:19.666610,1176,franka,0.49232,-0.08344,0.34473,-0.00000,-0.00000,-0.00000,0.00000,26.00,0.00,0.00,0.0000,0.0000,0.0000,0.0000,0,1
2026-08-24 20:02:19.720757,1177,franka,0.49232,-0.08344,0.34473,-0.00000,-0.00000,-0.00000,0.00000,26.00,0.00,0.00,0.0000,0.0000,0.0000,0.0000,0,1
2026-08-24 20:02:19.774702,1178,franka,0.49232,-0.08344,0.34473,-0.00000,-0.00000,-0.00000,0.00000,26.00,0.00,0.00,0.0000,0.0000,0.0000,0.0000,0,1
2026-08-24 20:02:19.828752,1179,franka,0.49232,-0.08344,0.34473,-0.00000,-0.00000,-0.00000,0.00000,26.00,0.00,0.00,0.0000,0.0000,0.0000,0.0000,0,1
2026-08-24 20:02:19.883177,1180,franka,0.49232,-0.08344,0.34473,-0.00000,-0.00000,-0.00000,0.00000,26.00,0.00,0.00,0.0000,0.0000,0.0000,0.0000,0,1
2026-08-24 20:02:19.938277,1181,franka,0.49232,-0.08344,0.34473,-0.00000,-0.00000,-0.00000,0.00000,26.00,0.00,0.00,0.0000,0.0000,0.0000,0.0000,0,1
2026-08-24 20:02:19.988441,1182,franka,0.49232,-0.08345,0.34473,-0.00000,-0.00000,-0.00000,0.00000,26.00,0.00,0.00,0.0000,0.0000,0.0000,0.0000,0,1
2026-08-24 20:02:20.037580,1183,franka,0.49232,-0.08344,0.34473,-0.00000,-0.00000,-0.00000,0.00000,26.00,0.00,0.00,0.0000,0.0000,0.0000,0.0000,0,1
2026-08-24 20:02:20.092906,1184,franka,0.49232,-0.08344,0.34473,-0.00000,-0.00000,-0.00000,0.00000,26.00,0.00,0.00,0.0000,0.0000,0.0000,0.0000,0,1
2026-08-24 20:02:20.141756,1185,franka,0.49232,-0.08344,0.34473,-0.00000,-0.00000,-0.00000,0.00000,26.00,0.00,0.00,0.0000,0.0000,0.0000,0.0000,0,1
2026-08-24 20:02:20.195781,1186,franka,0.49232,-0.08344,0.34473,-0.00000,-0.00000,-0.00000,0.00000,26.00,0.00,0.00,0.0000,0.0000,0.0000,0.0000,0,1
2026-08-24 20:02:20.249870,1187,franka,0.49232,-0.08344,0.34473,-0.00000,-0.00000,-0.00000,0.00000,26.00,0.00,0.00,0.0000,0.0000,1.0000,0.0086,0,1
2026-08-24 20:02:20.304383,1188,franka,0.49232,-0.08344,0.34485,-0.00000,-0.00000,0.01392,0.00000,26.00,0.00,0.00,0.0000,0.0000,1.0000,0.0086,0,1
2026-08-24 20:02:20.358476,1189,franka,0.49233,-0.08341,0.34610,-0.00000,-0.00000,0.03000,0.00000,26.00,0.00,0.00,0.0000,0.0000,1.0000,0.0086,0,1
2026-08-24 20:02:20.412587,1190,franka,0.49233,-0.08342,0.34768,-0.00000,-0.00000,0.03000,0.00000,26.00,0.00,0.00,0.0000,0.0000,1.0000,0.0086,0,1
2026-08-24 20:02:20.466937,1191,franka,0.49232,-0.08342,0.35064,-0.00000,-0.00000,0.03000,0.00000,26.00,0.00,0.00,0.0000,0.0000,1.0000,0.0086,0,1
2026-08-24 20:02:20.521049,1192,franka,0.49233,-0.08340,0.35216,-0.00000,-0.00000,0.03000,0.00000,26.00,0.00,0.00,0.0000,0.0000,1.0000,0.0086,0,1
2026-08-24 20:02:20.575065,1193,franka,0.49234,-0.08342,0.35376,-0.00000,-0.00000,0.03000,0.00000,26.00,0.00,0.00,0.0000,0.0000,1.0000,0.0086,0,1
2026-08-24 20:02:20.628865,1194,franka,0.49232,-0.08341,0.35520,-0.00000,-0.00000,0.03000,0.00000,26.00,0.00,0.00,0.0000,0.0000,1.0000,0.0086,0,1
2026-08-24 20:02:20.683197,1195,franka,0.49232,-0.08341,0.35673,-0.00000,-0.00000,0.03000,0.00000,26.00,0.00,0.00,0.0000,0.0000,1.0000,0.0571,0,1
2026-08-24 20:02:20.737079,1196,franka,0.49233,-0.08342,0.35827,-0.00000,-0.00000,0.03000,0.00000,26.00,0.00,0.00,0.0000,0.0000,0.5800,0.0857,0,1
2026-08-24 20:02:20.790965,1197,franka,0.49233,-0.08343,0.35981,-0.00000,-0.00000,0.03000,0.00000,26.00,0.00,0.00,0.0000,0.0000,0.5800,0.0857,0,1
2026-08-24 20:02:20.845452,1198,franka,0.49232,-0.08341,0.36126,-0.00000,-0.00000,0.03000,0.00000,26.00,0.00,0.00,0.0000,0.0000,0.5800,0.0857,0,1
2026-08-24 20:02:20.899310,1199,franka,0.49233,-0.08342,0.36279,-0.00000,-0.00000,0.03000,0.00000,26.00,0.00,0.00,0.0000,0.0657,0.9286,0.0657,0,1
2026-08-24 20:02:20.953184,1200,franka,0.49233,-0.08342,0.36429,-0.00000,-0.00000,0.03000,0.00000,26.00,0.00,0.00,0.0000,0.0657,0.9286,0.0657,0,1
2026-08-24 20:02:21.007099,1201,franka,0.49233,-0.08341,0.36578,-0.00000,-0.00000,0.03000,0.00000,26.00,0.00,0.00,0.0000,0.0829,0.9571,0.0657,0,1
2026-08-24 20:02:21.061121,1202,franka,0.49233,-0.08342,0.36727,-0.00000,-0.00000,0.03000,0.00000,26.00,0.00,0.00,0.0000,0.0857,0.9514,0.0600,0,1
2026-08-24 20:02:21.115142,1203,franka,0.49233,-0.08342,0.36882,-0.00000,-0.00000,0.03000,0.00000,26.00,0.00,0.00,0.0000,0.0886,0.9514,0.0600,0,1
2026-08-24 20:02:21.169179,1204,franka,0.49232,-0.08342,0.37029,-0.00000,-0.00000,0.03000,0.00000,26.00,0.00,0.00,0.0000,0.0914,0.9600,0.0657,0,1
2026-08-24 20:02:21.223811,1205,franka,0.49233,-0.08342,0.37332,-0.00000,-0.00000,0.03000,0.00000,26.00,0.00,0.00,0.0000,0.0857,0.9686,0.0743,0,1
2026-08-24 20:02:21.277585,1206,franka,0.49233,-0.08342,0.37483,-0.00000,-0.00000,0.03000,0.00000,26.00,0.00,0.00,0.0000,0.0629,0.9686,0.0743,0,1
2026-08-24 20:02:21.331961,1207,franka,0.49233,-0.08341,0.37632,-0.00000,-0.00000,0.03000,0.00000,26.00,0.00,0.00,0.0000,0.0629,0.9657,0.0743,0,1
2026-08-24 20:02:21.386344,1208,franka,0.49232,-0.08341,0.37785,-0.00000,-0.00000,0.03000,0.00000,26.00,0.00,0.00,0.0000,0.0600,0.9600,0.0857,0,1
2026-08-24 20:02:21.440704,1209,franka,0.49233,-0.08342,0.37938,-0.00000,-0.00000,0.03000,0.00000,26.00,0.00,0.00,0.0000,0.0429,0.9629,0.0714,0,1
2026-08-24 20:02:21.494664,1210,franka,0.49233,-0.08342,0.38086,-0.00000,-0.00000,0.03000,0.00000,26.00,0.00,0.00,0.0000,0.0400,0.9629,0.0743,0,1
2026-08-24 20:02:21.548584,1211,franka,0.49233,-0.08342,0.38238,-0.00000,-0.00000,0.03000,0.00000,26.00,0.00,0.00,0.0000,0.0457,0.9543,0.0657,0,1
2026-08-24 20:02:21.602627,1212,franka,0.49232,-0.08342,0.38391,-0.00000,-0.00000,0.03000,0.00000,26.00,0.00,0.00,0.0000,0.0371,0.9486,0.0743,0,1
2026-08-24 20:02:21.657915,1213,franka,0.49233,-0.08342,0.38543,-0.00000,-0.00000,0.03000,0.00000,26.00,0.00,0.00,0.0000,0.0371,0.9457,0.0743,0,1
2026-08-24 20:02:21.707232,1214,franka,0.49233,-0.08341,0.38693,-0.00000,-0.00000,0.03000,0.00000,26.00,0.00,0.00,0.0000,0.0400,0.9314,0.0743,0,1
2026-08-24 20:02:21.761388,1215,franka,0.49233,-0.08341,0.38845,-0.00000,-0.00000,0.03000,0.00000,26.00,0.00,0.00,0.0000,0.0314,0.9171,0.0743,0,1
2026-08-24 20:02:21.815405,1216,franka,0.49233,-0.08341,0.38997,-0.00000,-0.00000,0.03000,0.00000,26.00,0.00,0.00,0.0000,0.0286,0.9114,0.0457,0,1
2026-08-24 20:02:21.870136,1217,franka,0.49233,-0.08341,0.39148,-0.00000,-0.00000,0.03000,0.00000,26.00,0.00,0.00,0.0000,0.0057,0.8886,0.0114,0,1
2026-08-24 20:02:21.920108,1218,franka,0.49233,-0.08342,0.39301,-0.00000,-0.00000,0.03000,0.00000,26.00,0.00,0.00,0.0000,0.0086,0.9000,0.0114,0,1
2026-08-24 20:02:21.974144,1219,franka,0.49233,-0.08342,0.39450,-0.00000,-0.00000,0.03000,0.00000,26.00,0.00,0.00,0.0000,0.0000,0.8943,0.0114,0,1
2026-08-24 20:02:22.028148,1220,franka,0.49232,-0.08342,0.39602,-0.00000,-0.00000,0.03000,0.00000,26.00,0.00,0.00,0.0000,0.0000,0.8914,0.0114,0,1
2026-08-24 20:02:22.082363,1221,franka,0.49234,-0.08342,0.39905,-0.00000,-0.00000,0.03000,0.00000,26.00,0.00,0.00,0.0000,0.0086,0.8914,0.0000,0,1
2026-08-24 20:02:22.136283,1222,franka,0.49233,-0.08341,0.40053,-0.00000,-0.00000,0.03000,0.00000,26.00,0.00,0.00,0.0000,0.0114,0.8714,0.0000,0,1
2026-08-24 20:02:22.190400,1223,franka,0.49233,-0.08342,0.40202,-0.00000,-0.00000,0.03000,0.00000,26.00,0.00,0.00,0.0000,0.0200,0.8571,0.0000,0,1
2026-08-24 20:02:22.244895,1224,franka,0.49233,-0.08341,0.40357,-0.00000,-0.00000,0.03000,0.00000,26.00,0.00,0.00,0.0000,0.0143,0.8371,0.0000,0,1
2026-08-24 20:02:22.299886,1225,franka,0.49234,-0.08342,0.40508,-0.00000,-0.00000,0.03000,0.00000,26.00,0.00,0.00,0.0000,0.0229,0.8486,0.0114,0,1
2026-08-24 20:02:22.353635,1226,franka,0.49233,-0.08342,0.40655,-0.00000,-0.00000,0.03000,0.00000,26.00,0.00,0.00,0.0000,0.0200,0.8400,0.0171,0,1
2026-08-24 20:02:22.407498,1227,franka,0.49233,-0.08342,0.40807,-0.00000,-0.00000,0.03000,0.00000,26.00,0.00,0.00,0.0000,0.0229,0.8429,0.0200,0,1
2026-08-24 20:02:22.461524,1228,franka,0.49233,-0.08342,0.40959,-0.00000,-0.00000,0.03000,0.00000,26.00,0.00,0.00,0.0000,0.0229,0.8429,0.0200,0,1
2026-08-24 20:02:22.515655,1229,franka,0.49234,-0.08342,0.41110,-0.00000,-0.00000,0.03000,0.00000,26.00,0.00,0.00,0.0000,0.0257,0.8457,0.0200,0,1
2026-08-24 20:02:22.569832,1230,franka,0.49233,-0.08342,0.41257,-0.00000,-0.00000,0.03000,0.00000,26.00,0.00,0.00,0.0000,0.0229,0.8257,0.0171,0,1
2026-08-24 20:02:22.624008,1231,franka,0.49233,-0.08341,0.41408,-0.00000,-0.00000,0.03000,0.00000,26.00,0.00,0.00,0.0000,0.0286,0.8000,0.0114,0,1
2026-08-24 20:02:22.678089,1232,franka,0.49234,-0.08342,0.41564,-0.00000,-0.00000,0.03000,0.00000,26.00,0.00,0.00,0.0000,0.0343,0.7686,0.0114,0,1
2026-08-24 20:02:22.731954,1233,franka,0.49233,-0.08342,0.41713,-0.00000,-0.00000,0.03000,0.00000,26.00,0.00,0.00,0.0000,0.0343,0.7486,0.0057,0,1
2026-08-24 20:02:22.785959,1234,franka,0.49232,-0.08342,0.42013,-0.00000,-0.00000,0.03000,0.00000,26.00,0.00,0.00,0.0000,0.0314,0.7514,0.0057,0,1
2026-08-24 20:02:22.840506,1235,franka,0.49234,-0.08342,0.42167,-0.00000,-0.00000,0.03000,0.00000,26.00,0.00,0.00,0.0000,0.0371,0.7543,0.0057,0,1
2026-08-24 20:02:22.894862,1236,franka,0.49234,-0.08342,0.42319,-0.00000,-0.00000,0.03000,0.00000,26.00,0.00,0.00,0.0000,0.0400,0.7371,0.0171,0,1
2026-08-24 20:02:22.948882,1237,franka,0.49233,-0.08341,0.42466,-0.00000,-0.00000,0.03000,0.00000,26.00,0.00,0.00,0.0000,0.0343,0.6029,0.0371,0,1
2026-08-24 20:02:23.002800,1238,franka,0.49233,-0.08341,0.42617,-0.00000,-0.00000,0.03000,0.00000,26.00,0.00,0.00,0.0000,0.0114,0.4829,0.0171,0,1
2026-08-24 20:02:23.057018,1239,franka,0.49234,-0.08341,0.42769,-0.00000,-0.00000,0.03000,0.00000,26.00,0.00,0.00,0.0000,0.0000,0.2600,0.0000,0,1
2026-08-24 20:02:23.111345,1240,franka,0.49233,-0.08341,0.42918,-0.00000,-0.00000,0.02517,0.00000,26.00,0.00,0.00,0.0000,0.0000,0.1971,0.0000,0,1
2026-08-24 20:02:23.165828,1241,franka,0.49233,-0.08342,0.42974,-0.00000,-0.00000,0.00000,0.00000,26.00,0.00,0.00,0.0000,0.0000,0.1971,0.0000,0,1
2026-08-24 20:02:23.219901,1242,franka,0.49233,-0.08343,0.42972,-0.00000,-0.00000,0.00000,0.00000,26.00,0.00,0.00,0.0000,0.0000,0.1971,0.0000,0,1
2026-08-24 20:02:23.273958,1243,franka,0.49234,-0.08342,0.42973,-0.00000,-0.00000,0.00000,0.00000,26.00,0.00,0.00,0.0000,0.0000,0.1029,0.0000,0,1
2026-08-24 20:02:23.328747,1244,franka,0.49233,-0.08342,0.42973,-0.00000,-0.00000,0.00000,0.00000,26.00,0.00,0.00,0.0000,0.0829,0.0000,0.0000,0,1
2026-08-24 20:02:23.382685,1245,franka,0.49233,-0.08343,0.42975,-0.00000,-0.00000,0.00000,0.00000,26.00,0.00,0.00,0.0000,0.3286,0.0000,0.0000,0,1
2026-08-24 20:02:23.436704,1246,franka,0.49235,-0.08332,0.42974,-0.00000,0.01197,0.00000,0.00000,26.00,0.00,0.00,-0.0371,0.6371,-0.0257,0.0286,0,1
2026-08-24 20:02:23.491033,1247,franka,0.49236,-0.08063,0.42978,-0.00000,0.03000,0.00000,0.00000,26.00,0.00,0.00,-0.0600,0.9829,-0.1714,0.0486,0,1
2026-08-24 20:02:23.545290,1248,franka,0.49236,-0.07909,0.42977,-0.00000,0.03000,0.00000,0.00000,26.00,0.00,0.00,-0.0743,1.0000,-0.2029,0.0543,0,1
2026-08-24 20:02:23.599326,1249,franka,0.49233,-0.07775,0.42963,-0.00000,0.02506,-0.01197,0.00000,26.00,0.00,0.00,-0.1029,1.0000,-0.2571,0.0371,0,1
2026-08-24 20:02:23.653288,1250,franka,0.49234,-0.07651,0.42870,-0.00000,0.02121,-0.02121,0.00000,26.00,0.00,0.00,-0.1029,1.0000,-0.2771,0.0257,0,1
2026-08-24 20:02:23.707190,1251,franka,0.49234,-0.07545,0.42760,-0.00000,0.02121,-0.02121,0.00000,26.00,0.00,0.00,-0.1029,1.0000,-0.2771,0.0257,0,1
2026-08-24 20:02:23.761192,1252,franka,0.49233,-0.07442,0.42647,-0.00000,0.02121,-0.02121,0.00000,26.00,0.00,0.00,-0.1029,1.0000,-0.2771,0.0257,0,1
2026-08-24 20:02:23.815044,1253,franka,0.49234,-0.07331,0.42547,-0.00000,0.02121,-0.02121,0.00000,26.00,0.00,0.00,-0.1029,1.0000,-0.2771,0.0257,0,1
2026-08-24 20:02:23.868766,1254,franka,0.49234,-0.07227,0.42440,-0.00000,0.02121,-0.02121,0.00000,26.00,0.00,0.00,-0.1057,1.0000,-0.2771,0.0229,0,1
2026-08-24 20:02:23.922689,1255,franka,0.49233,-0.07121,0.42327,-0.00000,0.02121,-0.02121,0.00000,26.00,0.00,0.00,-0.0829,1.0000,-0.2257,0.0400,0,1
2026-08-24 20:02:23.976455,1256,franka,0.49233,-0.07011,0.42221,-0.00000,0.02121,-0.02121,0.00000,26.00,0.00,0.00,-0.0629,1.0000,-0.1629,0.0429,0,1
2026-08-24 20:02:24.030451,1257,franka,0.49233,-0.06880,0.42178,-0.00000,0.03000,-0.00000,0.00000,26.00,0.00,0.00,-0.0629,1.0000,-0.1629,0.0429,0,1
2026-08-24 20:02:24.084300,1258,franka,0.49235,-0.06728,0.42182,-0.00000,0.03000,-0.00000,0.00000,26.00,0.00,0.00,-0.0629,1.0000,-0.1629,0.0429,0,1
2026-08-24 20:02:24.138150,1259,franka,0.49234,-0.06573,0.42178,-0.00000,0.03000,-0.00000,0.00000,26.00,0.00,0.00,-0.0629,1.0000,-0.1629,0.0429,0,1
2026-08-24 20:02:24.192137,1260,franka,0.49235,-0.06426,0.42183,-0.00000,0.03000,-0.00000,0.00000,26.00,0.00,0.00,-0.0629,1.0000,-0.1629,0.0429,0,1
2026-08-24 20:02:24.246317,1261,franka,0.49235,-0.06120,0.42183,-0.00000,0.03000,-0.00000,0.00000,26.00,0.00,0.00,-0.0629,1.0000,-0.1629,0.0429,0,1
2026-08-24 20:02:24.300834,1262,franka,0.49235,-0.05972,0.42181,-0.00000,0.03000,-0.00000,0.00000,26.00,0.00,0.00,-0.0629,1.0000,-0.1629,0.0429,0,1
2026-08-24 20:02:24.354771,1263,franka,0.49235,-0.05820,0.42181,-0.00000,0.03000,-0.00000,0.00000,26.00,0.00,0.00,-0.0629,1.0000,-0.1629,0.0429,0,1
2026-08-24 20:02:24.408579,1264,franka,0.49235,-0.05665,0.42181,-0.00000,0.03000,-0.00000,0.00000,26.00,0.00,0.00,-0.0629,1.0000,-0.1629,0.0429,0,1
2026-08-24 20:02:24.462271,1265,franka,0.49235,-0.05516,0.42182,-0.00000,0.03000,-0.00000,0.00000,26.00,0.00,0.00,-0.0629,1.0000,-0.1629,0.0429,0,1
2026-08-24 20:02:24.516119,1266,franka,0.49235,-0.05362,0.42181,-0.00000,0.03000,-0.00000,0.00000,26.00,0.00,0.00,-0.0629,1.0000,-0.1629,0.0429,0,1
2026-08-24 20:02:24.570081,1267,franka,0.49235,-0.05209,0.42181,-0.00000,0.03000,-0.00000,0.00000,26.00,0.00,0.00,-0.0629,1.0000,-0.1629,0.0429,0,1
2026-08-24 20:02:24.623969,1268,franka,0.49235,-0.05061,0.42182,-0.00000,0.03000,-0.00000,0.00000,26.00,0.00,0.00,-0.0629,1.0000,-0.1629,0.0429,0,1
2026-08-24 20:02:24.677960,1269,franka,0.49235,-0.04911,0.42180,-0.00000,0.03000,-0.00000,0.00000,26.00,0.00,0.00,-0.0629,1.0000,-0.1629,0.0429,0,1
2026-08-24 20:02:24.732031,1270,franka,0.49235,-0.04756,0.42181,-0.00000,0.03000,-0.00000,0.00000,26.00,0.00,0.00,-0.0629,1.0000,-0.1629,0.0429,0,1
2026-08-24 20:02:24.785999,1271,franka,0.49235,-0.04605,0.42180,-0.00000,0.03000,-0.00000,0.00000,26.00,0.00,0.00,-0.0629,1.0000,-0.1629,0.0429,0,1
2026-08-24 20:02:24.839680,1272,franka,0.49235,-0.04454,0.42181,-0.00000,0.03000,-0.00000,0.00000,26.00,0.00,0.00,-0.0629,1.0000,-0.1629,0.0429,0,1
2026-08-24 20:02:24.893551,1273,franka,0.49235,-0.04303,0.42180,-0.00000,0.03000,-0.00000,0.00000,26.00,0.00,0.00,-0.0629,1.0000,-0.1629,0.0429,0,1
2026-08-24 20:02:24.947619,1274,franka,0.49235,-0.04150,0.42180,-0.00000,0.03000,-0.00000,0.00000,26.00,0.00,0.00,-0.0629,1.0000,-0.1629,0.0429,0,1
2026-08-24 20:02:25.001673,1275,franka,0.49235,-0.04001,0.42181,-0.00000,0.03000,-0.00000,0.00000,26.00,0.00,0.00,-0.0629,1.0000,-0.1629,0.0429,0,1
2026-08-24 20:02:25.056154,1276,franka,0.49235,-0.03696,0.42179,-0.00000,0.03000,-0.00000,0.00000,26.00,0.00,0.00,-0.0629,1.0000,-0.1629,0.0429,0,1
2026-08-24 20:02:25.110692,1277,franka,0.49235,-0.03545,0.42180,-0.00000,0.03000,-0.00000,0.00000,26.00,0.00,0.00,-0.0629,1.0000,-0.1629,0.0429,0,1
2026-08-24 20:02:25.160648,1278,franka,0.49235,-0.03395,0.42181,-0.00000,0.03000,-0.00000,0.00000,26.00,0.00,0.00,-0.0629,1.0000,-0.1629,0.0429,0,1
2026-08-24 20:02:25.215727,1279,franka,0.49235,-0.03246,0.42180,-0.00000,0.03000,-0.00000,0.00000,26.00,0.00,0.00,-0.0629,1.0000,-0.1629,0.0429,0,1
2026-08-24 20:02:25.270880,1280,franka,0.49235,-0.03092,0.42180,-0.00000,0.03000,-0.00000,0.00000,26.00,0.00,0.00,-0.0629,1.0000,-0.1629,0.0429,0,1
2026-08-24 20:02:25.319780,1281,franka,0.49235,-0.02942,0.42181,-0.00000,0.03000,-0.00000,0.00000,26.00,0.00,0.00,-0.0629,1.0000,-0.1629,0.0429,0,1
2026-08-24 20:02:25.373872,1282,franka,0.49235,-0.02792,0.42181,-0.00000,0.03000,-0.00000,0.00000,26.00,0.00,0.00,-0.0629,1.0000,-0.1629,0.0429,0,1
2026-08-24 20:02:25.427799,1283,franka,0.49235,-0.02639,0.42180,-0.00000,0.03000,-0.00000,0.00000,26.00,0.00,0.00,-0.0629,1.0000,-0.1629,0.0429,0,1
2026-08-24 20:02:25.482140,1284,franka,0.49235,-0.02487,0.42180,-0.00000,0.03000,-0.00000,0.00000,26.00,0.00,0.00,-0.0629,1.0000,-0.1629,0.0429,0,1
2026-08-24 20:02:25.536306,1285,franka,0.49235,-0.02334,0.42181,-0.00000,0.03000,-0.00000,0.00000,26.00,0.00,0.00,-0.0629,1.0000,-0.1629,0.0429,0,1
2026-08-24 20:02:25.590335,1286,franka,0.49235,-0.02180,0.42180,-0.00000,0.03000,-0.00000,0.00000,26.00,0.00,0.00,-0.0629,1.0000,-0.1629,0.0429,0,1
2026-08-24 20:02:25.644222,1287,franka,0.49235,-0.02027,0.42181,-0.00000,0.03000,-0.00000,0.00000,26.00,0.00,0.00,-0.0629,1.0000,-0.1629,0.0429,0,1
2026-08-24 20:02:25.698336,1288,franka,0.49235,-0.01874,0.42181,-0.00000,0.03000,-0.00000,0.00000,26.00,0.00,0.00,-0.0629,1.0000,-0.1629,0.0429,0,1
2026-08-24 20:02:25.752398,1289,franka,0.49236,-0.01724,0.42181,-0.00000,0.03000,-0.00000,0.00000,26.00,0.00,0.00,-0.0629,1.0000,-0.1629,0.0429,0,1
2026-08-24 20:02:25.808608,1290,franka,0.49236,-0.01574,0.42181,-0.00000,0.03000,-0.00000,0.00000,26.00,0.00,0.00,-0.0629,1.0000,-0.1629,0.0429,0,1
2026-08-24 20:02:25.857957,1291,franka,0.49236,-0.01421,0.42181,-0.00000,0.03000,-0.00000,0.00000,26.00,0.00,0.00,-0.0629,1.0000,-0.1629,0.0429,0,1
2026-08-24 20:02:25.912411,1292,franka,0.49236,-0.01269,0.42181,-0.00000,0.03000,-0.00000,0.00000,26.00,0.00,0.00,-0.0629,1.0000,-0.1629,0.0429,0,1
2026-08-24 20:02:25.966319,1293,franka,0.49236,-0.00964,0.42181,-0.00000,0.03000,-0.00000,0.00000,26.00,0.00,0.00,-0.0629,1.0000,-0.1629,0.0429,0,1
2026-08-24 20:02:26.020385,1294,franka,0.49236,-0.00811,0.42181,-0.00000,0.03000,-0.00000,0.00000,26.00,0.00,0.00,-0.0629,1.0000,-0.1629,0.0429,0,1
2026-08-24 20:02:26.074303,1295,franka,0.49236,-0.00662,0.42181,-0.00000,0.03000,-0.00000,0.00000,26.00,0.00,0.00,-0.0629,1.0000,-0.1629,0.0429,0,1
2026-08-24 20:02:26.128774,1296,franka,0.49236,-0.00512,0.42181,-0.00000,0.03000,-0.00000,0.00000,26.00,0.00,0.00,-0.0629,1.0000,-0.1629,0.0429,0,1
2026-08-24 20:02:26.182731,1297,franka,0.49236,-0.00358,0.42181,-0.00000,0.03000,-0.00000,0.00000,26.00,0.00,0.00,-0.0629,1.0000,-0.1629,0.0429,0,1
2026-08-24 20:02:26.237520,1298,franka,0.49236,-0.00208,0.42181,-0.00000,0.03000,-0.00000,0.00000,26.00,0.00,0.00,-0.0629,1.0000,-0.1629,0.0429,0,1
2026-08-24 20:02:26.292741,1299,franka,0.49235,-0.00055,0.42180,-0.00000,0.03000,-0.00000,0.00000,26.00,0.00,0.00,-0.0629,1.0000,-0.1629,0.0429,0,1
2026-08-24 20:02:26.341650,1300,franka,0.49234,0.00094,0.42180,-0.00000,0.03000,-0.00000,0.00000,26.00,0.00,0.00,-0.0629,1.0000,-0.1629,0.0429,0,1
2026-08-24 20:02:26.395473,1301,franka,0.49233,0.00248,0.42180,-0.00000,0.03000,-0.00000,0.00000,26.00,0.00,0.00,-0.0629,1.0000,-0.1629,0.0429,0,1
2026-08-24 20:02:26.450750,1302,franka,0.49233,0.00402,0.42181,-0.00000,0.03000,-0.00000,0.00000,26.00,0.00,0.00,-0.0629,1.0000,-0.1629,0.0429,0,1
2026-08-24 20:02:26.504933,1303,franka,0.49233,0.00552,0.42181,-0.00000,0.03000,-0.00000,0.00000,26.00,0.00,0.00,-0.0629,1.0000,-0.1629,0.0429,0,1
2026-08-24 20:02:26.558764,1304,franka,0.49233,0.00701,0.42181,-0.00000,0.03000,-0.00000,0.00000,26.00,0.00,0.00,0.0000,0.0000,0.0000,-0.0857,0,1
2026-08-24 20:02:26.614359,1305,franka,0.49233,0.00843,0.42181,-0.00000,0.01933,-0.00000,0.00000,26.00,0.00,0.00,0.0000,0.0000,0.0000,-0.0857,0,1
2026-08-24 20:02:26.663179,1306,franka,0.49233,0.00892,0.42180,-0.00000,0.00000,-0.00000,0.00000,26.00,0.00,0.00,0.0000,0.0000,0.0000,0.0000,0,1
2026-08-24 20:02:26.717272,1307,franka,0.49233,0.00863,0.42182,-0.00000,-0.01262,-0.00000,0.00000,26.00,0.00,0.00,0.0000,0.0000,0.0000,0.0000,0,1
2026-08-24 20:02:26.771417,1308,franka,0.49234,0.00770,0.42181,-0.00000,-0.01826,-0.00000,0.00000,26.00,0.00,0.00,0.0000,0.0000,0.0000,0.0000,0,1
2026-08-24 20:02:26.826970,1309,franka,0.49234,0.00727,0.42180,-0.00000,-0.00000,-0.00000,0.00000,26.00,0.00,0.00,0.0000,0.0000,0.0000,0.0000,0,1
2026-08-24 20:02:26.876308,1310,franka,0.49234,0.00734,0.42181,-0.00000,-0.00000,-0.00000,0.00000,26.00,0.00,0.00,0.0000,0.0000,0.0000,0.0000,0,1
2026-08-24 20:02:26.930585,1311,franka,0.49234,0.00722,0.42180,-0.00000,-0.00006,-0.00000,0.00000,26.00,0.00,0.00,0.0000,-0.5543,-0.0571,-0.0257,0,1
2026-08-24 20:02:26.984558,1312,franka,0.49234,0.00660,0.42182,-0.00000,-0.02990,-0.00000,0.00000,26.00,0.00,0.00,0.0000,-0.5543,-0.0571,-0.0257,0,1
2026-08-24 20:02:27.038493,1313,franka,0.49234,0.00513,0.42180,-0.00000,-0.03000,-0.00000,0.00000,26.00,0.00,0.00,0.0000,-0.5543,-0.0571,-0.0257,0,1
2026-08-24 20:02:27.092404,1314,franka,0.49235,0.00344,0.42181,-0.00000,-0.03000,-0.00000,0.00000,26.00,0.00,0.00,0.0000,-0.5543,-0.0571,-0.0257,0,1
2026-08-24 20:02:27.146271,1315,franka,0.49234,0.00208,0.42181,-0.00000,-0.03000,-0.00000,0.00000,26.00,0.00,0.00,0.0000,-0.5543,-0.0571,-0.0257,0,1
2026-08-24 20:02:27.200495,1316,franka,0.49235,0.00055,0.42181,-0.00000,-0.03000,-0.00000,0.00000,26.00,0.00,0.00,0.0000,-0.5543,-0.0571,-0.0257,0,1
2026-08-24 20:02:27.254853,1317,franka,0.49235,-0.00108,0.42180,-0.00000,-0.03000,-0.00000,0.00000,26.00,0.00,0.00,0.0000,-0.5543,-0.0571,-0.0257,0,1
2026-08-24 20:02:27.308858,1318,franka,0.49234,-0.00250,0.42180,-0.00000,-0.03000,-0.00000,0.00000,26.00,0.00,0.00,0.0000,-0.5543,-0.0571,-0.0257,0,1
2026-08-24 20:02:27.362988,1319,franka,0.49234,-0.00400,0.42181,-0.00000,-0.03000,-0.00000,0.00000,26.00,0.00,0.00,0.0000,-0.0029,0.0000,0.0000,0,1
2026-08-24 20:02:27.417047,1320,franka,0.49234,-0.00516,0.42180,-0.00000,-0.00568,-0.00000,0.00000,26.00,0.00,0.00,0.0000,-0.0029,0.0000,0.0000,0,1
2026-08-24 20:02:27.471141,1321,franka,0.49234,-0.00524,0.42181,-0.00000,-0.00000,-0.00000,0.00000,26.00,0.00,0.00,0.0000,-0.0171,0.0000,0.0000,0,1
2026-08-24 20:02:27.525221,1322,franka,0.49234,-0.00506,0.42181,-0.00000,-0.00000,-0.00000,0.00000,26.00,0.00,0.00,0.0000,0.0000,0.0000,0.0000,0,1
2026-08-24 20:02:27.579088,1323,franka,0.49234,-0.00522,0.42181,-0.00000,-0.00000,-0.00000,0.00000,26.00,0.00,0.00,0.0000,0.0000,0.0000,0.0000,0,1
2026-08-24 20:02:27.633046,1324,franka,0.49234,-0.00513,0.42181,-0.00000,-0.00000,-0.00000,0.00000,26.00,0.00,0.00,0.0000,0.0000,0.0000,0.0000,0,1
2026-08-24 20:02:27.687071,1325,franka,0.49234,-0.00519,0.42181,-0.00000,-0.00000,-0.00000,0.00000,26.00,0.00,0.00,0.0000,0.0000,0.0000,0.0000,0,1
2026-08-24 20:02:27.740986,1326,franka,0.49234,-0.00518,0.42181,-0.00000,-0.00000,-0.00000,0.00000,26.00,0.00,0.00,0.0000,0.0000,0.0000,0.0000,0,1
2026-08-24 20:02:27.794961,1327,franka,0.49234,-0.00517,0.42181,-0.00000,-0.00000,-0.00000,0.00000,26.00,0.00,0.00,0.0000,0.0000,0.0000,0.0000,0,1
2026-08-24 20:02:27.848908,1328,franka,0.49234,-0.00518,0.42181,-0.00000,-0.00000,-0.00000,0.00000,26.00,0.00,0.00,0.0000,0.0000,0.0000,0.0000,0,1
2026-08-24 20:02:27.903154,1329,franka,0.49234,-0.00517,0.42181,-0.00000,-0.00000,-0.00000,0.00000,26.00,0.00,0.00,0.0000,0.0000,0.0000,0.0000,0,1
2026-08-24 20:02:27.957172,1330,franka,0.49234,-0.00517,0.42181,-0.00000,-0.00000,-0.00000,0.00000,26.00,0.00,0.00,0.0000,0.0000,0.0000,0.0000,0,1
2026-08-24 20:02:28.011219,1331,franka,0.49234,-0.00518,0.42181,-0.00000,-0.00000,-0.00000,0.00000,26.00,0.00,0.00,0.0000,0.0000,0.0000,0.0000,0,1
2026-08-24 20:02:28.065092,1332,franka,0.49234,-0.00517,0.42181,-0.00000,-0.00000,-0.00000,0.00000,26.00,0.00,0.00,0.0000,0.0000,0.0000,0.0000,0,1
2026-08-24 20:02:28.118967,1333,franka,0.49234,-0.00518,0.42181,-0.00000,-0.00000,-0.00000,0.00000,26.00,0.00,0.00,0.0000,0.0000,0.0000,0.0000,0,1
2026-08-24 20:02:28.172831,1334,franka,0.49234,-0.00518,0.42181,-0.00000,-0.00000,-0.00000,0.00000,26.00,0.00,0.00,0.0000,0.0000,0.0000,0.0000,0,1
2026-08-24 20:02:28.227399,1335,franka,0.49234,-0.00518,0.42181,-0.00000,-0.00000,-0.00000,0.00000,26.00,0.00,0.00,0.0000,0.0000,0.0000,0.0000,0,1
2026-08-24 20:02:28.281500,1336,franka,0.49234,-0.00517,0.42181,-0.00000,-0.00000,-0.00000,0.00000,26.00,0.00,0.00,0.0000,0.0000,0.0000,0.0000,0,1
2026-08-24 20:02:28.335294,1337,franka,0.49234,-0.00518,0.42181,-0.00000,-0.00000,-0.00000,0.00000,26.00,0.00,0.00,0.0000,0.0000,0.0000,0.0000,0,1
2026-08-24 20:02:28.389171,1338,franka,0.49234,-0.00518,0.42181,-0.00000,-0.00000,-0.00000,0.00000,26.00,0.00,0.00,0.0000,0.0000,0.0000,0.0000,0,1
2026-08-24 20:02:28.444382,1339,franka,0.49234,-0.00518,0.42181,-0.00000,-0.00000,-0.00000,0.00000,26.00,0.00,0.00,0.0000,0.0000,0.0000,0.0000,0,1
2026-08-24 20:02:28.493559,1340,franka,0.49234,-0.00518,0.42181,-0.00000,-0.00000,-0.00000,0.00000,26.00,0.00,0.00,0.0000,0.0000,0.0000,0.0000,0,1
2026-08-24 20:02:28.549042,1341,franka,0.49234,-0.00518,0.42181,-0.00000,-0.00000,-0.00000,0.00000,26.00,0.00,0.00,0.0000,0.0000,0.0000,0.0000,0,1
2026-08-24 20:02:28.598557,1342,franka,0.49234,-0.00518,0.42181,-0.00000,-0.00000,-0.00000,0.00000,26.00,0.00,0.00,0.0000,0.0000,0.0000,0.0000,0,1
2026-08-24 20:02:28.653329,1343,franka,0.49234,-0.00517,0.42181,-0.00000,-0.00000,-0.00000,0.00000,26.00,0.00,0.00,0.0000,0.0000,0.0000,0.0000,0,1
2026-08-24 20:02:28.708719,1344,franka,0.49234,-0.00518,0.42181,-0.00000,-0.00000,-0.00000,0.00000,26.00,0.00,0.00,0.0000,0.0000,0.0000,0.0000,0,1
2026-08-24 20:02:28.757733,1345,franka,0.49234,-0.00517,0.42181,-0.00000,-0.00000,-0.00000,0.00000,26.00,0.00,0.00,0.0000,0.0000,0.0000,0.0000,0,1
2026-08-24 20:02:28.811764,1346,franka,0.49234,-0.00517,0.42181,-0.00000,-0.00000,-0.00000,0.00000,26.00,0.00,0.00,0.0000,0.0000,0.0000,0.0000,0,1
2026-08-24 20:02:28.865705,1347,franka,0.49234,-0.00518,0.42181,-0.00000,-0.00000,-0.00000,0.00000,26.00,0.00,0.00,0.0000,0.0000,0.0000,0.0000,0,1
2026-08-24 20:02:28.919562,1348,franka,0.49234,-0.00518,0.42181,-0.00000,-0.00000,-0.00000,0.00000,26.00,0.00,0.00,0.0000,0.0000,0.0000,0.0000,0,1
2026-08-24 20:02:28.973656,1349,franka,0.49234,-0.00518,0.42181,-0.00000,-0.00000,-0.00000,0.00000,26.00,0.00,0.00,0.0000,0.0000,0.0000,0.0000,0,1
2026-08-24 20:02:29.028307,1350,franka,0.49234,-0.00517,0.42181,-0.00000,-0.00000,-0.00000,0.00000,26.00,0.00,0.00,0.0000,0.0000,0.0000,0.0000,0,1
2026-08-24 20:02:29.082341,1351,franka,0.49234,-0.00518,0.42181,-0.00000,-0.00000,-0.00000,0.00000,26.00,0.00,0.00,0.0000,0.0000,0.0000,0.0000,0,1
2026-08-24 20:02:29.136290,1352,franka,0.49234,-0.00517,0.42181,-0.00000,-0.00000,-0.00000,0.00000,26.00,0.00,0.00,0.0000,0.0000,0.0000,0.0000,0,1
2026-08-24 20:02:29.190758,1353,franka,0.49234,-0.00518,0.42181,-0.00000,-0.00000,-0.00000,0.00000,26.00,0.00,0.00,0.0000,0.0343,0.8486,0.0514,0,1
2026-08-24 20:02:29.244693,1354,franka,0.49234,-0.00518,0.42181,-0.00000,-0.00000,0.00029,0.00000,26.00,0.00,0.00,0.0000,0.0371,0.0343,0.0000,0,1
2026-08-24 20:02:29.298641,1355,franka,0.49234,-0.00514,0.42334,-0.00000,-0.00000,0.00012,0.00000,26.00,0.00,0.00,0.0000,0.0371,0.0343,0.0000,0,1
2026-08-24 20:02:29.352595,1356,franka,0.49233,-0.00518,0.42331,-0.00000,-0.00000,0.00000,0.00000,26.00,0.00,0.00,0.0000,0.0371,0.0343,0.0000,0,1
2026-08-24 20:02:29.407221,1357,franka,0.49234,-0.00516,0.42335,-0.00000,-0.00000,0.00000,0.00000,26.00,0.00,0.00,0.0000,0.0371,0.0343,0.0000,0,1
2026-08-24 20:02:29.460987,1358,franka,0.49233,-0.00517,0.42327,-0.00000,-0.00000,0.00000,0.00000,26.00,0.00,0.00,0.0000,0.0371,0.0343,0.0000,0,1
2026-08-24 20:02:29.514889,1359,franka,0.49233,-0.00517,0.42338,-0.00000,-0.00000,0.00000,0.00000,26.00,0.00,0.00,0.0000,0.0371,0.0343,0.0000,0,1
2026-08-24 20:02:29.568703,1360,franka,0.49233,-0.00517,0.42332,-0.00000,-0.00000,0.00000,0.00000,26.00,0.00,0.00,0.0000,0.0371,0.0343,0.0000,0,1
2026-08-24 20:02:29.622912,1361,franka,0.49233,-0.00517,0.42332,-0.00000,-0.00000,0.00000,0.00000,26.00,0.00,0.00,0.0000,0.0371,0.0343,0.0000,0,1
2026-08-24 20:02:29.677177,1362,franka,0.49233,-0.00517,0.42334,-0.00000,-0.00000,0.00000,0.00000,26.00,0.00,0.00,0.0000,0.0371,0.0343,0.0000,0,1
2026-08-24 20:02:29.731182,1363,franka,0.49233,-0.00517,0.42334,-0.00000,-0.00000,0.00000,0.00000,26.00,0.00,0.00,0.0000,0.0371,0.0343,0.0000,0,1
2026-08-24 20:02:29.786360,1364,franka,0.49233,-0.00516,0.42332,-0.00000,-0.00000,0.00000,0.00000,26.00,0.00,0.00,0.0000,0.0371,0.0343,0.0000,0,1
2026-08-24 20:02:29.835760,1365,franka,0.49233,-0.00517,0.42333,-0.00000,-0.00000,0.00000,0.00000,26.00,0.00,0.00,0.0000,0.0371,0.0343,0.0000,0,0
2026-08-24 20:02:29.889887,1366,franka,0.49233,-0.00517,0.42334,-0.00000,-0.00000,0.00000,0.00000,26.00,0.00,0.00,0.0000,0.0371,0.0343,0.0000,0,0
2026-08-24 20:02:29.943775,1367,franka,0.49233,-0.00517,0.42332,-0.00000,-0.00000,0.00000,0.00000,26.00,0.00,0.00,0.0000,0.0371,0.0343,0.0000,0,0
2026-08-24 20:02:29.998237,1368,franka,0.49233,-0.00517,0.42333,-0.00000,-0.00000,0.00000,0.00000,26.00,0.00,0.00,0.0000,0.0371,0.0343,0.0000,0,0
2026-08-24 20:02:30.052654,1369,franka,0.49233,-0.00517,0.42333,-0.00000,-0.00000,0.00000,0.00000,26.00,0.00,0.00,0.0000,0.0371,0.0343,0.0000,0,0
2026-08-24 20:02:30.107189,1370,franka,0.49233,-0.00517,0.42332,-0.00000,-0.00000,0.00000,0.00000,26.00,0.00,0.00,0.0000,0.0371,0.0343,0.0000,0,0
2026-08-24 20:02:30.161654,1371,franka,0.49233,-0.00517,0.42333,-0.00000,-0.00000,0.00000,0.00000,26.00,0.00,0.00,0.0000,0.0371,0.0343,0.0000,0,0
2026-08-24 20:02:30.216300,1372,franka,0.49233,-0.00517,0.42333,-0.00000,-0.00000,0.00000,0.00000,26.00,0.00,0.00,0.0000,0.0371,0.0343,0.0000,0,0
2026-08-24 20:02:30.270649,1373,franka,0.49233,-0.00517,0.42333,-0.00000,-0.00000,0.00000,0.00000,26.00,0.00,0.00,0.0000,0.0371,0.0343,0.0000,0,0
2026-08-24 20:02:30.324809,1374,franka,0.49233,-0.00517,0.42333,-0.00000,-0.00000,0.00000,0.00000,26.00,0.00,0.00,0.0000,0.0371,0.0343,0.0000,0,0
2026-08-24 20:02:30.379092,1375,franka,0.49233,-0.00517,0.42333,-0.00000,-0.00000,0.00000,0.00000,26.00,0.00,0.00,0.0000,0.0371,0.0343,0.0000,0,0
2026-08-24 20:02:30.433037,1376,franka,0.49233,-0.00517,0.42333,-0.00000,-0.00000,0.00000,0.00000,26.00,0.00,0.00,0.0000,-0.0143,0.0000,-0.0086,0,0
2026-08-24 20:02:30.487364,1377,franka,0.49233,-0.00517,0.42333,-0.00000,-0.00000,0.00000,0.00000,26.00,0.00,0.00,0.0000,0.0000,0.0000,-0.0086,0,0
2026-08-24 20:02:30.541820,1378,franka,0.49233,-0.00517,0.42333,-0.00000,-0.00000,0.00000,0.00000,26.00,0.00,0.00,0.0000,0.0000,0.0000,0.0000,0,0
2026-08-24 20:02:30.595974,1379,franka,0.49233,-0.00517,0.42333,-0.00000,-0.00000,0.00000,0.00000,26.00,0.00,0.00,0.0000,-0.0143,0.0000,0.0000,0,0
2026-08-24 20:02:30.650460,1380,franka,0.49233,-0.00517,0.42333,-0.00000,-0.00000,0.00000,0.00000,26.00,0.00,0.00,0.0000,-0.0229,0.0000,0.0000,0,0
2026-08-24 20:02:30.705099,1381,franka,0.49233,-0.00517,0.42333,-0.00000,-0.00000,0.00000,0.00000,26.00,0.00,0.00,0.0000,0.0000,0.0000,0.0000,0,0
2026-08-24 20:02:30.759504,1382,franka,0.49233,-0.00517,0.42333,-0.00000,-0.00000,0.00000,0.00000,26.00,0.00,0.00,0.0000,0.0000,0.0314,0.0000,0,0
2026-08-24 20:02:30.813419,1383,franka,0.49233,-0.00517,0.42333,-0.00000,-0.00000,0.00000,0.00000,26.00,0.00,0.00,0.0000,-0.0286,0.0914,0.0000,0,0
2026-08-24 20:02:30.867324,1384,franka,0.49233,-0.00517,0.42333,-0.00000,-0.00000,0.00000,0.00000,26.00,0.00,0.00,0.0000,-0.0171,0.0229,0.0000,0,0
2026-08-24 20:02:30.921588,1385,franka,0.49233,-0.00517,0.42333,-0.00000,-0.00000,0.00000,0.00000,26.00,0.00,0.00,0.0000,-0.0429,0.0000,0.0000,0,0
2026-08-24 20:02:30.975781,1386,franka,0.49233,-0.00517,0.42333,-0.00000,-0.00000,0.00000,0.00000,26.00,0.00,0.00,0.0000,0.0000,0.0000,0.0000,0,0
2026-08-24 20:02:31.029714,1387,franka,0.49233,-0.00517,0.42333,-0.00000,-0.00000,0.00000,0.00000,26.00,0.00,0.00,0.0000,0.0000,0.0000,0.0000,0,0
2026-08-24 20:02:31.083769,1388,franka,0.49233,-0.00517,0.42333,-0.00000,-0.00000,0.00000,0.00000,26.00,0.00,0.00,0.0000,0.0000,0.0000,0.0000,0,0
2026-08-24 20:02:31.137962,1389,franka,0.49233,-0.00517,0.42333,-0.00000,-0.00000,0.00000,0.00000,26.00,0.00,0.00,0.0000,0.0000,0.0000,0.0000,0,0
2026-08-24 20:02:31.192059,1390,franka,0.49233,-0.00517,0.42333,-0.00000,-0.00000,0.00000,0.00000,26.00,0.00,0.00,0.0000,0.0000,0.0000,0.0000,0,0
2026-08-24 20:02:31.246008,1391,franka,0.49233,-0.00517,0.42333,-0.00000,-0.00000,0.00000,0.00000,26.00,0.00,0.00,0.0000,0.0000,0.0000,0.0000,0,0
2026-08-24 20:02:31.301284,1392,franka,0.49233,-0.00517,0.42333,-0.00000,-0.00000,0.00000,0.00000,26.00,0.00,0.00,0.0000,0.0000,0.0000,0.0000,0,0
2026-08-24 20:02:31.350869,1393,franka,0.49233,-0.00517,0.42333,-0.00000,-0.00000,0.00000,0.00000,26.00,0.00,0.00,0.0000,0.0000,0.0000,0.0000,0,1
2026-08-24 20:02:31.405286,1394,franka,0.49233,-0.00517,0.42333,-0.00000,-0.00000,0.00000,0.00000,26.00,0.00,0.00,0.0000,0.0000,0.0000,0.0000,0,1
2026-08-24 20:02:31.459553,1395,franka,0.49233,-0.00517,0.42333,-0.00000,-0.00000,0.00000,0.00000,26.00,0.00,0.00,-0.0200,0.0000,0.0000,0.0000,0,1
2026-08-24 20:02:31.514229,1396,franka,0.49233,-0.00517,0.42333,-0.00000,-0.00000,0.00000,0.00000,26.00,0.00,0.00,-0.0143,0.0000,0.0000,0.0000,0,1
2026-08-24 20:02:31.568751,1397,franka,0.49233,-0.00517,0.42333,-0.00000,-0.00000,0.00000,0.00000,26.00,0.00,0.00,0.0000,0.0000,0.0000,0.0000,0,1
2026-08-24 20:02:31.622726,1398,franka,0.49233,-0.00517,0.42333,-0.00000,-0.00000,0.00000,0.00000,26.00,0.00,0.00,0.0000,0.0000,0.0000,0.0000,0,0
2026-08-24 20:02:31.676707,1399,franka,0.49233,-0.00517,0.42333,-0.00000,-0.00000,0.00000,0.00000,26.00,0.00,0.00,0.0000,0.0000,0.0000,0.0000,0,0
2026-08-24 20:02:31.730770,1400,franka,0.49233,-0.00517,0.42333,-0.00000,-0.00000,0.00000,0.00000,26.00,0.00,0.00,0.0000,0.0000,0.0000,0.0000,0,0
2026-08-24 20:02:31.784950,1401,franka,0.49233,-0.00517,0.42333,-0.00000,-0.00000,0.00000,0.00000,26.00,0.00,0.00,0.0000,0.0000,0.0000,0.0000,0,0
2026-08-24 20:02:31.838947,1402,franka,0.49233,-0.00517,0.42333,-0.00000,-0.00000,0.00000,0.00000,26.00,0.00,0.00,0.0000,0.0000,0.0000,0.0000,0,0
2026-08-24 20:02:31.893149,1403,franka,0.49233,-0.00517,0.42333,-0.00000,-0.00000,0.00000,0.00000,26.00,0.00,0.00,0.0000,0.0000,0.0000,0.0000,0,0
2026-08-24 20:02:31.947196,1404,franka,0.49233,-0.00517,0.42333,-0.00000,-0.00000,0.00000,0.00000,26.00,0.00,0.00,0.0000,-0.0343,0.0000,0.0000,0,0
2026-08-24 20:02:32.001528,1405,franka,0.49233,-0.00517,0.42333,-0.00000,-0.00000,0.00000,0.00000,26.00,0.00,0.00,0.0000,-0.1086,0.0229,0.0000,0,0
2026-08-24 20:02:32.055850,1406,franka,0.49233,-0.00517,0.42333,-0.00000,-0.00000,0.00000,0.00000,26.00,0.00,0.00,-0.0114,-0.0171,0.1343,0.0000,0,0
2026-08-24 20:02:32.110035,1407,franka,0.49233,-0.00517,0.42334,-0.00000,-0.00000,0.00483,0.00000,26.00,0.00,0.00,0.0000,0.0000,0.3800,0.0000,0,0
2026-08-24 20:02:32.164537,1408,franka,0.49233,-0.00515,0.42377,-0.00000,-0.00000,0.01000,0.00000,26.00,0.00,0.00,0.0000,0.0000,0.7657,0.0000,0,0
2026-08-24 20:02:32.218831,1409,franka,0.49234,-0.00516,0.42429,-0.00000,-0.00000,0.01000,0.00000,26.00,0.00,0.00,-0.0114,0.0229,0.9600,0.0000,0,0
2026-08-24 20:02:32.273545,1410,franka,0.49234,-0.00515,0.42479,-0.00000,-0.00000,0.01000,0.00000,26.00,0.00,0.00,0.0000,0.0086,0.9800,0.0000,0,0
2026-08-24 20:02:32.327660,1411,franka,0.49233,-0.00515,0.42529,-0.00000,-0.00000,0.01000,0.00000,26.00,0.00,0.00,0.0000,0.0057,1.0000,0.0429,0,0
2026-08-24 20:02:32.381982,1412,franka,0.49234,-0.00515,0.42632,-0.00000,-0.00000,0.01000,0.00000,26.00,0.00,0.00,0.0000,0.0000,1.0000,0.0743,0,0
2026-08-24 20:02:32.435912,1413,franka,0.49233,-0.00515,0.42680,-0.00000,-0.00000,0.01000,0.00000,26.00,0.00,0.00,0.0000,0.0000,0.9971,0.1000,0,0
2026-08-24 20:02:32.490022,1414,franka,0.49233,-0.00516,0.42730,-0.00000,-0.00000,0.01000,0.00000,26.00,0.00,0.00,0.0000,0.0000,0.9914,0.1629,0,0
2026-08-24 20:02:32.544277,1415,franka,0.49233,-0.00515,0.42781,-0.00000,-0.00000,0.01000,0.00000,26.00,0.00,0.00,0.0000,0.0000,1.0000,0.1686,0,0
2026-08-24 20:02:32.598549,1416,franka,0.49233,-0.00516,0.42832,-0.00000,-0.00000,0.01000,0.00000,26.00,0.00,0.00,-0.0086,0.0000,1.0000,0.1857,0,0
2026-08-24 20:02:32.652716,1417,franka,0.49233,-0.00515,0.42881,-0.00000,-0.00000,0.01000,0.00000,26.00,0.00,0.00,-0.0086,0.0000,1.0000,0.1857,0,0
2026-08-24 20:02:32.706775,1418,franka,0.49234,-0.00515,0.42933,-0.00000,-0.00000,0.01000,0.00000,26.00,0.00,0.00,-0.0086,0.0000,1.0000,0.1857,0,0
2026-08-24 20:02:32.760758,1419,franka,0.49233,-0.00515,0.42984,-0.00000,-0.00000,0.01000,0.00000,26.00,0.00,0.00,-0.0086,0.0000,1.0000,0.1857,0,0
2026-08-24 20:02:32.814840,1420,franka,0.49234,-0.00515,0.43035,-0.00000,-0.00000,0.01000,0.00000,26.00,0.00,0.00,-0.0086,0.0000,1.0000,0.1857,0,0
2026-08-24 20:02:32.869081,1421,franka,0.49234,-0.00515,0.43086,-0.00000,-0.00000,0.01000,0.00000,26.00,0.00,0.00,-0.0086,0.0000,1.0000,0.1857,0,0
2026-08-24 20:02:32.922965,1422,franka,0.49234,-0.00515,0.43136,-0.00000,-0.00000,0.01000,0.00000,26.00,0.00,0.00,-0.0086,0.0000,1.0000,0.1857,0,0
2026-08-24 20:02:32.977078,1423,franka,0.49234,-0.00515,0.43187,-0.00000,-0.00000,0.01000,0.00000,26.00,0.00,0.00,-0.0086,0.0000,1.0000,0.1857,0,0
2026-08-24 20:02:33.032042,1424,franka,0.49234,-0.00515,0.43237,-0.00000,-0.00000,0.01000,0.00000,26.00,0.00,0.00,-0.0086,0.0000,1.0000,0.1857,0,0
2026-08-24 20:02:33.081294,1425,franka,0.49234,-0.00515,0.43288,-0.00000,-0.00000,0.01000,0.00000,26.00,0.00,0.00,-0.0086,0.0000,1.0000,0.1857,0,0
2026-08-24 20:02:33.135573,1426,franka,0.49233,-0.00515,0.43337,-0.00000,-0.00000,0.01000,0.00000,26.00,0.00,0.00,-0.0086,0.0000,1.0000,0.1857,0,0
2026-08-24 20:02:33.189870,1427,franka,0.49233,-0.00515,0.43388,-0.00000,-0.00000,0.01000,0.00000,26.00,0.00,0.00,-0.0086,0.0000,1.0000,0.1857,0,0
2026-08-24 20:02:33.244635,1428,franka,0.49234,-0.00515,0.43490,-0.00000,-0.00000,0.01000,0.00000,26.00,0.00,0.00,-0.0086,0.0000,1.0000,0.1857,0,0
2026-08-24 20:02:33.299560,1429,franka,0.49234,-0.00515,0.43541,-0.00000,-0.00000,0.01000,0.00000,26.00,0.00,0.00,-0.0086,0.0000,1.0000,0.1857,0,0
2026-08-24 20:02:33.349585,1430,franka,0.49234,-0.00515,0.43592,-0.00000,-0.00000,0.01000,0.00000,26.00,0.00,0.00,-0.0086,0.0000,1.0000,0.1857,0,0
2026-08-24 20:02:33.404210,1431,franka,0.49234,-0.00515,0.43642,-0.00000,-0.00000,0.01000,0.00000,26.00,0.00,0.00,-0.0086,0.0000,1.0000,0.1857,0,0
2026-08-24 20:02:33.458315,1432,franka,0.49234,-0.00515,0.43693,-0.00000,-0.00000,0.01000,0.00000,26.00,0.00,0.00,-0.0086,0.0000,1.0000,0.1857,0,0
2026-08-24 20:02:33.512201,1433,franka,0.49234,-0.00515,0.43743,-0.00000,-0.00000,0.01000,0.00000,26.00,0.00,0.00,-0.0086,0.0000,1.0000,0.1857,0,0
2026-08-24 20:02:33.566447,1434,franka,0.49234,-0.00515,0.43793,-0.00000,-0.00000,0.01000,0.00000,26.00,0.00,0.00,-0.0086,0.0000,1.0000,0.1857,0,0
2026-08-24 20:02:33.620652,1435,franka,0.49233,-0.00515,0.43843,-0.00000,-0.00000,0.01000,0.00000,26.00,0.00,0.00,-0.0857,0.1686,0.8029,0.2800,0,0
2026-08-24 20:02:33.674778,1436,franka,0.49233,-0.00515,0.43892,-0.00000,-0.00000,0.01000,0.00000,26.00,0.00,0.00,-0.0714,0.1686,0.7343,0.1857,0,0
2026-08-24 20:02:33.728767,1437,franka,0.49233,-0.00515,0.43942,-0.00000,-0.00000,0.01000,0.00000,26.00,0.00,0.00,-0.0714,0.1686,0.7343,0.1857,0,0
2026-08-24 20:02:33.782894,1438,franka,0.49233,-0.00515,0.43994,-0.00000,-0.00000,0.01000,0.00000,26.00,0.00,0.00,-0.0514,0.1343,0.7543,0.1857,0,0
2026-08-24 20:02:33.836939,1439,franka,0.49233,-0.00515,0.44044,-0.00000,-0.00000,0.01000,0.00000,26.00,0.00,0.00,-0.0429,0.1400,0.7657,0.1857,0,0
2026-08-24 20:02:33.891343,1440,franka,0.49234,-0.00515,0.44094,-0.00000,-0.00000,0.01000,0.00000,26.00,0.00,0.00,-0.0400,0.1029,0.7457,0.1886,0,0
2026-08-24 20:02:33.945187,1441,franka,0.49234,-0.00515,0.44145,-0.00000,-0.00000,0.01000,0.00000,26.00,0.00,0.00,-0.0371,0.1000,0.7371,0.1886,0,0
2026-08-24 20:02:33.999252,1442,franka,0.49234,-0.00515,0.44246,-0.00000,-0.00000,0.01000,0.00000,26.00,0.00,0.00,-0.0371,0.1000,0.7371,0.1886,0,0
2026-08-24 20:02:34.053339,1443,franka,0.49234,-0.00515,0.44296,-0.00000,-0.00000,0.01000,0.00000,26.00,0.00,0.00,-0.0371,0.1000,0.7371,0.1886,0,0
2026-08-24 20:02:34.107304,1444,franka,0.49234,-0.00515,0.44347,-0.00000,-0.00000,0.01000,0.00000,26.00,0.00,0.00,-0.0371,0.1000,0.7371,0.1886,0,0
2026-08-24 20:02:34.161274,1445,franka,0.49234,-0.00515,0.44396,-0.00000,-0.00000,0.01000,0.00000,26.00,0.00,0.00,-0.0371,0.1000,0.7371,0.1886,0,0
2026-08-24 20:02:34.215370,1446,franka,0.49234,-0.00515,0.44447,-0.00000,-0.00000,0.01000,0.00000,26.00,0.00,0.00,-0.0371,0.1000,0.7371,0.1886,0,0
2026-08-24 20:02:34.269292,1447,franka,0.49233,-0.00515,0.44498,-0.00000,-0.00000,0.01000,0.00000,26.00,0.00,0.00,0.0000,0.0886,0.3800,0.0457,0,0
2026-08-24 20:02:34.323088,1448,franka,0.49234,-0.00515,0.44550,-0.00000,-0.00000,0.01000,0.00000,26.00,0.00,0.00,0.0000,0.0886,0.3800,0.0457,0,0
2026-08-24 20:02:34.378118,1449,franka,0.49234,-0.00515,0.44600,-0.00000,-0.00000,0.01000,0.00000,26.00,0.00,0.00,0.0000,0.0886,0.3800,0.0457,0,0
2026-08-24 20:02:34.427384,1450,franka,0.49234,-0.00515,0.44650,-0.00000,-0.00000,0.01000,0.00000,26.00,0.00,0.00,0.0000,0.0886,0.3800,0.0457,0,0
2026-08-24 20:02:34.481537,1451,franka,0.49234,-0.00515,0.44701,-0.00000,-0.00000,0.01000,0.00000,26.00,0.00,0.00,0.0000,0.0886,0.3800,0.0457,0,0
2026-08-24 20:02:34.535847,1452,franka,0.49234,-0.00515,0.44752,-0.00000,-0.00000,0.01000,0.00000,26.00,0.00,0.00,0.0000,0.0886,0.3800,0.0457,0,0
2026-08-24 20:02:34.589540,1453,franka,0.49234,-0.00515,0.44802,-0.00000,-0.00000,0.01000,0.00000,26.00,0.00,0.00,0.0000,0.0886,0.3800,0.0457,0,0
2026-08-24 20:02:34.643474,1454,franka,0.49234,-0.00515,0.44853,-0.00000,-0.00000,0.01000,0.00000,26.00,0.00,0.00,0.0000,0.0886,0.3800,0.0457,0,0
2026-08-24 20:02:34.698116,1455,franka,0.49233,-0.00515,0.44902,-0.00000,-0.00000,0.01000,0.00000,26.00,0.00,0.00,0.0000,0.0886,0.3800,0.0457,0,0
2026-08-24 20:02:34.752336,1456,franka,0.49233,-0.00515,0.44953,-0.00000,-0.00000,0.01000,0.00000,26.00,0.00,0.00,-0.1457,0.9229,-0.0514,0.1657,0,0
2026-08-24 20:02:34.806598,1457,franka,0.49233,-0.00448,0.44976,-0.00000,0.00517,-0.00000,0.00000,26.00,0.00,0.00,0.0000,0.0000,0.0000,0.0000,0,0
2026-08-24 20:02:34.861317,1458,franka,0.49233,-0.00431,0.44977,-0.00000,0.00000,-0.00000,0.00000,26.00,0.00,0.00,0.0000,0.0000,0.0000,0.0000,0,0
2026-08-24 20:02:34.915557,1459,franka,0.49233,-0.00441,0.44977,-0.00000,-0.00000,-0.00000,0.00000,26.00,0.00,0.00,0.0000,0.0000,0.0000,0.0000,0,0
2026-08-24 20:02:34.969738,1460,franka,0.49233,-0.00440,0.44978,-0.00000,-0.00000,-0.00000,0.00000,26.00,0.00,0.00,0.0000,0.0000,0.0000,0.0000,0,0
2026-08-24 20:02:35.023849,1461,franka,0.49233,-0.00435,0.44977,-0.00000,-0.00117,-0.00117,0.00000,26.00,0.00,0.00,-0.1486,-0.1886,-1.0000,0.0000,0,0
2026-08-24 20:02:35.077578,1462,franka,0.49234,-0.00464,0.44951,-0.00000,-0.00707,-0.00707,0.00000,26.00,0.00,0.00,-0.3114,-0.0857,-1.0000,0.0000,0,0
2026-08-24 20:02:35.131233,1463,franka,0.49233,-0.00480,0.44902,-0.00000,-0.00000,-0.01000,0.00000,26.00,0.00,0.00,-0.4286,-0.0257,-0.7943,0.0000,0,0
2026-08-24 20:02:35.185104,1464,franka,0.49206,-0.00475,0.44858,-0.00707,-0.00000,-0.00707,0.00000,26.00,0.00,0.00,-0.1629,-0.1343,-0.2714,0.0000,0,0
2026-08-24 20:02:35.238853,1465,franka,0.49199,-0.00475,0.44818,-0.00000,-0.00000,-0.01000,0.00000,26.00,0.00,0.00,0.0000,0.0000,0.0000,0.0000,0,0
2026-08-24 20:02:35.293664,1466,franka,0.49197,-0.00479,0.44792,0.00000,-0.00000,-0.00000,0.00000,26.00,0.00,0.00,0.0000,0.0000,0.0000,0.0000,0,0
2026-08-24 20:02:35.347203,1467,franka,0.49198,-0.00477,0.44789,0.00000,-0.00000,-0.00000,0.00000,26.00,0.00,0.00,0.0000,0.0000,0.0000,0.0000,0,0
2026-08-24 20:02:35.401166,1468,franka,0.49198,-0.00475,0.44790,0.00000,-0.00000,-0.00000,0.00000,26.00,0.00,0.00,0.0000,0.0429,0.0000,0.0000,0,0
2026-08-24 20:02:35.454674,1469,franka,0.49197,-0.00477,0.44793,0.00000,-0.00000,-0.00000,0.00000,26.00,0.00,0.00,0.0000,0.1571,0.0000,0.0000,0,0
2026-08-24 20:02:35.508520,1470,franka,0.49198,-0.00477,0.44789,-0.00000,0.00000,-0.00000,0.00000,26.00,0.00,0.00,0.0000,0.0571,0.0000,0.0000,0,0
2026-08-24 20:02:35.562443,1471,franka,0.49197,-0.00476,0.44791,-0.00000,0.00000,-0.00000,0.00000,26.00,0.00,0.00,0.0000,0.0000,0.0000,0.0000,0,0
2026-08-24 20:02:35.616502,1472,franka,0.49198,-0.00477,0.44790,-0.00000,0.00000,0.00000,0.00000,26.00,0.00,0.00,0.0000,0.0000,0.0000,0.0000,0,0
2026-08-24 20:02:35.670566,1473,franka,0.49198,-0.00477,0.44790,-0.00000,0.00000,0.00000,0.00000,26.00,0.00,0.00,0.0000,-0.0514,0.0000,0.0000,0,0
2026-08-24 20:02:35.724729,1474,franka,0.49198,-0.00477,0.44791,-0.00000,-0.00000,0.00000,0.00000,26.00,0.00,0.00,-0.0200,0.0000,0.3714,0.0000,0,0
2026-08-24 20:02:35.778649,1475,franka,0.49196,-0.00476,0.44812,-0.00000,-0.00000,0.01000,0.00000,26.00,0.00,0.00,0.0000,0.0000,0.0000,0.0000,0,0
2026-08-24 20:02:35.832517,1476,franka,0.49197,-0.00475,0.44840,-0.00000,-0.00000,0.00000,0.00000,26.00,0.00,0.00,0.0000,0.0000,0.0000,0.0000,0,0
2026-08-24 20:02:35.886579,1477,franka,0.49197,-0.00476,0.44837,-0.00000,-0.00000,0.00000,0.00000,26.00,0.00,0.00,0.0000,0.0000,0.0000,0.0000,0,0
2026-08-24 20:02:35.940289,1478,franka,0.49197,-0.00476,0.44841,-0.00000,-0.00000,-0.00000,0.00000,26.00,0.00,0.00,0.0000,0.0000,0.0000,0.0000,0,0
2026-08-24 20:02:35.994092,1479,franka,0.49197,-0.00476,0.44837,0.00000,-0.00000,-0.00000,0.00000,26.00,0.00,0.00,0.0000,0.1171,0.2314,0.0000,0,0
2026-08-24 20:02:36.047949,1480,franka,0.49197,-0.00476,0.44850,0.00000,-0.00000,0.00996,0.00000,26.00,0.00,0.00,0.0000,0.0000,0.3400,0.0057,0,0
2026-08-24 20:02:36.101614,1481,franka,0.49197,-0.00474,0.44901,0.00000,-0.00000,0.01000,0.00000,26.00,0.00,0.00,0.0000,0.0000,0.4886,0.0000,0,0
2026-08-24 20:02:36.155232,1482,franka,0.49197,-0.00475,0.44949,0.00000,-0.00000,0.01000,0.00000,26.00,0.00,0.00,0.0000,0.0257,0.7086,0.0743,0,0
2026-08-24 20:02:36.209090,1483,franka,0.49197,-0.00474,0.45001,0.00000,0.00000,0.01000,0.00000,26.00,0.00,0.00,0.0000,0.0171,0.6571,0.0714,0,0
2026-08-24 20:02:36.262892,1484,franka,0.49196,-0.00476,0.45050,0.00000,0.00000,0.01000,0.00000,26.00,0.00,0.00,0.0000,0.0000,0.6229,0.0371,0,0
2026-08-24 20:02:36.317019,1485,franka,0.49197,-0.00475,0.45103,0.00000,0.00000,0.01000,0.00000,26.00,0.00,0.00,0.0000,0.0086,0.0000,0.0000,0,0
2026-08-24 20:02:36.371096,1486,franka,0.49197,-0.00474,0.45135,0.00000,0.00000,0.00000,0.00000,26.00,0.00,0.00,0.0000,0.0771,0.0000,0.0000,0,0
2026-08-24 20:02:36.425062,1487,franka,0.49197,-0.00476,0.45134,0.00000,0.00000,-0.00000,0.00000,26.00,0.00,0.00,0.0000,0.1457,0.0000,0.0000,0,0
2026-08-24 20:02:36.479129,1488,franka,0.49197,-0.00476,0.45133,0.00000,0.00000,-0.00000,0.00000,26.00,0.00,0.00,0.0000,0.1971,0.0000,0.0000,0,0
2026-08-24 20:02:36.533142,1489,franka,0.49197,-0.00476,0.45135,0.00000,0.00000,-0.00000,0.00000,26.00,0.00,0.00,0.0000,0.1971,0.0000,0.0000,0,0
2026-08-24 20:02:36.587036,1490,franka,0.49197,-0.00459,0.45133,0.00000,0.01000,0.00000,0.00000,26.00,0.00,0.00,0.0000,0.6686,-0.1457,0.0000,0,0
2026-08-24 20:02:36.640993,1491,franka,0.49198,-0.00411,0.45133,0.00000,0.01000,0.00000,0.00000,26.00,0.00,0.00,-0.0171,0.7400,-0.1714,0.0000,0,0
2026-08-24 20:02:36.695258,1492,franka,0.49198,-0.00355,0.45134,0.00000,0.01000,0.00000,0.00000,26.00,0.00,0.00,-0.0171,0.7400,-0.1714,0.0000,0,0
2026-08-24 20:02:36.749363,1493,franka,0.49198,-0.00307,0.45133,0.00000,0.01000,0.00000,0.00000,26.00,0.00,0.00,-0.0171,0.7400,-0.1714,0.0000,0,0
2026-08-24 20:02:36.803323,1494,franka,0.49198,-0.00256,0.45133,0.00000,0.01000,0.00000,0.00000,26.00,0.00,0.00,-0.0171,0.7400,-0.1714,0.0000,0,0
2026-08-24 20:02:36.857468,1495,franka,0.49197,-0.00204,0.45133,0.00000,0.01000,0.00000,0.00000,26.00,0.00,0.00,-0.0171,0.7400,-0.1714,0.0000,0,0
2026-08-24 20:02:36.911703,1496,franka,0.49197,-0.00156,0.45133,0.00000,0.01000,0.00000,0.00000,26.00,0.00,0.00,-0.0171,0.7400,-0.1714,0.0000,0,0
2026-08-24 20:02:36.966067,1497,franka,0.49197,-0.00104,0.45133,0.00000,0.01000,0.00000,0.00000,26.00,0.00,0.00,-0.0171,0.7400,-0.1714,0.0000,0,0
2026-08-24 20:02:37.019756,1498,franka,0.49197,-0.00053,0.45133,0.00000,0.01000,0.00000,0.00000,26.00,0.00,0.00,-0.0171,0.7400,-0.1714,0.0000,0,0
2026-08-24 20:02:37.073355,1499,franka,0.49197,-0.00004,0.45134,0.00000,0.01000,0.00000,0.00000,26.00,0.00,0.00,-0.0171,0.7400,-0.1714,0.0000,0,0
2026-08-24 20:02:37.127211,1500,franka,0.49197,0.00048,0.45134,0.00000,0.01000,0.00000,0.00000,26.00,0.00,0.00,-0.0171,0.7400,-0.1714,0.0000,0,0
2026-08-24 20:02:37.181070,1501,franka,0.49197,0.00098,0.45134,0.00000,0.01000,0.00000,0.00000,26.00,0.00,0.00,-0.0171,0.7400,-0.1714,0.0000,0,0
2026-08-24 20:02:37.234759,1502,franka,0.49197,0.00200,0.45135,-0.00000,0.01000,0.00000,0.00000,26.00,0.00,0.00,-0.0171,0.7400,-0.1714,0.0000,0,0
2026-08-24 20:02:37.288313,1503,franka,0.49197,0.00250,0.45135,-0.00000,0.01000,0.00000,0.00000,26.00,0.00,0.00,-0.0171,0.7400,-0.1714,0.0000,0,0
2026-08-24 20:02:37.342539,1504,franka,0.49197,0.00300,0.45135,0.00000,0.01000,0.00000,0.00000,26.00,0.00,0.00,-0.0171,0.7400,-0.1714,0.0000,0,0
2026-08-24 20:02:37.396734,1505,franka,0.49197,0.00352,0.45135,0.00000,0.01000,0.00000,0.00000,26.00,0.00,0.00,-0.0171,0.7400,-0.1714,0.0000,0,0
2026-08-24 20:02:37.450537,1506,franka,0.49197,0.00402,0.45135,0.00000,0.01000,0.00000,0.00000,26.00,0.00,0.00,-0.0171,0.7400,-0.1714,0.0000,0,0
2026-08-24 20:02:37.504459,1507,franka,0.49197,0.00452,0.45136,-0.00000,0.01000,0.00000,0.00000,26.00,0.00,0.00,-0.0171,0.7400,-0.1714,0.0000,0,0
2026-08-24 20:02:37.558694,1508,franka,0.49197,0.00503,0.45136,-0.00000,0.01000,0.00000,0.00000,26.00,0.00,0.00,-0.0171,0.7400,-0.1714,0.0000,0,0
2026-08-24 20:02:37.612659,1509,franka,0.49197,0.00553,0.45136,-0.00000,0.01000,0.00000,0.00000,26.00,0.00,0.00,-0.0171,0.7400,-0.1714,0.0000,0,0
2026-08-24 20:02:37.667099,1510,franka,0.49196,0.00603,0.45136,0.00000,0.01000,0.00000,0.00000,26.00,0.00,0.00,-0.0171,0.7400,-0.1714,0.0000,0,0
2026-08-24 20:02:37.720865,1511,franka,0.49196,0.00653,0.45136,0.00000,0.01000,0.00000,0.00000,26.00,0.00,0.00,-0.0171,0.7400,-0.1714,0.0000,0,0
2026-08-24 20:02:37.774700,1512,franka,0.49197,0.00705,0.45136,0.00000,0.01000,0.00000,0.00000,26.00,0.00,0.00,-0.0171,0.7400,-0.1714,0.0000,0,0
2026-08-24 20:02:37.828419,1513,franka,0.49197,0.00755,0.45136,0.00000,0.01000,0.00000,0.00000,26.00,0.00,0.00,-0.0171,0.7400,-0.1714,0.0000,0,0
2026-08-24 20:02:37.882212,1514,franka,0.49197,0.00806,0.45136,0.00000,0.01000,0.00000,0.00000,26.00,0.00,0.00,-0.0171,0.7400,-0.1714,0.0000,0,0
2026-08-24 20:02:37.936571,1515,franka,0.49196,0.00856,0.45136,0.00000,0.01000,0.00000,0.00000,26.00,0.00,0.00,-0.0171,0.7400,-0.1714,0.0000,0,0
2026-08-24 20:02:37.990163,1516,franka,0.49197,0.00957,0.45136,0.00000,0.01000,0.00000,0.00000,26.00,0.00,0.00,-0.0171,0.7400,-0.1714,0.0000,0,0
2026-08-24 20:02:38.043804,1517,franka,0.49196,0.01009,0.45136,0.00000,0.01000,0.00000,0.00000,26.00,0.00,0.00,-0.0171,0.7400,-0.1714,0.0000,0,0
2026-08-24 20:02:38.097313,1518,franka,0.49197,0.01058,0.45136,-0.00000,0.01000,0.00000,0.00000,26.00,0.00,0.00,-0.0171,0.7400,-0.1714,0.0000,0,0
2026-08-24 20:02:38.150861,1519,franka,0.49197,0.01108,0.45136,-0.00000,0.01000,0.00000,0.00000,26.00,0.00,0.00,-0.0171,0.7400,-0.1714,0.0000,0,0
2026-08-24 20:02:38.204598,1520,franka,0.49197,0.01158,0.45136,-0.00000,0.01000,0.00000,0.00000,26.00,0.00,0.00,-0.0171,0.7400,-0.1714,0.0000,0,0
2026-08-24 20:02:38.258394,1521,franka,0.49197,0.01207,0.45136,0.00000,0.01000,0.00000,0.00000,26.00,0.00,0.00,-0.0171,0.7400,-0.1714,0.0000,0,0
2026-08-24 20:02:38.312268,1522,franka,0.49197,0.01258,0.45136,0.00000,0.01000,0.00000,0.00000,26.00,0.00,0.00,-0.0171,0.7400,-0.1714,0.0000,0,0
2026-08-24 20:02:38.366261,1523,franka,0.49197,0.01309,0.45136,0.00000,0.01000,0.00000,0.00000,26.00,0.00,0.00,-0.0171,0.7400,-0.1714,0.0000,0,0
2026-08-24 20:02:38.420258,1524,franka,0.49197,0.01359,0.45137,-0.00000,0.01000,0.00000,0.00000,26.00,0.00,0.00,-0.0171,0.7400,-0.1714,0.0000,0,0
2026-08-24 20:02:38.473679,1525,franka,0.49197,0.01410,0.45136,-0.00000,0.01000,0.00000,0.00000,26.00,0.00,0.00,-0.0171,0.7400,-0.1714,0.0000,0,0
2026-08-24 20:02:38.527781,1526,franka,0.49197,0.01461,0.45136,-0.00000,0.01000,0.00000,0.00000,26.00,0.00,0.00,-0.0171,0.7400,-0.1714,0.0000,0,0
2026-08-24 20:02:38.581670,1527,franka,0.49197,0.01511,0.45136,-0.00000,0.01000,0.00000,0.00000,26.00,0.00,0.00,-0.0171,0.7400,-0.1714,0.0000,0,0
2026-08-24 20:02:38.635639,1528,franka,0.49197,0.01561,0.45136,-0.00000,0.01000,0.00000,0.00000,26.00,0.00,0.00,-0.0171,0.7400,-0.1714,0.0000,0,0
2026-08-24 20:02:38.689678,1529,franka,0.49197,0.01613,0.45136,-0.00000,0.01000,0.00000,0.00000,26.00,0.00,0.00,-0.0171,0.7400,-0.1714,0.0000,0,0
2026-08-24 20:02:38.743970,1530,franka,0.49197,0.01664,0.45136,0.00000,0.01000,0.00000,0.00000,26.00,0.00,0.00,-0.0171,0.7400,-0.1714,0.0000,0,0
2026-08-24 20:02:38.798240,1531,franka,0.49197,0.01715,0.45136,0.00000,0.01000,0.00000,0.00000,26.00,0.00,0.00,-0.0171,0.7400,-0.1714,0.0000,0,0
2026-08-24 20:02:38.852232,1532,franka,0.49197,0.01814,0.45137,0.00000,0.01000,0.00000,0.00000,26.00,0.00,0.00,-0.0171,0.7400,-0.1714,0.0000,0,0
2026-08-24 20:02:38.906227,1533,franka,0.49197,0.01865,0.45136,0.00000,0.01000,0.00000,0.00000,26.00,0.00,0.00,-0.0171,0.7400,-0.1714,0.0000,0,0
2026-08-24 20:02:38.960268,1534,franka,0.49197,0.01915,0.45137,0.00000,0.01000,0.00000,0.00000,26.00,0.00,0.00,-0.0171,0.7400,-0.1714,0.0000,0,0
2026-08-24 20:02:39.014254,1535,franka,0.49197,0.01967,0.45136,0.00000,0.01000,0.00000,0.00000,26.00,0.00,0.00,-0.0171,0.7400,-0.1714,0.0000,0,0
2026-08-24 20:02:39.068261,1536,franka,0.49197,0.02018,0.45136,0.00000,0.01000,0.00000,0.00000,26.00,0.00,0.00,-0.0171,0.7400,-0.1714,0.0000,0,0
2026-08-24 20:02:39.123253,1537,franka,0.49197,0.02068,0.45137,0.00000,0.01000,0.00000,0.00000,26.00,0.00,0.00,-0.0171,0.7400,-0.1714,0.0000,0,0
2026-08-24 20:02:39.177315,1538,franka,0.49197,0.02119,0.45136,-0.00000,0.01000,0.00000,0.00000,26.00,0.00,0.00,-0.0171,0.7400,-0.1714,0.0000,0,0
2026-08-24 20:02:39.231753,1539,franka,0.49197,0.02170,0.45136,-0.00000,0.01000,0.00000,0.00000,26.00,0.00,0.00,-0.0171,0.7400,-0.1714,0.0000,0,0
2026-08-24 20:02:39.286711,1540,franka,0.49197,0.02220,0.45137,-0.00000,0.01000,0.00000,0.00000,26.00,0.00,0.00,-0.0171,0.7400,-0.1714,0.0000,0,0
2026-08-24 20:02:39.340684,1541,franka,0.49197,0.02271,0.45137,0.00000,0.01000,0.00000,0.00000,26.00,0.00,0.00,-0.0171,0.7400,-0.1714,0.0000,0,0
2026-08-24 20:02:39.394617,1542,franka,0.49197,0.02322,0.45136,0.00000,0.01000,0.00000,0.00000,26.00,0.00,0.00,-0.0171,0.7400,-0.1714,0.0000,0,0
2026-08-24 20:02:39.448389,1543,franka,0.49197,0.02372,0.45137,0.00000,0.01000,0.00000,0.00000,26.00,0.00,0.00,-0.0171,0.7400,-0.1714,0.0000,0,0
2026-08-24 20:02:39.501836,1544,franka,0.49197,0.02423,0.45137,-0.00000,0.01000,0.00000,0.00000,26.00,0.00,0.00,-0.0171,0.7400,-0.1714,0.0000,0,0
2026-08-24 20:02:39.555557,1545,franka,0.49197,0.02473,0.45137,-0.00000,0.01000,0.00000,0.00000,26.00,0.00,0.00,-0.0171,0.7400,-0.1714,0.0000,0,0
2026-08-24 20:02:39.609334,1546,franka,0.49197,0.02574,0.45137,-0.00000,0.01000,0.00000,0.00000,26.00,0.00,0.00,-0.0171,0.7400,-0.1714,0.0000,0,0
2026-08-24 20:02:39.663279,1547,franka,0.49197,0.02623,0.45137,-0.00000,0.01000,0.00000,0.00000,26.00,0.00,0.00,-0.0171,0.7400,-0.1714,0.0000,0,0
2026-08-24 20:02:39.716890,1548,franka,0.49197,0.02674,0.45137,0.00000,0.01000,0.00000,0.00000,26.00,0.00,0.00,-0.0171,0.7400,-0.1714,0.0000,0,0
2026-08-24 20:02:39.771464,1549,franka,0.49197,0.02726,0.45137,0.00000,0.01000,0.00000,0.00000,26.00,0.00,0.00,-0.0171,0.7400,-0.1714,0.0000,0,0
2026-08-24 20:02:39.825613,1550,franka,0.49197,0.02776,0.45137,0.00000,0.01000,0.00000,0.00000,26.00,0.00,0.00,-0.0171,0.7400,-0.1714,0.0000,0,0
2026-08-24 20:02:39.879522,1551,franka,0.49197,0.02826,0.45136,0.00000,0.00806,-0.00483,0.00000,26.00,0.00,0.00,-0.1286,1.0000,-0.3257,0.0486,0,0
2026-08-24 20:02:39.933905,1552,franka,0.49198,0.02865,0.45107,0.00000,0.00707,-0.00707,0.00000,26.00,0.00,0.00,-0.1286,1.0000,-0.3257,0.0486,0,0
2026-08-24 20:02:39.987499,1553,franka,0.49197,0.02900,0.45070,0.00000,0.00707,-0.00707,0.00000,26.00,0.00,0.00,-0.1286,1.0000,-0.3257,0.0486,0,0
2026-08-24 20:02:40.041876,1554,franka,0.49197,0.02935,0.45035,0.00000,0.00707,-0.00707,0.00000,26.00,0.00,0.00,-0.1286,1.0000,-0.3257,0.0486,0,0
2026-08-24 20:02:40.095767,1555,franka,0.49197,0.02972,0.44999,0.00000,0.00707,-0.00707,0.00000,26.00,0.00,0.00,-0.1286,1.0000,-0.3257,0.0486,0,0
2026-08-24 20:02:40.149349,1556,franka,0.49197,0.03007,0.44963,0.00000,0.00707,-0.00707,0.00000,26.00,0.00,0.00,-0.1286,1.0000,-0.3257,0.0486,0,0
2026-08-24 20:02:40.203598,1557,franka,0.49197,0.03042,0.44926,0.00000,0.00707,-0.00707,0.00000,26.00,0.00,0.00,-0.1286,1.0000,-0.3257,0.0486,0,0
2026-08-24 20:02:40.257751,1558,franka,0.49197,0.03079,0.44890,0.00000,0.00707,-0.00707,0.00000,26.00,0.00,0.00,-0.1286,1.0000,-0.3257,0.0486,0,0
2026-08-24 20:02:40.311792,1559,franka,0.49197,0.03114,0.44855,-0.00000,0.00707,-0.00707,0.00000,26.00,0.00,0.00,-0.1286,1.0000,-0.3257,0.0486,0,0
2026-08-24 20:02:40.365313,1560,franka,0.49197,0.03185,0.44785,-0.00000,0.00707,-0.00707,0.00000,26.00,0.00,0.00,-0.1286,1.0000,-0.3257,0.0486,0,0
2026-08-24 20:02:40.419029,1561,franka,0.49197,0.03220,0.44750,-0.00000,0.00707,-0.00707,0.00000,26.00,0.00,0.00,-0.1286,1.0000,-0.3257,0.0486,0,0
2026-08-24 20:02:40.472708,1562,franka,0.49197,0.03256,0.44714,-0.00000,0.00707,-0.00707,0.00000,26.00,0.00,0.00,-0.1286,1.0000,-0.3257,0.0486,0,0
2026-08-24 20:02:40.526459,1563,franka,0.49197,0.03292,0.44678,-0.00000,0.00707,-0.00707,0.00000,26.00,0.00,0.00,-0.1286,1.0000,-0.3257,0.0486,0,0
2026-08-24 20:02:40.580697,1564,franka,0.49197,0.03327,0.44643,-0.00000,0.00707,-0.00707,0.00000,26.00,0.00,0.00,-0.1286,1.0000,-0.3257,0.0486,0,0
2026-08-24 20:02:40.634314,1565,franka,0.49197,0.03364,0.44607,-0.00000,0.00707,-0.00707,0.00000,26.00,0.00,0.00,-0.1286,1.0000,-0.3257,0.0486,0,0
2026-08-24 20:02:40.686130,1566,franka,0.49197,0.03399,0.44572,-0.00000,0.00707,-0.00707,0.00000,26.00,0.00,0.00,-0.1286,1.0000,-0.3257,0.0486,0,0
2026-08-24 20:02:40.740071,1567,franka,0.49197,0.03435,0.44536,-0.00000,0.00707,-0.00707,0.00000,26.00,0.00,0.00,-0.1286,1.0000,-0.3257,0.0486,0,0
2026-08-24 20:02:40.794154,1568,franka,0.49197,0.03471,0.44500,-0.00000,0.00707,-0.00707,0.00000,26.00,0.00,0.00,-0.1286,1.0000,-0.3257,0.0486,0,0
2026-08-24 20:02:40.848004,1569,franka,0.49197,0.03507,0.44464,-0.00000,0.00707,-0.00707,0.00000,26.00,0.00,0.00,-0.1286,1.0000,-0.3257,0.0486,0,0
2026-08-24 20:02:40.901610,1570,franka,0.49197,0.03542,0.44428,-0.00000,0.00707,-0.00707,0.00000,26.00,0.00,0.00,-0.1286,1.0000,-0.3257,0.0486,0,0
2026-08-24 20:02:40.955621,1571,franka,0.49197,0.03578,0.44392,-0.00000,0.00707,-0.00707,0.00000,26.00,0.00,0.00,-0.1286,1.0000,-0.3257,0.0486,0,0
2026-08-24 20:02:41.009216,1572,franka,0.49197,0.03614,0.44357,-0.00000,0.00707,-0.00707,0.00000,26.00,0.00,0.00,-0.1286,1.0000,-0.3257,0.0486,0,0
2026-08-24 20:02:41.063087,1573,franka,0.49197,0.03650,0.44320,-0.00000,0.00707,-0.00707,0.00000,26.00,0.00,0.00,-0.1286,1.0000,-0.3257,0.0486,0,0
2026-08-24 20:02:41.116668,1574,franka,0.49197,0.03685,0.44285,-0.00000,0.00707,-0.00707,0.00000,26.00,0.00,0.00,-0.1286,1.0000,-0.3257,0.0486,0,0
2026-08-24 20:02:41.170330,1575,franka,0.49197,0.03721,0.44249,-0.00000,0.00707,-0.00707,0.00000,26.00,0.00,0.00,-0.1286,1.0000,-0.3257,0.0486,0,0
2026-08-24 20:02:41.223961,1576,franka,0.49197,0.03792,0.44179,-0.00000,0.00707,-0.00707,0.00000,26.00,0.00,0.00,-0.1286,1.0000,-0.3257,0.0486,0,0
2026-08-24 20:02:41.277575,1577,franka,0.49197,0.03827,0.44144,-0.00000,0.00707,-0.00707,0.00000,26.00,0.00,0.00,-0.1286,1.0000,-0.3257,0.0486,0,0
2026-08-24 20:02:41.331696,1578,franka,0.49197,0.03864,0.44108,-0.00000,0.00707,-0.00707,0.00000,26.00,0.00,0.00,-0.1286,1.0000,-0.3257,0.0486,0,0
2026-08-24 20:02:41.385354,1579,franka,0.49197,0.03899,0.44073,-0.00000,0.00707,-0.00707,0.00000,26.00,0.00,0.00,-0.1286,1.0000,-0.3257,0.0486,0,0
2026-08-24 20:02:41.439062,1580,franka,0.49197,0.03934,0.44038,-0.00000,0.00707,-0.00707,0.00000,26.00,0.00,0.00,-0.1286,1.0000,-0.3257,0.0486,0,0
2026-08-24 20:02:41.492810,1581,franka,0.49197,0.03969,0.44002,-0.00000,0.00707,-0.00707,0.00000,26.00,0.00,0.00,-0.1286,1.0000,-0.3257,0.0486,0,0
2026-08-24 20:02:41.546821,1582,franka,0.49197,0.04005,0.43966,-0.00000,0.00707,-0.00707,0.00000,26.00,0.00,0.00,-0.1286,1.0000,-0.3257,0.0486,0,0
2026-08-24 20:02:41.600396,1583,franka,0.49197,0.04041,0.43931,-0.00000,0.00707,-0.00707,0.00000,26.00,0.00,0.00,-0.1286,1.0000,-0.3257,0.0486,0,0
2026-08-24 20:02:41.654566,1584,franka,0.49197,0.04077,0.43895,-0.00000,0.00707,-0.00707,0.00000,26.00,0.00,0.00,-0.1286,1.0000,-0.3257,0.0486,0,0
2026-08-24 20:02:41.708644,1585,franka,0.49197,0.04113,0.43859,-0.00000,0.00707,-0.00707,0.00000,26.00,0.00,0.00,-0.1286,1.0000,-0.3257,0.0486,0,0
2026-08-24 20:02:41.762613,1586,franka,0.49197,0.04149,0.43822,-0.00000,0.00707,-0.00707,0.00000,26.00,0.00,0.00,-0.1286,1.0000,-0.3257,0.0486,0,0
2026-08-24 20:02:41.816588,1587,franka,0.49197,0.04184,0.43787,-0.00000,0.00707,-0.00707,0.00000,26.00,0.00,0.00,-0.1286,1.0000,-0.3257,0.0486,0,0
2026-08-24 20:02:41.870737,1588,franka,0.49197,0.04220,0.43751,-0.00000,0.00707,-0.00707,0.00000,26.00,0.00,0.00,-0.1286,1.0000,-0.3257,0.0486,0,0
2026-08-24 20:02:41.924568,1589,franka,0.49197,0.04256,0.43715,-0.00000,0.00707,-0.00707,0.00000,26.00,0.00,0.00,0.0000,0.3286,0.9971,0.6200,0,0
2026-08-24 20:02:41.978661,1590,franka,0.49197,0.04291,0.43680,-0.00000,0.00707,-0.00476,0.00000,26.00,0.00,0.00,-0.0343,0.3514,0.9743,0.5886,0,0
2026-08-24 20:02:42.032525,1591,franka,0.49196,0.04338,0.43743,-0.00000,0.00000,0.01000,0.00000,26.00,0.00,0.00,-0.1514,0.0229,0.3314,0.1543,0,0
2026-08-24 20:02:42.086618,1592,franka,0.49197,0.04335,0.43794,-0.00000,-0.00000,0.01000,0.00000,26.00,0.00,0.00,-0.1514,0.0229,0.3314,0.1543,0,0
2026-08-24 20:02:42.140333,1593,franka,0.49197,0.04336,0.43842,-0.00000,-0.00000,0.01000,0.00000,26.00,0.00,0.00,-0.1514,0.0229,0.3314,0.1543,0,0
2026-08-24 20:02:42.193959,1594,franka,0.49197,0.04339,0.43892,-0.00000,-0.00000,0.01000,0.00000,26.00,0.00,0.00,0.0314,-0.0743,0.7971,-0.1457,0,0
2026-08-24 20:02:42.248094,1595,franka,0.49197,0.04338,0.43910,-0.00000,-0.00000,0.00000,0.00000,26.00,0.00,0.00,0.0000,-0.0086,0.7200,-0.0400,0,0
2026-08-24 20:02:42.301990,1596,franka,0.49197,0.04340,0.43943,-0.00000,-0.00000,0.01000,0.00000,26.00,0.00,0.00,0.0000,-0.0314,0.4914,-0.0143,0,0
2026-08-24 20:02:42.355937,1597,franka,0.49198,0.04339,0.43996,-0.00000,-0.00000,0.01000,0.00000,26.00,0.00,0.00,-0.0486,-0.0457,0.1086,0.0000,0,0
2026-08-24 20:02:42.410048,1598,franka,0.49196,0.04339,0.44015,-0.00000,-0.00000,0.00000,0.00000,26.00,0.00,0.00,-0.0686,0.0000,0.1200,0.0000,0,0
2026-08-24 20:02:42.463884,1599,franka,0.49197,0.04340,0.44015,-0.00000,-0.00000,-0.00000,0.00000,26.00,0.00,0.00,-0.0714,0.0000,0.6457,-0.0286,0,0
2026-08-24 20:02:42.517607,1600,franka,0.49197,0.04340,0.44048,-0.00000,-0.00000,0.01000,0.00000,26.00,0.00,0.00,0.0000,0.0000,0.9857,0.0000,0,0
2026-08-24 20:02:42.571438,1601,franka,0.49197,0.04340,0.44102,-0.00000,-0.00000,0.01000,0.00000,26.00,0.00,0.00,0.0171,0.0000,1.0000,0.0000,0,0
2026-08-24 20:02:42.625547,1602,franka,0.49196,0.04341,0.44150,-0.00000,-0.00000,0.01000,0.00000,26.00,0.00,0.00,0.0114,0.0000,1.0000,0.0000,0,0
2026-08-24 20:02:42.679565,1603,franka,0.49197,0.04340,0.44199,-0.00000,-0.00000,0.01000,0.00000,26.00,0.00,0.00,0.0000,0.0000,1.0000,0.0000,0,0
2026-08-24 20:02:42.733519,1604,franka,0.49197,0.04341,0.44248,-0.00000,-0.00000,0.01000,0.00000,26.00,0.00,0.00,0.0000,0.0000,1.0000,0.0000,0,0
2026-08-24 20:02:42.787586,1605,franka,0.49197,0.04341,0.44351,-0.00000,-0.00000,0.01000,0.00000,26.00,0.00,0.00,0.0000,0.0257,0.9314,0.0371,0,0
2026-08-24 20:02:42.841491,1606,franka,0.49197,0.04341,0.44402,-0.00000,-0.00000,0.01000,0.00000,26.00,0.00,0.00,0.0000,0.0000,0.9171,0.1200,0,0
2026-08-24 20:02:42.895641,1607,franka,0.49197,0.04341,0.44454,-0.00000,-0.00000,0.01000,0.00000,26.00,0.00,0.00,0.0000,-0.0057,0.8886,0.2771,0,0
2026-08-24 20:02:42.949651,1608,franka,0.49197,0.04341,0.44505,-0.00000,-0.00000,0.01000,0.00000,26.00,0.00,0.00,-0.0514,0.0000,0.8629,0.3514,0,0
2026-08-24 20:02:43.003786,1609,franka,0.49197,0.04341,0.44553,-0.00000,-0.00000,0.01000,0.00000,26.00,0.00,0.00,0.0000,0.0029,0.5400,0.0343,0,0
2026-08-24 20:02:43.057667,1610,franka,0.49197,0.04341,0.44605,-0.00000,0.00000,0.01000,0.00000,26.00,0.00,0.00,0.0000,0.0000,0.1629,0.0000,0,0
2026-08-24 20:02:43.111614,1611,franka,0.49197,0.04341,0.44655,-0.00000,0.00000,0.00971,0.00000,26.00,0.00,0.00,0.0000,0.0000,0.0286,0.0000,0,0
2026-08-24 20:02:43.165787,1612,franka,0.49197,0.04340,0.44666,-0.00000,0.00000,0.00000,0.00000,26.00,0.00,0.00,0.0000,0.0000,0.0286,0.0000,0,0
2026-08-24 20:02:43.219779,1613,franka,0.49197,0.04340,0.44665,-0.00000,0.00000,-0.00000,0.00000,26.00,0.00,0.00,0.0000,0.0000,0.0286,0.0000,0,0
2026-08-24 20:02:43.273886,1614,franka,0.49197,0.04340,0.44666,-0.00000,0.00000,-0.00000,0.00000,26.00,0.00,0.00,0.0000,0.0000,0.0286,0.0000,0,0
2026-08-24 20:02:43.327635,1615,franka,0.49197,0.04340,0.44666,-0.00000,-0.00000,-0.00000,0.00000,26.00,0.00,0.00,0.0000,0.0000,0.0000,0.0000,0,0
2026-08-24 20:02:43.381528,1616,franka,0.49197,0.04340,0.44665,-0.00000,-0.00000,-0.00000,0.00000,26.00,0.00,0.00,0.0000,0.0000,0.0000,0.0000,0,0
2026-08-24 20:02:43.435260,1617,franka,0.49197,0.04340,0.44666,-0.00000,-0.00000,-0.00000,0.00000,26.00,0.00,0.00,0.0000,0.0000,0.0000,0.0000,0,0
2026-08-24 20:02:43.489009,1618,franka,0.49197,0.04340,0.44666,-0.00000,0.00000,-0.00000,0.00000,26.00,0.00,0.00,0.0000,0.0000,0.0000,0.0000,0,0
2026-08-24 20:02:43.542520,1619,franka,0.49197,0.04340,0.44666,-0.00000,0.00000,-0.00000,0.00000,26.00,0.00,0.00,0.0000,0.0000,0.0000,0.0000,0,0
2026-08-24 20:02:43.596616,1620,franka,0.49197,0.04339,0.44666,-0.00000,0.00000,-0.00000,0.00000,26.00,0.00,0.00,0.0000,0.0000,0.0000,0.0000,0,0
2026-08-24 20:02:43.650454,1621,franka,0.49197,0.04340,0.44666,-0.00000,0.00000,-0.00000,0.00000,26.00,0.00,0.00,0.0000,0.0486,0.0000,0.0000,0,0
2026-08-24 20:02:43.704443,1622,franka,0.49197,0.04340,0.44666,-0.00000,0.00000,-0.00000,0.00000,26.00,0.00,0.00,0.0000,0.0686,0.0000,0.0000,0,0
2026-08-24 20:02:43.758666,1623,franka,0.49197,0.04340,0.44666,-0.00000,0.00000,-0.00000,0.00000,26.00,0.00,0.00,-0.0114,0.0771,0.0000,0.0000,0,0
2026-08-24 20:02:43.812595,1624,franka,0.49197,0.04339,0.44666,-0.00000,0.00000,-0.00000,0.00000,26.00,0.00,0.00,-0.0114,0.0771,0.0000,0.0000,0,0
2026-08-24 20:02:43.866612,1625,franka,0.49197,0.04339,0.44666,-0.00000,0.00000,-0.00000,0.00000,26.00,0.00,0.00,0.0000,0.0000,0.1829,0.0171,0,0
2026-08-24 20:02:43.920838,1626,franka,0.49197,0.04339,0.44666,-0.00000,0.00000,-0.00000,0.00000,26.00,0.00,0.00,0.0000,0.0000,0.1829,0.0171,0,0
2026-08-24 20:02:43.974717,1627,franka,0.49197,0.04339,0.44666,-0.00000,0.00000,-0.00000,0.00000,26.00,0.00,0.00,0.0000,0.0000,0.1829,0.0171,0,0
2026-08-24 20:02:44.028624,1628,franka,0.49197,0.04340,0.44666,-0.00000,0.00000,-0.00000,0.00000,26.00,0.00,0.00,0.0000,0.0000,0.1829,0.0171,0,0
2026-08-24 20:02:44.083307,1629,franka,0.49197,0.04340,0.44666,-0.00000,0.00000,-0.00000,0.00000,26.00,0.00,0.00,0.0000,0.0000,0.1829,0.0171,0,0
2026-08-24 20:02:44.136900,1630,franka,0.49197,0.04339,0.44666,-0.00000,0.00000,-0.00000,0.00000,26.00,0.00,0.00,0.0000,0.0000,0.1829,0.0171,0,0
2026-08-24 20:02:44.190660,1631,franka,0.49197,0.04339,0.44666,-0.00000,0.00000,-0.00000,0.00000,26.00,0.00,0.00,0.0000,0.0000,0.1829,0.0171,0,0
2026-08-24 20:02:44.244549,1632,franka,0.49197,0.04340,0.44666,-0.00000,0.00000,-0.00000,0.00000,26.00,0.00,0.00,0.0000,0.0000,0.1829,0.0171,0,0
2026-08-24 20:02:44.299129,1633,franka,0.49197,0.04340,0.44666,-0.00000,0.00000,-0.00000,0.00000,26.00,0.00,0.00,0.0000,0.0000,0.1829,0.0171,0,0
2026-08-24 20:02:44.352732,1634,franka,0.49197,0.04340,0.44666,-0.00000,0.00000,-0.00000,0.00000,26.00,0.00,0.00,0.0000,0.0000,0.1829,0.0171,0,0
2026-08-24 20:02:44.406433,1635,franka,0.49197,0.04340,0.44666,-0.00000,0.00000,-0.00000,0.00000,26.00,0.00,0.00,0.0000,0.0000,0.1829,0.0171,0,0
2026-08-24 20:02:44.460021,1636,franka,0.49197,0.04340,0.44666,-0.00000,0.00000,-0.00000,0.00000,26.00,0.00,0.00,0.0000,0.0000,0.1829,0.0171,0,0
2026-08-24 20:02:44.513541,1637,franka,0.49197,0.04340,0.44666,-0.00000,0.00000,-0.00000,0.00000,26.00,0.00,0.00,0.0000,0.0000,0.1829,0.0171,0,0
2026-08-24 20:02:44.566994,1638,franka,0.49197,0.04340,0.44666,-0.00000,0.00000,-0.00000,0.00000,26.00,0.00,0.00,0.0000,0.0000,0.1829,0.0171,0,0
2026-08-24 20:02:44.620700,1639,franka,0.49197,0.04339,0.44666,-0.00000,0.00000,-0.00000,0.00000,26.00,0.00,0.00,0.0000,0.0000,0.1829,0.0171,0,0
2026-08-24 20:02:44.674448,1640,franka,0.49197,0.04339,0.44666,-0.00000,0.00000,-0.00000,0.00000,26.00,0.00,0.00,0.0000,0.0000,0.1829,0.0171,0,0
2026-08-24 20:02:44.728086,1641,franka,0.49197,0.04340,0.44666,-0.00000,0.00000,-0.00000,0.00000,26.00,0.00,0.00,0.0000,0.0000,0.1829,0.0171,0,0
2026-08-24 20:02:44.782051,1642,franka,0.49197,0.04340,0.44666,-0.00000,0.00000,-0.00000,0.00000,26.00,0.00,0.00,0.0000,0.0000,0.1829,0.0171,0,0
2026-08-24 20:02:44.835833,1643,franka,0.49197,0.04340,0.44666,-0.00000,0.00000,-0.00000,0.00000,26.00,0.00,0.00,0.0000,0.0000,0.1829,0.0171,0,0
2026-08-24 20:02:44.890657,1644,franka,0.49197,0.04339,0.44666,-0.00000,0.00000,-0.00000,0.00000,26.00,0.00,0.00,0.0000,0.0000,0.1829,0.0171,0,0
2026-08-24 20:02:44.944323,1645,franka,0.49197,0.04340,0.44666,-0.00000,0.00000,-0.00000,0.00000,26.00,0.00,0.00,0.0000,0.0000,0.1829,0.0171,0,0
2026-08-24 20:02:44.998470,1646,franka,0.49197,0.04340,0.44666,-0.00000,0.00000,-0.00000,0.00000,26.00,0.00,0.00,0.0000,0.0000,0.1829,0.0171,0,0
2026-08-24 20:02:45.052299,1647,franka,0.49197,0.04339,0.44666,-0.00000,0.00000,-0.00000,0.00000,26.00,0.00,0.00,0.0000,0.0000,0.1829,0.0171,0,0
2026-08-24 20:02:45.106017,1648,franka,0.49197,0.04340,0.44666,-0.00000,0.00000,-0.00000,0.00000,26.00,0.00,0.00,0.0000,0.0000,0.1829,0.0171,0,0
2026-08-24 20:02:45.159761,1649,franka,0.49197,0.04339,0.44666,-0.00000,0.00000,-0.00000,0.00000,26.00,0.00,0.00,0.0000,0.0000,0.1829,0.0171,0,0
2026-08-24 20:02:45.213438,1650,franka,0.49197,0.04340,0.44666,-0.00000,0.00000,-0.00000,0.00000,26.00,0.00,0.00,0.0000,0.0000,0.1829,0.0171,0,0
2026-08-24 20:02:45.267314,1651,franka,0.49197,0.04339,0.44666,-0.00000,0.00000,-0.00000,0.00000,26.00,0.00,0.00,0.0000,0.0000,0.1829,0.0171,0,0
2026-08-24 20:02:45.320870,1652,franka,0.49197,0.04340,0.44666,-0.00000,0.00000,-0.00000,0.00000,26.00,0.00,0.00,0.0000,0.0000,0.1829,0.0171,0,0
2026-08-24 20:02:45.374436,1653,franka,0.49197,0.04340,0.44666,-0.00000,0.00000,-0.00000,0.00000,26.00,0.00,0.00,0.0000,0.0000,0.1829,0.0171,0,0
2026-08-24 20:02:45.428205,1654,franka,0.49197,0.04339,0.44666,-0.00000,0.00000,-0.00000,0.00000,26.00,0.00,0.00,0.0000,0.0000,0.1829,0.0171,0,0
2026-08-24 20:02:45.482029,1655,franka,0.49197,0.04340,0.44666,-0.00000,0.00000,-0.00000,0.00000,26.00,0.00,0.00,0.0000,0.0000,0.1829,0.0171,0,0
2026-08-24 20:02:45.535844,1656,franka,0.49197,0.04340,0.44666,-0.00000,0.00000,-0.00000,0.00000,26.00,0.00,0.00,0.0000,0.0000,0.1829,0.0171,0,0
2026-08-24 20:02:45.589798,1657,franka,0.49197,0.04339,0.44666,-0.00000,0.00000,-0.00000,0.00000,26.00,0.00,0.00,0.0000,0.0000,0.1829,0.0171,0,0
2026-08-24 20:02:45.644348,1658,franka,0.49197,0.04340,0.44666,-0.00000,0.00000,-0.00000,0.00000,26.00,0.00,0.00,0.0000,0.0000,0.1829,0.0171,0,0
2026-08-24 20:02:45.698534,1659,franka,0.49197,0.04340,0.44666,-0.00000,0.00000,-0.00000,0.00000,26.00,0.00,0.00,-0.2971,1.0000,-0.2429,0.1000,0,0
2026-08-24 20:02:45.752148,1660,franka,0.49189,0.04345,0.44662,-0.00577,0.00577,-0.00577,0.00000,26.00,0.00,0.00,0.0000,0.0000,0.0000,0.0000,0,0
2026-08-24 20:02:45.805669,1661,franka,0.49169,0.04361,0.44636,-0.00000,0.00000,-0.00000,0.00000,26.00,0.00,0.00,0.0000,0.0000,0.0000,0.0000,0,0
2026-08-24 20:02:45.859469,1662,franka,0.49168,0.04369,0.44639,-0.00000,0.00000,-0.00000,0.00000,26.00,0.00,0.00,0.0000,0.0000,0.0000,0.0000,0,0
2026-08-24 20:02:45.913196,1663,franka,0.49169,0.04365,0.44639,0.00000,-0.00000,0.00000,0.00000,26.00,0.00,0.00,0.0000,0.0000,0.0000,0.0000,0,0
2026-08-24 20:02:45.966876,1664,franka,0.49169,0.04367,0.44639,0.00000,-0.00000,0.00000,0.00000,26.00,0.00,0.00,0.0000,0.0000,0.0000,0.0000,0,0
2026-08-24 20:02:46.020531,1665,franka,0.49169,0.04367,0.44640,0.00000,-0.00000,0.00000,0.00000,26.00,0.00,0.00,0.0000,0.0000,0.0000,0.0000,0,0
2026-08-24 20:02:46.074268,1666,franka,0.49169,0.04366,0.44640,0.00000,-0.00000,0.00000,0.00000,26.00,0.00,0.00,0.0000,0.0000,0.0000,0.0000,0,0
2026-08-24 20:02:46.127963,1667,franka,0.49169,0.04367,0.44639,0.00000,-0.00000,0.00000,0.00000,26.00,0.00,0.00,0.0000,0.0000,0.0000,0.0000,0,0
2026-08-24 20:02:46.181578,1668,franka,0.49169,0.04367,0.44640,0.00000,-0.00000,0.00000,0.00000,26.00,0.00,0.00,0.0000,0.0000,0.0000,0.0000,0,0
2026-08-24 20:02:46.235265,1669,franka,0.49169,0.04366,0.44639,0.00000,-0.00000,0.00000,0.00000,26.00,0.00,0.00,0.0000,0.0000,0.0000,0.0000,0,0
2026-08-24 20:02:46.288948,1670,franka,0.49169,0.04367,0.44640,0.00000,-0.00000,0.00000,0.00000,26.00,0.00,0.00,0.0000,0.0000,0.0000,0.0000,0,0
2026-08-24 20:02:46.342538,1671,franka,0.49169,0.04367,0.44640,0.00000,-0.00000,0.00000,0.00000,26.00,0.00,0.00,0.0000,0.0000,0.0000,0.0000,0,0
2026-08-24 20:02:46.396235,1672,franka,0.49169,0.04366,0.44640,0.00000,-0.00000,0.00000,0.00000,26.00,0.00,0.00,0.0000,0.0000,0.0000,0.0000,0,0
2026-08-24 20:02:46.449719,1673,franka,0.49169,0.04367,0.44640,0.00000,-0.00000,0.00000,0.00000,26.00,0.00,0.00,0.0000,0.0000,0.0000,0.0000,0,0
2026-08-24 20:02:46.503684,1674,franka,0.49169,0.04367,0.44640,0.00000,-0.00000,0.00000,0.00000,26.00,0.00,0.00,0.0000,0.0000,0.0000,0.0000,0,0
2026-08-24 20:02:46.557399,1675,franka,0.49169,0.04366,0.44640,0.00000,-0.00000,0.00000,0.00000,26.00,0.00,0.00,0.0000,0.0000,0.0000,0.0000,0,0
2026-08-24 20:02:46.611289,1676,franka,0.49169,0.04366,0.44639,0.00000,-0.00000,0.00000,0.00000,26.00,0.00,0.00,0.0000,0.0000,0.0000,0.0000,0,0
2026-08-24 20:02:46.665061,1677,franka,0.49169,0.04366,0.44640,0.00000,-0.00000,0.00000,0.00000,26.00,0.00,0.00,0.0000,0.0000,0.0000,0.0000,0,0
2026-08-24 20:02:46.718675,1678,franka,0.49169,0.04367,0.44640,0.00000,-0.00000,0.00000,0.00000,26.00,0.00,0.00,0.0000,0.0000,0.0000,0.0000,0,0
2026-08-24 20:02:46.772263,1679,franka,0.49169,0.04366,0.44640,0.00000,-0.00000,0.00000,0.00000,26.00,0.00,0.00,0.0000,0.0000,0.0000,0.0000,0,0
2026-08-24 20:02:46.825791,1680,franka,0.49169,0.04366,0.44640,0.00000,-0.00000,0.00000,0.00000,26.00,0.00,0.00,0.0000,0.0000,0.0000,0.0000,0,0
2026-08-24 20:02:46.879639,1681,franka,0.49169,0.04367,0.44640,0.00000,-0.00000,0.00000,0.00000,26.00,0.00,0.00,0.0000,0.0000,0.0000,0.0000,0,0
2026-08-24 20:02:46.933520,1682,franka,0.49169,0.04366,0.44640,0.00000,-0.00000,0.00000,0.00000,26.00,0.00,0.00,0.0000,0.0000,0.0000,0.0000,0,0
2026-08-24 20:02:46.987525,1683,franka,0.49169,0.04366,0.44640,0.00000,-0.00000,0.00000,0.00000,26.00,0.00,0.00,0.0000,0.0000,0.0000,0.0000,0,0
2026-08-24 20:02:47.041451,1684,franka,0.49169,0.04366,0.44640,0.00000,-0.00000,0.00000,0.00000,26.00,0.00,0.00,0.0000,0.0000,0.0000,0.0000,0,0
2026-08-24 20:02:47.095542,1685,franka,0.49169,0.04366,0.44640,0.00000,-0.00000,0.00000,0.00000,26.00,0.00,0.00,0.0000,0.0000,0.0000,0.0000,0,0
2026-08-24 20:02:47.149532,1686,franka,0.49169,0.04367,0.44640,0.00000,-0.00000,0.00000,0.00000,26.00,0.00,0.00,0.0000,0.0000,0.0000,0.0000,0,0
2026-08-24 20:02:47.203411,1687,franka,0.49169,0.04367,0.44640,0.00000,-0.00000,0.00000,0.00000,26.00,0.00,0.00,0.0000,0.0000,0.0000,0.0000,0,0
2026-08-24 20:02:47.256856,1688,franka,0.49169,0.04366,0.44640,0.00000,-0.00000,0.00000,0.00000,26.00,0.00,0.00,0.0000,0.0000,0.0000,0.0000,0,0
2026-08-24 20:02:47.310824,1689,franka,0.49169,0.04366,0.44640,0.00000,-0.00000,0.00000,0.00000,26.00,0.00,0.00,0.0000,0.0000,0.0000,0.0000,0,0
2026-08-24 20:02:47.364442,1690,franka,0.49169,0.04367,0.44640,0.00000,-0.00000,0.00000,0.00000,26.00,0.00,0.00,0.0000,0.0000,0.0000,0.0000,0,0
2026-08-24 20:02:47.418143,1691,franka,0.49169,0.04367,0.44640,0.00000,-0.00000,0.00000,0.00000,26.00,0.00,0.00,0.0000,0.0000,0.0000,0.0000,0,0
2026-08-24 20:02:47.471868,1692,franka,0.49169,0.04366,0.44640,0.00000,-0.00000,0.00000,0.00000,26.00,0.00,0.00,-0.0257,0.4257,0.0000,-0.2286,0,0
2026-08-24 20:02:47.525651,1693,franka,0.49168,0.04387,0.44639,0.00000,0.01000,0.00000,0.00000,26.00,0.00,0.00,-0.0257,0.4257,0.0000,-0.2286,0,0
2026-08-24 20:02:47.579354,1694,franka,0.49168,0.04439,0.44640,0.00000,0.01000,0.00000,0.00000,26.00,0.00,0.00,-0.0257,0.4257,0.0000,-0.2286,0,0
2026-08-24 20:02:47.633077,1695,franka,0.49167,0.04494,0.44639,0.00000,0.01000,0.00000,0.00000,26.00,0.00,0.00,-0.3200,0.9000,-0.0800,0.1914,0,0
2026-08-24 20:02:47.686696,1696,franka,0.49168,0.04541,0.44640,0.00000,0.01000,0.00000,0.00000,26.00,0.00,0.00,-0.3200,0.8857,-0.0800,0.1857,0,0
2026-08-24 20:02:47.740847,1697,franka,0.49149,0.04585,0.44641,-0.00707,0.00707,0.00000,0.00000,26.00,0.00,0.00,-0.1971,0.7171,0.0000,0.2143,0,0
2026-08-24 20:02:47.794429,1698,franka,0.49118,0.04624,0.44636,-0.00015,0.00993,0.00000,0.00000,26.00,0.00,0.00,-0.1257,0.5286,0.0171,0.1543,0,0
2026-08-24 20:02:47.847784,1699,franka,0.49116,0.04668,0.44641,-0.00000,0.01000,0.00000,0.00000,26.00,0.00,0.00,0.0000,0.0571,0.0343,0.0000,0,0
2026-08-24 20:02:47.901935,1700,franka,0.49115,0.04719,0.44635,0.00000,0.00000,0.00000,0.00000,26.00,0.00,0.00,0.0000,0.0000,0.0000,0.0000,0,0
2026-08-24 20:02:47.955510,1701,franka,0.49116,0.04711,0.44640,0.00000,0.00000,0.00000,0.00000,26.00,0.00,0.00,0.0000,0.0000,0.0000,0.0000,0,0
2026-08-24 20:02:48.009003,1702,franka,0.49116,0.04713,0.44638,0.00000,0.00000,0.00000,0.00000,26.00,0.00,0.00,0.0000,0.0000,0.0000,0.0000,0,0
2026-08-24 20:02:48.062580,1703,franka,0.49116,0.04715,0.44638,-0.00000,0.00000,0.00000,0.00000,26.00,0.00,0.00,0.0000,0.0800,0.0000,0.0000,0,0
2026-08-24 20:02:48.116279,1704,franka,0.49116,0.04713,0.44639,-0.00000,0.00000,0.00000,0.00000,26.00,0.00,0.00,0.0000,0.0800,0.0000,0.0000,0,0
2026-08-24 20:02:48.169978,1705,franka,0.49116,0.04714,0.44640,-0.00000,0.00000,0.00000,0.00000,26.00,0.00,0.00,0.0000,0.5086,-0.0543,0.0000,0,0
2026-08-24 20:02:48.224472,1706,franka,0.49115,0.04725,0.44637,0.00000,0.00998,0.00000,0.00000,26.00,0.00,0.00,0.0000,0.5086,-0.0543,0.0000,0,0
2026-08-24 20:02:48.278201,1707,franka,0.49116,0.04768,0.44639,0.00000,0.00830,-0.00419,0.00000,26.00,0.00,0.00,-0.1714,1.0000,-0.2314,0.0257,0,0
2026-08-24 20:02:48.332275,1708,franka,0.49116,0.04817,0.44611,0.00000,0.00707,-0.00707,0.00000,26.00,0.00,0.00,-0.1743,1.0000,-0.2057,0.0229,0,0
2026-08-24 20:02:48.386235,1709,franka,0.49116,0.04848,0.44573,0.00000,0.00707,-0.00707,0.00000,26.00,0.00,0.00,-0.1743,1.0000,-0.2057,0.0229,0,0
2026-08-24 20:02:48.436651,1710,franka,0.49116,0.04882,0.44535,0.00000,0.00707,-0.00707,0.00000,26.00,0.00,0.00,-0.1800,1.0000,-0.1714,0.0200,0,0
2026-08-24 20:02:48.491487,1711,franka,0.49116,0.04923,0.44504,0.00000,0.00878,-0.00288,0.00000,26.00,0.00,0.00,-0.1800,1.0000,-0.1714,0.0200,0,0
2026-08-24 20:02:48.545516,1712,franka,0.49115,0.04968,0.44499,0.00000,0.01000,-0.00000,0.00000,26.00,0.00,0.00,-0.1800,1.0000,-0.1714,0.0200,0,0
2026-08-24 20:02:48.599312,1713,franka,0.49115,0.05019,0.44496,0.00000,0.01000,0.00000,0.00000,26.00,0.00,0.00,-0.0171,0.1714,-0.0229,0.0000,0,0
2026-08-24 20:02:48.653257,1714,franka,0.49115,0.05048,0.44498,0.00000,0.00000,0.00000,0.00000,26.00,0.00,0.00,-0.0171,0.1714,-0.0229,0.0000,0,0
2026-08-24 20:02:48.706934,1715,franka,0.49115,0.05045,0.44498,0.00000,-0.00000,0.00000,0.00000,26.00,0.00,0.00,-0.0171,0.1714,-0.0229,0.0000,0,0
2026-08-24 20:02:48.761543,1716,franka,0.49115,0.05046,0.44497,0.00000,-0.00000,0.00000,0.00000,26.00,0.00,0.00,-0.0171,0.1714,-0.0229,0.0000,0,0
2026-08-24 20:02:48.815477,1717,franka,0.49115,0.05045,0.44498,0.00000,-0.00000,0.00000,0.00000,26.00,0.00,0.00,-0.0171,0.1714,-0.0229,0.0000,0,0
2026-08-24 20:02:48.870422,1718,franka,0.49115,0.05044,0.44497,0.00000,-0.00000,0.00000,0.00000,26.00,0.00,0.00,-0.0171,0.1714,-0.0229,0.0000,0,0
2026-08-24 20:02:48.921498,1719,franka,0.49115,0.05046,0.44497,0.00000,-0.00000,0.00000,0.00000,26.00,0.00,0.00,-0.0171,0.1714,-0.0229,0.0000,0,0
2026-08-24 20:02:48.975498,1720,franka,0.49115,0.05045,0.44498,0.00000,-0.00000,0.00000,0.00000,26.00,0.00,0.00,-0.0171,0.1714,-0.0229,0.0000,0,0
2026-08-24 20:02:49.029941,1721,franka,0.49115,0.05045,0.44497,0.00000,-0.00000,0.00000,0.00000,26.00,0.00,0.00,-0.0171,0.1714,-0.0229,0.0000,0,0
2026-08-24 20:02:49.083973,1722,franka,0.49115,0.05045,0.44497,0.00000,-0.00000,0.00000,0.00000,26.00,0.00,0.00,-0.0171,0.1714,-0.0229,0.0000,0,0
2026-08-24 20:02:49.137747,1723,franka,0.49115,0.05045,0.44498,0.00000,-0.00000,0.00000,0.00000,26.00,0.00,0.00,-0.0171,0.1714,-0.0229,0.0000,0,0
2026-08-24 20:02:49.191858,1724,franka,0.49115,0.05045,0.44498,0.00000,-0.00000,0.00000,0.00000,26.00,0.00,0.00,-0.0171,0.1714,-0.0229,0.0000,0,0
2026-08-24 20:02:49.245955,1725,franka,0.49115,0.05045,0.44497,0.00000,-0.00000,0.00000,0.00000,26.00,0.00,0.00,-0.0171,0.1714,-0.0229,0.0000,0,0
2026-08-24 20:02:49.300221,1726,franka,0.49115,0.05045,0.44498,0.00000,-0.00000,0.00000,0.00000,26.00,0.00,0.00,-0.0171,0.1714,-0.0229,0.0000,0,0
2026-08-24 20:02:49.353806,1727,franka,0.49115,0.05045,0.44498,0.00000,-0.00000,0.00000,0.00000,26.00,0.00,0.00,-0.0171,0.1714,-0.0229,0.0000,0,0
2026-08-24 20:02:49.407507,1728,franka,0.49115,0.05045,0.44498,0.00000,-0.00000,0.00000,0.00000,26.00,0.00,0.00,-0.0914,0.4514,0.0000,0.1000,0,0
2026-08-24 20:02:49.461339,1729,franka,0.49102,0.05057,0.44499,-0.00707,0.00707,0.00000,0.00000,26.00,0.00,0.00,-0.0914,0.4514,0.0000,0.1000,0,0
2026-08-24 20:02:49.514992,1730,franka,0.49080,0.05098,0.44495,-0.00000,0.01000,0.00000,0.00000,26.00,0.00,0.00,-0.0914,0.4514,0.0000,0.1000,0,0
2026-08-24 20:02:49.568747,1731,franka,0.49078,0.05152,0.44498,-0.00000,0.01000,0.00000,0.00000,26.00,0.00,0.00,0.0000,0.0000,0.0000,0.0000,0,0
2026-08-24 20:02:49.622427,1732,franka,0.49080,0.05202,0.44498,0.00000,0.00921,0.00000,-0.03051,26.00,0.00,0.00,0.0657,0.0000,0.0200,0.0000,0,0
2026-08-24 20:02:49.676019,1733,franka,0.49079,0.05255,0.44500,0.00000,0.00000,0.00000,-0.00000,26.00,0.00,0.00,0.0971,0.0000,0.0086,0.0000,0,0
2026-08-24 20:02:49.729925,1734,franka,0.49079,0.05250,0.44498,0.00000,0.00000,0.00000,0.00000,26.00,0.00,0.00,-0.0457,-0.0800,0.1200,0.0829,0,0
2026-08-24 20:02:49.783820,1735,franka,0.49080,0.05250,0.44497,0.00000,0.00000,0.00000,0.00000,26.00,0.00,0.00,0.0000,-0.0971,0.3714,0.1000,0,0
2026-08-24 20:02:49.837837,1736,franka,0.49078,0.05253,0.44512,0.00000,-0.00000,0.01000,-0.00000,26.00,0.00,0.00,0.0000,0.0000,0.7943,0.0000,0,0
2026-08-24 20:02:49.891947,1737,franka,0.49079,0.05253,0.44566,0.00000,-0.00000,0.01000,-0.00000,26.00,0.00,0.00,0.0114,-0.0343,1.0000,0.1114,0,0
2026-08-24 20:02:49.946119,1738,franka,0.49079,0.05253,0.44612,0.00000,-0.00000,0.01000,-0.00000,26.00,0.00,0.00,0.0114,-0.0343,1.0000,0.1114,0,0
2026-08-24 20:02:49.999930,1739,franka,0.49079,0.05255,0.44665,-0.00000,-0.00000,0.01000,0.00000,26.00,0.00,0.00,0.0114,-0.0343,1.0000,0.1114,0,0
2026-08-24 20:02:50.053902,1740,franka,0.49078,0.05254,0.44713,-0.00000,-0.00000,0.01000,0.00000,26.00,0.00,0.00,0.0114,-0.0343,1.0000,0.1114,0,0
2026-08-24 20:02:50.107661,1741,franka,0.49079,0.05255,0.44764,-0.00000,-0.00000,0.01000,0.00000,26.00,0.00,0.00,0.0114,-0.0343,1.0000,0.1114,0,0
2026-08-24 20:02:50.161222,1742,franka,0.49079,0.05256,0.44814,-0.00000,0.00000,0.01000,-0.00000,26.00,0.00,0.00,0.0114,-0.0343,1.0000,0.1114,0,0
2026-08-24 20:02:50.214925,1743,franka,0.49079,0.05256,0.44867,-0.00000,0.00000,0.01000,-0.00000,26.00,0.00,0.00,0.0000,0.0000,1.0000,0.1171,0,0
2026-08-24 20:02:50.268744,1744,franka,0.49079,0.05256,0.44917,-0.00000,0.00000,0.01000,-0.00000,26.00,0.00,0.00,-0.0943,0.0000,0.9743,0.1200,0,0
2026-08-24 20:02:50.322424,1745,franka,0.49079,0.05255,0.44968,-0.00000,0.00000,0.01000,0.00000,26.00,0.00,0.00,-0.1257,0.0086,0.9486,0.1114,0,0
2026-08-24 20:02:50.376226,1746,franka,0.49079,0.05255,0.45019,-0.00000,0.00000,0.01000,0.00000,26.00,0.00,0.00,-0.1257,0.0086,0.9486,0.1114,0,0
2026-08-24 20:02:50.430406,1747,franka,0.49079,0.05256,0.45070,-0.00000,0.00000,0.01000,0.00000,26.00,0.00,0.00,-0.1257,0.0086,0.9486,0.1114,0,0
2026-08-24 20:02:50.481643,1748,franka,0.49079,0.05256,0.45122,0.00000,0.00000,0.01000,-0.00000,26.00,0.00,0.00,-0.1257,0.0086,0.9486,0.1114,0,0
2026-08-24 20:02:50.535382,1749,franka,0.49079,0.05256,0.45173,0.00000,0.00000,0.01000,-0.00000,26.00,0.00,0.00,-0.1257,0.0086,0.9486,0.1114,0,0
2026-08-24 20:02:50.589039,1750,franka,0.49078,0.05256,0.45223,0.00000,0.00000,0.01000,-0.00000,26.00,0.00,0.00,0.0000,0.0000,0.3714,0.0000,0,0
2026-08-24 20:02:50.644888,1751,franka,0.49078,0.05256,0.45325,0.00000,0.00000,0.01000,-0.00000,26.00,0.00,0.00,0.0000,0.0000,0.3714,0.0000,0,0
2026-08-24 20:02:50.698533,1752,franka,0.49079,0.05256,0.45377,0.00000,0.00000,0.01000,-0.00000,26.00,0.00,0.00,0.0000,0.0000,0.3714,0.0000,0,0
2026-08-24 20:02:50.752147,1753,franka,0.49078,0.05256,0.45427,-0.00000,-0.00000,0.01000,0.00000,26.00,0.00,0.00,0.0000,0.0800,0.0000,0.0000,0,0
2026-08-24 20:02:50.805999,1754,franka,0.49079,0.05255,0.45449,-0.00000,-0.00000,0.00000,0.00000,26.00,0.00,0.00,0.0000,0.0000,0.0000,0.0000,0,0
2026-08-24 20:02:50.859906,1755,franka,0.49079,0.05255,0.45447,-0.00000,-0.00000,-0.00000,0.00000,26.00,0.00,0.00,0.0000,0.0000,0.0000,0.0000,0,0
2026-08-24 20:02:50.913465,1756,franka,0.49079,0.05255,0.45448,-0.00000,-0.00000,-0.00000,0.00000,26.00,0.00,0.00,0.0000,0.0000,0.0000,0.0000,0,0
2026-08-24 20:02:50.967380,1757,franka,0.49079,0.05255,0.45448,-0.00000,0.00000,-0.00000,0.00000,26.00,0.00,0.00,0.0000,0.0000,0.0000,0.0000,0,0
2026-08-24 20:02:51.020982,1758,franka,0.49079,0.05255,0.45449,-0.00000,0.00000,-0.00000,0.00000,26.00,0.00,0.00,0.0000,0.0000,0.0000,0.0000,0,0
2026-08-24 20:02:51.075009,1759,franka,0.49079,0.05255,0.45448,-0.00000,0.00000,-0.00000,0.00000,26.00,0.00,0.00,0.0000,0.0314,0.0000,0.0000,0,0
2026-08-24 20:02:51.128688,1760,franka,0.49079,0.05255,0.45448,-0.00000,0.00000,-0.00000,0.00000,26.00,0.00,0.00,-0.0086,0.1171,0.0000,0.0000,0,0
2026-08-24 20:02:51.182179,1761,franka,0.49079,0.05255,0.45449,-0.00000,-0.00000,-0.00000,0.00000,26.00,0.00,0.00,-0.0371,0.1857,0.0000,0.0000,0,0
2026-08-24 20:02:51.235991,1762,franka,0.49079,0.05254,0.45448,-0.00000,-0.00000,-0.00000,0.00000,26.00,0.00,0.00,-0.1286,0.4714,0.0000,0.0000,0,0
2026-08-24 20:02:51.289504,1763,franka,0.49079,0.05284,0.45449,-0.00000,0.01000,-0.00000,0.00000,26.00,0.00,0.00,-0.1286,0.4714,0.0000,0.0000,0,0
2026-08-24 20:02:51.343415,1764,franka,0.49079,0.05339,0.45450,-0.00000,0.01000,-0.00000,0.00000,26.00,0.00,0.00,-0.1286,0.4714,0.0000,0.0000,0,0
2026-08-24 20:02:51.397029,1765,franka,0.49079,0.05390,0.45449,0.00000,0.01000,-0.00000,0.00000,26.00,0.00,0.00,-0.1286,0.4714,0.0000,0.0000,0,0
2026-08-24 20:02:51.450820,1766,franka,0.49079,0.05491,0.45450,0.00000,0.01000,-0.00000,0.00000,26.00,0.00,0.00,-0.1286,0.4714,0.0000,0.0000,0,0
2026-08-24 20:02:51.504652,1767,franka,0.49079,0.05542,0.45450,0.00000,0.01000,-0.00000,0.00000,26.00,0.00,0.00,-0.1286,0.4714,0.0000,0.0000,0,0
2026-08-24 20:02:51.558413,1768,franka,0.49079,0.05590,0.45449,0.00000,0.01000,-0.00000,0.00000,26.00,0.00,0.00,-0.1286,0.4714,0.0000,0.0000,0,0
2026-08-24 20:02:51.612126,1769,franka,0.49079,0.05642,0.45450,0.00000,0.01000,-0.00000,0.00000,26.00,0.00,0.00,-0.1286,0.4714,0.0000,0.0000,0,0
2026-08-24 20:02:51.665770,1770,franka,0.49079,0.05692,0.45450,0.00000,0.01000,-0.00000,0.00000,26.00,0.00,0.00,-0.1286,0.4714,0.0000,0.0000,0,0
2026-08-24 20:02:51.719584,1771,franka,0.49079,0.05741,0.45450,-0.00000,0.01000,-0.00000,0.00000,26.00,0.00,0.00,-0.1286,0.4714,0.0000,0.0000,0,0
2026-08-24 20:02:51.773422,1772,franka,0.49079,0.05793,0.45449,-0.00000,0.01000,-0.00000,0.00000,26.00,0.00,0.00,-0.1286,0.4714,0.0000,0.0000,0,0
2026-08-24 20:02:51.827837,1773,franka,0.49079,0.05842,0.45450,-0.00000,0.01000,-0.00000,0.00000,26.00,0.00,0.00,-0.1286,0.4714,0.0000,0.0000,0,0
2026-08-24 20:02:51.881737,1774,franka,0.49079,0.05892,0.45450,0.00000,0.01000,-0.00000,0.00000,26.00,0.00,0.00,-0.1286,0.4714,0.0000,0.0000,0,0
2026-08-24 20:02:51.935391,1775,franka,0.49079,0.05944,0.45450,0.00000,0.01000,-0.00000,0.00000,26.00,0.00,0.00,-0.1286,0.4714,0.0000,0.0000,0,0
2026-08-24 20:02:51.989350,1776,franka,0.49079,0.05995,0.45450,0.00000,0.01000,-0.00000,0.00000,26.00,0.00,0.00,-0.1286,0.4714,0.0000,0.0000,0,0
2026-08-24 20:02:52.043582,1777,franka,0.49079,0.06045,0.45451,0.00000,0.01000,-0.00000,0.00000,26.00,0.00,0.00,-0.1286,0.4714,0.0000,0.0000,0,0
2026-08-24 20:02:52.097616,1778,franka,0.49079,0.06096,0.45450,0.00000,0.01000,-0.00000,0.00000,26.00,0.00,0.00,-0.1286,0.4714,0.0000,0.0000,0,0
2026-08-24 20:02:52.151736,1779,franka,0.49079,0.06146,0.45450,0.00000,0.01000,-0.00000,0.00000,26.00,0.00,0.00,-0.1286,0.4714,0.0000,0.0000,0,0
2026-08-24 20:02:52.205765,1780,franka,0.49079,0.06197,0.45451,-0.00000,0.01000,-0.00000,0.00000,26.00,0.00,0.00,-0.1286,0.4714,0.0000,0.0000,0,0
2026-08-24 20:02:52.259926,1781,franka,0.49079,0.06299,0.45450,0.00000,0.01000,-0.00000,0.00000,26.00,0.00,0.00,-0.1286,0.4714,0.0000,0.0000,0,0
2026-08-24 20:02:52.313971,1782,franka,0.49079,0.06349,0.45451,0.00000,0.01000,-0.00000,0.00000,26.00,0.00,0.00,-0.1286,0.4714,0.0000,0.0000,0,0
2026-08-24 20:02:52.367830,1783,franka,0.49079,0.06400,0.45451,-0.00172,0.00923,-0.00000,0.00000,26.00,0.00,0.00,-0.3000,0.9114,-0.1314,0.0886,0,0
2026-08-24 20:02:52.421591,1784,franka,0.49048,0.06439,0.45447,-0.00707,0.00707,-0.00000,0.00000,26.00,0.00,0.00,-0.3000,0.9114,-0.1314,0.0886,0,0
2026-08-24 20:02:52.475720,1785,franka,0.49014,0.06472,0.45449,-0.00707,0.00707,-0.00000,0.00000,26.00,0.00,0.00,-0.3000,0.9114,-0.1314,0.0886,0,0
2026-08-24 20:02:52.529329,1786,franka,0.48978,0.06508,0.45454,-0.00707,0.00707,-0.00000,0.00000,26.00,0.00,0.00,-0.3000,0.9114,-0.1314,0.0886,0,0
2026-08-24 20:02:52.583220,1787,franka,0.48942,0.06544,0.45448,-0.00707,0.00707,-0.00000,0.00000,26.00,0.00,0.00,-0.3000,0.9114,-0.1314,0.0886,0,0
2026-08-24 20:02:52.636953,1788,franka,0.48906,0.06579,0.45447,-0.00707,0.00707,-0.00000,0.00000,26.00,0.00,0.00,-0.2886,0.9143,-0.1514,0.0943,0,0
2026-08-24 20:02:52.690658,1789,franka,0.48870,0.06615,0.45451,-0.00707,0.00707,-0.00000,0.00000,26.00,0.00,0.00,-0.2886,0.9171,-0.1514,0.0943,0,0
2026-08-24 20:02:52.745122,1790,franka,0.48834,0.06652,0.45448,-0.00707,0.00707,-0.00000,0.00000,26.00,0.00,0.00,-0.2886,0.9171,-0.1514,0.0943,0,0
2026-08-24 20:02:52.798838,1791,franka,0.48798,0.06687,0.45446,-0.00707,0.00707,-0.00000,0.00000,26.00,0.00,0.00,-0.2886,0.9171,-0.1514,0.0943,0,0
2026-08-24 20:02:52.852542,1792,franka,0.48763,0.06723,0.45447,-0.00707,0.00707,-0.00000,0.00000,26.00,0.00,0.00,-0.2886,0.9171,-0.1514,0.0943,0,0
2026-08-24 20:02:52.903546,1793,franka,0.48727,0.06759,0.45449,-0.00707,0.00707,-0.00000,0.00000,26.00,0.00,0.00,-0.2886,0.9171,-0.1514,0.0943,0,0
2026-08-24 20:02:52.957801,1794,franka,0.48691,0.06795,0.45447,-0.00707,0.00707,-0.00000,0.00000,26.00,0.00,0.00,-0.2886,0.9171,-0.1514,0.0943,0,0
2026-08-24 20:02:53.011881,1795,franka,0.48656,0.06830,0.45448,-0.00707,0.00707,-0.00000,0.00000,26.00,0.00,0.00,-0.2886,0.9171,-0.1514,0.0943,0,0
2026-08-24 20:02:53.065870,1796,franka,0.48620,0.06866,0.45450,-0.00707,0.00707,-0.00000,0.00000,26.00,0.00,0.00,-0.2886,0.9171,-0.1514,0.0943,0,0
2026-08-24 20:02:53.119719,1797,franka,0.48550,0.06936,0.45448,-0.00707,0.00707,-0.00000,0.00000,26.00,0.00,0.00,-0.2886,0.9171,-0.1514,0.0943,0,0
2026-08-24 20:02:53.173837,1798,franka,0.48514,0.06972,0.45449,-0.00707,0.00707,-0.00000,0.00000,26.00,0.00,0.00,-0.2886,0.9171,-0.1514,0.0943,0,0
2026-08-24 20:02:53.227908,1799,franka,0.48478,0.07008,0.45450,-0.00707,0.00707,-0.00000,0.00000,26.00,0.00,0.00,-0.2886,0.9171,-0.1514,0.0943,0,0
2026-08-24 20:02:53.282099,1800,franka,0.48443,0.07043,0.45448,-0.00707,0.00707,-0.00000,0.00000,26.00,0.00,0.00,-0.2886,0.9171,-0.1514,0.0943,0,0
2026-08-24 20:02:53.335804,1801,franka,0.48407,0.07079,0.45448,-0.00707,0.00707,-0.00000,0.00000,26.00,0.00,0.00,-0.2886,0.9171,-0.1514,0.0943,0,0
2026-08-24 20:02:53.389495,1802,franka,0.48372,0.07114,0.45449,-0.00707,0.00707,-0.00000,0.00000,26.00,0.00,0.00,-0.2886,0.9171,-0.1514,0.0943,0,0
2026-08-24 20:02:53.443342,1803,franka,0.48336,0.07150,0.45448,-0.00707,0.00707,-0.00000,0.00000,26.00,0.00,0.00,-0.2886,0.9171,-0.1514,0.0943,0,0
2026-08-24 20:02:53.497227,1804,franka,0.48300,0.07186,0.45447,-0.00707,0.00707,-0.00000,0.00000,26.00,0.00,0.00,-0.2886,0.9171,-0.1514,0.0943,0,0
2026-08-24 20:02:53.550894,1805,franka,0.48264,0.07222,0.45447,-0.00707,0.00707,-0.00000,0.00000,26.00,0.00,0.00,-0.2886,0.9171,-0.1514,0.0943,0,0
2026-08-24 20:02:53.604445,1806,franka,0.48229,0.07257,0.45448,-0.00707,0.00707,-0.00000,0.00000,26.00,0.00,0.00,-0.0143,0.0943,0.0000,0.0000,0,0
2026-08-24 20:02:53.658059,1807,franka,0.48196,0.07286,0.45445,-0.00063,0.00063,-0.00000,0.00000,26.00,0.00,0.00,-0.0143,0.0943,0.0000,0.0000,0,0
2026-08-24 20:02:53.711626,1808,franka,0.48194,0.07295,0.45448,-0.00000,0.00000,-0.00000,0.00000,26.00,0.00,0.00,-0.0143,0.0943,0.0000,0.0000,0,0
2026-08-24 20:02:53.765085,1809,franka,0.48194,0.07291,0.45448,0.00000,-0.00000,-0.00000,0.00000,26.00,0.00,0.00,0.0000,0.4829,0.0000,0.0000,0,0
2026-08-24 20:02:53.818768,1810,franka,0.48193,0.07314,0.45444,0.00000,0.01000,-0.00000,0.00000,26.00,0.00,0.00,0.0000,0.4829,0.0000,0.0000,0,0
2026-08-24 20:02:53.872727,1811,franka,0.48193,0.07370,0.45450,0.00000,0.01000,-0.00000,0.00000,26.00,0.00,0.00,0.0000,0.4829,0.0000,0.0000,0,0
2026-08-24 20:02:53.926475,1812,franka,0.48193,0.07469,0.45446,-0.00000,0.01000,-0.00000,0.00000,26.00,0.00,0.00,0.0000,1.0000,-0.1257,-0.0086,0,0
2026-08-24 20:02:53.981292,1813,franka,0.48192,0.07522,0.45448,-0.00000,0.01000,-0.00000,0.00000,26.00,0.00,0.00,0.0000,1.0000,-0.1229,-0.0057,0,0
2026-08-24 20:02:54.035735,1814,franka,0.48192,0.07573,0.45449,-0.00000,0.01000,-0.00000,0.00000,26.00,0.00,0.00,0.0000,1.0000,-0.1086,-0.0029,0,0
2026-08-24 20:02:54.089483,1815,franka,0.48193,0.07621,0.45447,-0.00000,0.01000,-0.00000,0.00000,26.00,0.00,0.00,0.0000,1.0000,-0.0943,0.0000,0,0
2026-08-24 20:02:54.144718,1816,franka,0.48192,0.07674,0.45446,-0.00000,0.01000,-0.00000,0.00000,26.00,0.00,0.00,0.0000,1.0000,-0.0886,0.0000,0,0
2026-08-24 20:02:54.193544,1817,franka,0.48192,0.07724,0.45449,-0.00000,0.01000,-0.00000,0.00000,26.00,0.00,0.00,0.0000,1.0000,-0.0857,0.0000,0,0
2026-08-24 20:02:54.247464,1818,franka,0.48193,0.07773,0.45448,-0.00000,0.01000,-0.00000,0.00000,26.00,0.00,0.00,0.0000,1.0000,-0.0771,0.0000,0,0
2026-08-24 20:02:54.301030,1819,franka,0.48193,0.07824,0.45447,-0.00000,0.01000,-0.00000,0.00000,26.00,0.00,0.00,0.0000,1.0000,-0.0771,0.0000,0,0
2026-08-24 20:02:54.354735,1820,franka,0.48193,0.07875,0.45449,-0.00000,0.01000,-0.00000,0.00000,26.00,0.00,0.00,0.0000,1.0000,-0.0743,0.0000,0,0
2026-08-24 20:02:54.408326,1821,franka,0.48193,0.07925,0.45449,0.00000,0.01000,-0.00000,0.00000,26.00,0.00,0.00,0.0000,1.0000,-0.0743,0.0000,0,0
2026-08-24 20:02:54.462381,1822,franka,0.48193,0.07977,0.45448,0.00000,0.01000,-0.00000,0.00000,26.00,0.00,0.00,0.0000,1.0000,-0.0771,0.0000,0,0
2026-08-24 20:02:54.516485,1823,franka,0.48193,0.08027,0.45448,0.00000,0.01000,-0.00000,0.00000,26.00,0.00,0.00,0.0000,1.0000,-0.0743,0.0000,0,0
2026-08-24 20:02:54.570196,1824,franka,0.48193,0.08078,0.45450,-0.00000,0.01000,-0.00000,0.00000,26.00,0.00,0.00,0.0000,1.0000,-0.0657,0.0000,0,0
2026-08-24 20:02:54.623842,1825,franka,0.48193,0.08128,0.45449,-0.00000,0.01000,-0.00000,0.00000,26.00,0.00,0.00,0.0000,0.9657,-0.0343,0.0000,0,0
2026-08-24 20:02:54.677370,1826,franka,0.48193,0.08178,0.45449,-0.00000,0.01000,-0.00000,0.00000,26.00,0.00,0.00,0.0000,0.9657,-0.0343,0.0000,0,0
2026-08-24 20:02:54.731511,1827,franka,0.48193,0.08229,0.45450,-0.00000,0.01000,-0.00000,0.00000,26.00,0.00,0.00,0.0000,0.0914,0.0000,0.0000,0,0
2026-08-24 20:02:54.785645,1828,franka,0.48192,0.08279,0.45449,-0.00000,0.00000,-0.00000,0.00000,26.00,0.00,0.00,0.0000,0.0000,0.0000,0.0000,0,0
2026-08-24 20:02:54.839828,1829,franka,0.48193,0.08274,0.45450,-0.00000,-0.00000,-0.00000,0.00000,26.00,0.00,0.00,0.0000,0.0000,0.0000,0.0000,0,0
2026-08-24 20:02:54.893539,1830,franka,0.48193,0.08275,0.45450,-0.00000,-0.00000,-0.00000,0.00000,26.00,0.00,0.00,0.0000,0.0000,0.0000,0.0000,0,0
2026-08-24 20:02:54.948303,1831,franka,0.48193,0.08277,0.45450,-0.00000,-0.00000,-0.00000,0.00000,26.00,0.00,0.00,0.0000,0.0000,0.0000,0.0000,0,0
2026-08-24 20:02:55.002085,1832,franka,0.48193,0.08275,0.45450,-0.00000,-0.00000,-0.00000,0.00000,26.00,0.00,0.00,0.0000,0.0000,0.0000,0.0000,0,0
2026-08-24 20:02:55.056093,1833,franka,0.48193,0.08276,0.45450,-0.00000,-0.00000,-0.00000,0.00000,26.00,0.00,0.00,0.0000,0.0000,0.0000,0.0000,0,0
2026-08-24 20:02:55.109706,1834,franka,0.48193,0.08275,0.45450,-0.00000,-0.00000,-0.00000,0.00000,26.00,0.00,0.00,0.0000,0.0000,0.0000,0.0000,0,0
2026-08-24 20:02:55.163597,1835,franka,0.48193,0.08276,0.45450,0.00000,-0.00000,-0.00000,0.00000,26.00,0.00,0.00,0.0000,0.0000,0.0000,0.0000,0,0
2026-08-24 20:02:55.218212,1836,franka,0.48193,0.08276,0.45450,0.00000,-0.00000,-0.00000,0.00000,26.00,0.00,0.00,0.0000,0.0000,0.0000,0.0000,0,0
2026-08-24 20:02:55.272253,1837,franka,0.48193,0.08276,0.45450,0.00000,-0.00000,-0.00000,0.00000,26.00,0.00,0.00,0.0000,0.0000,0.0000,0.0000,0,0
2026-08-24 20:02:55.326103,1838,franka,0.48193,0.08276,0.45450,0.00000,-0.00000,-0.00000,0.00000,26.00,0.00,0.00,0.0000,0.0629,0.0000,0.0000,0,0
2026-08-24 20:02:55.379798,1839,franka,0.48193,0.08276,0.45450,0.00000,-0.00000,-0.00000,0.00000,26.00,0.00,0.00,0.0000,0.0629,0.0000,0.0000,0,0
2026-08-24 20:02:55.433642,1840,franka,0.48193,0.08276,0.45450,0.00000,-0.00000,-0.00000,0.00000,26.00,0.00,0.00,0.0000,0.0629,0.0000,0.0000,0,0
2026-08-24 20:02:55.487267,1841,franka,0.48193,0.08276,0.45450,0.00000,-0.00000,-0.00000,0.00000,26.00,0.00,0.00,0.0000,0.0629,0.0000,0.0000,0,0
2026-08-24 20:02:55.540929,1842,franka,0.48193,0.08276,0.45450,0.00000,-0.00000,-0.00000,0.00000,26.00,0.00,0.00,0.0000,0.0629,0.0000,0.0000,0,0
2026-08-24 20:02:55.594671,1843,franka,0.48193,0.08276,0.45450,0.00000,-0.00000,-0.00000,0.00000,26.00,0.00,0.00,0.0000,0.0629,0.0000,0.0000,0,0
2026-08-24 20:02:55.648328,1844,franka,0.48193,0.08276,0.45450,0.00000,-0.00000,-0.00000,0.00000,26.00,0.00,0.00,0.0000,0.0629,0.0000,0.0000,0,0
2026-08-24 20:02:55.702579,1845,franka,0.48193,0.08276,0.45450,0.00000,-0.00000,-0.00000,0.00000,26.00,0.00,0.00,0.0000,0.0629,0.0000,0.0000,0,0
2026-08-24 20:02:55.756255,1846,franka,0.48193,0.08276,0.45450,0.00000,-0.00000,-0.00000,0.00000,26.00,0.00,0.00,0.0000,0.0629,0.0000,0.0000,0,0
2026-08-24 20:02:55.810044,1847,franka,0.48193,0.08276,0.45450,0.00000,-0.00000,-0.00000,0.00000,26.00,0.00,0.00,0.0000,0.0629,0.0000,0.0000,0,0
2026-08-24 20:02:55.863719,1848,franka,0.48193,0.08275,0.45450,0.00000,-0.00000,-0.00000,0.00000,26.00,0.00,0.00,0.0000,0.0629,0.0000,0.0000,0,0
2026-08-24 20:02:55.917756,1849,franka,0.48193,0.08276,0.45450,0.00000,-0.00000,-0.00000,0.00000,26.00,0.00,0.00,0.0000,0.0629,0.0000,0.0000,0,0
2026-08-24 20:02:55.971741,1850,franka,0.48193,0.08276,0.45450,0.00000,-0.00000,-0.00000,0.00000,26.00,0.00,0.00,0.2000,1.0000,-0.4400,-0.0229,0,0
2026-08-24 20:02:56.026208,1851,franka,0.48194,0.08286,0.45440,0.00000,0.00707,-0.00707,0.00000,26.00,0.00,0.00,0.1914,1.0000,-0.4200,-0.0286,0,0
2026-08-24 20:02:56.080240,1852,franka,0.48194,0.08320,0.45405,0.00000,0.00707,-0.00707,0.00000,26.00,0.00,0.00,0.1800,1.0000,-0.2771,-0.0429,0,0
2026-08-24 20:02:56.134065,1853,franka,0.48193,0.08360,0.45368,0.00000,0.00707,-0.00707,0.00000,26.00,0.00,0.00,0.0457,0.8314,-0.0371,0.0000,0,0
2026-08-24 20:02:56.188317,1854,franka,0.48193,0.08401,0.45351,0.00000,0.01000,-0.00000,0.00000,26.00,0.00,0.00,0.0000,0.2571,0.0000,0.0543,0,0
2026-08-24 20:02:56.242451,1855,franka,0.48193,0.08453,0.45351,0.00000,0.00769,0.00000,0.00000,26.00,0.00,0.00,0.0000,0.0000,0.0000,0.0000,0,0
2026-08-24 20:02:56.296094,1856,franka,0.48191,0.08469,0.45349,0.00000,0.00000,0.00000,0.00000,26.00,0.00,0.00,0.0000,0.0000,0.0000,0.0000,0,0
2026-08-24 20:02:56.349720,1857,franka,0.48193,0.08460,0.45350,0.00000,0.00000,0.00000,0.00000,26.00,0.00,0.00,0.0000,0.0000,0.0000,0.0000,0,0
2026-08-24 20:02:56.403961,1858,franka,0.48193,0.08462,0.45350,0.00000,0.00000,0.00000,0.00000,26.00,0.00,0.00,0.0000,0.0000,0.0000,0.0000,0,0
2026-08-24 20:02:56.457574,1859,franka,0.48192,0.08462,0.45350,0.00000,-0.00000,0.00000,0.00000,26.00,0.00,0.00,0.0000,0.0000,0.0000,0.0000,0,0
2026-08-24 20:02:56.511249,1860,franka,0.48192,0.08462,0.45350,0.00000,-0.00000,0.00000,0.00000,26.00,0.00,0.00,0.0000,0.0000,0.0000,0.0000,0,0
2026-08-24 20:02:56.564713,1861,franka,0.48192,0.08463,0.45350,0.00000,-0.00000,0.00000,0.00000,26.00,0.00,0.00,0.0000,0.0000,0.0000,0.0000,0,0
2026-08-24 20:02:56.618530,1862,franka,0.48192,0.08463,0.45350,0.00000,-0.00000,0.00000,0.00000,26.00,0.00,0.00,0.0000,0.0000,0.0000,0.0000,0,0
2026-08-24 20:02:56.672306,1863,franka,0.48192,0.08463,0.45349,0.00000,-0.00000,0.00000,0.00000,26.00,0.00,0.00,0.0000,0.0000,0.0000,0.0000,0,0
2026-08-24 20:02:56.725845,1864,franka,0.48192,0.08463,0.45350,0.00000,-0.00000,0.00000,0.00000,26.00,0.00,0.00,0.0000,0.0000,0.0000,0.0000,0,0
2026-08-24 20:02:56.779550,1865,franka,0.48192,0.08463,0.45349,0.00000,-0.00000,0.00000,0.00000,26.00,0.00,0.00,0.0000,0.0000,0.0000,0.0000,0,0
2026-08-24 20:02:56.833136,1866,franka,0.48192,0.08463,0.45350,0.00000,-0.00000,0.00000,0.00000,26.00,0.00,0.00,0.0000,0.0000,0.0000,0.0000,0,0
2026-08-24 20:02:56.887056,1867,franka,0.48192,0.08463,0.45350,0.00000,-0.00000,0.00000,0.00000,26.00,0.00,0.00,0.0000,0.0000,0.0000,0.0000,0,0
2026-08-24 20:02:56.940917,1868,franka,0.48192,0.08463,0.45350,0.00000,-0.00000,0.00000,0.00000,26.00,0.00,0.00,0.0000,0.0000,0.0000,0.0000,0,0
2026-08-24 20:02:56.994783,1869,franka,0.48192,0.08463,0.45350,0.00000,-0.00000,0.00000,0.00000,26.00,0.00,0.00,0.0000,0.0000,0.0000,0.0000,0,0
2026-08-24 20:02:57.048511,1870,franka,0.48192,0.08463,0.45350,0.00000,-0.00000,0.00000,0.00000,26.00,0.00,0.00,0.0000,0.0000,0.0000,0.0000,0,0
2026-08-24 20:02:57.102299,1871,franka,0.48192,0.08463,0.45350,0.00000,-0.00000,0.00000,0.00000,26.00,0.00,0.00,0.0000,0.0000,0.0000,0.0000,0,0
2026-08-24 20:02:57.156175,1872,franka,0.48192,0.08463,0.45350,0.00000,-0.00000,0.00000,0.00000,26.00,0.00,0.00,0.0000,0.0000,0.0000,0.0000,0,0
2026-08-24 20:02:57.209971,1873,franka,0.48192,0.08463,0.45350,0.00000,-0.00000,0.00000,0.00000,26.00,0.00,0.00,0.0000,0.0000,0.0000,0.0000,0,0
2026-08-24 20:02:57.264107,1874,franka,0.48192,0.08463,0.45350,0.00000,-0.00000,0.00000,0.00000,26.00,0.00,0.00,0.0000,0.0000,0.0000,0.0000,0,0
2026-08-24 20:02:57.318284,1875,franka,0.48192,0.08463,0.45350,0.00000,-0.00000,0.00000,0.00000,26.00,0.00,0.00,0.0000,0.0000,0.0000,0.0000,0,0
2026-08-24 20:02:57.372085,1876,franka,0.48192,0.08463,0.45350,0.00000,-0.00000,0.00000,0.00000,26.00,0.00,0.00,0.0000,0.0000,0.0000,0.0000,0,0
2026-08-24 20:02:57.426467,1877,franka,0.48192,0.08463,0.45350,0.00000,-0.00000,0.00000,0.00000,26.00,0.00,0.00,0.0000,0.0000,0.0000,0.0000,0,0
2026-08-24 20:02:57.480048,1878,franka,0.48192,0.08463,0.45350,0.00000,-0.00000,0.00000,0.00000,26.00,0.00,0.00,0.0000,0.0000,0.0000,0.0000,0,0
2026-08-24 20:02:57.533634,1879,franka,0.48192,0.08463,0.45350,0.00000,-0.00000,0.00000,0.00000,26.00,0.00,0.00,0.0000,0.0000,0.0000,0.0000,0,0
2026-08-24 20:02:57.587334,1880,franka,0.48192,0.08463,0.45349,0.00000,-0.00000,0.00000,0.00000,26.00,0.00,0.00,0.0000,0.0000,0.0000,0.0000,0,0
2026-08-24 20:02:57.641029,1881,franka,0.48192,0.08463,0.45350,0.00000,-0.00000,0.00000,0.00000,26.00,0.00,0.00,0.0000,0.0000,0.0000,0.0000,0,0
2026-08-24 20:02:57.694764,1882,franka,0.48192,0.08463,0.45350,0.00000,-0.00000,0.00000,0.00000,26.00,0.00,0.00,0.0000,0.0000,0.0000,0.0000,0,0
2026-08-24 20:02:57.748366,1883,franka,0.48192,0.08463,0.45350,0.00000,-0.00000,0.00000,0.00000,26.00,0.00,0.00,0.0000,0.0000,0.0000,0.0000,0,0
2026-08-24 20:02:57.802755,1884,franka,0.48192,0.08463,0.45350,0.00000,-0.00000,0.00000,0.00000,26.00,0.00,0.00,0.0000,0.0000,0.0000,0.0000,0,0
2026-08-24 20:02:57.856488,1885,franka,0.48192,0.08463,0.45350,0.00000,-0.00000,0.00000,0.00000,26.00,0.00,0.00,0.0000,0.0000,0.0000,0.0000,0,0
2026-08-24 20:02:57.910187,1886,franka,0.48192,0.08463,0.45350,0.00000,-0.00000,0.00000,0.00000,26.00,0.00,0.00,0.0000,0.0000,0.0000,0.0000,0,0
2026-08-24 20:02:57.964014,1887,franka,0.48192,0.08463,0.45350,0.00000,-0.00000,0.00000,0.00000,26.00,0.00,0.00,0.0000,0.0000,0.0000,0.0000,0,0
2026-08-24 20:02:58.018283,1888,franka,0.48192,0.08463,0.45350,0.00000,-0.00000,0.00000,0.00000,26.00,0.00,0.00,0.0000,0.0000,0.0000,0.0000,0,0
2026-08-24 20:02:58.072174,1889,franka,0.48192,0.08463,0.45350,0.00000,-0.00000,0.00000,0.00000,26.00,0.00,0.00,0.0000,0.0000,0.0000,0.0000,0,0
2026-08-24 20:02:58.126117,1890,franka,0.48192,0.08463,0.45350,0.00000,-0.00000,0.00000,0.00000,26.00,0.00,0.00,0.0000,0.0000,0.0000,0.0000,0,0
2026-08-24 20:02:58.180001,1891,franka,0.48192,0.08463,0.45350,0.00000,-0.00000,0.00000,0.00000,26.00,0.00,0.00,0.0000,0.0000,0.0000,0.0000,0,0
2026-08-24 20:02:58.234026,1892,franka,0.48192,0.08463,0.45350,0.00000,-0.00000,0.00000,0.00000,26.00,0.00,0.00,0.0000,0.0000,0.0000,0.0000,0,0
2026-08-24 20:02:58.287904,1893,franka,0.48192,0.08463,0.45350,0.00000,-0.00000,0.00000,0.00000,26.00,0.00,0.00,0.0000,0.0000,0.0000,0.0000,0,0
2026-08-24 20:02:58.341611,1894,franka,0.48192,0.08463,0.45350,0.00000,-0.00000,0.00000,0.00000,26.00,0.00,0.00,0.0000,0.0000,0.0000,0.0000,0,0
2026-08-24 20:02:58.395214,1895,franka,0.48192,0.08463,0.45350,0.00000,-0.00000,0.00000,0.00000,26.00,0.00,0.00,0.0000,0.0000,0.0000,0.0000,0,0
2026-08-24 20:02:58.448847,1896,franka,0.48192,0.08463,0.45350,0.00000,-0.00000,0.00000,0.00000,26.00,0.00,0.00,0.0000,0.0000,0.0000,0.0000,0,0
2026-08-24 20:02:58.501752,1897,franka,0.48192,0.08463,0.45349,0.00000,-0.00000,0.00000,0.00000,26.00,0.00,0.00,0.0000,0.0000,0.0000,0.0000,0,0
2026-08-24 20:02:58.555458,1898,franka,0.48192,0.08463,0.45350,0.00000,-0.00000,0.00000,0.00000,26.00,0.00,0.00,0.0000,1.0000,-0.3743,0.0000,0,0
2026-08-24 20:02:58.609469,1899,franka,0.48194,0.08484,0.45329,0.00000,0.00707,-0.00707,0.00000,26.00,0.00,0.00,0.0000,0.9857,-0.2114,0.0000,0,0
2026-08-24 20:02:58.663058,1900,franka,0.48192,0.08526,0.45300,0.00000,0.01000,-0.00000,0.00000,26.00,0.00,0.00,0.0000,0.2371,0.0000,0.0000,0,0
2026-08-24 20:02:58.716855,1901,franka,0.48192,0.08568,0.45298,0.00000,0.00019,-0.00000,0.00000,26.00,0.00,0.00,0.0000,0.0000,0.0000,0.0000,0,0
2026-08-24 20:02:58.771049,1902,franka,0.48191,0.08575,0.45298,0.00000,0.00000,-0.00000,0.00000,26.00,0.00,0.00,0.0000,0.0000,0.0000,0.0000,0,0
2026-08-24 20:02:58.824741,1903,franka,0.48192,0.08570,0.45300,0.00000,-0.00000,-0.00000,0.00000,26.00,0.00,0.00,0.0000,0.0000,0.0000,0.0000,0,0
2026-08-24 20:02:58.878936,1904,franka,0.48192,0.08572,0.45298,0.00000,-0.00000,-0.00000,0.00000,26.00,0.00,0.00,0.0000,0.0000,0.0000,0.0000,0,0
2026-08-24 20:02:58.934509,1905,franka,0.48192,0.08573,0.45299,0.00000,-0.00000,-0.00000,0.00000,26.00,0.00,0.00,0.0000,0.0000,0.0000,0.0000,0,0
2026-08-24 20:02:58.983798,1906,franka,0.48192,0.08572,0.45300,0.00000,-0.00000,-0.00000,0.00000,26.00,0.00,0.00,0.0000,0.0000,0.0000,0.0000,0,0
2026-08-24 20:02:59.038140,1907,franka,0.48192,0.08573,0.45299,0.00000,-0.00000,-0.00000,0.00000,26.00,0.00,0.00,0.0000,0.0000,0.0000,0.0000,0,0
2026-08-24 20:02:59.091998,1908,franka,0.48192,0.08572,0.45299,0.00000,-0.00000,-0.00000,0.00000,26.00,0.00,0.00,0.0000,0.0000,0.0000,0.0000,0,0
2026-08-24 20:02:59.146229,1909,franka,0.48192,0.08572,0.45299,0.00000,-0.00000,-0.00000,0.00000,26.00,0.00,0.00,0.0000,0.0000,0.0000,0.0000,0,0
2026-08-24 20:02:59.196718,1910,franka,0.48192,0.08572,0.45299,0.00000,-0.00000,-0.00000,0.00000,26.00,0.00,0.00,0.0000,0.0000,0.0000,0.0000,0,0
2026-08-24 20:02:59.250796,1911,franka,0.48192,0.08572,0.45299,0.00000,-0.00000,-0.00000,0.00000,26.00,0.00,0.00,0.0000,0.0000,0.0000,0.0000,0,0
2026-08-24 20:02:59.304336,1912,franka,0.48192,0.08572,0.45299,0.00000,-0.00000,-0.00000,0.00000,26.00,0.00,0.00,0.0000,0.0000,0.0000,0.0000,0,0
2026-08-24 20:02:59.357973,1913,franka,0.48192,0.08572,0.45299,0.00000,-0.00000,-0.00000,0.00000,26.00,0.00,0.00,0.0000,0.0000,0.0000,0.0000,0,0
2026-08-24 20:02:59.411582,1914,franka,0.48192,0.08572,0.45299,0.00000,-0.00000,-0.00000,0.00000,26.00,0.00,0.00,0.0000,0.0000,0.0000,0.0000,0,0
2026-08-24 20:02:59.465330,1915,franka,0.48192,0.08572,0.45299,0.00000,-0.00000,-0.00000,0.00000,26.00,0.00,0.00,0.0000,0.0000,0.0000,0.0000,0,0
2026-08-24 20:02:59.519245,1916,franka,0.48192,0.08572,0.45299,0.00000,-0.00000,-0.00000,0.00000,26.00,0.00,0.00,0.0000,0.0000,0.0000,0.0000,0,0
2026-08-24 20:02:59.573129,1917,franka,0.48192,0.08572,0.45299,0.00000,-0.00000,-0.00000,0.00000,26.00,0.00,0.00,0.0000,0.0000,0.0000,0.0000,0,0
2026-08-24 20:02:59.627305,1918,franka,0.48192,0.08572,0.45299,0.00000,-0.00000,-0.00000,0.00000,26.00,0.00,0.00,0.0000,0.0000,0.0000,0.0000,0,0
2026-08-24 20:02:59.681374,1919,franka,0.48192,0.08572,0.45299,0.00000,-0.00000,-0.00000,0.00000,26.00,0.00,0.00,0.0000,0.0000,0.0000,0.0000,0,0
2026-08-24 20:02:59.735414,1920,franka,0.48192,0.08572,0.45299,0.00000,-0.00000,-0.00000,0.00000,26.00,0.00,0.00,0.0000,0.0000,0.0000,0.0000,0,0
2026-08-24 20:02:59.789410,1921,franka,0.48192,0.08572,0.45299,0.00000,-0.00000,-0.00000,0.00000,26.00,0.00,0.00,0.0000,0.0000,0.0000,0.0000,0,0
2026-08-24 20:02:59.843480,1922,franka,0.48192,0.08572,0.45299,0.00000,-0.00000,-0.00000,0.00000,26.00,0.00,0.00,0.0000,0.0000,0.0000,0.0000,0,0
2026-08-24 20:02:59.897769,1923,franka,0.48192,0.08572,0.45299,0.00000,-0.00000,-0.00000,0.00000,26.00,0.00,0.00,0.0000,0.0000,0.0000,0.0000,0,0
2026-08-24 20:02:59.951642,1924,franka,0.48192,0.08572,0.45299,0.00000,-0.00000,-0.00000,0.00000,26.00,0.00,0.00,0.0000,0.0000,0.0000,0.0000,0,0
2026-08-24 20:03:00.005480,1925,franka,0.48192,0.08572,0.45299,0.00000,-0.00000,-0.00000,0.00000,26.00,0.00,0.00,0.0000,0.0000,0.0000,0.0000,0,0
2026-08-24 20:03:00.059157,1926,franka,0.48192,0.08572,0.45299,0.00000,-0.00000,-0.00000,0.00000,26.00,0.00,0.00,0.0000,0.0000,0.0000,0.0000,0,0
2026-08-24 20:03:00.113367,1927,franka,0.48192,0.08573,0.45299,-0.00117,0.00117,-0.00000,0.00000,26.00,0.00,0.00,-0.0114,0.1514,0.0000,0.0000,0,0
2026-08-24 20:03:00.167830,1928,franka,0.48163,0.08597,0.45296,-0.00590,0.00763,-0.00000,0.00000,26.00,0.00,0.00,0.0000,0.8514,-0.0771,0.0029,0,0
2026-08-24 20:03:00.222221,1929,franka,0.48156,0.08650,0.45299,-0.00000,0.01000,-0.00000,0.00000,26.00,0.00,0.00,-0.0543,1.0000,-0.2543,0.0114,0,0
2026-08-24 20:03:00.276244,1930,franka,0.48156,0.08697,0.45287,-0.00000,0.00707,-0.00707,0.00000,26.00,0.00,0.00,-0.1143,1.0000,-0.4486,0.0314,0,0
2026-08-24 20:03:00.329930,1931,franka,0.48157,0.08728,0.45243,-0.00000,0.00707,-0.00707,0.00000,26.00,0.00,0.00,-0.1143,1.0000,-0.4629,0.0314,0,0
2026-08-24 20:03:00.383472,1932,franka,0.48157,0.08766,0.45213,-0.00000,0.00707,-0.00707,0.00000,26.00,0.00,0.00,-0.1143,1.0000,-0.4514,0.0257,0,0
2026-08-24 20:03:00.437078,1933,franka,0.48156,0.08803,0.45180,-0.00000,0.00707,-0.00707,0.00000,26.00,0.00,0.00,-0.1057,1.0000,-0.3057,0.0829,0,0
2026-08-24 20:03:00.490708,1934,franka,0.48157,0.08837,0.45141,-0.00000,0.00707,-0.00707,0.00000,26.00,0.00,0.00,-0.1057,1.0000,-0.2171,0.1486,0,0
2026-08-24 20:03:00.544552,1935,franka,0.48157,0.08872,0.45105,-0.00000,0.00707,-0.00707,0.00000,26.00,0.00,0.00,-0.1086,1.0000,-0.2171,0.1486,0,0
2026-08-24 20:03:00.598104,1936,franka,0.48157,0.08909,0.45071,-0.00000,0.00707,-0.00707,0.00000,26.00,0.00,0.00,-0.1086,1.0000,-0.2171,0.1486,0,0
2026-08-24 20:03:00.652040,1937,franka,0.48157,0.08944,0.45037,-0.00000,0.00707,-0.00707,0.00000,26.00,0.00,0.00,-0.1000,1.0000,-0.2057,0.1400,0,0
2026-08-24 20:03:00.705785,1938,franka,0.48157,0.08979,0.44999,-0.00000,0.00707,-0.00707,0.00000,26.00,0.00,0.00,-0.0857,0.7486,-0.0657,0.1114,0,0
2026-08-24 20:03:00.759544,1939,franka,0.48157,0.09015,0.44964,-0.00000,0.00707,-0.00707,0.00000,26.00,0.00,0.00,-0.0629,0.4257,0.0000,0.0829,0,0
2026-08-24 20:03:00.813235,1940,franka,0.48156,0.09087,0.44946,0.00000,0.00000,-0.00000,0.00000,26.00,0.00,0.00,0.0000,0.0000,0.0000,0.0000,0,0
2026-08-24 20:03:00.866816,1941,franka,0.48156,0.09087,0.44945,0.00000,0.00000,-0.00000,0.00000,26.00,0.00,0.00,0.0000,0.0000,0.0000,0.0000,0,0
2026-08-24 20:03:00.920337,1942,franka,0.48156,0.09084,0.44945,0.00000,-0.00000,-0.00000,0.00000,26.00,0.00,0.00,0.0000,0.0000,0.0000,0.0000,0,0
2026-08-24 20:03:00.974459,1943,franka,0.48156,0.09086,0.44945,0.00000,-0.00000,-0.00000,0.00000,26.00,0.00,0.00,0.0000,0.0000,0.0000,0.0000,0,0
2026-08-24 20:03:01.028626,1944,franka,0.48156,0.09085,0.44944,0.00000,0.00000,0.00000,0.00000,26.00,0.00,0.00,0.0000,0.0000,0.0000,0.0000,0,0
2026-08-24 20:03:01.082727,1945,franka,0.48156,0.09085,0.44945,0.00000,0.00000,0.00000,0.00000,26.00,0.00,0.00,0.0000,0.0000,0.0000,0.0000,0,0
2026-08-24 20:03:01.136327,1946,franka,0.48156,0.09086,0.44945,0.00000,0.00000,0.00000,0.00000,26.00,0.00,0.00,0.0000,0.0000,0.0000,0.0000,0,0
2026-08-24 20:03:01.190244,1947,franka,0.48156,0.09085,0.44944,0.00000,0.00000,0.00000,0.00000,26.00,0.00,0.00,0.0000,0.0000,0.0000,0.0000,0,0
2026-08-24 20:03:01.244449,1948,franka,0.48156,0.09085,0.44945,0.00000,0.00000,0.00000,0.00000,26.00,0.00,0.00,0.0000,0.0000,0.0000,0.0000,0,0
2026-08-24 20:03:01.298414,1949,franka,0.48156,0.09085,0.44945,0.00000,0.00000,0.00000,0.00000,26.00,0.00,0.00,0.0000,0.0000,0.0000,0.0000,0,0
2026-08-24 20:03:01.352122,1950,franka,0.48156,0.09085,0.44944,0.00000,0.00000,0.00000,0.00000,26.00,0.00,0.00,0.0000,0.0000,0.0000,0.0000,0,0
2026-08-24 20:03:01.406658,1951,franka,0.48156,0.09085,0.44945,0.00000,0.00000,0.00000,0.00000,26.00,0.00,0.00,0.0000,0.0000,0.0000,0.0000,0,0
2026-08-24 20:03:01.460450,1952,franka,0.48156,0.09085,0.44945,0.00000,0.00000,0.00000,0.00000,26.00,0.00,0.00,0.0000,0.0000,0.0000,0.0000,0,0
2026-08-24 20:03:01.513971,1953,franka,0.48156,0.09085,0.44945,0.00000,0.00000,0.00000,0.00000,26.00,0.00,0.00,0.0000,0.0000,0.0000,0.0000,0,0
2026-08-24 20:03:01.567585,1954,franka,0.48156,0.09085,0.44945,0.00000,0.00000,0.00000,0.00000,26.00,0.00,0.00,0.0000,0.0000,0.0000,0.0000,0,0
2026-08-24 20:03:01.621878,1955,franka,0.48156,0.09085,0.44945,0.00000,0.00000,0.00000,0.00000,26.00,0.00,0.00,0.0000,0.0000,0.0000,0.0000,0,0
2026-08-24 20:03:01.676170,1956,franka,0.48156,0.09085,0.44945,0.00000,0.00000,0.00000,0.00000,26.00,0.00,0.00,0.0000,0.0000,0.0000,0.0000,0,0
2026-08-24 20:03:01.729844,1957,franka,0.48156,0.09085,0.44945,0.00000,0.00000,0.00000,0.00000,26.00,0.00,0.00,-0.0457,0.8657,-0.2257,0.0000,0,0
2026-08-24 20:03:01.783738,1958,franka,0.48158,0.09106,0.44924,0.00000,0.00707,-0.00707,0.00000,26.00,0.00,0.00,-0.0771,0.9514,-0.2600,0.0000,0,0
2026-08-24 20:03:01.837571,1959,franka,0.48157,0.09145,0.44886,0.00000,0.00707,-0.00707,0.00000,26.00,0.00,0.00,-0.0771,0.9514,-0.2600,0.0000,0,0
2026-08-24 20:03:01.891187,1960,franka,0.48157,0.09183,0.44850,0.00000,0.00707,-0.00707,0.00000,26.00,0.00,0.00,-0.0771,0.9514,-0.2600,0.0000,0,0
2026-08-24 20:03:01.944834,1961,franka,0.48157,0.09216,0.44816,0.00000,0.00707,-0.00707,0.00000,26.00,0.00,0.00,-0.0771,0.9514,-0.2600,0.0000,0,0
2026-08-24 20:03:01.998690,1962,franka,0.48157,0.09254,0.44780,0.00000,0.00707,-0.00707,0.00000,26.00,0.00,0.00,-0.0771,0.9514,-0.2600,0.0000,0,0
2026-08-24 20:03:02.052411,1963,franka,0.48157,0.09291,0.44742,0.00000,0.00707,-0.00707,0.00000,26.00,0.00,0.00,-0.0771,0.9514,-0.2600,0.0000,0,0
2026-08-24 20:03:02.106086,1964,franka,0.48157,0.09325,0.44708,0.00000,0.00707,-0.00707,0.00000,26.00,0.00,0.00,-0.0771,0.9514,-0.2600,0.0000,0,0
2026-08-24 20:03:02.160117,1965,franka,0.48157,0.09361,0.44672,0.00000,0.00707,-0.00707,0.00000,26.00,0.00,0.00,-0.0771,0.9514,-0.2600,0.0000,0,0
2026-08-24 20:03:02.214806,1966,franka,0.48157,0.09396,0.44636,0.00000,0.00707,-0.00707,0.00000,26.00,0.00,0.00,-0.0771,0.9514,-0.2600,0.0000,0,0
2026-08-24 20:03:02.268440,1967,franka,0.48157,0.09431,0.44600,0.00000,0.00707,-0.00707,0.00000,26.00,0.00,0.00,-0.0771,0.9514,-0.2600,0.0000,0,0
2026-08-24 20:03:02.322163,1968,franka,0.48157,0.09467,0.44565,0.00000,0.00707,-0.00707,0.00000,26.00,0.00,0.00,-0.0771,0.9514,-0.2600,0.0000,0,0
2026-08-24 20:03:02.376022,1969,franka,0.48157,0.09502,0.44531,0.00000,0.00707,-0.00707,0.00000,26.00,0.00,0.00,-0.0771,0.9514,-0.2600,0.0000,0,0
2026-08-24 20:03:02.429847,1970,franka,0.48157,0.09538,0.44494,0.00000,0.00707,-0.00707,0.00000,26.00,0.00,0.00,-0.0771,0.9514,-0.2600,0.0000,0,0
2026-08-24 20:03:02.483560,1971,franka,0.48157,0.09610,0.44424,0.00000,0.00707,-0.00707,0.00000,26.00,0.00,0.00,-0.0771,0.9514,-0.2600,0.0000,0,0
2026-08-24 20:03:02.537289,1972,franka,0.48157,0.09645,0.44388,0.00000,0.00707,-0.00707,0.00000,26.00,0.00,0.00,-0.0771,0.9514,-0.2600,0.0000,0,0
2026-08-24 20:03:02.591274,1973,franka,0.48157,0.09681,0.44353,0.00000,0.00707,-0.00707,0.00000,26.00,0.00,0.00,-0.0771,0.9514,-0.2600,0.0000,0,0
2026-08-24 20:03:02.645069,1974,franka,0.48158,0.09717,0.44317,0.00000,0.00707,-0.00707,0.00000,26.00,0.00,0.00,-0.0771,0.9514,-0.2600,0.0000,0,0
2026-08-24 20:03:02.698649,1975,franka,0.48158,0.09753,0.44282,0.00000,0.00707,-0.00707,0.00000,26.00,0.00,0.00,-0.0771,0.9514,-0.2600,0.0000,0,0
2026-08-24 20:03:02.752389,1976,franka,0.48158,0.09789,0.44246,0.00000,0.00707,-0.00707,0.00000,26.00,0.00,0.00,-0.0771,0.9514,-0.2600,0.0000,0,0
2026-08-24 20:03:02.806165,1977,franka,0.48158,0.09825,0.44210,0.00000,0.00707,-0.00707,0.00000,26.00,0.00,0.00,-0.0771,0.9514,-0.2600,0.0000,0,0
2026-08-24 20:03:02.860025,1978,franka,0.48158,0.09861,0.44176,0.00000,0.00707,-0.00707,0.00000,26.00,0.00,0.00,-0.0771,0.9514,-0.2600,0.0000,0,0
2026-08-24 20:03:02.913756,1979,franka,0.48158,0.09896,0.44140,0.00000,0.00707,-0.00707,0.00000,26.00,0.00,0.00,-0.0771,0.9514,-0.2600,0.0000,0,0
2026-08-24 20:03:02.967989,1980,franka,0.48158,0.09931,0.44106,0.00000,0.00707,-0.00707,0.00000,26.00,0.00,0.00,-0.0771,0.9514,-0.2600,0.0000,0,0
2026-08-24 20:03:03.021771,1981,franka,0.48158,0.09966,0.44071,0.00000,0.00707,-0.00707,0.00000,26.00,0.00,0.00,-0.0771,0.9514,-0.2600,0.0000,0,0
2026-08-24 20:03:03.075428,1982,franka,0.48159,0.10002,0.44036,0.00000,0.00707,-0.00707,0.00000,26.00,0.00,0.00,-0.0771,0.9514,-0.2600,0.0000,0,0
2026-08-24 20:03:03.129086,1983,franka,0.48159,0.10037,0.44001,0.00000,0.00707,-0.00707,0.00000,26.00,0.00,0.00,-0.0771,0.9514,-0.2600,0.0000,0,0
2026-08-24 20:03:03.182906,1984,franka,0.48159,0.10072,0.43967,0.00000,0.00707,-0.00707,0.00000,26.00,0.00,0.00,-0.0771,0.9514,-0.2600,0.0000,0,0
2026-08-24 20:03:03.236815,1985,franka,0.48160,0.10108,0.43931,0.00000,0.00707,-0.00707,0.00000,26.00,0.00,0.00,-0.0771,0.9514,-0.2600,0.0000,0,0
2026-08-24 20:03:03.291277,1986,franka,0.48160,0.10142,0.43897,0.00000,0.00707,-0.00707,0.00000,26.00,0.00,0.00,-0.0771,0.9514,-0.2600,0.0000,0,0
2026-08-24 20:03:03.345045,1987,franka,0.48161,0.10212,0.43829,0.00000,0.00707,-0.00707,0.00000,26.00,0.00,0.00,-0.0771,0.9514,-0.2600,0.0000,0,0
2026-08-24 20:03:03.398819,1988,franka,0.48161,0.10247,0.43793,0.00000,0.00707,-0.00707,0.00000,26.00,0.00,0.00,-0.0771,0.9514,-0.2600,0.0000,0,0
2026-08-24 20:03:03.452631,1989,franka,0.48161,0.10282,0.43760,0.00000,0.00707,-0.00707,0.00000,26.00,0.00,0.00,-0.0771,0.9514,-0.2600,0.0000,0,0
2026-08-24 20:03:03.506444,1990,franka,0.48162,0.10318,0.43726,0.00000,0.00707,-0.00707,0.00000,26.00,0.00,0.00,-0.0771,0.9514,-0.2600,0.0000,0,0
2026-08-24 20:03:03.560041,1991,franka,0.48162,0.10353,0.43692,0.00000,0.00707,-0.00707,0.00000,26.00,0.00,0.00,-0.0771,0.9514,-0.2600,0.0000,0,0
2026-08-24 20:03:03.614130,1992,franka,0.48163,0.10388,0.43658,0.00000,0.00707,-0.00707,0.00000,26.00,0.00,0.00,-0.0771,0.9514,-0.2600,0.0000,0,0
2026-08-24 20:03:03.667854,1993,franka,0.48163,0.10423,0.43624,0.00000,0.00707,-0.00707,0.00000,26.00,0.00,0.00,-0.0771,0.9514,-0.2600,0.0000,0,0
2026-08-24 20:03:03.722062,1994,franka,0.48163,0.10458,0.43589,0.00000,0.00707,-0.00707,0.00000,26.00,0.00,0.00,-0.0771,0.9514,-0.2600,0.0000,0,0
2026-08-24 20:03:03.775775,1995,franka,0.48163,0.10494,0.43554,0.00000,0.00707,-0.00707,0.00000,26.00,0.00,0.00,-0.0771,0.9514,-0.2600,0.0000,0,0
2026-08-24 20:03:03.830841,1996,franka,0.48164,0.10529,0.43519,0.00000,0.00707,-0.00707,0.00000,26.00,0.00,0.00,-0.0771,0.9514,-0.2600,0.0000,0,0
2026-08-24 20:03:03.879379,1997,franka,0.48164,0.10564,0.43484,0.00000,0.00707,-0.00707,0.00000,26.00,0.00,0.00,-0.0771,0.9514,-0.2600,0.0000,0,0
2026-08-24 20:03:03.933249,1998,franka,0.48164,0.10599,0.43450,0.00000,0.00707,-0.00707,0.00000,26.00,0.00,0.00,-0.0771,0.9514,-0.2600,0.0000,0,0
2026-08-24 20:03:03.987006,1999,franka,0.48164,0.10634,0.43415,0.00000,0.00707,-0.00707,0.00000,26.00,0.00,0.00,-0.0771,0.9514,-0.2600,0.0000,0,0
2026-08-24 20:03:04.040752,2000,franka,0.48164,0.10670,0.43380,0.00000,0.00707,-0.00707,0.00000,26.00,0.00,0.00,-0.0771,0.9514,-0.2600,0.0000,0,0
2026-08-24 20:03:04.094401,2001,franka,0.48165,0.10704,0.43345,0.00000,0.00707,-0.00707,0.00000,26.00,0.00,0.00,-0.0771,0.9514,-0.2600,0.0000,0,0
2026-08-24 20:03:04.148295,2002,franka,0.48165,0.10740,0.43310,0.00000,0.00707,-0.00707,0.00000,26.00,0.00,0.00,-0.0771,0.9514,-0.2600,0.0000,0,0
2026-08-24 20:03:04.202000,2003,franka,0.48165,0.10810,0.43240,0.00000,0.00707,-0.00707,0.00000,26.00,0.00,0.00,-0.0771,0.9514,-0.2600,0.0000,0,0
2026-08-24 20:03:04.255716,2004,franka,0.48166,0.10846,0.43205,0.00000,0.00707,-0.00707,0.00000,26.00,0.00,0.00,-0.0771,0.9514,-0.2600,0.0000,0,0
2026-08-24 20:03:04.309302,2005,franka,0.48166,0.10881,0.43170,0.00000,0.00707,-0.00707,0.00000,26.00,0.00,0.00,-0.0771,0.9514,-0.2600,0.0000,0,0
2026-08-24 20:03:04.363172,2006,franka,0.48166,0.10917,0.43135,0.00000,0.00707,-0.00707,0.00000,26.00,0.00,0.00,-0.0771,0.9514,-0.2600,0.0000,0,0
2026-08-24 20:03:04.417001,2007,franka,0.48166,0.10952,0.43101,0.00000,0.00707,-0.00707,0.00000,26.00,0.00,0.00,-0.0771,0.9514,-0.2600,0.0000,0,0
2026-08-24 20:03:04.470707,2008,franka,0.48167,0.10987,0.43067,0.00000,0.00707,-0.00707,0.00000,26.00,0.00,0.00,-0.0771,0.9514,-0.2600,0.0000,0,0
2026-08-24 20:03:04.524747,2009,franka,0.48167,0.11023,0.43032,0.00000,0.00707,-0.00707,0.00000,26.00,0.00,0.00,-0.0771,0.9514,-0.2600,0.0000,0,0
2026-08-24 20:03:04.578867,2010,franka,0.48168,0.11058,0.42998,0.00000,0.00707,-0.00707,0.00000,26.00,0.00,0.00,-0.0771,0.9514,-0.2600,0.0000,0,0
2026-08-24 20:03:04.632881,2011,franka,0.48168,0.11093,0.42964,0.00000,0.00707,-0.00707,0.00000,26.00,0.00,0.00,-0.0771,0.9514,-0.2600,0.0000,0,0
2026-08-24 20:03:04.687342,2012,franka,0.48169,0.11128,0.42930,0.00000,0.00707,-0.00707,0.00000,26.00,0.00,0.00,-0.0771,0.9514,-0.2600,0.0000,0,0
2026-08-24 20:03:04.740898,2013,franka,0.48169,0.11163,0.42896,0.00000,0.00707,-0.00707,0.00000,26.00,0.00,0.00,-0.0771,0.9514,-0.2600,0.0000,0,0
2026-08-24 20:03:04.794629,2014,franka,0.48170,0.11197,0.42863,0.00000,0.00707,-0.00707,0.00000,26.00,0.00,0.00,-0.0771,0.9514,-0.2600,0.0000,0,0
2026-08-24 20:03:04.848330,2015,franka,0.48170,0.11232,0.42830,0.00000,0.00707,-0.00707,0.00000,26.00,0.00,0.00,-0.5371,0.9943,-0.0886,-0.0200,0,0
2026-08-24 20:03:04.902197,2016,franka,0.48147,0.11265,0.42814,-0.00707,0.00707,-0.00000,0.00000,26.00,0.00,0.00,-0.5371,0.9943,-0.0886,-0.0200,0,0
2026-08-24 20:03:04.955886,2017,franka,0.48112,0.11300,0.42816,-0.00707,0.00707,0.00000,0.00000,26.00,0.00,0.00,0.0000,0.0000,0.0000,0.0000,0,0
2026-08-24 20:03:05.009601,2018,franka,0.48103,0.11310,0.42816,0.00000,-0.00000,0.00000,0.00000,26.00,0.00,0.00,0.0000,0.0000,0.0000,0.0000,0,0
2026-08-24 20:03:05.063332,2019,franka,0.48103,0.11309,0.42813,0.00000,-0.00000,0.00000,0.00000,26.00,0.00,0.00,-0.0314,0.0000,0.0000,0.0000,0,0
2026-08-24 20:03:05.117043,2020,franka,0.48102,0.11312,0.42817,0.00000,-0.00000,-0.00000,0.00000,26.00,0.00,0.00,0.0000,0.0000,0.0400,0.0000,0,0
2026-08-24 20:03:05.170759,2021,franka,0.48102,0.11311,0.42816,-0.00000,0.00000,-0.00000,0.00000,26.00,0.00,0.00,0.0000,-0.0429,0.1714,0.0429,0,0
2026-08-24 20:03:05.224387,2022,franka,0.48103,0.11311,0.42813,-0.00000,0.00000,-0.00000,0.00000,26.00,0.00,0.00,0.0000,0.0000,0.1286,0.0200,0,0
2026-08-24 20:03:05.278078,2023,franka,0.48102,0.11311,0.42815,0.00000,-0.00000,-0.00000,0.00000,26.00,0.00,0.00,0.0000,0.0000,0.0000,0.0000,0,0
2026-08-24 20:03:05.331873,2024,franka,0.48102,0.11311,0.42816,0.00000,-0.00000,-0.00000,0.00000,26.00,0.00,0.00,-0.0114,0.0000,0.0000,0.0000,0,0
2026-08-24 20:03:05.385617,2025,franka,0.48103,0.11311,0.42814,0.00000,-0.00000,-0.00000,0.00000,26.00,0.00,0.00,-0.0114,0.0000,0.0000,0.0000,0,0
2026-08-24 20:03:05.439361,2026,franka,0.48102,0.11311,0.42815,0.00000,-0.00000,-0.00000,0.00000,26.00,0.00,0.00,-0.0114,0.0000,0.0000,0.0000,0,0
2026-08-24 20:03:05.493572,2027,franka,0.48102,0.11311,0.42816,-0.00000,0.00000,-0.00000,0.00000,26.00,0.00,0.00,0.0000,0.0000,0.1057,0.0000,0,0
2026-08-24 20:03:05.547213,2028,franka,0.48103,0.11311,0.42815,-0.00000,0.00000,-0.00000,0.00000,26.00,0.00,0.00,0.0000,0.0657,0.9114,0.0314,0,0
2026-08-24 20:03:05.600850,2029,franka,0.48102,0.11311,0.42815,-0.00000,0.00000,0.00068,0.00000,26.00,0.00,0.00,0.0000,0.0657,0.9114,0.0314,0,0
2026-08-24 20:03:05.654417,2030,franka,0.48101,0.11312,0.42852,-0.00000,0.00000,0.01000,0.00000,26.00,0.00,0.00,0.0000,0.0657,0.9114,0.0314,0,0
2026-08-24 20:03:05.708400,2031,franka,0.48101,0.11313,0.42900,-0.00000,0.00000,0.01000,0.00000,26.00,0.00,0.00,0.0000,0.0657,0.9114,0.0314,0,0
2026-08-24 20:03:05.762384,2032,franka,0.48100,0.11314,0.42944,-0.00000,0.00000,0.01000,0.00000,26.00,0.00,0.00,0.0000,0.0943,1.0000,0.0971,0,0
2026-08-24 20:03:05.816244,2033,franka,0.48098,0.11317,0.43042,-0.00000,0.00000,0.01000,0.00000,26.00,0.00,0.00,0.0000,0.0943,1.0000,0.0971,0,0
2026-08-24 20:03:05.870035,2034,franka,0.48098,0.11317,0.43089,-0.00000,0.00000,0.01000,0.00000,26.00,0.00,0.00,-0.0657,-0.0400,0.0057,0.0029,0,0
2026-08-24 20:03:05.923730,2035,franka,0.48097,0.11318,0.43139,-0.00000,0.00000,0.01000,0.00000,26.00,0.00,0.00,0.0000,0.0229,0.7686,0.1629,0,0
2026-08-24 20:03:05.977368,2036,franka,0.48097,0.11319,0.43189,-0.00000,0.00000,0.01000,0.00000,26.00,0.00,0.00,0.0000,0.0829,0.9600,0.0657,0,0
2026-08-24 20:03:06.031794,2037,franka,0.48097,0.11320,0.43237,-0.00000,0.00000,0.01000,0.00000,26.00,0.00,0.00,0.0000,0.0486,0.9686,0.0857,0,0
2026-08-24 20:03:06.085642,2038,franka,0.48097,0.11320,0.43286,-0.00000,0.00000,0.01000,0.00000,26.00,0.00,0.00,-0.0829,0.0629,0.7971,0.1200,0,0
2026-08-24 20:03:06.139667,2039,franka,0.48096,0.11321,0.43336,-0.00000,0.00000,0.01000,0.00000,26.00,0.00,0.00,-0.1800,0.1371,0.6771,0.0914,0,0
2026-08-24 20:03:06.193869,2040,franka,0.48087,0.11321,0.43384,-0.00707,0.00000,0.00707,0.00000,26.00,0.00,0.00,-0.1714,0.1343,0.8943,0.0886,0,0
2026-08-24 20:03:06.247851,2041,franka,0.48061,0.11319,0.43416,-0.00000,0.00000,0.01000,0.00000,26.00,0.00,0.00,-0.1371,0.0857,0.9886,0.0857,0,0
2026-08-24 20:03:06.301868,2042,franka,0.48060,0.11321,0.43470,-0.00000,0.00000,0.01000,0.00000,26.00,0.00,0.00,-0.0971,0.0743,0.9600,0.0743,0,0
2026-08-24 20:03:06.355581,2043,franka,0.48060,0.11322,0.43521,0.00000,0.00000,0.01000,0.00000,26.00,0.00,0.00,-0.0314,0.0200,0.5714,0.1086,0,0
2026-08-24 20:03:06.409275,2044,franka,0.48059,0.11322,0.43562,0.00000,0.00000,0.01000,0.00000,26.00,0.00,0.00,-0.0086,0.0657,0.2029,0.0000,0,0
2026-08-24 20:03:06.462866,2045,franka,0.48058,0.11324,0.43615,-0.00000,0.00000,0.00388,0.00000,26.00,0.00,0.00,0.0000,0.0000,0.0000,0.0000,0,0
2026-08-24 20:03:06.517753,2046,franka,0.48058,0.11323,0.43618,-0.00000,0.00000,0.00000,0.00000,26.00,0.00,0.00,0.0000,0.0000,0.0000,0.0000,0,0
2026-08-24 20:03:06.571451,2047,franka,0.48058,0.11323,0.43616,-0.00000,0.00000,0.00000,0.00000,26.00,0.00,0.00,0.0000,0.0029,0.0000,0.0000,0,0
2026-08-24 20:03:06.625388,2048,franka,0.48058,0.11323,0.43616,0.00000,0.00000,0.00000,0.00000,26.00,0.00,0.00,0.0000,0.1400,0.0000,0.0000,0,0
2026-08-24 20:03:06.679055,2049,franka,0.48059,0.11347,0.43614,0.00000,0.01000,-0.00000,0.00000,26.00,0.00,0.00,-0.0343,0.2914,0.0000,0.0000,0,0
2026-08-24 20:03:06.732781,2050,franka,0.48054,0.11406,0.43604,0.00000,0.01000,-0.00000,0.00000,26.00,0.00,0.00,-0.1457,0.4086,0.0000,0.0686,0,0
2026-08-24 20:03:06.786473,2051,franka,0.48055,0.11460,0.43610,0.00000,0.01000,-0.00000,0.00000,26.00,0.00,0.00,-0.1629,0.4057,0.0229,0.1000,0,0
2026-08-24 20:03:06.840276,2052,franka,0.48058,0.11501,0.43618,-0.00000,0.01000,0.00000,0.00000,26.00,0.00,0.00,-0.0629,0.2171,0.0257,0.0314,0,0
2026-08-24 20:03:06.894121,2053,franka,0.48058,0.11543,0.43617,-0.00000,0.00019,0.00000,0.00000,26.00,0.00,0.00,0.0000,0.0000,0.0000,0.0000,0,0
2026-08-24 20:03:06.947830,2054,franka,0.48056,0.11556,0.43615,-0.00000,0.00000,0.00000,0.00000,26.00,0.00,0.00,0.0000,0.0000,0.0000,0.0000,0,0
2026-08-24 20:03:07.001437,2055,franka,0.48058,0.11544,0.43617,-0.00000,-0.00000,0.00000,0.00000,26.00,0.00,0.00,0.0000,0.0000,0.0000,0.0000,0,0
2026-08-24 20:03:07.055218,2056,franka,0.48057,0.11549,0.43617,-0.00000,-0.00000,0.00000,0.00000,26.00,0.00,0.00,0.0000,0.0000,0.0000,0.0000,0,0
2026-08-24 20:03:07.108787,2057,franka,0.48057,0.11550,0.43616,-0.00000,-0.00000,0.00000,0.00000,26.00,0.00,0.00,0.0000,0.0000,0.0000,0.0000,0,0
2026-08-24 20:03:07.162679,2058,franka,0.48058,0.11547,0.43617,-0.00000,-0.00000,0.00000,0.00000,26.00,0.00,0.00,0.0000,0.0000,0.0000,0.0000,0,0
2026-08-24 20:03:07.216516,2059,franka,0.48057,0.11550,0.43617,-0.00000,-0.00000,0.00000,0.00000,26.00,0.00,0.00,0.0000,0.0000,0.0000,0.0000,0,0
2026-08-24 20:03:07.270350,2060,franka,0.48058,0.11548,0.43616,-0.00000,-0.00000,-0.00000,0.00000,26.00,0.00,0.00,0.0000,0.0000,0.0000,0.0000,0,0
2026-08-24 20:03:07.324139,2061,franka,0.48058,0.11548,0.43617,-0.00000,-0.00000,-0.00000,0.00000,26.00,0.00,0.00,0.0000,0.0000,0.0000,0.0000,0,0
2026-08-24 20:03:07.378092,2062,franka,0.48057,0.11550,0.43617,-0.00000,-0.00000,-0.00000,0.00000,26.00,0.00,0.00,0.0000,0.0000,0.0000,0.0000,0,0
2026-08-24 20:03:07.431799,2063,franka,0.48057,0.11548,0.43617,-0.00000,-0.00000,-0.00000,0.00000,26.00,0.00,0.00,0.0000,0.0000,0.0000,0.0000,0,0
2026-08-24 20:03:07.485562,2064,franka,0.48057,0.11549,0.43617,-0.00000,-0.00000,-0.00000,0.00000,26.00,0.00,0.00,0.0000,0.0000,0.0000,0.0000,0,0
2026-08-24 20:03:07.539511,2065,franka,0.48057,0.11549,0.43617,-0.00000,-0.00000,-0.00000,0.00000,26.00,0.00,0.00,0.0000,0.0000,0.0000,0.0000,0,0
2026-08-24 20:03:07.593364,2066,franka,0.48057,0.11550,0.43617,-0.00000,-0.00000,-0.00000,0.00000,26.00,0.00,0.00,0.0000,0.0000,0.0000,0.0000,0,0
2026-08-24 20:03:07.647251,2067,franka,0.48057,0.11549,0.43617,-0.00000,-0.00000,-0.00000,0.00000,26.00,0.00,0.00,0.0000,0.0000,0.0000,0.0000,0,0
2026-08-24 20:03:07.701091,2068,franka,0.48057,0.11549,0.43617,-0.00000,-0.00000,-0.00000,0.00000,26.00,0.00,0.00,0.0000,0.0000,0.0000,0.0000,0,0
2026-08-24 20:03:07.755126,2069,franka,0.48057,0.11549,0.43617,-0.00000,-0.00000,-0.00000,0.00000,26.00,0.00,0.00,0.0000,0.0000,0.0000,0.0000,0,0
2026-08-24 20:03:07.808920,2070,franka,0.48057,0.11549,0.43617,-0.00000,-0.00000,-0.00000,0.00000,26.00,0.00,0.00,0.0000,0.0000,0.0000,0.0000,0,0
2026-08-24 20:03:07.862641,2071,franka,0.48057,0.11549,0.43617,-0.00000,-0.00000,-0.00000,0.00000,26.00,0.00,0.00,0.0000,0.0000,0.0000,0.0000,0,0
2026-08-24 20:03:07.920644,2072,franka,0.48057,0.11549,0.43617,-0.00000,-0.00000,-0.00000,0.00000,26.00,0.00,0.00,0.0000,0.0000,0.0000,0.0000,0,0
2026-08-24 20:03:07.974406,2073,franka,0.48057,0.11549,0.43617,-0.00000,-0.00000,-0.00000,0.00000,26.00,0.00,0.00,0.0000,0.0000,0.0000,0.0000,0,0
2026-08-24 20:03:08.028072,2074,franka,0.48057,0.11549,0.43617,-0.00000,-0.00000,-0.00000,0.00000,26.00,0.00,0.00,0.0000,0.0000,0.0000,0.0000,0,0
2026-08-24 20:03:08.082548,2075,franka,0.48057,0.11549,0.43617,-0.00000,-0.00000,-0.00000,0.00000,26.00,0.00,0.00,0.0000,0.0000,0.0000,0.0000,0,0
2026-08-24 20:03:08.136354,2076,franka,0.48057,0.11549,0.43617,-0.00000,-0.00000,-0.00000,0.00000,26.00,0.00,0.00,0.0000,0.0000,0.0000,0.0000,0,0
2026-08-24 20:03:08.190143,2077,franka,0.48057,0.11549,0.43617,-0.00000,-0.00000,-0.00000,0.00000,26.00,0.00,0.00,0.0000,0.0000,0.0000,0.0000,0,0
2026-08-24 20:03:08.243966,2078,franka,0.48057,0.11549,0.43617,-0.00000,-0.00000,-0.00000,0.00000,26.00,0.00,0.00,0.0000,0.0000,0.0000,0.0000,0,0
2026-08-24 20:03:08.297644,2079,franka,0.48057,0.11549,0.43617,-0.00000,-0.00000,-0.00000,0.00000,26.00,0.00,0.00,0.0000,0.0000,0.0000,0.0000,0,0
2026-08-24 20:03:08.351405,2080,franka,0.48057,0.11549,0.43617,-0.00000,-0.00000,-0.00000,0.00000,26.00,0.00,0.00,0.0000,0.0000,0.0000,0.0000,0,0
2026-08-24 20:03:08.405197,2081,franka,0.48057,0.11549,0.43617,-0.00000,-0.00000,-0.00000,0.00000,26.00,0.00,0.00,0.0000,0.0000,0.0000,0.0000,0,0
2026-08-24 20:03:08.458974,2082,franka,0.48057,0.11549,0.43617,-0.00000,-0.00000,-0.00000,0.00000,26.00,0.00,0.00,0.0000,0.0000,0.0000,0.0000,0,0
2026-08-24 20:03:08.512569,2083,franka,0.48057,0.11549,0.43617,-0.00000,-0.00000,-0.00000,0.00000,26.00,0.00,0.00,0.0000,0.0000,0.0000,0.0000,0,0
2026-08-24 20:03:08.566348,2084,franka,0.48058,0.11549,0.43617,-0.00000,-0.00000,-0.00000,0.00000,26.00,0.00,0.00,0.0000,0.0000,0.0000,0.0000,0,0
2026-08-24 20:03:08.620150,2085,franka,0.48057,0.11549,0.43617,-0.00000,-0.00000,-0.00000,0.00000,26.00,0.00,0.00,0.0000,0.0000,0.0000,0.0000,0,0
2026-08-24 20:03:08.674030,2086,franka,0.48057,0.11549,0.43617,-0.00000,-0.00000,-0.00000,0.00000,26.00,0.00,0.00,0.0000,0.0000,0.0000,0.0000,0,0
2026-08-24 20:03:08.727790,2087,franka,0.48057,0.11549,0.43617,-0.00000,-0.00000,-0.00000,0.00000,26.00,0.00,0.00,0.0000,0.0000,0.0000,0.0000,0,0
2026-08-24 20:03:08.781417,2088,franka,0.48057,0.11549,0.43617,-0.00000,-0.00000,-0.00000,0.00000,26.00,0.00,0.00,0.0000,0.0000,0.0000,0.0000,0,0
2026-08-24 20:03:08.835088,2089,franka,0.48057,0.11549,0.43617,-0.00000,-0.00000,-0.00000,0.00000,26.00,0.00,0.00,0.0000,0.0000,0.0000,0.0000,0,0
2026-08-24 20:03:08.889100,2090,franka,0.48057,0.11549,0.43617,-0.00000,-0.00000,-0.00000,0.00000,26.00,0.00,0.00,0.0000,0.0000,0.0000,0.0000,0,0
2026-08-24 20:03:08.943249,2091,franka,0.48057,0.11549,0.43617,-0.00000,-0.00000,-0.00000,0.00000,26.00,0.00,0.00,0.0000,0.0000,0.0000,0.0000,0,0
2026-08-24 20:03:08.997372,2092,franka,0.48057,0.11549,0.43617,-0.00000,-0.00000,-0.00000,0.00000,26.00,0.00,0.00,0.0000,0.0000,0.0000,0.0000,0,0
2026-08-24 20:03:09.051302,2093,franka,0.48057,0.11549,0.43617,-0.00000,-0.00000,-0.00000,0.00000,26.00,0.00,0.00,0.0000,0.0000,0.0000,0.0000,0,0
2026-08-24 20:03:09.105576,2094,franka,0.48057,0.11549,0.43617,-0.00000,-0.00000,-0.00000,0.00000,26.00,0.00,0.00,0.0000,0.0000,0.0000,0.0000,1,1
2026-08-24 20:03:09.160392,2095,flowbot,0.48057,0.11549,0.43617,-0.00000,-0.00000,-0.00000,0.00000,26.00,0.00,0.00,0.0000,0.0000,0.0000,0.0000,1,1
2026-08-24 20:03:09.216142,2096,flowbot,0.48057,0.11549,0.43617,-0.00000,-0.00000,-0.00000,0.00000,26.00,0.00,0.00,0.0000,0.0000,0.0000,0.0000,1,1
2026-08-24 20:03:09.268005,2097,flowbot,0.48057,0.11549,0.43617,-0.00000,-0.00000,-0.00000,0.00000,26.00,0.00,0.00,0.0000,0.0000,0.0000,0.0000,1,1
2026-08-24 20:03:09.317442,2098,flowbot,0.48057,0.11549,0.43617,-0.00000,-0.00000,-0.00000,0.00000,26.00,0.00,0.00,0.0000,0.0000,0.0000,0.0000,1,1
2026-08-24 20:03:09.376636,2099,flowbot,0.48057,0.11549,0.43617,-0.00000,-0.00000,-0.00000,0.00000,26.00,0.00,0.00,0.0000,0.0000,0.0000,0.0000,1,1
2026-08-24 20:03:09.429811,2100,flowbot,0.48057,0.11549,0.43617,-0.00000,-0.00000,-0.00000,0.00000,26.00,0.00,0.00,0.0000,0.0000,0.0000,0.0000,1,1
2026-08-24 20:03:09.482850,2101,flowbot,0.48057,0.11549,0.43617,-0.00000,-0.00000,-0.00000,0.00000,26.00,0.00,0.00,0.0000,0.0000,0.0000,0.0000,1,1
2026-08-24 20:03:09.537000,2102,flowbot,0.48057,0.11549,0.43617,-0.00000,-0.00000,-0.00000,0.00000,26.00,0.00,0.00,0.0000,0.0000,0.0000,0.0000,1,1
2026-08-24 20:03:09.587612,2103,flowbot,0.48057,0.11549,0.43617,-0.00000,-0.00000,-0.00000,0.00000,26.00,0.00,0.00,0.0000,0.0000,0.0000,0.0000,0,0
2026-08-24 20:03:09.644161,2104,flowbot,0.48057,0.11549,0.43617,-0.00000,-0.00000,-0.00000,0.00000,26.00,0.00,0.00,0.0000,0.0000,0.0000,0.0000,0,0
2026-08-24 20:03:09.698229,2105,flowbot,0.48057,0.11549,0.43617,-0.00000,-0.00000,-0.00000,0.00000,26.00,0.00,0.00,0.0000,0.0000,0.0000,0.0000,0,0
2026-08-24 20:03:09.750121,2106,flowbot,0.48057,0.11549,0.43617,-0.00000,-0.00000,-0.00000,0.00000,26.00,0.00,0.00,0.0000,0.0000,0.0000,0.0000,0,0
2026-08-24 20:03:09.797865,2107,flowbot,0.48057,0.11549,0.43617,-0.00000,-0.00000,-0.00000,0.00000,26.00,0.00,0.00,0.0000,0.0000,0.0000,0.0000,0,0
2026-08-24 20:03:09.853072,2108,flowbot,0.48057,0.11549,0.43617,-0.00000,-0.00000,-0.00000,0.00000,26.00,0.00,0.00,0.0000,0.0000,0.0000,0.0000,0,0
2026-08-24 20:03:09.904531,2109,flowbot,0.48057,0.11549,0.43617,-0.00000,-0.00000,-0.00000,0.00000,26.00,0.00,0.00,0.0000,0.0000,0.0000,0.0000,0,0
2026-08-24 20:03:09.954999,2110,flowbot,0.48057,0.11549,0.43617,-0.00000,-0.00000,-0.00000,0.00000,26.00,0.00,0.00,0.0000,0.0000,0.0000,0.0000,0,0
2026-08-24 20:03:10.010885,2111,flowbot,0.48057,0.11549,0.43617,-0.00000,-0.00000,-0.00000,0.00000,26.00,0.00,0.00,0.0000,0.0000,0.0000,0.0000,0,0
2026-08-24 20:03:10.066293,2112,flowbot,0.48057,0.11549,0.43617,-0.00000,-0.00000,-0.00000,0.00000,26.00,0.00,0.00,0.0000,0.0000,0.0000,0.0000,0,0
2026-08-24 20:03:10.111817,2113,flowbot,0.48057,0.11549,0.43617,-0.00000,-0.00000,-0.00000,0.00000,26.00,0.00,0.00,0.0000,0.0000,0.0000,0.0000,0,0
2026-08-24 20:03:10.176270,2114,flowbot,0.48057,0.11549,0.43617,-0.00000,-0.00000,-0.00000,0.00000,26.00,0.00,0.00,0.0000,0.0000,0.0000,0.0000,0,0
2026-08-24 20:03:10.218570,2115,flowbot,0.48057,0.11549,0.43617,-0.00000,-0.00000,-0.00000,0.00000,26.00,0.00,0.00,0.0000,0.0000,0.0000,0.0000,0,0
2026-08-24 20:03:10.273864,2116,flowbot,0.48057,0.11549,0.43617,-0.00000,-0.00000,-0.00000,0.00000,26.00,0.00,0.00,0.0000,0.0000,0.0000,0.0000,0,0
2026-08-24 20:03:10.328598,2117,flowbot,0.48057,0.11549,0.43617,-0.00000,-0.00000,-0.00000,0.00000,26.00,0.00,0.00,0.0000,0.0000,0.0000,0.0000,0,0
2026-08-24 20:03:10.379582,2118,flowbot,0.48057,0.11549,0.43617,-0.00000,-0.00000,-0.00000,0.00000,26.00,0.00,0.00,0.0000,0.0000,0.0000,0.0000,0,0
2026-08-24 20:03:10.428781,2119,flowbot,0.48057,0.11549,0.43617,-0.00000,-0.00000,-0.00000,0.00000,26.00,0.00,0.00,0.0000,0.0000,0.0000,0.0000,0,0
2026-08-24 20:03:10.482420,2120,flowbot,0.48057,0.11549,0.43617,-0.00000,-0.00000,-0.00000,0.00000,26.00,0.00,0.00,0.0000,0.0000,0.0000,0.0000,0,0
2026-08-24 20:03:10.534142,2121,flowbot,0.48057,0.11549,0.43617,-0.00000,-0.00000,-0.00000,0.00000,26.00,0.00,0.00,0.0000,0.0000,0.0000,0.0000,0,0
2026-08-24 20:03:10.583943,2122,flowbot,0.48057,0.11549,0.43617,-0.00000,-0.00000,-0.00000,0.00000,26.00,0.00,0.00,0.0000,0.0000,0.0000,0.0000,0,0
2026-08-24 20:03:10.634376,2123,flowbot,0.48057,0.11549,0.43617,-0.00000,-0.00000,-0.00000,0.00000,26.00,0.00,0.00,0.0000,0.0000,0.0000,0.0000,0,0
2026-08-24 20:03:10.689235,2124,flowbot,0.48057,0.11549,0.43617,-0.00000,-0.00000,-0.00000,0.00000,26.00,0.00,0.00,0.0000,0.0000,0.0000,0.0000,0,0
2026-08-24 20:03:10.746542,2125,flowbot,0.48057,0.11549,0.43617,-0.00000,-0.00000,-0.00000,0.00000,26.00,0.00,0.00,0.0000,0.0000,0.0000,0.0000,0,0
2026-08-24 20:03:10.798152,2126,flowbot,0.48057,0.11549,0.43617,-0.00000,-0.00000,-0.00000,0.00000,26.00,0.00,0.00,0.0000,0.0000,0.0000,0.0000,0,0
2026-08-24 20:03:10.852635,2127,flowbot,0.48057,0.11549,0.43617,-0.00000,-0.00000,-0.00000,0.00000,26.00,0.00,0.00,0.0000,0.0000,0.0000,0.0000,0,0
2026-08-24 20:03:10.906004,2128,flowbot,0.48057,0.11549,0.43617,-0.00000,-0.00000,-0.00000,0.00000,26.00,0.00,0.00,0.0000,0.0000,0.0000,0.0000,0,0
2026-08-24 20:03:10.963980,2129,flowbot,0.48057,0.11549,0.43617,-0.00000,-0.00000,-0.00000,0.00000,26.00,0.00,0.00,0.0000,0.0000,0.0000,0.0000,0,0
2026-08-24 20:03:11.010525,2130,flowbot,0.48057,0.11549,0.43617,-0.00000,-0.00000,-0.00000,0.00000,26.00,0.00,0.00,0.0000,0.0000,0.0000,0.0000,0,0
2026-08-24 20:03:11.065724,2131,flowbot,0.48057,0.11549,0.43617,-0.00000,-0.00000,-0.00000,0.00000,26.00,0.00,0.00,0.0000,0.0000,0.0000,0.0000,0,0
2026-08-24 20:03:11.114095,2132,flowbot,0.48057,0.11549,0.43617,-0.00000,-0.00000,-0.00000,0.00000,26.00,0.00,0.00,0.0000,0.0000,0.0000,0.0000,0,0
2026-08-24 20:03:11.167813,2133,flowbot,0.48057,0.11549,0.43617,-0.00000,-0.00000,-0.00000,0.00000,26.00,0.00,0.00,0.0000,0.0000,0.0000,0.0000,0,0
2026-08-24 20:03:11.218526,2134,flowbot,0.48057,0.11549,0.43617,-0.00000,-0.00000,-0.00000,0.00000,26.00,0.00,0.00,0.0000,0.0000,0.0000,0.0000,0,0
2026-08-24 20:03:11.270599,2135,flowbot,0.48057,0.11549,0.43617,-0.00000,-0.00000,-0.00000,0.00000,26.00,0.00,0.00,0.0000,0.0000,0.0000,0.0000,0,0
2026-08-24 20:03:11.320429,2136,flowbot,0.48057,0.11549,0.43617,-0.00000,-0.00000,-0.00000,0.00000,26.00,0.00,0.00,0.0000,0.0000,0.0000,0.0000,0,0
2026-08-24 20:03:11.372547,2137,flowbot,0.48057,0.11549,0.43617,-0.00000,-0.00000,-0.00000,0.00000,26.00,0.00,0.00,0.0000,0.0000,0.0000,0.0000,0,0
2026-08-24 20:03:11.432800,2138,flowbot,0.48057,0.11549,0.43617,-0.00000,-0.00000,-0.00000,0.00000,26.00,0.00,0.00,0.0000,0.0000,0.0000,0.0000,0,0
2026-08-24 20:03:11.485883,2139,flowbot,0.48057,0.11549,0.43617,-0.00000,-0.00000,-0.00000,0.00000,26.00,0.00,0.00,0.0000,0.0000,0.0000,0.0000,0,0
2026-08-24 20:03:11.534096,2140,flowbot,0.48057,0.11549,0.43617,-0.00000,-0.00000,-0.00000,0.00000,26.00,0.00,0.00,0.0000,0.0000,0.0000,0.0000,0,0
2026-08-24 20:03:11.589136,2141,flowbot,0.48057,0.11549,0.43617,-0.00000,-0.00000,-0.00000,0.00000,26.00,0.00,0.00,0.0000,0.0000,0.0000,0.0000,0,0
2026-08-24 20:03:11.649372,2142,flowbot_release,0.48057,0.11549,0.43617,-0.00000,-0.00000,-0.00000,0.00000,26.00,0.00,0.00,0.0000,0.0000,0.0000,0.0000,0,0
2026-08-24 20:03:11.692540,2143,flowbot_release,0.48057,0.11549,0.43617,-0.00000,-0.00000,-0.00000,0.00000,26.00,0.00,0.00,0.0000,0.0000,0.0000,0.0000,0,0
2026-08-24 20:03:11.746408,2144,flowbot_release,0.48057,0.11549,0.43617,-0.00000,-0.00000,-0.00000,0.00000,26.00,0.00,0.00,0.0000,0.0000,0.0000,0.0000,0,0
2026-08-24 20:03:11.797615,2145,flowbot_release,0.48057,0.11549,0.43617,-0.00000,-0.00000,-0.00000,0.00000,26.00,0.00,0.00,0.0000,0.0000,0.0000,0.0000,0,0
2026-08-24 20:03:11.854369,2146,flowbot,0.48057,0.11549,0.43617,-0.00000,-0.00000,-0.00000,0.00000,26.00,0.00,0.00,0.0000,0.0000,0.0000,0.0000,1,1
2026-08-24 20:03:11.911082,2147,flowbot,0.48057,0.11549,0.43617,-0.00000,-0.00000,-0.00000,0.00000,26.00,0.00,0.00,0.0000,0.0000,0.0000,0.0000,1,1
2026-08-24 20:03:11.965044,2148,flowbot,0.48057,0.11549,0.43617,-0.00000,-0.00000,-0.00000,0.00000,26.00,0.00,0.00,0.0000,0.0000,0.0000,0.0000,1,1
2026-08-24 20:03:12.012433,2149,flowbot,0.48057,0.11549,0.43617,-0.00000,-0.00000,-0.00000,0.00000,26.00,0.00,0.00,0.0000,0.0000,0.0000,0.0000,1,1
2026-08-24 20:03:12.069186,2150,flowbot,0.48057,0.11549,0.43617,-0.00000,-0.00000,-0.00000,0.00000,26.00,0.00,0.00,0.0000,0.0000,0.0000,0.0000,0,0
2026-08-24 20:03:12.120520,2151,flowbot,0.48057,0.11549,0.43617,-0.00000,-0.00000,-0.00000,0.00000,26.00,0.00,0.00,0.0000,0.0000,0.0000,0.0000,0,0
2026-08-24 20:03:12.175643,2152,flowbot,0.48057,0.11549,0.43617,-0.00000,-0.00000,-0.00000,0.00000,26.00,0.00,0.00,0.0000,0.0000,0.0000,0.0000,0,0
2026-08-24 20:03:12.224475,2153,flowbot,0.48057,0.11549,0.43617,-0.00000,-0.00000,-0.00000,0.00000,26.00,0.00,0.00,0.0000,0.0000,0.0000,0.0000,0,0
2026-08-24 20:03:12.282479,2154,flowbot,0.48057,0.11549,0.43617,-0.00000,-0.00000,-0.00000,0.00000,26.00,0.00,0.00,0.0000,0.0000,0.0000,0.0000,0,0
2026-08-24 20:03:12.333079,2155,flowbot,0.48057,0.11549,0.43617,-0.00000,-0.00000,-0.00000,0.00000,26.00,0.00,0.00,0.0000,0.0000,0.0000,0.0000,0,0
2026-08-24 20:03:12.386520,2156,flowbot,0.48057,0.11549,0.43617,-0.00000,-0.00000,-0.00000,0.00000,26.00,0.00,0.00,0.0000,0.0000,0.0000,0.0000,0,0
2026-08-24 20:03:12.441889,2157,flowbot,0.48057,0.11549,0.43617,-0.00000,-0.00000,-0.00000,0.00000,26.00,0.00,0.00,0.0000,0.0000,0.0000,0.0000,0,0
2026-08-24 20:03:12.491753,2158,flowbot,0.48057,0.11549,0.43617,-0.00000,-0.00000,-0.00000,0.00000,26.00,0.00,0.00,0.0000,0.0000,0.0000,0.0000,0,0
2026-08-24 20:03:12.545451,2159,flowbot,0.48057,0.11549,0.43617,-0.00000,-0.00000,-0.00000,0.00000,26.00,0.00,0.00,0.0000,0.0000,0.0000,0.0000,0,0
2026-08-24 20:03:12.597110,2160,flowbot,0.48057,0.11549,0.43617,-0.00000,-0.00000,-0.00000,0.00000,26.00,0.00,0.00,0.0000,0.0000,0.0000,0.0000,0,0
2026-08-24 20:03:12.649766,2161,flowbot,0.48057,0.11549,0.43617,-0.00000,-0.00000,-0.00000,0.00000,26.00,0.00,0.00,0.0000,0.0000,0.0000,0.0000,0,0
2026-08-24 20:03:12.701763,2162,flowbot,0.48057,0.11549,0.43617,-0.00000,-0.00000,-0.00000,0.00000,26.00,0.00,0.00,0.0000,0.0000,0.0000,0.0000,0,0
2026-08-24 20:03:12.756352,2163,flowbot,0.48057,0.11549,0.43617,-0.00000,-0.00000,-0.00000,0.00000,26.00,0.00,0.00,0.0000,0.0000,0.0000,0.0000,0,0
2026-08-24 20:03:12.812205,2164,flowbot,0.48057,0.11549,0.43617,-0.00000,-0.00000,-0.00000,0.00000,26.00,0.00,0.00,0.0000,0.0000,0.0000,0.0000,0,0
2026-08-24 20:03:12.862219,2165,flowbot,0.48057,0.11549,0.43617,-0.00000,-0.00000,-0.00000,0.00000,25.00,0.00,0.00,0.0000,0.0000,-0.6057,0.0000,0,0
2026-08-24 20:03:12.921079,2166,flowbot,0.48057,0.11549,0.43617,-0.00000,-0.00000,-0.00000,0.00000,25.00,0.00,0.00,0.0000,0.0000,-0.6057,0.0000,0,0
2026-08-24 20:03:12.973819,2167,flowbot,0.48057,0.11549,0.43617,-0.00000,-0.00000,-0.00000,0.00000,25.00,0.00,0.00,0.0000,0.0000,-0.6057,0.0000,0,0
2026-08-24 20:03:13.025477,2168,flowbot,0.48057,0.11549,0.43617,-0.00000,-0.00000,-0.00000,0.00000,25.00,0.00,0.00,0.0000,0.0000,-0.6057,0.0000,0,0
2026-08-24 20:03:13.078281,2169,flowbot,0.48057,0.11549,0.43617,-0.00000,-0.00000,-0.00000,0.00000,24.00,0.00,0.00,0.0000,0.0000,-1.4286,0.0000,0,0
2026-08-24 20:03:13.131651,2170,flowbot,0.48057,0.11549,0.43617,-0.00000,-0.00000,-0.00000,0.00000,24.00,0.00,0.00,0.0000,0.0000,-1.4286,0.0000,0,0
2026-08-24 20:03:13.185193,2171,flowbot,0.48057,0.11549,0.43617,-0.00000,-0.00000,-0.00000,0.00000,24.00,0.00,0.00,0.0000,0.0000,-1.4286,0.0000,0,0
2026-08-24 20:03:13.235022,2172,flowbot,0.48057,0.11549,0.43617,-0.00000,-0.00000,-0.00000,0.00000,24.00,0.00,0.00,0.0000,0.0000,-1.4286,0.0000,0,0
2026-08-24 20:03:13.288173,2173,flowbot,0.48057,0.11549,0.43617,-0.00000,-0.00000,-0.00000,0.00000,24.00,0.00,0.00,0.0000,0.0000,-1.4286,0.0000,0,0
2026-08-24 20:03:13.342485,2174,flowbot,0.48057,0.11549,0.43617,-0.00000,-0.00000,-0.00000,0.00000,24.00,0.00,0.00,0.0000,0.0000,-1.4286,0.0000,0,0
2026-08-24 20:03:13.395448,2175,flowbot,0.48057,0.11549,0.43617,-0.00000,-0.00000,-0.00000,0.00000,24.00,0.00,0.00,0.0000,0.0000,-1.4286,0.0000,0,0
2026-08-24 20:03:13.448826,2176,flowbot,0.48057,0.11549,0.43617,-0.00000,-0.00000,-0.00000,0.00000,24.00,0.00,0.00,0.0000,0.0000,-1.4286,0.0000,0,0
2026-08-24 20:03:13.496244,2177,flowbot,0.48057,0.11549,0.43617,-0.00000,-0.00000,-0.00000,0.00000,24.00,0.00,0.00,0.0000,0.0000,-1.4286,0.0000,0,0
2026-08-24 20:03:13.549062,2178,flowbot,0.48057,0.11549,0.43617,-0.00000,-0.00000,-0.00000,0.00000,24.00,0.00,0.00,0.0000,0.0000,-1.4286,0.0000,0,0
2026-08-24 20:03:13.603406,2179,flowbot,0.48057,0.11549,0.43617,-0.00000,-0.00000,-0.00000,0.00000,24.00,0.00,0.00,0.0000,0.0000,-1.4286,0.0000,0,0
2026-08-24 20:03:13.658791,2180,flowbot,0.48057,0.11549,0.43617,-0.00000,-0.00000,-0.00000,0.00000,24.00,0.00,0.00,0.0000,0.0000,-1.4286,0.0000,0,0
2026-08-24 20:03:13.709476,2181,flowbot,0.48057,0.11549,0.43617,-0.00000,-0.00000,-0.00000,0.00000,24.00,0.00,0.00,0.0000,0.0000,-1.4286,0.0000,0,0
2026-08-24 20:03:13.762412,2182,flowbot,0.48057,0.11549,0.43617,-0.00000,-0.00000,-0.00000,0.00000,24.00,0.00,0.00,0.0000,0.0000,-1.4286,0.0000,0,0
2026-08-24 20:03:13.812489,2183,flowbot,0.48057,0.11549,0.43617,-0.00000,-0.00000,-0.00000,0.00000,24.00,0.00,0.00,0.0000,0.0000,-1.4286,0.0000,0,0
2026-08-24 20:03:13.862528,2184,flowbot,0.48057,0.11549,0.43617,-0.00000,-0.00000,-0.00000,0.00000,24.00,0.00,0.00,0.0000,0.0000,-1.4286,0.0000,0,0
2026-08-24 20:03:13.914414,2185,flowbot,0.48057,0.11549,0.43617,-0.00000,-0.00000,-0.00000,0.00000,24.00,0.00,0.00,0.0000,0.0000,-0.3571,0.0000,0,0
2026-08-24 20:03:13.972663,2186,flowbot,0.48057,0.11549,0.43617,-0.00000,-0.00000,-0.00000,0.00000,24.00,0.00,0.00,0.0000,0.0000,-0.3571,0.0000,0,0
2026-08-24 20:03:14.022039,2187,flowbot,0.48057,0.11549,0.43617,-0.00000,-0.00000,-0.00000,0.00000,24.00,0.00,0.00,0.0000,0.0000,-0.3571,0.0000,0,0
2026-08-24 20:03:14.072371,2188,flowbot,0.48057,0.11549,0.43617,-0.00000,-0.00000,-0.00000,0.00000,24.00,0.00,0.00,0.0000,0.0000,-0.3571,0.0000,0,0
2026-08-24 20:03:14.126717,2189,flowbot,0.48057,0.11549,0.43617,-0.00000,-0.00000,-0.00000,0.00000,24.00,0.00,0.00,0.0000,0.0000,0.0000,0.0000,0,0
2026-08-24 20:03:14.182229,2190,flowbot,0.48057,0.11549,0.43617,-0.00000,-0.00000,-0.00000,0.00000,24.00,0.00,0.00,0.0000,0.0000,0.0000,0.0000,0,0
2026-08-24 20:03:14.235708,2191,flowbot,0.48057,0.11549,0.43617,-0.00000,-0.00000,-0.00000,0.00000,24.00,0.00,0.00,0.0000,0.0000,0.0000,0.0000,0,0
2026-08-24 20:03:14.287454,2192,flowbot,0.48057,0.11549,0.43617,-0.00000,-0.00000,-0.00000,0.00000,24.00,0.00,0.00,0.0000,0.0000,0.0000,0.0000,0,0
2026-08-24 20:03:14.341371,2193,flowbot,0.48057,0.11549,0.43617,-0.00000,-0.00000,-0.00000,0.00000,24.00,0.00,0.00,0.0000,0.0000,0.0000,0.0000,0,0
2026-08-24 20:03:14.395767,2194,flowbot,0.48057,0.11549,0.43617,-0.00000,-0.00000,-0.00000,0.00000,24.00,0.00,0.00,0.0000,0.0000,0.0000,0.0000,0,0
2026-08-24 20:03:14.446993,2195,flowbot,0.48057,0.11549,0.43617,-0.00000,-0.00000,-0.00000,0.00000,24.00,0.00,0.00,0.0000,0.0000,0.0000,0.0000,0,0
2026-08-24 20:03:14.498443,2196,flowbot,0.48057,0.11549,0.43617,-0.00000,-0.00000,-0.00000,0.00000,24.00,0.00,0.00,0.0000,0.0000,0.0000,0.0000,1,0
2026-08-24 20:03:14.552029,2197,franka,0.48057,0.11549,0.43617,-0.00000,-0.00000,-0.00000,0.00000,24.00,0.00,0.00,0.0000,0.0000,0.0000,0.0000,0,0
2026-08-24 20:03:14.605980,2198,franka,0.48059,0.11530,0.43637,0.00000,0.00000,0.00000,0.00000,24.00,0.00,0.00,0.0000,0.0000,0.0000,0.0000,0,0
2026-08-24 20:03:14.659977,2199,franka,0.48060,0.11528,0.43639,0.00000,0.00000,0.00000,0.00000,24.00,0.00,0.00,0.0000,0.0000,0.0000,0.0000,0,0
2026-08-24 20:03:14.714207,2200,franka,0.48060,0.11528,0.43639,0.00000,0.00000,0.00000,0.00000,24.00,0.00,0.00,0.0000,0.0000,0.0000,0.0000,0,0
2026-08-24 20:03:14.768531,2201,franka,0.48060,0.11528,0.43639,0.00000,0.00000,0.00000,0.00000,24.00,0.00,0.00,0.0000,-0.0086,0.0000,0.0000,0,0
2026-08-24 20:03:14.822961,2202,franka,0.48060,0.11528,0.43639,0.00000,0.00000,0.00000,0.00000,24.00,0.00,0.00,0.0000,0.0000,0.0000,0.0000,0,0
2026-08-24 20:03:14.876831,2203,franka,0.48060,0.11528,0.43639,0.00000,0.00000,0.00000,0.00000,24.00,0.00,0.00,0.0000,0.0000,0.0000,0.0000,0,0
2026-08-24 20:03:14.930589,2204,franka,0.48060,0.11528,0.43639,0.00000,0.00000,0.00000,0.00000,24.00,0.00,0.00,0.0000,0.0000,0.0000,0.0000,0,0
2026-08-24 20:03:14.984497,2205,franka,0.48060,0.11528,0.43639,0.00000,0.00000,0.00000,0.00000,24.00,0.00,0.00,0.0000,0.0000,0.0000,0.0000,0,0
2026-08-24 20:03:15.038309,2206,franka,0.48060,0.11528,0.43639,0.00000,0.00000,0.00000,0.00000,24.00,0.00,0.00,0.0000,0.0000,0.0000,0.0000,0,0
2026-08-24 20:03:15.092617,2207,franka,0.48060,0.11528,0.43639,0.00000,0.00000,0.00000,0.00000,24.00,0.00,0.00,0.0000,0.0000,0.6029,0.1143,0,0
2026-08-24 20:03:15.146711,2208,franka,0.48060,0.11529,0.43686,0.00000,0.00000,0.02627,0.00000,24.00,0.00,0.00,0.0000,0.0000,0.9971,0.1114,0,0
2026-08-24 20:03:15.200631,2209,franka,0.48058,0.11532,0.43979,0.00000,0.00000,0.03000,0.00000,24.00,0.00,0.00,0.0171,0.0000,1.0000,0.1171,0,0
2026-08-24 20:03:15.254770,2210,franka,0.48058,0.11535,0.44134,0.00000,0.00000,0.03000,0.00000,24.00,0.00,0.00,0.0000,0.0200,1.0000,0.0343,0,0
2026-08-24 20:03:15.308908,2211,franka,0.48059,0.11532,0.44279,0.00000,0.00000,0.03000,0.00000,24.00,0.00,0.00,0.0000,0.0371,1.0000,0.0000,0,0
2026-08-24 20:03:15.363138,2212,franka,0.48058,0.11535,0.44436,0.00000,0.00000,0.03000,0.00000,24.00,0.00,0.00,0.0000,0.0314,1.0000,0.0000,0,0
2026-08-24 20:03:15.417428,2213,franka,0.48057,0.11536,0.44582,0.00000,0.00000,0.03000,0.00000,24.00,0.00,0.00,0.0000,0.0171,1.0000,0.0000,0,0
2026-08-24 20:03:15.471786,2214,franka,0.48057,0.11535,0.44733,0.00000,0.00000,0.03000,0.00000,24.00,0.00,0.00,0.0000,0.0371,0.9371,0.0343,0,0
2026-08-24 20:03:15.526012,2215,franka,0.48057,0.11537,0.44889,0.00000,0.00000,0.03000,0.00000,24.00,0.00,0.00,0.0000,0.0600,0.8971,0.0400,0,0
2026-08-24 20:03:15.580216,2216,franka,0.48057,0.11536,0.45037,0.00000,0.00000,0.03000,0.00000,24.00,0.00,0.00,0.0000,0.0371,0.5771,0.0000,0,0
2026-08-24 20:03:15.634535,2217,franka,0.48056,0.11535,0.45189,0.00000,0.00000,0.03000,0.00000,24.00,0.00,0.00,0.0000,0.0000,0.2000,0.0000,0,0
2026-08-24 20:03:15.688840,2218,franka,0.48057,0.11535,0.45334,0.00000,0.00000,0.01673,0.00000,24.00,0.00,0.00,0.0000,0.0171,0.0971,0.0000,0,0
2026-08-24 20:03:15.742866,2219,franka,0.48057,0.11535,0.45360,0.00000,0.00000,0.00000,0.00000,24.00,0.00,0.00,0.0000,0.0000,0.0000,0.0000,0,0
2026-08-24 20:03:15.797670,2220,franka,0.48057,0.11535,0.45355,0.00000,0.00000,0.00000,0.00000,24.00,0.00,0.00,0.0000,0.0000,0.0000,0.0000,0,0
2026-08-24 20:03:15.851663,2221,franka,0.48057,0.11535,0.45355,0.00000,0.00000,0.00000,0.00000,24.00,0.00,0.00,0.0000,0.0000,0.0000,0.0000,0,0
2026-08-24 20:03:15.905644,2222,franka,0.48057,0.11536,0.45360,0.00000,0.00000,0.00000,0.00000,24.00,0.00,0.00,0.0000,0.0000,0.0000,0.0000,0,0
2026-08-24 20:03:15.959343,2223,franka,0.48057,0.11536,0.45358,0.00000,0.00000,0.00000,0.00000,24.00,0.00,0.00,0.0000,0.0000,0.0000,0.0000,0,0
2026-08-24 20:03:16.013352,2224,franka,0.48057,0.11535,0.45358,0.00000,0.00000,0.00000,0.00000,24.00,0.00,0.00,0.0000,0.0000,0.0000,0.0000,0,0
2026-08-24 20:03:16.067780,2225,franka,0.48057,0.11535,0.45359,0.00000,0.00000,0.00000,0.00000,24.00,0.00,0.00,0.0000,0.0000,0.0000,0.0000,0,0
2026-08-24 20:03:16.117653,2226,franka,0.48058,0.11534,0.45357,0.00000,0.00000,0.00000,0.00000,24.00,0.00,0.00,0.0000,0.0000,0.0000,0.0000,0,0
2026-08-24 20:03:16.171888,2227,franka,0.48057,0.11535,0.45357,0.00000,0.00000,0.00000,0.00000,24.00,0.00,0.00,0.0000,0.0000,0.0000,0.0000,0,0
2026-08-24 20:03:16.226607,2228,franka,0.48057,0.11535,0.45359,0.00000,0.00000,0.00000,0.00000,24.00,0.00,0.00,0.0000,0.0000,0.0000,0.0000,0,0
2026-08-24 20:03:16.280665,2229,franka,0.48057,0.11535,0.45357,0.00000,0.00000,0.00000,0.00000,24.00,0.00,0.00,0.0000,0.0000,0.0000,0.0000,0,0
2026-08-24 20:03:16.334694,2230,franka,0.48057,0.11535,0.45357,0.00000,0.00000,0.00000,0.00000,24.00,0.00,0.00,0.0000,0.0000,0.0000,0.0000,0,0
2026-08-24 20:03:16.388349,2231,franka,0.48057,0.11535,0.45358,0.00000,0.00000,0.00000,0.00000,24.00,0.00,0.00,0.0000,0.0000,0.0000,0.0000,0,0
2026-08-24 20:03:16.442044,2232,franka,0.48057,0.11535,0.45358,0.00000,0.00000,0.00000,0.00000,24.00,0.00,0.00,0.0000,0.0000,0.0000,0.0000,0,0
2026-08-24 20:03:16.495611,2233,franka,0.48057,0.11534,0.45357,0.00000,0.00000,0.00000,0.00000,24.00,0.00,0.00,0.0000,0.0000,0.0000,0.0000,0,0
2026-08-24 20:03:16.549262,2234,franka,0.48057,0.11534,0.45358,0.00000,0.00000,0.00000,0.00000,24.00,0.00,0.00,0.0000,0.0000,0.0000,0.0000,0,0
2026-08-24 20:03:16.603303,2235,franka,0.48057,0.11535,0.45358,0.00000,0.00000,0.00000,0.00000,24.00,0.00,0.00,0.0000,0.0000,0.0000,0.0000,0,0
2026-08-24 20:03:16.657279,2236,franka,0.48057,0.11534,0.45357,0.00000,0.00000,0.00000,0.00000,24.00,0.00,0.00,0.0000,0.0000,0.0000,0.0000,0,0
2026-08-24 20:03:16.711025,2237,franka,0.48057,0.11535,0.45357,0.00000,0.00000,0.00000,0.00000,24.00,0.00,0.00,0.0000,0.0000,0.0000,0.0000,0,0
2026-08-24 20:03:16.765354,2238,franka,0.48057,0.11535,0.45358,0.00000,0.00000,0.00000,0.00000,24.00,0.00,0.00,0.0000,0.0086,0.0000,0.0000,0,0
2026-08-24 20:03:16.819200,2239,franka,0.48057,0.11534,0.45357,0.00000,0.00000,0.00000,0.00000,24.00,0.00,0.00,0.0000,0.0257,0.0000,0.0000,0,0
2026-08-24 20:03:16.872779,2240,franka,0.48057,0.11535,0.45358,0.00000,0.00000,0.00000,0.00000,24.00,0.00,0.00,0.0000,0.0543,0.0000,0.0000,0,0
2026-08-24 20:03:16.926310,2241,franka,0.48057,0.11535,0.45357,0.00000,0.00000,0.00000,0.00000,24.00,0.00,0.00,0.0000,0.0457,0.0000,0.0000,0,0
2026-08-24 20:03:16.979877,2242,franka,0.48057,0.11535,0.45357,0.00000,0.00000,0.00000,0.00000,24.00,0.00,0.00,0.0000,0.0114,0.0000,0.0000,0,0
2026-08-24 20:03:17.033489,2243,franka,0.48057,0.11535,0.45358,0.00000,0.00000,0.00000,0.00000,24.00,0.00,0.00,0.0000,0.0000,0.0000,0.0000,0,0
2026-08-24 20:03:17.087058,2244,franka,0.48057,0.11535,0.45358,0.00000,0.00000,0.00000,0.00000,24.00,0.00,0.00,0.0000,0.0000,0.0000,0.0000,0,0
2026-08-24 20:03:17.142091,2245,flowbot,0.48057,0.11534,0.45358,0.00000,0.00000,0.00000,0.00000,24.00,0.00,0.00,0.0000,0.0000,0.0000,0.0000,1,0
2026-08-24 20:03:17.199227,2246,flowbot,0.48057,0.11534,0.45358,0.00000,0.00000,0.00000,0.00000,24.00,0.00,0.00,0.0000,0.0000,0.0000,0.0000,1,0
2026-08-24 20:03:17.252224,2247,flowbot,0.48057,0.11534,0.45358,0.00000,0.00000,0.00000,0.00000,24.00,0.00,0.00,0.0000,0.0000,0.0000,0.0000,1,0
2026-08-24 20:03:17.304530,2248,flowbot,0.48057,0.11534,0.45358,0.00000,0.00000,0.00000,0.00000,24.00,0.00,0.00,0.0000,0.0000,0.0000,0.0000,1,0
2026-08-24 20:03:17.356096,2249,flowbot,0.48057,0.11534,0.45358,0.00000,0.00000,0.00000,0.00000,24.00,0.00,0.00,0.0000,0.0000,0.0000,0.0000,1,0
2026-08-24 20:03:17.412061,2250,flowbot,0.48057,0.11534,0.45358,0.00000,0.00000,0.00000,0.00000,24.00,0.00,0.00,0.0000,0.0000,0.0000,0.0000,1,0
2026-08-24 20:03:17.464933,2251,flowbot,0.48057,0.11534,0.45358,0.00000,0.00000,0.00000,0.00000,24.00,0.00,0.00,0.0000,0.0000,0.0000,0.0000,1,0
2026-08-24 20:03:17.516979,2252,flowbot,0.48057,0.11534,0.45358,0.00000,0.00000,0.00000,0.00000,24.00,0.00,0.00,0.0000,0.0000,0.0000,0.0000,1,0
2026-08-24 20:03:17.565564,2253,flowbot,0.48057,0.11534,0.45358,0.00000,0.00000,0.00000,0.00000,24.00,0.00,0.00,0.0000,0.0000,0.0000,0.0000,0,0
2026-08-24 20:03:17.619792,2254,flowbot,0.48057,0.11534,0.45358,0.00000,0.00000,0.00000,0.00000,24.00,0.00,0.00,0.0000,0.0000,0.0000,0.0000,0,0
2026-08-24 20:03:17.670060,2255,flowbot,0.48057,0.11534,0.45358,0.00000,0.00000,0.00000,0.00000,24.00,0.00,0.00,0.0000,0.0000,0.0000,0.0000,0,0
2026-08-24 20:03:17.724877,2256,flowbot,0.48057,0.11534,0.45358,0.00000,0.00000,0.00000,0.00000,24.00,0.00,0.00,0.0000,0.0000,0.0000,0.0000,0,0
2026-08-24 20:03:17.777183,2257,flowbot,0.48057,0.11534,0.45358,0.00000,0.00000,0.00000,0.00000,24.00,0.00,0.00,0.0000,0.0000,0.0000,0.0000,0,0
2026-08-24 20:03:17.837980,2258,flowbot,0.48057,0.11534,0.45358,0.00000,0.00000,0.00000,0.00000,24.00,0.00,0.00,0.0000,0.0000,0.0000,0.0000,0,0
2026-08-24 20:03:17.892808,2259,flowbot,0.48057,0.11534,0.45358,0.00000,0.00000,0.00000,0.00000,24.00,0.00,0.00,0.0000,0.0000,0.0000,0.0000,0,0
2026-08-24 20:03:17.948256,2260,flowbot,0.48057,0.11534,0.45358,0.00000,0.00000,0.00000,0.00000,24.00,0.00,0.00,0.0000,0.0000,0.0000,0.0000,0,0
2026-08-24 20:03:18.002120,2261,flowbot,0.48057,0.11534,0.45358,0.00000,0.00000,0.00000,0.00000,24.00,0.00,0.00,0.0000,0.0000,0.0000,0.0000,0,0
2026-08-24 20:03:18.054767,2262,flowbot,0.48057,0.11534,0.45358,0.00000,0.00000,0.00000,0.00000,24.00,0.00,0.00,0.0000,0.0000,0.0000,0.0000,0,0
2026-08-24 20:03:18.104702,2263,flowbot,0.48057,0.11534,0.45358,0.00000,0.00000,0.00000,0.00000,24.00,0.00,0.00,0.0000,0.0000,0.0000,0.0000,0,0
2026-08-24 20:03:18.157859,2264,flowbot,0.48057,0.11534,0.45358,0.00000,0.00000,0.00000,0.00000,24.00,0.00,0.00,0.0000,0.0000,0.0000,0.0000,0,0
2026-08-24 20:03:18.208720,2265,flowbot,0.48057,0.11534,0.45358,0.00000,0.00000,0.00000,0.00000,24.00,0.00,0.00,0.0000,0.0000,0.0000,0.0000,0,0
2026-08-24 20:03:18.262279,2266,flowbot,0.48057,0.11534,0.45358,0.00000,0.00000,0.00000,0.00000,24.00,0.00,0.00,0.0000,0.0000,0.0000,0.0000,0,0
2026-08-24 20:03:18.319172,2267,flowbot_release,0.48057,0.11534,0.45358,0.00000,0.00000,0.00000,0.00000,24.00,0.00,0.00,0.0000,0.0000,0.0000,0.0000,0,0
2026-08-24 20:03:18.374994,2268,flowbot_release,0.48057,0.11534,0.45358,0.00000,0.00000,0.00000,0.00000,24.00,0.00,0.00,0.0000,0.0000,0.0000,0.0000,0,0
2026-08-24 20:03:18.429892,2269,flowbot_release,0.48057,0.11534,0.45358,0.00000,0.00000,0.00000,0.00000,24.00,0.00,0.00,0.0000,0.0000,0.0000,0.0000,0,0
2026-08-24 20:03:18.483856,2270,flowbot,0.48057,0.11534,0.45358,0.00000,0.00000,0.00000,0.00000,24.00,0.00,0.00,0.0000,0.0000,0.0000,0.0000,1,1
2026-08-24 20:03:18.541544,2271,flowbot,0.48057,0.11534,0.45358,0.00000,0.00000,0.00000,0.00000,24.00,0.00,0.00,0.0000,0.0000,0.0000,0.0000,1,1
2026-08-24 20:03:18.589993,2272,flowbot,0.48057,0.11534,0.45358,0.00000,0.00000,0.00000,0.00000,24.00,0.00,0.00,0.0000,0.0000,0.0000,0.0000,1,1
2026-08-24 20:03:18.644512,2273,flowbot,0.48057,0.11534,0.45358,0.00000,0.00000,0.00000,0.00000,24.00,0.00,0.00,0.0000,0.0000,0.0000,0.0000,0,1
2026-08-24 20:03:18.697825,2274,flowbot,0.48057,0.11534,0.45358,0.00000,0.00000,0.00000,0.00000,24.00,0.00,0.00,0.0000,0.0000,0.0000,0.0000,0,1
2026-08-24 20:03:18.750863,2275,flowbot,0.48057,0.11534,0.45358,0.00000,0.00000,0.00000,0.00000,24.00,0.00,0.00,0.0000,0.0000,0.0000,0.0000,0,1
2026-08-24 20:03:18.803489,2276,flowbot,0.48057,0.11534,0.45358,0.00000,0.00000,0.00000,0.00000,24.00,0.00,0.00,0.0000,0.0000,0.0000,0.0000,0,1
2026-08-24 20:03:18.856130,2277,flowbot,0.48057,0.11534,0.45358,0.00000,0.00000,0.00000,0.00000,24.00,0.00,0.00,0.0000,0.0000,0.0000,0.0000,0,0
2026-08-24 20:03:18.912378,2278,flowbot,0.48057,0.11534,0.45358,0.00000,0.00000,0.00000,0.00000,24.00,0.00,0.00,0.0000,0.0000,0.0000,0.0000,0,0
2026-08-24 20:03:18.965180,2279,flowbot,0.48057,0.11534,0.45358,0.00000,0.00000,0.00000,0.00000,24.00,0.00,0.00,0.0000,0.0000,0.0000,0.0000,0,0
2026-08-24 20:03:19.017082,2280,flowbot,0.48057,0.11534,0.45358,0.00000,0.00000,0.00000,0.00000,24.00,0.00,0.00,0.0000,0.0000,0.0000,0.0000,0,0
2026-08-24 20:03:19.069474,2281,flowbot,0.48057,0.11534,0.45358,0.00000,0.00000,0.00000,0.00000,24.00,0.00,0.00,0.0000,0.0000,0.0000,0.0000,0,0
2026-08-24 20:03:19.124636,2282,flowbot,0.48057,0.11534,0.45358,0.00000,0.00000,0.00000,0.00000,24.00,0.00,0.00,0.0000,0.0000,0.0000,0.0000,0,0
2026-08-24 20:03:19.175940,2283,flowbot,0.48057,0.11534,0.45358,0.00000,0.00000,0.00000,0.00000,24.00,0.00,0.00,0.0000,0.0000,0.0000,0.0000,0,0
2026-08-24 20:03:19.228869,2284,flowbot,0.48057,0.11534,0.45358,0.00000,0.00000,0.00000,0.00000,24.00,0.00,0.00,0.0000,0.0000,0.0000,0.0000,0,0
2026-08-24 20:03:19.280233,2285,flowbot,0.48057,0.11534,0.45358,0.00000,0.00000,0.00000,0.00000,24.00,0.00,0.00,0.0000,0.0000,0.0000,0.0000,0,0
2026-08-24 20:03:19.333315,2286,flowbot,0.48057,0.11534,0.45358,0.00000,0.00000,0.00000,0.00000,24.00,0.00,0.00,0.0000,0.0000,0.0000,0.0000,0,0
2026-08-24 20:03:19.385983,2287,flowbot,0.48057,0.11534,0.45358,0.00000,0.00000,0.00000,0.00000,24.00,0.00,0.00,0.0000,0.0000,0.0000,0.0000,0,0
2026-08-24 20:03:19.436315,2288,flowbot,0.48057,0.11534,0.45358,0.00000,0.00000,0.00000,0.00000,24.00,0.00,0.00,0.0000,0.0000,0.0000,0.0000,0,0
2026-08-24 20:03:19.485655,2289,flowbot,0.48057,0.11534,0.45358,0.00000,0.00000,0.00000,0.00000,24.00,0.00,0.00,0.0000,0.0000,0.0000,0.0000,0,0
2026-08-24 20:03:19.539230,2290,flowbot,0.48057,0.11534,0.45358,0.00000,0.00000,0.00000,0.00000,24.00,0.00,0.00,0.0000,0.0000,0.0000,0.0000,0,0
2026-08-24 20:03:19.594773,2291,flowbot,0.48057,0.11534,0.45358,0.00000,0.00000,0.00000,0.00000,24.00,0.00,0.00,0.0000,0.0000,0.0000,0.0000,0,0
2026-08-24 20:03:19.646669,2292,flowbot,0.48057,0.11534,0.45358,0.00000,0.00000,0.00000,0.00000,24.00,0.00,0.00,0.0000,0.0000,0.0000,0.0000,0,0
2026-08-24 20:03:19.696122,2293,flowbot,0.48057,0.11534,0.45358,0.00000,0.00000,0.00000,0.00000,24.00,0.00,0.00,0.0000,-0.3771,0.0000,0.0000,0,0
2026-08-24 20:03:19.750045,2294,flowbot,0.48057,0.11534,0.45358,0.00000,0.00000,0.00000,0.00000,24.00,0.00,0.00,0.0000,-0.3771,0.0000,0.0000,0,0
2026-08-24 20:03:19.805549,2295,flowbot,0.48057,0.11534,0.45358,0.00000,0.00000,0.00000,0.00000,24.00,0.00,0.00,0.0000,-0.3771,0.0000,0.0000,0,0
2026-08-24 20:03:19.856342,2296,flowbot,0.48057,0.11534,0.45358,0.00000,0.00000,0.00000,0.00000,24.00,0.00,0.00,0.0000,-0.3771,0.0000,0.0000,0,0
2026-08-24 20:03:19.907833,2297,flowbot,0.48057,0.11534,0.45358,0.00000,0.00000,0.00000,0.00000,24.00,0.00,0.00,0.0000,0.0000,0.0000,0.0000,0,0
2026-08-24 20:03:19.964903,2298,flowbot,0.48057,0.11534,0.45358,0.00000,0.00000,0.00000,0.00000,24.00,0.00,0.00,0.0000,0.0000,0.0000,0.0000,0,0
2026-08-24 20:03:20.017976,2299,flowbot,0.48057,0.11534,0.45358,0.00000,0.00000,0.00000,0.00000,24.00,0.00,0.00,0.0000,0.0000,0.0000,0.0000,0,0
2026-08-24 20:03:20.070302,2300,flowbot,0.48057,0.11534,0.45358,0.00000,0.00000,0.00000,0.00000,24.00,0.00,0.00,0.0000,0.0000,0.0000,0.0000,0,0
2026-08-24 20:03:20.120913,2301,flowbot,0.48057,0.11534,0.45358,0.00000,0.00000,0.00000,0.00000,24.00,0.00,0.00,0.0000,0.0000,0.0000,0.0000,0,0
2026-08-24 20:03:20.173341,2302,flowbot,0.48057,0.11534,0.45358,0.00000,0.00000,0.00000,0.00000,24.00,0.00,0.00,0.0000,0.0000,0.0000,0.0000,0,0
2026-08-24 20:03:20.224518,2303,flowbot,0.48057,0.11534,0.45358,0.00000,0.00000,0.00000,0.00000,24.00,0.00,0.00,0.0000,0.0000,0.0000,0.0000,0,0
2026-08-24 20:03:20.277107,2304,flowbot,0.48057,0.11534,0.45358,0.00000,0.00000,0.00000,0.00000,24.00,0.00,0.00,0.0000,0.0000,0.0000,0.0000,0,0
2026-08-24 20:03:20.328535,2305,flowbot,0.48057,0.11534,0.45358,0.00000,0.00000,0.00000,0.00000,24.00,0.00,0.00,0.0000,0.0000,0.0000,0.0000,0,0
2026-08-24 20:03:20.383535,2306,flowbot,0.48057,0.11534,0.45358,0.00000,0.00000,0.00000,0.00000,24.00,0.00,0.00,0.0000,0.0000,0.0000,0.0000,0,0
2026-08-24 20:03:20.440099,2307,flowbot,0.48057,0.11534,0.45358,0.00000,0.00000,0.00000,0.00000,24.00,0.00,0.00,0.0000,0.0000,0.0000,0.0000,0,0
2026-08-24 20:03:20.493539,2308,flowbot,0.48057,0.11534,0.45358,0.00000,0.00000,0.00000,0.00000,24.00,0.00,0.00,0.0000,0.0000,0.0000,0.0000,0,0
2026-08-24 20:03:20.553624,2309,flowbot,0.48057,0.11534,0.45358,0.00000,0.00000,0.00000,0.00000,24.00,0.00,0.00,0.0000,0.0000,0.0000,0.0000,0,0
2026-08-24 20:03:20.599967,2310,flowbot,0.48057,0.11534,0.45358,0.00000,0.00000,0.00000,0.00000,24.00,0.00,0.00,0.0000,0.0000,0.0000,0.0000,0,0
2026-08-24 20:03:20.652647,2311,flowbot,0.48057,0.11534,0.45358,0.00000,0.00000,0.00000,0.00000,24.00,0.00,0.00,0.0000,0.0000,0.0000,0.0000,0,0
2026-08-24 20:03:20.702369,2312,flowbot,0.48057,0.11534,0.45358,0.00000,0.00000,0.00000,0.00000,24.00,0.00,0.00,0.0000,0.0000,0.0000,0.0000,0,0
2026-08-24 20:03:20.751509,2313,flowbot,0.48057,0.11534,0.45358,0.00000,0.00000,0.00000,0.00000,24.00,0.00,0.00,0.0000,0.0000,0.0000,0.0000,0,0
2026-08-24 20:03:20.807806,2314,flowbot,0.48057,0.11534,0.45358,0.00000,0.00000,0.00000,0.00000,24.00,0.00,0.00,0.0000,0.0000,0.0000,0.0000,0,0
2026-08-24 20:03:20.861013,2315,flowbot,0.48057,0.11534,0.45358,0.00000,0.00000,0.00000,0.00000,24.00,0.00,0.00,0.0000,0.0000,0.0000,0.0000,0,0
2026-08-24 20:03:20.914284,2316,flowbot,0.48057,0.11534,0.45358,0.00000,0.00000,0.00000,0.00000,24.00,0.00,0.00,0.0000,0.0000,0.0000,0.0000,0,0
2026-08-24 20:03:20.975961,2317,flowbot,0.48057,0.11534,0.45358,0.00000,0.00000,0.00000,0.00000,24.00,0.00,0.00,0.0000,0.0000,0.0000,0.0000,0,0
2026-08-24 20:03:21.029662,2318,flowbot,0.48057,0.11534,0.45358,0.00000,0.00000,0.00000,0.00000,24.00,0.00,0.00,0.0000,0.0000,0.0000,0.0000,0,0
2026-08-24 20:03:21.085370,2319,flowbot,0.48057,0.11534,0.45358,0.00000,0.00000,0.00000,0.00000,24.00,0.00,0.00,0.0000,0.0000,0.0000,0.0000,0,0
2026-08-24 20:03:21.130141,2320,flowbot,0.48057,0.11534,0.45358,0.00000,0.00000,0.00000,0.00000,24.00,0.00,0.00,0.0000,0.0000,0.0000,0.0000,0,0
2026-08-24 20:03:21.185425,2321,flowbot,0.48057,0.11534,0.45358,0.00000,0.00000,0.00000,0.00000,24.00,0.00,0.00,0.0000,0.0000,0.0000,0.0000,0,0
2026-08-24 20:03:21.240352,2322,flowbot,0.48057,0.11534,0.45358,0.00000,0.00000,0.00000,0.00000,24.00,0.00,0.00,0.0000,0.0000,0.0000,0.0000,0,0
2026-08-24 20:03:21.292495,2323,flowbot,0.48057,0.11534,0.45358,0.00000,0.00000,0.00000,0.00000,24.00,0.00,0.00,0.0000,0.0000,0.0000,0.0000,0,0
2026-08-24 20:03:21.342417,2324,flowbot,0.48057,0.11534,0.45358,0.00000,0.00000,0.00000,0.00000,24.00,0.00,0.00,0.0000,0.0000,0.0000,0.0000,0,0
2026-08-24 20:03:21.396201,2325,flowbot,0.48057,0.11534,0.45358,0.00000,0.00000,0.00000,0.00000,24.00,0.00,0.00,0.0000,0.0000,0.0000,0.0000,0,0
2026-08-24 20:03:21.450723,2326,flowbot,0.48057,0.11534,0.45358,0.00000,0.00000,0.00000,0.00000,24.00,0.00,0.00,0.0000,0.0000,0.0000,0.0000,0,0
2026-08-24 20:03:21.504683,2327,flowbot,0.48057,0.11534,0.45358,0.00000,0.00000,0.00000,0.00000,24.00,0.00,0.00,0.0000,0.0000,0.0000,0.0000,0,0
2026-08-24 20:03:21.558171,2328,flowbot,0.48057,0.11534,0.45358,0.00000,0.00000,0.00000,0.00000,24.00,0.00,0.00,0.0000,0.0000,0.0000,0.0000,0,0
2026-08-24 20:03:21.611843,2329,flowbot,0.48057,0.11534,0.45358,0.00000,0.00000,0.00000,0.00000,24.00,0.00,0.00,0.0000,0.0000,0.0000,0.0000,0,0
2026-08-24 20:03:21.665631,2330,flowbot,0.48057,0.11534,0.45358,0.00000,0.00000,0.00000,0.00000,24.00,0.00,0.00,0.0000,0.0000,0.0000,0.0000,0,0
2026-08-24 20:03:21.719472,2331,flowbot,0.48057,0.11534,0.45358,0.00000,0.00000,0.00000,0.00000,24.00,0.00,0.00,0.0000,0.0000,0.0000,0.0000,0,0
2026-08-24 20:03:21.773525,2332,flowbot,0.48057,0.11534,0.45358,0.00000,0.00000,0.00000,0.00000,24.00,0.00,0.00,0.0000,0.0000,0.0000,0.0000,0,0
2026-08-24 20:03:21.827328,2333,flowbot,0.48057,0.11534,0.45358,0.00000,0.00000,0.00000,0.00000,24.00,0.00,0.00,0.0000,0.0000,0.0000,0.0000,0,0
2026-08-24 20:03:21.881113,2334,flowbot,0.48057,0.11534,0.45358,0.00000,0.00000,0.00000,0.00000,24.00,0.00,0.00,0.0000,0.0000,0.0000,0.0000,0,0
2026-08-24 20:03:21.935013,2335,flowbot,0.48057,0.11534,0.45358,0.00000,0.00000,0.00000,0.00000,24.00,0.00,0.00,0.0000,0.0000,0.0000,0.0000,0,0
2026-08-24 20:03:21.988995,2336,flowbot,0.48057,0.11534,0.45358,0.00000,0.00000,0.00000,0.00000,24.00,0.00,0.00,0.0000,0.0000,0.0000,0.0000,0,0
2026-08-24 20:03:22.042752,2337,flowbot,0.48057,0.11534,0.45358,0.00000,0.00000,0.00000,0.00000,24.00,0.00,0.00,0.0000,0.0000,0.0000,0.0000,0,0
2026-08-24 20:03:22.096446,2338,flowbot,0.48057,0.11534,0.45358,0.00000,0.00000,0.00000,0.00000,24.00,0.00,0.00,0.0000,0.0000,0.0000,0.0000,0,0
2026-08-24 20:03:22.151438,2339,flowbot,0.48057,0.11534,0.45358,0.00000,0.00000,0.00000,0.00000,24.00,0.00,0.00,0.0000,0.0000,0.0000,0.0000,0,0
2026-08-24 20:03:22.205770,2340,flowbot,0.48057,0.11534,0.45358,0.00000,0.00000,0.00000,0.00000,24.00,0.00,0.00,0.0000,0.0000,0.0000,0.0000,0,0
2026-08-24 20:03:22.260696,2341,flowbot,0.48057,0.11534,0.45358,0.00000,0.00000,0.00000,0.00000,24.00,0.00,0.00,0.0000,0.0000,0.0000,0.0000,0,0
2026-08-24 20:03:22.314454,2342,flowbot,0.48057,0.11534,0.45358,0.00000,0.00000,0.00000,0.00000,24.00,0.00,0.00,0.0000,0.0000,0.0000,0.0000,0,0
2026-08-24 20:03:22.368072,2343,flowbot,0.48057,0.11534,0.45358,0.00000,0.00000,0.00000,0.00000,24.00,0.00,0.00,0.0000,0.0000,0.0000,0.0000,0,0
2026-08-24 20:03:22.422583,2344,flowbot,0.48057,0.11534,0.45358,0.00000,0.00000,0.00000,0.00000,24.00,0.00,0.00,0.0000,0.0000,0.0000,0.0000,0,0
2026-08-24 20:03:22.477034,2345,flowbot,0.48057,0.11534,0.45358,0.00000,0.00000,0.00000,0.00000,24.00,0.00,0.00,0.0000,0.0000,0.0000,0.0000,0,0
2026-08-24 20:03:22.531173,2346,flowbot,0.48057,0.11534,0.45358,0.00000,0.00000,0.00000,0.00000,24.00,0.00,0.00,0.0000,0.0000,0.0000,0.0000,0,0
2026-08-24 20:03:22.582286,2347,flowbot,0.48057,0.11534,0.45358,0.00000,0.00000,0.00000,0.00000,24.00,0.00,0.00,0.0000,0.0000,0.0000,0.0000,0,0
2026-08-24 20:03:22.633712,2348,flowbot,0.48057,0.11534,0.45358,0.00000,0.00000,0.00000,0.00000,24.00,0.00,0.00,0.0000,0.0000,0.0000,0.0000,0,0
2026-08-24 20:03:22.685143,2349,flowbot,0.48057,0.11534,0.45358,0.00000,0.00000,0.00000,0.00000,24.00,0.00,0.00,0.0000,0.0000,0.0000,0.0000,0,0
2026-08-24 20:03:22.739398,2350,flowbot,0.48057,0.11534,0.45358,0.00000,0.00000,0.00000,0.00000,24.00,0.00,0.00,0.0000,0.0000,0.0000,0.0000,0,0
2026-08-24 20:03:22.792514,2351,flowbot,0.48057,0.11534,0.45358,0.00000,0.00000,0.00000,0.00000,24.00,0.00,0.00,0.0000,0.0000,0.0000,0.0000,0,0
2026-08-24 20:03:22.847561,2352,flowbot,0.48057,0.11534,0.45358,0.00000,0.00000,0.00000,0.00000,24.00,0.00,0.00,0.0000,0.0000,0.0000,0.0000,0,0
2026-08-24 20:03:22.899509,2353,flowbot,0.48057,0.11534,0.45358,0.00000,0.00000,0.00000,0.00000,24.00,0.00,0.00,0.0000,0.0000,0.0000,0.0000,0,0
2026-08-24 20:03:22.954942,2354,flowbot,0.48057,0.11534,0.45358,0.00000,0.00000,0.00000,0.00000,24.00,0.00,0.00,0.0000,0.0000,0.0000,0.0000,0,0
2026-08-24 20:03:23.008029,2355,flowbot,0.48057,0.11534,0.45358,0.00000,0.00000,0.00000,0.00000,24.00,0.00,0.00,0.0000,0.0000,0.0000,0.0000,0,0
2026-08-24 20:03:23.062671,2356,flowbot,0.48057,0.11534,0.45358,0.00000,0.00000,0.00000,0.00000,24.00,0.00,0.00,0.0000,0.0000,0.0000,0.0000,0,0
2026-08-24 20:03:23.111070,2357,flowbot,0.48057,0.11534,0.45358,0.00000,0.00000,0.00000,0.00000,24.00,0.00,0.00,0.0000,0.0000,0.0000,0.0000,0,0
2026-08-24 20:03:23.162133,2358,flowbot,0.48057,0.11534,0.45358,0.00000,0.00000,0.00000,0.00000,24.00,0.00,0.00,0.0000,0.0000,0.0000,0.0000,0,0
2026-08-24 20:03:23.216927,2359,flowbot,0.48057,0.11534,0.45358,0.00000,0.00000,0.00000,0.00000,24.00,0.00,0.00,0.0000,0.0000,0.0000,0.0000,0,0
2026-08-24 20:03:23.269170,2360,flowbot,0.48057,0.11534,0.45358,0.00000,0.00000,0.00000,0.00000,24.00,0.00,0.00,0.0000,0.0000,0.0000,0.0000,0,0
2026-08-24 20:03:23.322550,2361,flowbot,0.48057,0.11534,0.45358,0.00000,0.00000,0.00000,0.00000,24.00,0.00,0.00,0.0000,0.0000,0.0000,0.0000,0,0
2026-08-24 20:03:23.375669,2362,flowbot,0.48057,0.11534,0.45358,0.00000,0.00000,0.00000,0.00000,24.00,0.00,0.00,0.0000,0.0000,0.0000,0.0000,0,0
2026-08-24 20:03:23.429844,2363,flowbot,0.48057,0.11534,0.45358,0.00000,0.00000,0.00000,0.00000,24.00,0.00,0.00,0.0000,0.0000,0.0000,0.0000,0,0
2026-08-24 20:03:23.482928,2364,flowbot,0.48057,0.11534,0.45358,0.00000,0.00000,0.00000,0.00000,24.00,0.00,0.00,0.0000,0.0000,0.0000,0.0000,0,0
2026-08-24 20:03:23.533315,2365,flowbot,0.48057,0.11534,0.45358,0.00000,0.00000,0.00000,0.00000,24.00,0.00,0.00,0.0000,0.0000,0.0000,0.0000,0,0
2026-08-24 20:03:23.586007,2366,flowbot,0.48057,0.11534,0.45358,0.00000,0.00000,0.00000,0.00000,24.00,0.00,0.00,0.0000,0.0000,0.0000,0.0000,0,0
2026-08-24 20:03:23.642694,2367,flowbot,0.48057,0.11534,0.45358,0.00000,0.00000,0.00000,0.00000,24.00,0.00,0.00,0.0000,0.0000,0.0000,0.0000,0,0
2026-08-24 20:03:23.696434,2368,flowbot,0.48057,0.11534,0.45358,0.00000,0.00000,0.00000,0.00000,24.00,0.00,0.00,0.0000,0.0000,0.0000,0.0000,0,0
2026-08-24 20:03:23.744054,2369,flowbot,0.48057,0.11534,0.45358,0.00000,0.00000,0.00000,0.00000,24.00,0.00,0.00,0.0000,0.0000,0.0000,0.0000,0,0
2026-08-24 20:03:23.801105,2370,flowbot,0.48057,0.11534,0.45358,0.00000,0.00000,0.00000,0.00000,24.00,0.00,0.00,0.0000,0.0000,0.0000,0.0000,0,0
2026-08-24 20:03:23.857891,2371,flowbot,0.48057,0.11534,0.45358,0.00000,0.00000,0.00000,0.00000,24.00,0.00,0.00,0.0000,0.0000,0.0000,0.0000,0,0
2026-08-24 20:03:23.911254,2372,flowbot,0.48057,0.11534,0.45358,0.00000,0.00000,0.00000,0.00000,24.00,0.00,0.00,0.0000,0.0000,0.0000,0.0000,0,0
2026-08-24 20:03:23.963976,2373,flowbot,0.48057,0.11534,0.45358,0.00000,0.00000,0.00000,0.00000,24.00,0.00,0.00,0.0000,0.0000,0.0000,0.0000,0,0
2026-08-24 20:03:24.019338,2374,flowbot,0.48057,0.11534,0.45358,0.00000,0.00000,0.00000,0.00000,24.00,0.00,0.00,0.0000,0.0000,0.0000,0.0000,0,0
2026-08-24 20:03:24.070744,2375,flowbot,0.48057,0.11534,0.45358,0.00000,0.00000,0.00000,0.00000,24.00,0.00,0.00,0.0000,0.0000,0.0000,0.0000,0,0
2026-08-24 20:03:24.129397,2376,flowbot,0.48057,0.11534,0.45358,0.00000,0.00000,0.00000,0.00000,24.00,0.00,0.00,0.0000,0.0000,0.0000,0.0000,0,0
2026-08-24 20:03:24.176109,2377,flowbot,0.48057,0.11534,0.45358,0.00000,0.00000,0.00000,0.00000,24.00,0.00,0.00,0.0000,0.0000,0.0000,0.0000,0,0
2026-08-24 20:03:24.229767,2378,flowbot,0.48057,0.11534,0.45358,0.00000,0.00000,0.00000,0.00000,24.00,0.00,0.00,0.0000,0.0000,0.0000,0.0000,0,0
2026-08-24 20:03:24.283486,2379,flowbot,0.48057,0.11534,0.45358,0.00000,0.00000,0.00000,0.00000,24.00,0.00,0.00,0.0000,0.0000,0.0000,0.0000,0,0
2026-08-24 20:03:24.340736,2380,flowbot,0.48057,0.11534,0.45358,0.00000,0.00000,0.00000,0.00000,24.00,0.00,0.00,0.0000,0.0000,0.0000,0.0000,0,0
2026-08-24 20:03:24.392355,2381,flowbot,0.48057,0.11534,0.45358,0.00000,0.00000,0.00000,0.00000,24.00,0.00,0.00,0.0000,0.0000,0.0000,0.0000,0,0
2026-08-24 20:03:24.448588,2382,flowbot,0.48057,0.11534,0.45358,0.00000,0.00000,0.00000,0.00000,24.00,0.00,0.00,0.0000,0.0000,0.0000,0.0000,0,0
2026-08-24 20:03:24.503660,2383,flowbot,0.48057,0.11534,0.45358,0.00000,0.00000,0.00000,0.00000,24.00,0.00,0.00,0.0000,0.0000,0.0000,0.0000,0,0
2026-08-24 20:03:24.553981,2384,flowbot,0.48057,0.11534,0.45358,0.00000,0.00000,0.00000,0.00000,24.00,0.00,0.00,0.0000,0.0000,0.0000,0.0000,0,0
2026-08-24 20:03:24.607511,2385,flowbot,0.48057,0.11534,0.45358,0.00000,0.00000,0.00000,0.00000,24.00,0.00,0.00,0.0000,0.0000,0.0000,0.0000,0,0
2026-08-24 20:03:24.657876,2386,flowbot,0.48057,0.11534,0.45358,0.00000,0.00000,0.00000,0.00000,24.00,0.00,0.00,0.0000,0.0000,0.0000,0.0000,0,0
