t,raw_x,raw_y,raw_yaw,raw_z_btn,vx,vy,vz,wz
0.0004,0.0000,0.0000,0.0000,0,0.00000,0.00000,0.00000,0.00000
0.0504,0.0000,0.0000,0.0000,0,0.00000,0.00000,0.00000,0.00000
0.1004,0.0000,0.0000,0.0000,0,0.00000,0.00000,0.00000,0.00000
0.1505,0.0000,0.0000,0.0000,0,0.00000,0.00000,0.00000,0.00000
0.2005,0.0000,0.0000,0.0000,0,0.00000,0.00000,0.00000,0.00000
0.2505,0.0000,0.0000,0.0000,0,0.00000,0.00000,0.00000,0.00000
0.3005,0.0000,0.0000,0.0000,0,0.00000,0.00000,0.00000,0.00000
0.3505,0.0000,0.0000,0.0000,0,0.00000,0.00000,0.00000,0.00000
0.4005,0.0000,0.0000,0.0000,0,0.00000,0.00000,0.00000,0.00000
0.4505,0.0000,0.0000,0.0000,0,0.00000,0.00000,0.00000,0.00000
0.5005,0.0000,0.0000,0.0000,0,0.00000,0.00000,0.00000,0.00000
0.5505,0.0000,0.0000,0.0000,0,0.00000,0.00000,0.00000,0.00000
0.6005,0.0000,0.0000,0.0000,0,0.00000,0.00000,0.00000,0.00000
0.6505,0.0000,0.0000,0.0000,0,0.00000,0.00000,0.00000,0.00000
0.7006,0.0000,0.0000,0.0000,0,0.00000,0.00000,0.00000,0.00000
0.7506,0.0000,0.0000,0.0000,0,0.00000,0.00000,0.00000,0.00000
0.8006,0.0000,0.0000,0.0000,0,0.00000,0.00000,0.00000,0.00000
0.8506,0.0000,0.0000,0.0000,0,0.00000,0.00000,0.00000,0.00000
0.9006,0.0000,0.0000,0.0000,0,0.00000,0.00000,0.00000,0.00000
0.9506,0.0000,0.0000,0.0000,0,0.00000,0.00000,0.00000,0.00000
1.0006,0.0000,0.0000,0.0000,0,0.00000,0.00000,0.00000,0.00000
1.0506,0.0000,0.0000,0.0000,0,0.00000,0.00000,0.00000,0.00000
1.1006,0.0000,0.0000,0.0000,0,0.00000,0.00000,0.00000,0.00000
1.1506,0.0000,0.0000,0.0000,0,0.00000,0.00000,0.00000,0.00000
1.2006,0.0000,0.0000,0.0000,0,0.00000,0.00000,0.00000,0.00000
1.2506,0.0000,0.0600,0.0000,0,0.00000,0.00000,0.00000,0.00000
1.3006,0.0000,0.0857,0.0000,0,0.00000,0.00000,0.00000,0.00000
1.3507,0.0000,0.1029,0.0000,0,0.00000,0.00000,0.00000,0.00000
1.4007,0.0000,0.1286,0.0000,0,0.00000,0.00063,0.00000,0.00000
1.4507,0.0000,0.1571,0.0000,0,0.00000,0.00273,0.00000,0.00000
1.5007,0.0000,0.2000,0.0000,0,0.00000,0.00588,0.00000,0.00000
1.5507,0.0000,0.2429,0.0000,0,0.00000,0.00903,0.00000,0.00000
1.6007,0.0000,0.2771,0.0000,0,0.00000,0.01155,0.00000,0.00000
1.6507,0.0000,0.3000,0.0000,0,0.00000,0.01324,0.00000,0.00000
1.7007,0.0000,0.3114,0.0000,0,0.00000,0.01408,0.00000,0.00000
1.7507,0.0000,0.3286,0.0000,0,0.00000,0.01534,0.00000,0.00000
1.8007,0.0000,0.3457,0.0000,0,0.00000,0.01660,0.00000,0.00000
1.8507,0.0000,0.3657,0.0000,0,0.00000,0.01807,0.00000,0.00000
1.9007,0.0000,0.3857,0.0000,0,0.00000,0.01954,0.00000,0.00000
1.9507,0.0000,0.4086,0.0000,0,0.00000,0.02122,0.00000,0.00000
2.0007,0.0000,0.4400,0.0000,0,0.00000,0.02353,0.00000,0.00000
2.0508,0.0000,0.4629,0.0000,0,0.00000,0.02521,0.00000,0.00000
2.1008,0.0000,0.4800,0.0000,0,0.00000,0.02647,0.00000,0.00000
2.1508,0.0000,0.5029,0.0000,0,0.00000,0.02815,0.00000,0.00000
2.2008,0.0000,0.5171,0.0000,0,0.00000,0.02920,0.00000,0.00000
2.2508,0.0000,0.5571,0.0000,0,0.00000,0.03214,0.00000,0.00000
2.3008,0.0000,0.5943,0.0000,0,0.00000,0.03487,0.00000,0.00000
2.3508,0.0000,0.6943,-0.0114,0,0.00000,0.04223,0.00000,0.00000
2.4008,0.0000,0.7486,-0.0200,0,0.00000,0.04622,0.00000,0.00000
2.4508,0.0000,0.8429,-0.0229,0,0.00000,0.05000,0.00000,0.00000
2.5008,0.0000,0.9057,-0.0171,0,0.00000,0.05000,0.00000,0.00000
2.5508,-0.0057,0.9686,-0.0171,0,0.00000,0.05000,0.00000,0.00000
2.6008,-0.0114,1.0000,-0.0229,0,0.00000,0.05000,0.00000,0.00000
2.6508,-0.0229,1.0000,-0.0200,0,0.00000,0.05000,0.00000,0.00000
2.7008,-0.0371,1.0000,-0.0171,0,0.00000,0.05000,0.00000,0.00000
2.7508,-0.0457,1.0000,-0.0229,0,0.00000,0.05000,0.00000,0.00000
2.8009,-0.0514,1.0000,-0.0229,0,0.00000,0.05000,0.00000,0.00000
2.8509,-0.0571,1.0000,-0.0257,0,0.00000,0.05000,0.00000,0.00000
2.9009,-0.0571,1.0000,-0.0286,0,0.00000,0.05000,0.00000,0.00000
2.9509,-0.0543,1.0000,-0.0286,0,0.00000,0.05000,0.00000,0.00000
3.0009,-0.0543,1.0000,-0.0286,0,0.00000,0.05000,0.00000,0.00000
3.0509,-0.0600,1.0000,-0.0314,0,0.00000,0.05000,0.00000,0.00000
3.1009,-0.0600,1.0000,-0.0314,0,0.00000,0.05000,0.00000,0.00000
3.1509,-0.0600,1.0000,-0.0314,0,0.00000,0.05000,0.00000,0.00000
3.2009,-0.0629,1.0000,-0.0314,0,0.00000,0.05000,0.00000,0.00000
3.2509,-0.0629,1.0000,-0.0314,0,0.00000,0.05000,0.00000,0.00000
3.3009,-0.0629,1.0000,-0.0314,0,0.00000,0.05000,0.00000,0.00000
3.3509,-0.0629,1.0000,-0.0314,0,0.00000,0.05000,0.00000,0.00000
3.4009,-0.0600,1.0000,-0.0314,0,0.00000,0.05000,0.00000,0.00000
3.4509,-0.0629,1.0000,-0.0286,0,0.00000,0.05000,0.00000,0.00000
3.5009,-0.0629,1.0000,-0.0286,0,0.00000,0.05000,0.00000,0.00000
3.5509,-0.0629,1.0000,-0.0286,0,0.00000,0.05000,0.00000,0.00000
3.6009,-0.0629,1.0000,-0.0286,0,0.00000,0.05000,0.00000,0.00000
3.6509,-0.0600,1.0000,-0.0286,0,0.00000,0.05000,0.00000,0.00000
3.7009,-0.0629,1.0000,-0.0286,0,0.00000,0.05000,0.00000,0.00000
3.7510,-0.0629,1.0000,-0.0286,0,0.00000,0.05000,0.00000,0.00000
3.8010,-0.0629,1.0000,-0.0286,0,0.00000,0.05000,0.00000,0.00000
3.8510,-0.0771,1.0000,-0.0257,0,0.00000,0.05000,0.00000,0.00000
3.9010,-0.0771,1.0000,-0.0171,0,0.00000,0.05000,0.00000,0.00000
3.9510,-0.0829,1.0000,-0.0086,0,0.00000,0.05000,0.00000,0.00000
4.0010,-0.0886,1.0000,0.0000,0,0.00000,0.05000,0.00000,0.00000
4.0510,-0.0886,1.0000,0.0000,0,0.00000,0.05000,0.00000,0.00000
4.1010,-0.0857,1.0000,0.0000,0,0.00000,0.05000,0.00000,0.00000
4.1510,-0.0886,1.0000,0.0000,0,0.00000,0.05000,0.00000,0.00000
4.2010,-0.0943,0.9829,0.0000,0,0.00000,0.05000,0.00000,0.00000
4.2510,-0.1057,0.9686,0.0000,0,0.00000,0.05000,0.00000,0.00000
4.3010,-0.0914,0.9514,0.0000,0,0.00000,0.05000,0.00000,0.00000
4.3510,-0.0857,0.9343,0.0000,0,0.00000,0.05000,0.00000,0.00000
4.4011,-0.0829,0.9029,0.0000,0,0.00000,0.05000,0.00000,0.00000
4.4511,-0.0800,0.8629,0.0000,0,0.00000,0.05000,0.00000,0.00000
4.5011,-0.0829,0.8314,0.0000,0,0.00000,0.05000,0.00000,0.00000
4.5511,-0.0829,0.7657,0.0000,0,0.00000,0.04748,0.00000,0.00000
4.6011,-0.0743,0.7057,0.0000,0,0.00000,0.04307,0.00000,0.00000
4.6511,-0.0686,0.6486,0.0000,0,0.00000,0.03887,0.00000,0.00000
4.7011,-0.0629,0.6029,0.0000,0,0.00000,0.03550,0.00000,0.00000
4.7511,-0.0600,0.5657,0.0000,0,0.00000,0.03277,0.00000,0.00000
4.8011,-0.0629,0.4800,0.0000,0,0.00000,0.02647,0.00000,0.00000
4.8511,-0.0429,0.4114,0.0000,0,0.00000,0.02143,0.00000,0.00000
4.9011,-0.0400,0.3629,0.0000,0,0.00000,0.01786,0.00000,0.00000
4.9511,-0.0171,0.2714,0.0000,0,0.00000,0.01113,0.00000,0.00000
5.0011,-0.0200,0.2057,0.0000,0,0.00000,0.00630,0.00000,0.00000
5.0511,-0.0143,0.1629,0.0000,0,0.00000,0.00315,0.00000,0.00000
5.1011,0.0000,0.1200,0.0000,0,0.00000,0.00000,0.00000,0.00000
5.1512,0.0000,0.0629,0.0000,0,0.00000,0.00000,0.00000,0.00000
5.2012,0.0000,0.0371,0.0000,0,0.00000,0.00000,0.00000,0.00000
5.2512,0.0000,0.0000,0.0000,0,0.00000,0.00000,0.00000,0.00000
5.3012,0.0000,0.0000,0.0000,0,0.00000,0.00000,0.00000,0.00000
5.3512,0.0000,0.0000,0.0000,0,0.00000,0.00000,0.00000,0.00000
5.4012,0.0000,0.0000,0.0000,0,0.00000,0.00000,0.00000,0.00000
5.4512,0.0000,0.0000,0.0000,0,0.00000,0.00000,0.00000,0.00000
5.5012,0.0000,0.0000,0.0000,0,0.00000,0.00000,0.00000,0.00000
5.5512,0.0000,0.0000,0.0000,0,0.00000,0.00000,0.00000,0.00000
5.6012,0.0000,0.0000,0.0000,0,0.00000,0.00000,0.00000,0.00000
5.6512,0.0000,0.0029,0.0000,0,0.00000,0.00000,0.00000,0.00000
5.7012,0.0000,0.0000,0.0000,0,0.00000,0.00000,0.00000,0.00000
5.7512,0.0000,0.0000,0.0000,0,0.00000,0.00000,0.00000,0.00000
5.8012,0.0000,0.0000,0.0000,0,0.00000,0.00000,0.00000,0.00000
5.8512,0.0000,0.0000,0.0000,0,0.00000,0.00000,0.00000,0.00000
5.9012,0.0000,0.0000,0.0000,0,0.00000,0.00000,0.00000,0.00000
5.9513,0.0000,0.0000,0.0000,0,0.00000,0.00000,0.00000,0.00000
6.0013,0.0000,0.0000,0.0000,0,0.00000,0.00000,0.00000,0.00000
6.0513,0.0000,0.0000,0.0000,0,0.00000,0.00000,0.00000,0.00000
6.1013,0.0000,0.0000,0.0000,0,0.00000,0.00000,0.00000,0.00000
6.1513,0.0000,0.0000,0.0000,0,0.00000,0.00000,0.00000,0.00000
6.2013,0.0000,0.0000,0.0000,0,0.00000,0.00000,0.00000,0.00000
6.2513,0.0000,0.0000,0.0000,0,0.00000,0.00000,0.00000,0.00000
6.3013,0.0000,0.0000,0.0000,0,0.00000,0.00000,0.00000,0.00000
6.3513,0.0000,0.0000,0.0000,0,0.00000,0.00000,0.00000,0.00000
6.4013,0.0000,-0.0400,0.0000,0,0.00000,0.00000,0.00000,0.00000
6.4513,0.0000,-0.0743,0.0000,0,0.00000,0.00000,0.00000,0.00000
6.5013,0.0000,-0.1143,0.0000,0,0.00000,0.00000,0.00000,0.00000
6.5513,0.0000,-0.1543,0.0000,0,0.00000,-0.00252,0.00000,0.00000
6.6013,0.0000,-0.2057,0.0000,0,0.00000,-0.00630,0.00000,0.00000
6.6513,0.0000,-0.2743,0.0000,0,0.00000,-0.01134,0.00000,0.00000
6.7013,0.0000,-0.2914,0.0000,0,0.00000,-0.01261,0.00000,0.00000
6.7514,0.0000,-0.3429,0.0000,0,0.00000,-0.01639,0.00000,0.00000
6.8014,0.0000,-0.3771,0.0000,0,0.00000,-0.01891,0.00000,0.00000
6.8514,0.0000,-0.3800,0.0000,0,0.00000,-0.01912,0.00000,0.00000
6.9014,0.0000,-0.3943,0.0000,0,0.00000,-0.02017,0.00000,0.00000
6.9514,0.0000,-0.4057,0.0000,0,0.00000,-0.02101,0.00000,0.00000
7.0014,0.0000,-0.4057,0.0000,0,0.00000,-0.02101,0.00000,0.00000
7.0514,0.0000,-0.4314,0.0000,0,0.00000,-0.02290,0.00000,0.00000
7.1014,0.0000,-0.4429,0.0000,0,0.00000,-0.02374,0.00000,0.00000
7.1514,0.0000,-0.4629,0.0000,0,0.00000,-0.02521,0.00000,0.00000
7.2014,0.0000,-0.4857,0.0000,0,0.00000,-0.02689,0.00000,0.00000
7.2514,0.0000,-0.5171,0.0000,0,0.00000,-0.02920,0.00000,0.00000
7.3014,0.0000,-0.5229,0.0000,0,0.00000,-0.02962,0.00000,0.00000
7.3514,0.0000,-0.5229,0.0000,0,0.00000,-0.02962,0.00000,0.00000
7.4014,0.0000,-0.5229,0.0000,0,0.00000,-0.02962,0.00000,0.00000
7.4515,0.0000,-0.5371,0.0000,0,0.00000,-0.03067,0.00000,0.00000
7.5015,0.0000,-0.5457,0.0000,0,0.00000,-0.03130,0.00000,0.00000
7.5515,0.0000,-0.5629,0.0000,0,0.00000,-0.03256,0.00000,0.00000
7.6015,0.0000,-0.5771,0.0000,0,0.00000,-0.03361,0.00000,0.00000
7.6515,0.0000,-0.6000,0.0000,0,0.00000,-0.03529,0.00000,0.00000
7.7015,0.0000,-0.6229,0.0000,0,0.00000,-0.03697,0.00000,0.00000
7.7515,0.0000,-0.6286,0.0000,0,0.00000,-0.03739,0.00000,0.00000
7.8015,0.0000,-0.6886,0.0000,0,0.00000,-0.04181,0.00000,0.00000
7.8515,0.0000,-0.7257,0.0000,0,0.00000,-0.04454,0.00000,0.00000
7.9015,0.0000,-0.7943,0.0000,0,0.00000,-0.04958,0.00000,0.00000
7.9515,0.0000,-0.8429,0.0000,0,0.00000,-0.05000,0.00000,0.00000
8.0015,0.0000,-0.8857,-0.0029,0,0.00000,-0.05000,0.00000,0.00000
8.0515,0.0000,-0.9629,-0.0314,0,0.00000,-0.05000,0.00000,0.00000
8.1015,0.0000,-0.9943,-0.0314,0,0.00000,-0.05000,0.00000,0.00000
8.1515,0.0000,-1.0000,-0.0400,0,0.00000,-0.05000,0.00000,0.00000
8.2015,0.0000,-1.0000,-0.0429,0,0.00000,-0.05000,0.00000,0.00000
8.2516,0.0000,-1.0000,-0.0486,0,0.00000,-0.05000,0.00000,0.00000
8.3016,0.0000,-1.0000,-0.0429,0,0.00000,-0.05000,0.00000,0.00000
8.3516,0.0000,-1.0000,-0.0429,0,0.00000,-0.05000,0.00000,0.00000
8.4016,0.0000,-1.0000,-0.0343,0,0.00000,-0.05000,0.00000,0.00000
8.4516,0.0000,-1.0000,-0.0314,0,0.00000,-0.05000,0.00000,0.00000
8.5016,0.0000,-1.0000,-0.0314,0,0.00000,-0.05000,0.00000,0.00000
8.5516,0.0000,-1.0000,-0.0314,0,0.00000,-0.05000,0.00000,0.00000
8.6016,0.0000,-1.0000,-0.0314,0,0.00000,-0.05000,0.00000,0.00000
8.6516,0.0000,-1.0000,-0.0343,0,0.00000,-0.05000,0.00000,0.00000
8.7017,0.0000,-1.0000,-0.0343,0,0.00000,-0.05000,0.00000,0.00000
8.7517,0.0000,-1.0000,-0.0343,0,0.00000,-0.05000,0.00000,0.00000
8.8017,0.0000,-1.0000,-0.0343,0,0.00000,-0.05000,0.00000,0.00000
8.8517,0.0000,-1.0000,-0.0343,0,0.00000,-0.05000,0.00000,0.00000
8.9017,0.0000,-1.0000,-0.0343,0,0.00000,-0.05000,0.00000,0.00000
8.9517,0.0000,-1.0000,-0.0343,0,0.00000,-0.05000,0.00000,0.00000
9.0017,0.0000,-1.0000,-0.0343,0,0.00000,-0.05000,0.00000,0.00000
9.0517,0.0000,-1.0000,-0.0343,0,0.00000,-0.05000,0.00000,0.00000
9.1017,0.0000,-1.0000,-0.0343,0,0.00000,-0.05000,0.00000,0.00000
9.1517,0.0000,-1.0000,-0.0314,0,0.00000,-0.05000,0.00000,0.00000
9.2017,0.0000,-1.0000,-0.0314,0,0.00000,-0.05000,0.00000,0.00000
9.2517,0.0000,-1.0000,-0.0314,0,0.00000,-0.05000,0.00000,0.00000
9.3017,0.0000,-1.0000,-0.0314,0,0.00000,-0.05000,0.00000,0.00000
9.3517,0.0000,-1.0000,-0.0286,0,0.00000,-0.05000,0.00000,0.00000
9.4017,0.0000,-1.0000,-0.0286,0,0.00000,-0.05000,0.00000,0.00000
9.4517,0.0000,-1.0000,-0.0257,0,0.00000,-0.05000,0.00000,0.00000
9.5017,0.0000,-1.0000,-0.0257,0,0.00000,-0.05000,0.00000,0.00000
9.5517,0.0000,-1.0000,-0.0200,0,0.00000,-0.05000,0.00000,0.00000
9.6018,0.0000,-1.0000,-0.0171,0,0.00000,-0.05000,0.00000,0.00000
9.6518,0.0000,-1.0000,-0.0171,0,0.00000,-0.05000,0.00000,0.00000
9.7018,0.0000,-1.0000,-0.0171,0,0.00000,-0.05000,0.00000,0.00000
9.7518,0.0000,-1.0000,-0.0200,0,0.00000,-0.05000,0.00000,0.00000
9.8018,0.0000,-1.0000,-0.0257,0,0.00000,-0.05000,0.00000,0.00000
9.8518,0.0000,-1.0000,-0.0343,0,0.00000,-0.05000,0.00000,0.00000
9.9018,0.0000,-0.9971,-0.0343,0,0.00000,-0.05000,0.00000,0.00000
9.9518,0.0000,-0.8371,-0.0200,0,0.00000,-0.05000,0.00000,0.00000
10.0018,0.0000,-0.7457,0.0000,0,0.00000,-0.04601,0.00000,0.00000
10.0518,0.0000,-0.6457,0.0000,0,0.00000,-0.03866,0.00000,0.00000
10.1018,0.0000,-0.5429,0.0000,0,0.00000,-0.03109,0.00000,0.00000
10.1518,0.0000,-0.4143,0.0000,0,0.00000,-0.02164,0.00000,0.00000
10.2018,0.0000,-0.3343,0.0000,0,0.00000,-0.01576,0.00000,0.00000
10.2518,0.0000,-0.2571,0.0000,0,0.00000,-0.01008,0.00000,0.00000
10.3018,0.0000,-0.1857,0.0000,0,0.00000,-0.00483,0.00000,0.00000
10.3518,0.0000,-0.1171,0.0000,0,0.00000,0.00000,0.00000,0.00000
10.4018,0.0000,-0.0943,0.0000,0,0.00000,0.00000,0.00000,0.00000
10.4519,0.0000,-0.0543,0.0000,0,0.00000,0.00000,0.00000,0.00000
10.5019,0.0000,-0.0286,0.0000,0,0.00000,0.00000,0.00000,0.00000
10.5519,0.0000,0.0000,0.0000,0,0.00000,0.00000,0.00000,0.00000
10.6019,0.0000,0.0000,0.0000,0,0.00000,0.00000,0.00000,0.00000
10.6519,0.0000,0.0000,0.0000,0,0.00000,0.00000,0.00000,0.00000
10.7019,0.0000,0.0000,0.0000,0,0.00000,0.00000,0.00000,0.00000
10.7519,0.0000,0.0000,0.0000,0,0.00000,0.00000,0.00000,0.00000
10.8019,0.0000,0.0000,0.0000,0,0.00000,0.00000,0.00000,0.00000
10.8519,0.0000,0.0000,0.0000,0,0.00000,0.00000,0.00000,0.00000
10.9019,0.0000,0.0000,0.0000,0,0.00000,0.00000,0.00000,0.00000
10.9519,0.0000,0.0000,0.0000,0,0.00000,0.00000,0.00000,0.00000
11.0019,0.0000,0.0000,0.0000,0,0.00000,0.00000,0.00000,0.00000
11.0519,0.0000,0.0000,0.0000,0,0.00000,0.00000,0.00000,0.00000
11.1019,0.0000,0.0000,0.0000,0,0.00000,0.00000,0.00000,0.00000
11.1519,0.0000,0.0000,0.0000,0,0.00000,0.00000,0.00000,0.00000
11.2019,0.0000,0.0000,0.0000,0,0.00000,0.00000,0.00000,0.00000
11.2520,0.0000,0.0000,0.0000,0,0.00000,0.00000,0.00000,0.00000
11.3020,0.0000,0.0000,0.0000,0,0.00000,0.00000,0.00000,0.00000
11.3520,0.0000,0.0000,0.0000,0,0.00000,0.00000,0.00000,0.00000
11.4020,0.0000,0.0000,0.0000,0,0.00000,0.00000,0.00000,0.00000
11.4520,0.0000,0.0000,0.0000,0,0.00000,0.00000,0.00000,0.00000
11.5020,0.0000,0.0000,0.0057,0,0.00000,0.00000,0.00000,0.00000
11.5520,0.0000,0.0000,0.0000,0,0.00000,0.00000,0.00000,0.00000
11.6020,0.0000,-0.0143,0.0000,0,0.00000,0.00000,0.00000,0.00000
11.6520,0.0000,-0.0314,0.0000,0,0.00000,0.00000,0.00000,0.00000
11.7020,0.0000,-0.0743,0.0000,0,0.00000,0.00000,0.00000,0.00000
11.7520,0.0000,-0.0029,0.0000,0,0.00000,0.00000,0.00000,0.00000
11.8020,0.0000,0.0000,0.0000,0,0.00000,0.00000,0.00000,0.00000
11.8520,0.0000,0.0000,0.0000,0,0.00000,0.00000,0.00000,0.00000
11.9020,0.0000,0.0000,0.0000,0,0.00000,0.00000,0.00000,0.00000
11.9521,0.0000,0.0000,0.0000,0,0.00000,0.00000,0.00000,0.00000
12.0021,0.0000,0.0000,0.0000,0,0.00000,0.00000,0.00000,0.00000
12.0521,0.0000,-0.0229,0.0000,0,0.00000,0.00000,0.00000,0.00000
12.1021,0.0000,-0.0743,0.0000,0,0.00000,0.00000,0.00000,0.00000
12.1521,0.0000,-0.1171,0.0000,0,0.00000,0.00000,0.00000,0.00000
12.2021,0.0000,-0.1486,0.0000,0,0.00000,-0.00210,0.00000,0.00000
12.2521,0.0029,-0.2514,0.0000,0,0.00000,-0.00966,0.00000,0.00000
12.3021,0.0143,-0.3257,0.0000,0,0.00000,-0.01513,0.00000,0.00000
12.3521,0.0343,-0.3771,0.0000,0,0.00000,-0.01891,0.00000,0.00000
12.4021,0.0457,-0.4343,0.0000,0,0.00000,-0.02311,0.00000,0.00000
12.4521,0.0600,-0.4914,0.0000,0,0.00000,-0.02731,0.00000,0.00000
12.5021,0.0657,-0.5029,0.0000,0,0.00000,-0.02815,0.00000,0.00000
12.5521,0.0657,-0.4914,0.0000,0,0.00000,-0.02731,0.00000,0.00000
12.6021,0.0629,-0.4886,0.0000,0,0.00000,-0.02710,0.00000,0.00000
12.6521,0.0571,-0.4686,0.0000,0,0.00000,-0.02563,0.00000,0.00000
12.7021,0.0543,-0.4571,0.0000,0,0.00000,-0.02479,0.00000,0.00000
12.7521,0.0514,-0.4571,0.0000,0,0.00000,-0.02479,0.00000,0.00000
12.8021,0.0514,-0.4629,0.0000,0,0.00000,-0.02521,0.00000,0.00000
12.8521,0.0514,-0.4686,0.0000,0,0.00000,-0.02563,0.00000,0.00000
12.9021,0.0514,-0.4686,0.0000,0,0.00000,-0.02563,0.00000,0.00000
12.9522,0.0486,-0.4771,0.0000,0,0.00000,-0.02626,0.00000,0.00000
13.0022,0.0486,-0.4800,0.0000,0,0.00000,-0.02647,0.00000,0.00000
13.0522,0.0486,-0.4886,0.0000,0,0.00000,-0.02710,0.00000,0.00000
13.1022,0.0514,-0.4914,0.0000,0,0.00000,-0.02731,0.00000,0.00000
13.1522,0.0514,-0.4943,0.0000,0,0.00000,-0.02752,0.00000,0.00000
13.2022,0.0514,-0.5057,0.0000,0,0.00000,-0.02836,0.00000,0.00000
13.2522,0.0514,-0.5400,0.0000,0,0.00000,-0.03088,0.00000,0.00000
13.3022,0.0543,-0.5686,0.0000,0,0.00000,-0.03298,0.00000,0.00000
13.3522,0.0571,-0.5800,0.0000,0,0.00000,-0.03382,0.00000,0.00000
13.4022,0.0629,-0.6257,0.0000,0,0.00000,-0.03718,0.00000,0.00000
13.4522,0.0629,-0.6657,0.0000,0,0.00000,-0.04013,0.00000,0.00000
13.5022,0.0686,-0.6886,0.0000,0,0.00000,-0.04181,0.00000,0.00000
13.5522,0.0743,-0.7543,0.0000,0,0.00000,-0.04664,0.00000,0.00000
13.6022,0.0771,-0.7886,0.0000,0,0.00000,-0.04916,0.00000,0.00000
13.6522,0.0771,-0.8229,0.0000,0,0.00000,-0.05000,0.00000,0.00000
13.7023,0.0857,-0.9143,-0.0029,0,0.00000,-0.05000,0.00000,0.00000
13.7523,0.0943,-0.9171,0.0000,0,0.00000,-0.05000,0.00000,0.00000
13.8023,0.0971,-0.9143,0.0000,0,0.00000,-0.05000,0.00000,0.00000
13.8523,0.0971,-0.9429,0.0000,0,0.00000,-0.05000,0.00000,0.00000
13.9023,0.0971,-0.9543,-0.0029,0,0.00000,-0.05000,0.00000,0.00000
13.9523,0.0943,-0.9800,-0.0057,0,0.00000,-0.05000,0.00000,0.00000
14.0023,0.0943,-1.0000,-0.0086,0,0.00000,-0.05000,0.00000,0.00000
14.0523,0.0943,-1.0000,-0.0200,0,0.00000,-0.05000,0.00000,0.00000
14.1023,0.0914,-1.0000,-0.0229,0,0.00000,-0.05000,0.00000,0.00000
14.1523,0.0800,-1.0000,-0.0286,0,0.00000,-0.05000,0.00000,0.00000
14.2023,0.0800,-1.0000,-0.0286,0,0.00000,-0.05000,0.00000,0.00000
14.2524,0.0771,-1.0000,-0.0286,0,0.00000,-0.05000,0.00000,0.00000
14.3024,0.0771,-1.0000,-0.0257,0,0.00000,-0.05000,0.00000,0.00000
14.3524,0.0800,-1.0000,-0.0257,0,0.00000,-0.05000,0.00000,0.00000
14.4024,0.0771,-1.0000,-0.0257,0,0.00000,-0.05000,0.00000,0.00000
14.4524,0.0771,-1.0000,-0.0257,0,0.00000,-0.05000,0.00000,0.00000
14.5024,0.0771,-1.0000,-0.0257,0,0.00000,-0.05000,0.00000,0.00000
14.5524,0.0800,-1.0000,-0.0286,0,0.00000,-0.05000,0.00000,0.00000
14.6024,0.0857,-1.0000,-0.0286,0,0.00000,-0.05000,0.00000,0.00000
14.6524,0.0914,-1.0000,-0.0257,0,0.00000,-0.05000,0.00000,0.00000
14.7024,0.0943,-0.8743,-0.0057,0,0.00000,-0.05000,0.00000,0.00000
14.7524,0.0971,-0.6914,0.0000,0,0.00000,-0.04202,0.00000,0.00000
14.8024,0.0943,-0.5343,0.0000,0,0.00000,-0.03046,0.00000,0.00000
14.8524,0.0400,-0.3543,0.0000,0,0.00000,-0.01723,0.00000,0.00000
14.9024,0.0000,-0.2086,0.0000,0,0.00000,-0.00651,0.00000,0.00000
14.9524,0.0000,-0.0886,0.0000,0,0.00000,0.00000,0.00000,0.00000
15.0024,0.0000,-0.0086,0.0000,0,0.00000,0.00000,0.00000,0.00000
15.0525,0.0000,0.0000,0.0000,0,0.00000,0.00000,0.00000,0.00000
15.1025,0.0000,0.0000,0.0000,0,0.00000,0.00000,0.00000,0.00000
15.1525,0.0000,0.0000,0.0000,0,0.00000,0.00000,0.00000,0.00000
15.2025,0.0000,0.0000,0.0000,0,0.00000,0.00000,0.00000,0.00000
15.2525,0.0000,0.0000,0.0000,0,0.00000,0.00000,0.00000,0.00000
15.3025,0.0000,0.0000,0.0000,0,0.00000,0.00000,0.00000,0.00000
15.3525,0.0000,0.0000,0.0000,0,0.00000,0.00000,0.00000,0.00000
15.4025,0.0000,0.0000,0.0000,0,0.00000,0.00000,0.00000,0.00000
15.4525,0.0000,0.0000,0.0000,0,0.00000,0.00000,0.00000,0.00000
15.5025,0.0000,0.0000,0.0000,0,0.00000,0.00000,0.00000,0.00000
15.5525,0.0000,0.0000,0.0000,0,0.00000,0.00000,0.00000,0.00000
15.6025,0.0000,0.0000,0.0000,0,0.00000,0.00000,0.00000,0.00000
15.6525,0.0000,0.0000,0.0000,0,0.00000,0.00000,0.00000,0.00000
15.7025,0.0000,0.0000,0.0029,0,0.00000,0.00000,0.00000,0.00000
15.7525,0.0000,0.0000,0.0000,0,0.00000,0.00000,0.00000,0.00000
15.8025,0.0000,0.0114,0.0000,0,0.00000,0.00000,0.00000,0.00000
15.8526,0.0000,0.0543,0.0000,0,0.00000,0.00000,0.00000,0.00000
15.9026,0.0000,0.1429,0.0000,0,0.00000,0.00168,0.00000,0.00000
15.9526,0.0000,0.2057,-0.0171,0,0.00000,0.00630,0.00000,0.00000
16.0026,0.0000,0.2543,-0.0371,0,0.00000,0.00987,0.00000,0.00000
16.0526,0.0000,0.3029,-0.0457,0,0.00000,0.01345,0.00000,0.00000
16.1026,0.0000,0.3514,-0.0600,0,0.00000,0.01702,0.00000,0.00000
16.1526,0.0000,0.3943,-0.0686,0,0.00000,0.02017,0.00000,0.00000
16.2026,0.0000,0.3943,-0.0686,0,0.00000,0.02017,0.00000,0.00000
16.2526,0.0000,0.4029,-0.0686,0,0.00000,0.02080,0.00000,0.00000
16.3026,0.0000,0.4143,-0.0714,0,0.00000,0.02164,0.00000,0.00000
16.3526,0.0000,0.4200,-0.0714,0,0.00000,0.02206,0.00000,0.00000
16.4026,0.0000,0.4457,-0.0743,0,0.00000,0.02395,0.00000,0.00000
16.4526,0.0000,0.4829,-0.0800,0,0.00000,0.02668,0.00000,0.00000
16.5027,0.0000,0.5286,-0.0971,0,0.00000,0.03004,0.00000,0.00000
16.5527,0.0000,0.5486,-0.1029,0,0.00000,0.03151,0.00000,0.00000
16.6027,0.0000,0.5800,-0.1086,0,0.00000,0.03382,0.00000,0.00000
16.6527,0.0000,0.6057,-0.1171,0,0.00000,0.03571,0.00000,0.00000
16.7027,0.0000,0.6600,-0.1257,0,0.00000,0.03971,0.00000,0.00000
16.7527,0.0000,0.6829,-0.1314,0,0.00000,0.04139,0.00000,0.00000
16.8027,0.0000,0.7657,-0.1543,0,0.00000,0.04748,0.00000,0.00000
16.8527,0.0000,0.8057,-0.1657,0,0.00000,0.05000,0.00000,0.00000
16.9027,0.0000,0.9029,-0.1800,0,0.00000,0.05000,0.00000,0.00000
16.9527,0.0000,0.9486,-0.1971,0,0.00000,0.05000,0.00000,0.00000
17.0027,0.0000,1.0000,-0.2229,0,0.00000,0.05000,0.00000,0.00000
17.0527,0.0000,1.0000,-0.2429,0,0.00000,0.05000,0.00000,0.00000
17.1028,0.0000,1.0000,-0.2629,0,0.00000,0.05000,0.00000,0.00000
17.1528,0.0000,1.0000,-0.2629,0,0.00000,0.05000,0.00000,0.00000
17.2028,0.0000,1.0000,-0.2657,0,0.00000,0.05000,0.00000,0.00000
17.2528,0.0000,1.0000,-0.2657,0,0.00000,0.05000,0.00000,0.00000
17.3028,0.0000,1.0000,-0.2657,0,0.00000,0.05000,0.00000,0.00000
17.3528,0.0000,1.0000,-0.2629,0,0.00000,0.05000,0.00000,0.00000
17.4028,0.0000,1.0000,-0.2629,0,0.00000,0.05000,0.00000,0.00000
17.4528,0.0000,1.0000,-0.2743,0,0.00000,0.05000,0.00000,0.00000
17.5028,0.0000,1.0000,-0.2800,0,0.00000,0.05000,0.00000,0.00000
17.5528,0.0000,1.0000,-0.2800,0,0.00000,0.05000,0.00000,0.00000
17.6028,0.0000,1.0000,-0.2800,0,0.00000,0.05000,0.00000,0.00000
17.6528,0.0000,1.0000,-0.2800,0,0.00000,0.05000,0.00000,0.00000
17.7028,0.0000,1.0000,-0.2800,0,0.00000,0.05000,0.00000,0.00000
17.7528,0.0000,1.0000,-0.2800,0,0.00000,0.05000,0.00000,0.00000
17.8028,0.0000,1.0000,-0.2800,0,0.00000,0.05000,0.00000,0.00000
17.8529,0.0000,1.0000,-0.2771,0,0.00000,0.05000,0.00000,0.00000
17.9029,0.0000,1.0000,-0.2771,0,0.00000,0.05000,0.00000,0.00000
17.9529,0.0000,1.0000,-0.2771,0,0.00000,0.05000,0.00000,0.00000
18.0029,0.0000,1.0000,-0.2771,0,0.00000,0.05000,0.00000,0.00000
18.0529,0.0000,1.0000,-0.2771,0,0.00000,0.05000,0.00000,0.00000
18.1029,0.0000,1.0000,-0.2743,0,0.00000,0.05000,0.00000,0.00000
18.1529,0.0000,1.0000,-0.2743,0,0.00000,0.05000,0.00000,0.00000
18.2029,0.0000,1.0000,-0.2743,0,0.00000,0.05000,0.00000,0.00000
18.2529,0.0000,1.0000,-0.2771,0,0.00000,0.05000,0.00000,0.00000
18.3029,0.0000,1.0000,-0.2771,0,0.00000,0.05000,0.00000,0.00000
18.3529,0.0000,1.0000,-0.2771,0,0.00000,0.05000,0.00000,0.00000
18.4029,0.0000,1.0000,-0.2771,0,0.00000,0.05000,0.00000,0.00000
18.4529,0.0000,1.0000,-0.2771,0,0.00000,0.05000,0.00000,0.00000
18.5029,0.0000,1.0000,-0.2800,0,0.00000,0.05000,0.00000,0.00000
18.5529,0.0000,0.9886,-0.2714,0,0.00000,0.05000,0.00000,0.00000
18.6030,0.0000,0.9371,-0.2714,0,0.00000,0.05000,0.00000,0.00000
18.6530,0.0000,0.9000,-0.2629,0,0.00000,0.05000,0.00000,0.00000
18.7030,0.0000,0.8600,-0.2514,0,0.00000,0.05000,0.00000,0.00000
18.7530,0.0000,0.7886,-0.2229,0,0.00000,0.04916,0.00000,0.00000
18.8030,0.0000,0.7314,-0.2057,0,0.00000,0.04496,0.00000,0.00000
18.8530,0.0000,0.6714,-0.1914,0,0.00000,0.04055,0.00000,0.00000
18.9030,0.0000,0.5800,-0.1714,0,0.00000,0.03382,0.00000,0.00000
18.9530,0.0000,0.5229,-0.1629,0,0.00000,0.02962,0.00000,0.00000
19.0030,0.0000,0.4743,-0.1429,0,0.00000,0.02605,0.00000,0.00000
19.0530,0.0000,0.4514,-0.1371,0,0.00000,0.02437,0.00000,0.00000
19.1030,0.0000,0.4057,-0.1200,0,0.00000,0.02101,0.00000,0.00000
19.1530,0.0000,0.3657,-0.1086,0,0.00000,0.01807,0.00000,0.00000
19.2030,0.0000,0.3314,-0.0914,0,0.00000,0.01555,0.00000,0.00000
19.2530,0.0000,0.2943,-0.0857,0,0.00000,0.01282,0.00000,0.00000
19.3030,0.0000,0.2457,-0.0771,0,0.00000,0.00924,0.00000,0.00000
19.3530,0.0000,0.1943,-0.0629,0,0.00000,0.00546,0.00000,0.00000
19.4030,0.0000,0.1629,-0.0486,0,0.00000,0.00315,0.00000,0.00000
19.4530,0.0000,0.1114,-0.0171,0,0.00000,0.00000,0.00000,0.00000
19.5030,0.0000,0.0800,0.0000,0,0.00000,0.00000,0.00000,0.00000
19.5530,0.0000,0.0600,0.0000,0,0.00000,0.00000,0.00000,0.00000
19.6030,0.0000,0.0286,0.0000,0,0.00000,0.00000,0.00000,0.00000
19.6530,0.0000,0.0000,0.0000,0,0.00000,0.00000,0.00000,0.00000
19.7030,0.0000,0.0000,0.0000,0,0.00000,0.00000,0.00000,0.00000
19.7530,0.0000,0.0000,0.0000,0,0.00000,0.00000,0.00000,0.00000
19.8031,0.0000,0.0000,0.0000,0,0.00000,0.00000,0.00000,0.00000
19.8531,0.0000,0.0000,0.0000,0,0.00000,0.00000,0.00000,0.00000
19.9031,0.0000,0.0000,0.0000,0,0.00000,0.00000,0.00000,0.00000
19.9531,0.0000,0.0000,0.0000,0,0.00000,0.00000,0.00000,0.00000
20.0031,0.0000,0.0000,0.0000,0,0.00000,0.00000,0.00000,0.00000
20.0531,0.0000,0.0000,0.0000,0,0.00000,0.00000,0.00000,0.00000
20.1031,0.0000,0.0000,0.0000,0,0.00000,0.00000,0.00000,0.00000
20.1531,0.0000,0.0000,0.0000,0,0.00000,0.00000,0.00000,0.00000
20.2031,0.0000,0.0114,0.0000,0,0.00000,0.00000,0.00000,0.00000
20.2531,0.0000,0.0000,0.0000,0,0.00000,0.00000,0.00000,0.00000
20.3031,0.0000,0.0000,0.0000,0,0.00000,0.00000,0.00000,0.00000
20.3531,0.0000,0.0457,0.0000,0,0.00000,0.00000,0.00000,0.00000
20.4031,-0.0143,0.0514,-0.0143,0,0.00000,0.00000,0.00000,0.00000
20.4531,0.0000,0.0029,0.0000,0,0.00000,0.00000,0.00000,0.00000
20.5031,0.0000,0.0143,0.0000,0,0.00000,0.00000,0.00000,0.00000
20.5531,0.0000,0.0086,0.0000,0,0.00000,0.00000,0.00000,0.00000
20.6031,0.0000,0.0000,0.0000,0,0.00000,0.00000,0.00000,0.00000
20.6532,0.0000,0.0057,0.0000,0,0.00000,0.00000,0.00000,0.00000
20.7032,0.0000,0.0000,0.0000,0,0.00000,0.00000,0.00000,0.00000
20.7532,0.0000,0.0000,0.0000,0,0.00000,0.00000,0.00000,0.00000
20.8032,0.0000,0.0000,0.0000,0,0.00000,0.00000,0.00000,0.00000
20.8532,0.0000,0.0000,0.0000,0,0.00000,0.00000,0.00000,0.00000
20.9032,0.0000,0.0000,0.0000,0,0.00000,0.00000,0.00000,0.00000
20.9532,-0.0229,0.0000,0.0000,0,0.00000,0.00000,0.00000,0.00000
21.0032,-0.0229,0.0000,0.0000,0,0.00000,0.00000,0.00000,0.00000
21.0532,-0.0371,0.0000,0.0000,0,0.00000,0.00000,0.00000,0.00000
21.1032,-0.0514,0.0000,0.0000,0,0.00000,0.00000,0.00000,0.00000
21.1532,-0.0371,0.0000,0.0000,0,0.00000,0.00000,0.00000,0.00000
21.2032,-0.0057,0.0000,0.0000,0,0.00000,0.00000,0.00000,0.00000
21.2532,0.0000,0.0000,0.0000,0,0.00000,0.00000,0.00000,0.00000
21.3032,0.0000,0.0000,0.0000,0,0.00000,0.00000,0.00000,0.00000
21.3532,0.0000,0.0000,0.0000,0,0.00000,0.00000,0.00000,0.00000
21.4033,0.0000,0.0000,0.0000,0,0.00000,0.00000,0.00000,0.00000
21.4533,0.0000,0.0000,0.0000,0,0.00000,0.00000,0.00000,0.00000
21.5033,0.0000,0.0000,0.0000,0,0.00000,0.00000,0.00000,0.00000
21.5533,-0.0171,0.0000,0.0000,0,0.00000,0.00000,0.00000,0.00000
21.6033,-0.0714,0.0000,0.0000,0,0.00000,0.00000,0.00000,0.00000
21.6533,-0.1000,0.0000,0.0000,0,0.00000,0.00000,0.00000,0.00000
21.7033,-0.1429,0.0000,0.0000,0,-0.00168,0.00000,0.00000,0.00000
21.7533,-0.1886,0.0000,0.0000,0,-0.00504,0.00000,0.00000,0.00000
21.8033,-0.2486,0.0000,0.0000,0,-0.00945,0.00000,0.00000,0.00000
21.8533,-0.2657,0.0000,0.0000,0,-0.01071,0.00000,0.00000,0.00000
21.9033,-0.2914,0.0000,0.0000,0,-0.01261,0.00000,0.00000,0.00000
21.9533,-0.3114,0.0000,0.0000,0,-0.01408,0.00000,0.00000,0.00000
22.0033,-0.3086,0.0000,0.0000,0,-0.01387,0.00000,0.00000,0.00000
22.0534,-0.3229,0.0000,0.0000,0,-0.01492,0.00000,0.00000,0.00000
22.1034,-0.3600,0.0000,0.0000,0,-0.01765,0.00000,0.00000,0.00000
22.1534,-0.3971,0.0000,0.0000,0,-0.02038,0.00000,0.00000,0.00000
22.2034,-0.4314,0.0000,0.0000,0,-0.02290,0.00000,0.00000,0.00000
22.2534,-0.4571,0.0000,0.0000,0,-0.02479,0.00000,0.00000,0.00000
22.3034,-0.5029,0.0000,0.0000,0,-0.02815,0.00000,0.00000,0.00000
22.3534,-0.5400,0.0000,0.0000,0,-0.03088,0.00000,0.00000,0.00000
22.4034,-0.5829,0.0000,0.0000,0,-0.03403,0.00000,0.00000,0.00000
22.4534,-0.6057,0.0000,0.0000,0,-0.03571,0.00000,0.00000,0.00000
22.5034,-0.6657,0.0000,0.0000,0,-0.04013,0.00000,0.00000,0.00000
22.5534,-0.6971,0.0000,0.0000,0,-0.04244,0.00000,0.00000,0.00000
22.6034,-0.6829,0.0000,0.0000,0,-0.04139,0.00000,0.00000,0.00000
22.6534,-0.7000,0.0000,0.0000,0,-0.04265,0.00000,0.00000,0.00000
22.7034,-0.7171,0.0000,0.0000,0,-0.04391,0.00000,0.00000,0.00000
22.7534,-0.7314,0.0000,0.0000,0,-0.04496,0.00000,0.00000,0.00000
22.8034,-0.7486,0.0000,0.0000,0,-0.04622,0.00000,0.00000,0.00000
22.8534,-0.8057,0.0000,0.0000,0,-0.05000,0.00000,0.00000,0.00000
22.9034,-0.8371,0.0000,0.0000,0,-0.05000,0.00000,0.00000,0.00000
22.9534,-0.8743,0.0000,0.0000,0,-0.05000,0.00000,0.00000,0.00000
23.0035,-0.8543,0.0000,0.0000,0,-0.05000,0.00000,0.00000,0.00000
23.0535,-0.8686,0.0000,0.0000,0,-0.05000,0.00000,0.00000,0.00000
23.1035,-0.8686,0.0000,0.0000,0,-0.05000,0.00000,0.00000,0.00000
23.1535,-0.8914,0.0000,0.0000,0,-0.05000,0.00000,0.00000,0.00000
23.2035,-0.9029,0.0000,0.0000,0,-0.05000,0.00000,0.00000,0.00000
23.2535,-0.9143,0.0000,0.0000,0,-0.05000,0.00000,0.00000,0.00000
23.3035,-0.9171,0.0000,0.0000,0,-0.05000,0.00000,0.00000,0.00000
23.3535,-0.9229,0.0000,0.0000,0,-0.05000,0.00000,0.00000,0.00000
23.4035,-0.9057,0.0000,0.0000,0,-0.05000,0.00000,0.00000,0.00000
23.4535,-0.9086,0.0000,0.0000,0,-0.05000,0.00000,0.00000,0.00000
23.5035,-0.8629,0.0000,0.0000,0,-0.05000,0.00000,0.00000,0.00000
23.5535,-0.8286,0.0000,0.0000,0,-0.05000,0.00000,0.00000,0.00000
23.6035,-0.6429,0.0000,0.0000,0,-0.03845,0.00000,0.00000,0.00000
23.6535,-0.5514,0.0000,0.0000,0,-0.03172,0.00000,0.00000,0.00000
23.7035,-0.3171,0.0000,0.0000,0,-0.01450,0.00000,0.00000,0.00000
23.7536,-0.0543,0.0000,0.0000,0,0.00000,0.00000,0.00000,0.00000
23.8036,0.0000,0.0000,0.0000,0,0.00000,0.00000,0.00000,0.00000
23.8536,0.0000,0.0000,0.0000,0,0.00000,0.00000,0.00000,0.00000
23.9036,0.0000,0.0000,0.0000,0,0.00000,0.00000,0.00000,0.00000
23.9536,0.0000,0.0000,0.0000,0,0.00000,0.00000,0.00000,0.00000
24.0036,0.0000,0.0000,0.0000,0,0.00000,0.00000,0.00000,0.00000
24.0536,0.0000,0.0000,0.0000,0,0.00000,0.00000,0.00000,0.00000
24.1036,0.0000,0.0000,0.0000,0,0.00000,0.00000,0.00000,0.00000
24.1536,0.0000,0.0000,0.0000,0,0.00000,0.00000,0.00000,0.00000
24.2036,0.0000,0.0000,0.0000,0,0.00000,0.00000,0.00000,0.00000
24.2536,0.0000,0.0000,0.0000,0,0.00000,0.00000,0.00000,0.00000
24.3036,0.0000,0.0000,0.0000,0,0.00000,0.00000,0.00000,0.00000
24.3536,0.0000,0.0000,0.0000,0,0.00000,0.00000,0.00000,0.00000
24.4036,0.0000,0.0000,0.0000,0,0.00000,0.00000,0.00000,0.00000
24.4537,0.0000,0.0000,0.0000,0,0.00000,0.00000,0.00000,0.00000
24.5037,0.0000,0.0000,0.0000,0,0.00000,0.00000,0.00000,0.00000
24.5537,0.0000,0.0000,0.0000,0,0.00000,0.00000,0.00000,0.00000
24.6037,0.0000,0.0000,0.0000,0,0.00000,0.00000,0.00000,0.00000
24.6537,0.0400,0.0000,0.0000,0,0.00000,0.00000,0.00000,0.00000
24.7037,0.0657,0.0000,0.0000,0,0.00000,0.00000,0.00000,0.00000
24.7537,0.0943,0.0000,0.0000,0,0.00000,0.00000,0.00000,0.00000
24.8037,0.1143,0.0000,0.0000,0,0.00000,0.00000,0.00000,0.00000
24.8537,0.1457,0.0000,0.0000,0,0.00189,0.00000,0.00000,0.00000
24.9037,0.1486,0.0000,0.0000,0,0.00210,0.00000,0.00000,0.00000
24.9537,0.1657,0.0057,0.0000,0,0.00336,0.00000,0.00000,0.00000
25.0037,0.1771,0.0000,0.0000,0,0.00420,0.00000,0.00000,0.00000
25.0537,0.2114,0.0000,0.0057,0,0.00672,0.00000,0.00000,0.00000
25.1037,0.2257,0.0029,0.0114,0,0.00777,0.00000,0.00000,0.00000
25.1537,0.2429,0.0029,0.0143,0,0.00903,0.00000,0.00000,0.00000
25.2037,0.2457,0.0000,0.0171,0,0.00924,0.00000,0.00000,0.00000
25.2538,0.2486,0.0086,0.0171,0,0.00945,0.00000,0.00000,0.00000
25.3038,0.2543,0.0057,0.0171,0,0.00987,0.00000,0.00000,0.00000
25.3538,0.2514,0.0086,0.0171,0,0.00966,0.00000,0.00000,0.00000
25.4038,0.2629,0.0086,0.0171,0,0.01050,0.00000,0.00000,0.00000
25.4538,0.2714,0.0143,0.0171,0,0.01113,0.00000,0.00000,0.00000
25.5038,0.2771,0.0057,0.0171,0,0.01155,0.00000,0.00000,0.00000
25.5538,0.2914,0.0000,0.0171,0,0.01261,0.00000,0.00000,0.00000
25.6039,0.3143,0.0029,0.0257,0,0.01429,0.00000,0.00000,0.00000
25.6539,0.3371,0.0000,0.0343,0,0.01597,0.00000,0.00000,0.00000
25.7039,0.3543,0.0000,0.0429,0,0.01723,0.00000,0.00000,0.00000
25.7539,0.3514,0.0000,0.0486,0,0.01702,0.00000,0.00000,0.00000
25.8039,0.3743,0.0057,0.0657,0,0.01870,0.00000,0.00000,0.00000
25.8539,0.4029,0.0143,0.0714,0,0.02080,0.00000,0.00000,0.00000
25.9039,0.4086,0.0229,0.0771,0,0.02122,0.00000,0.00000,0.00000
25.9539,0.4514,0.0257,0.0886,0,0.02437,0.00000,0.00000,0.00000
26.0039,0.4800,0.0314,0.0971,0,0.02647,0.00000,0.00000,0.00000
26.0539,0.5057,0.0371,0.1057,0,0.02836,0.00000,0.00000,0.00000
26.1039,0.5600,0.0429,0.1171,0,0.03235,0.00000,0.00000,0.00000
26.1539,0.5829,0.0486,0.1200,0,0.03403,0.00000,0.00000,0.00000
26.2039,0.6171,0.0571,0.1257,0,0.03655,0.00000,0.00000,0.00000
26.2539,0.6457,0.0743,0.1429,0,0.03866,0.00000,0.00000,0.00000
26.3040,0.6571,0.0886,0.1543,0,0.03950,0.00000,0.00000,0.00000
26.3540,0.6600,0.0886,0.1543,0,0.03971,0.00000,0.00000,0.00000
26.4040,0.6771,0.1000,0.1686,0,0.04097,0.00000,0.00000,0.00000
26.4540,0.7000,0.1029,0.1771,0,0.04265,0.00000,0.00000,0.00000
26.5040,0.7171,0.1029,0.1800,0,0.04391,0.00000,0.00000,0.00000
26.5540,0.7286,0.1029,0.1829,0,0.04475,0.00000,0.00000,0.00000
26.6040,0.7829,0.0971,0.1857,0,0.04874,0.00000,0.00000,0.00000
26.6540,0.8029,0.0971,0.1886,0,0.05000,0.00000,0.00000,0.00000
26.7040,0.7971,0.1000,0.1914,0,0.04979,0.00000,0.00000,0.00000
26.7540,0.8143,0.0971,0.1914,0,0.05000,0.00000,0.00000,0.00000
26.8040,0.8171,0.0971,0.1943,0,0.05000,0.00000,0.00000,0.00000
26.8540,0.8200,0.1029,0.1943,0,0.05000,0.00000,0.00000,0.00000
26.9040,0.8200,0.1086,0.1943,0,0.05000,0.00000,0.00000,0.00000
26.9540,0.8229,0.1114,0.1943,0,0.05000,0.00000,0.00000,0.00000
27.0040,0.8286,0.1229,0.1914,0,0.05000,0.00021,0.00000,0.00000
27.0540,0.8257,0.1286,0.1914,0,0.05000,0.00063,0.00000,0.00000
27.1041,0.8286,0.1343,0.1857,0,0.04999,0.00105,0.00000,0.00000
27.1541,0.8286,0.1371,0.1886,0,0.04998,0.00126,0.00000,0.00000
27.2041,0.8314,0.1429,0.1857,0,0.04997,0.00168,0.00000,0.00000
27.2541,0.8286,0.1486,0.1886,0,0.04996,0.00210,0.00000,0.00000
27.3041,0.8314,0.1514,0.1857,0,0.04995,0.00231,0.00000,0.00000
27.3541,0.8314,0.1543,0.1857,0,0.04994,0.00252,0.00000,0.00000
27.4041,0.8314,0.1571,0.1857,0,0.04993,0.00273,0.00000,0.00000
27.4541,0.8314,0.1600,0.1857,0,0.04991,0.00294,0.00000,0.00000
27.5041,0.8314,0.1600,0.1857,0,0.04991,0.00294,0.00000,0.00000
27.5542,0.8286,0.1600,0.1857,0,0.04991,0.00294,0.00000,0.00000
27.6042,0.8286,0.1629,0.1857,0,0.04990,0.00315,0.00000,0.00000
27.6542,0.8286,0.1600,0.1857,0,0.04991,0.00294,0.00000,0.00000
27.7042,0.8286,0.1600,0.1857,0,0.04991,0.00294,0.00000,0.00000
27.7542,0.8286,0.1600,0.1857,0,0.04991,0.00294,0.00000,0.00000
27.8042,0.8257,0.1600,0.1857,0,0.04991,0.00294,0.00000,0.00000
27.8542,0.8257,0.1600,0.1857,0,0.04991,0.00294,0.00000,0.00000
27.9042,0.8000,0.1343,0.2114,0,0.04999,0.00105,0.00000,0.00000
27.9542,0.6543,0.1314,0.2343,0,0.03929,0.00084,0.00000,0.00000
28.0042,0.4771,0.1429,0.2257,0,0.02626,0.00168,0.00000,0.00000
28.0542,0.3286,0.1343,0.2000,0,0.01534,0.00105,0.00000,0.00000
28.1043,0.2829,0.1200,0.1829,0,0.01197,0.00000,0.00000,0.00000
28.1543,0.2086,0.1057,0.1514,0,0.00651,0.00000,0.00000,0.00000
28.2043,0.1571,0.0886,0.1257,0,0.00273,0.00000,0.00000,0.00000
28.2543,0.0429,0.1114,0.0257,0,0.00000,0.00000,0.00000,0.00000
28.3043,0.0171,0.0886,0.0314,0,0.00000,0.00000,0.00000,0.00000
28.3543,0.0000,0.0714,0.0343,0,0.00000,0.00000,0.00000,0.00000
28.4043,0.0000,0.0486,0.0571,0,0.00000,0.00000,0.00000,0.00000
28.4543,0.0000,0.0314,0.1000,0,0.00000,0.00000,0.00000,0.00000
28.5043,-0.0429,0.0171,0.1257,0,0.00000,0.00000,0.00000,0.00260
28.5543,-0.0686,0.0057,0.1400,0,0.00000,0.00000,0.00000,0.00909
28.6043,-0.0971,0.0000,0.1629,0,0.00000,0.00000,0.00000,0.00000
28.6543,-0.1029,0.0000,0.1657,0,0.00000,0.00000,0.00000,0.00000
28.7043,-0.0857,0.0000,0.1571,0,0.00000,0.00000,0.00000,0.00000
28.7543,-0.0343,0.0000,0.1200,0,0.00000,0.00000,0.00000,0.00000
28.8043,0.0000,0.0000,0.0257,0,0.00000,0.00000,0.00000,0.00000
28.8543,0.0000,0.0000,0.0000,0,0.00000,0.00000,0.00000,0.00000
28.9043,0.0000,0.0000,0.0000,0,0.00000,0.00000,0.00000,0.00000
28.9544,0.0000,0.0000,0.0000,0,0.00000,0.00000,0.00000,0.00000
29.0044,0.0000,0.0000,0.0000,0,0.00000,0.00000,0.00000,0.00000
29.0544,0.0000,0.0000,0.0000,0,0.00000,0.00000,0.00000,0.00000
29.1044,0.0000,0.0000,0.0000,0,0.00000,0.00000,0.00000,0.00000
29.1544,0.0000,0.0000,0.0000,0,0.00000,0.00000,0.00000,0.00000
29.2044,0.0000,0.0000,0.0000,0,0.00000,0.00000,0.00000,0.00000
29.2544,0.0000,0.0000,0.0000,0,0.00000,0.00000,0.00000,0.00000
29.3044,0.0000,0.0000,0.0000,0,0.00000,0.00000,0.00000,0.00000
29.3544,0.0000,0.0000,0.0000,0,0.00000,0.00000,0.00000,0.00000
29.4044,0.0000,0.0000,0.0000,0,0.00000,0.00000,0.00000,0.00000
29.4544,0.0000,0.0000,0.0000,0,0.00000,0.00000,0.00000,0.00000
29.5044,0.0000,0.0000,0.0000,0,0.00000,0.00000,0.00000,0.00000
29.5544,0.0000,0.0000,0.0000,0,0.00000,0.00000,0.00000,0.00000
29.6045,0.0000,0.0000,0.0000,0,0.00000,0.00000,0.00000,0.00000
29.6545,0.0000,0.0000,0.0000,0,0.00000,0.00000,0.00000,0.00000
29.7045,-0.0371,0.0000,0.0000,0,0.00000,0.00000,0.00000,0.00000
29.7545,-0.1371,0.0143,0.0000,0,-0.00126,0.00000,0.00000,0.00000
29.8045,-0.1543,0.0000,0.0000,0,-0.00252,0.00000,0.00000,0.00000
29.8545,-0.1314,0.0000,0.0000,0,-0.00084,0.00000,0.00000,0.00000
29.9045,-0.1343,0.0000,0.0000,0,-0.00105,0.00000,0.00000,0.00000
29.9545,-0.1486,0.0000,0.0000,0,-0.00210,0.00000,0.00000,0.00000
30.0045,-0.1657,0.0000,0.0000,0,-0.00336,0.00000,0.00000,0.00000
30.0545,-0.1800,0.0000,0.0000,0,-0.00441,0.00000,0.00000,0.00000
30.1045,-0.2486,0.0000,0.0000,0,-0.00945,0.00000,0.00000,0.00000
30.1545,-0.3029,0.0000,0.0000,0,-0.01345,0.00000,0.00000,0.00000
30.2045,-0.3686,0.0000,0.0000,0,-0.01828,0.00000,0.00000,0.00000
30.2545,-0.4029,0.0000,0.0000,0,-0.02080,0.00000,0.00000,0.00000
30.3045,-0.4171,0.0000,0.0000,0,-0.02185,0.00000,0.00000,0.00000
30.3545,-0.4400,0.0000,0.0000,0,-0.02353,0.00000,0.00000,0.00000
30.4045,-0.4486,0.0000,0.0000,0,-0.02416,0.00000,0.00000,0.00000
30.4545,-0.4543,0.0000,0.0000,0,-0.02458,0.00000,0.00000,0.00000
30.5046,-0.4800,0.0000,0.0000,0,-0.02647,0.00000,0.00000,0.00000
30.5546,-0.4771,0.0000,0.0000,0,-0.02626,0.00000,0.00000,0.00000
30.6046,-0.4829,0.0000,0.0000,0,-0.02668,0.00000,0.00000,0.00000
30.6546,-0.4829,0.0000,0.0000,0,-0.02668,0.00000,0.00000,0.00000
30.7046,-0.4771,0.0000,0.0000,0,-0.02626,0.00000,0.00000,0.00000
30.7546,-0.4800,0.0000,0.0000,0,-0.02647,0.00000,0.00000,0.00000
30.8046,-0.4800,0.0000,0.0000,0,-0.02647,0.00000,0.00000,0.00000
30.8546,-0.4914,0.0000,0.0000,0,-0.02731,0.00000,0.00000,0.00000
30.9046,-0.4914,0.0000,0.0000,0,-0.02731,0.00000,0.00000,0.00000
30.9546,-0.5057,0.0000,0.0000,0,-0.02836,0.00000,0.00000,0.00000
31.0046,-0.5143,0.0000,0.0000,0,-0.02899,0.00000,0.00000,0.00000
31.0546,-0.5200,0.0000,0.0000,0,-0.02941,0.00000,0.00000,0.00000
31.1046,-0.5286,0.0000,0.0000,0,-0.03004,0.00000,0.00000,0.00000
31.1546,-0.5286,0.0000,0.0000,0,-0.03004,0.00000,0.00000,0.00000
31.2047,-0.5257,0.0000,0.0000,0,-0.02983,0.00000,0.00000,0.00000
31.2547,-0.5400,0.0000,0.0000,0,-0.03088,0.00000,0.00000,0.00000
31.3047,-0.5400,0.0000,0.0000,0,-0.03088,0.00000,0.00000,0.00000
31.3547,-0.5429,0.0000,0.0000,0,-0.03109,0.00000,0.00000,0.00000
31.4047,-0.5429,0.0000,0.0000,0,-0.03109,0.00000,0.00000,0.00000
31.4547,-0.5657,0.0000,0.0000,0,-0.03277,0.00000,0.00000,0.00000
31.5047,-0.5657,0.0000,0.0000,0,-0.03277,0.00000,0.00000,0.00000
31.5547,-0.5657,0.0000,0.0000,0,-0.03277,0.00000,0.00000,0.00000
31.6047,-0.5514,0.0000,0.0000,0,-0.03172,0.00000,0.00000,0.00000
31.6547,-0.5371,0.0000,0.0000,0,-0.03067,0.00000,0.00000,0.00000
31.7047,-0.5400,0.0000,0.0000,0,-0.03088,0.00000,0.00000,0.00000
31.7547,-0.5514,0.0000,0.0000,0,-0.03172,0.00000,0.00000,0.00000
31.8048,-0.5600,0.0000,0.0000,0,-0.03235,0.00000,0.00000,0.00000
31.8548,-0.5714,0.0000,0.0000,0,-0.03319,0.00000,0.00000,0.00000
31.9048,-0.5771,0.0000,0.0000,0,-0.03361,0.00000,0.00000,0.00000
31.9548,-0.5714,0.0000,0.0000,0,-0.03319,0.00000,0.00000,0.00000
32.0048,-0.5629,0.0000,0.0000,0,-0.03256,0.00000,0.00000,0.00000
32.0548,-0.5514,0.0000,0.0000,0,-0.03172,0.00000,0.00000,0.00000
32.1048,-0.5314,0.0000,0.0000,0,-0.03025,0.00000,0.00000,0.00000
32.1548,-0.4943,0.0000,0.0000,0,-0.02752,0.00000,0.00000,0.00000
32.2048,-0.4686,0.0000,0.0000,0,-0.02563,0.00000,0.00000,0.00000
32.2548,-0.3600,0.0000,0.0000,0,-0.01765,0.00000,0.00000,0.00000
32.3048,-0.1429,0.0000,0.0000,0,-0.00168,0.00000,0.00000,0.00000
32.3548,0.0000,0.0000,0.0000,0,0.00000,0.00000,0.00000,0.00000
32.4048,0.0000,0.0000,0.0000,0,0.00000,0.00000,0.00000,0.00000
32.4549,0.0000,0.0000,0.0000,0,0.00000,0.00000,0.00000,0.00000
32.5049,0.0000,0.0000,0.0000,0,0.00000,0.00000,0.00000,0.00000
32.5549,0.0000,0.0000,0.0000,0,0.00000,0.00000,0.00000,0.00000
32.6049,0.0000,0.0000,0.0000,0,0.00000,0.00000,0.00000,0.00000
32.6549,0.0000,0.0000,0.0000,0,0.00000,0.00000,0.00000,0.00000
32.7049,0.0000,0.0000,0.0000,0,0.00000,0.00000,0.00000,0.00000
32.7549,0.0000,0.0000,0.0000,0,0.00000,0.00000,0.00000,0.00000
32.8049,0.0000,0.0000,0.0000,0,0.00000,0.00000,0.00000,0.00000
32.8549,0.0000,0.0000,0.0000,0,0.00000,0.00000,0.00000,0.00000
32.9049,0.0000,0.0000,0.0000,0,0.00000,0.00000,0.00000,0.00000
32.9550,0.0000,0.0000,0.0000,0,0.00000,0.00000,0.00000,0.00000
33.0050,0.0000,0.0000,0.0000,0,0.00000,0.00000,0.00000,0.00000
33.0550,0.0000,0.0000,0.0000,0,0.00000,0.00000,0.00000,0.00000
33.1050,0.0000,0.0000,0.0000,0,0.00000,0.00000,0.00000,0.00000
33.1550,0.0000,0.0000,0.0000,0,0.00000,0.00000,0.00000,0.00000
33.2050,0.0000,0.0000,0.0000,0,0.00000,0.00000,0.00000,0.00000
33.2550,0.0000,0.0000,0.0000,0,0.00000,0.00000,0.00000,0.00000
33.3050,0.0000,0.0000,0.0000,0,0.00000,0.00000,0.00000,0.00000
33.3550,0.0000,0.0000,0.0000,0,0.00000,0.00000,0.00000,0.00000
33.4050,0.0000,0.0000,0.0000,0,0.00000,0.00000,0.00000,0.00000
33.4550,0.0000,0.0000,0.0000,0,0.00000,0.00000,0.00000,0.00000
33.5050,0.0000,0.0000,0.0000,0,0.00000,0.00000,0.00000,0.00000
33.5550,0.0000,0.0000,0.0000,0,0.00000,0.00000,0.00000,0.00000
33.6051,0.0000,0.0000,0.0000,0,0.00000,0.00000,0.00000,0.00000
33.6551,0.0000,0.0000,0.0000,0,0.00000,0.00000,0.00000,0.00000
33.7051,0.0000,0.0000,0.0000,0,0.00000,0.00000,0.00000,0.00000
33.7551,0.0000,0.0000,0.0000,0,0.00000,0.00000,0.00000,0.00000
33.8051,0.0000,0.0000,0.0000,0,0.00000,0.00000,0.00000,0.00000
33.8551,0.0000,0.0000,0.0000,0,0.00000,0.00000,0.00000,0.00000
33.9051,0.0000,0.0000,0.0000,0,0.00000,0.00000,0.00000,0.00000
33.9551,0.0000,0.0000,0.0000,0,0.00000,0.00000,0.00000,0.00000
34.0051,0.0000,0.0000,0.0000,0,0.00000,0.00000,0.00000,0.00000
34.0551,0.0000,0.0000,0.0000,0,0.00000,0.00000,0.00000,0.00000
34.1051,0.0000,0.0000,0.0000,0,0.00000,0.00000,0.00000,0.00000
34.1552,0.0000,0.0000,0.0000,0,0.00000,0.00000,0.00000,0.00000
34.2052,0.0000,0.0000,0.0000,0,0.00000,0.00000,0.00000,0.00000
34.2552,0.0000,0.0000,0.0000,0,0.00000,0.00000,0.00000,0.00000
34.3052,0.0000,0.0000,0.0000,0,0.00000,0.00000,0.00000,0.00000
34.3552,0.0000,0.0000,0.0000,0,0.00000,0.00000,0.00000,0.00000
34.4052,0.0000,0.0000,0.0000,0,0.00000,0.00000,0.00000,0.00000
34.4552,0.0000,0.0000,0.0000,0,0.00000,0.00000,0.00000,0.00000
34.5052,0.0000,0.0000,0.0000,0,0.00000,0.00000,0.00000,0.00000
34.5552,0.0000,0.0000,0.0000,0,0.00000,0.00000,0.00000,0.00000
34.6052,0.0000,0.0000,0.0000,0,0.00000,0.00000,0.00000,0.00000
34.6552,0.0000,0.0000,0.0000,0,0.00000,0.00000,0.00000,0.00000
34.7052,0.0000,0.0000,0.0000,0,0.00000,0.00000,0.00000,0.00000
34.7552,0.0000,0.0000,0.0000,0,0.00000,0.00000,0.00000,0.00000
34.8052,0.0000,0.0000,0.0000,0,0.00000,0.00000,0.00000,0.00000
34.8552,0.0000,0.0000,0.0000,0,0.00000,0.00000,0.00000,0.00000
34.9053,0.0000,0.0000,0.0000,0,0.00000,0.00000,0.00000,0.00000
34.9553,0.0000,0.0000,0.0000,0,0.00000,0.00000,0.00000,0.00000
35.0053,0.0000,0.0000,0.0000,0,0.00000,0.00000,0.00000,0.00000
35.0553,0.0000,0.0000,0.0000,0,0.00000,0.00000,0.00000,0.00000
35.1053,0.0000,0.0000,0.0000,0,0.00000,0.00000,0.00000,0.00000
35.1553,0.0000,0.0000,0.0000,0,0.00000,0.00000,0.00000,0.00000
35.2053,0.0000,0.0000,0.0000,0,0.00000,0.00000,0.00000,0.00000
35.2553,0.0000,0.0000,0.0000,0,0.00000,0.00000,0.00000,0.00000
35.3053,0.0000,0.0000,0.0000,0,0.00000,0.00000,0.00000,0.00000
35.3553,0.0000,0.0000,0.0000,0,0.00000,0.00000,0.00000,0.00000
35.4053,0.0000,0.0000,0.0000,0,0.00000,0.00000,0.00000,0.00000
35.4553,0.0000,0.0000,0.0000,0,0.00000,0.00000,0.00000,0.00000
35.5053,0.0000,0.0000,0.0000,0,0.00000,0.00000,0.00000,0.00000
35.5553,0.0000,0.0000,0.0000,0,0.00000,0.00000,0.00000,0.00000
35.6053,0.0000,0.0000,0.0000,0,0.00000,0.00000,0.00000,0.00000
35.6554,0.0000,0.0000,0.0000,0,0.00000,0.00000,0.00000,0.00000
35.7054,0.0000,0.0000,0.0000,0,0.00000,0.00000,0.00000,0.00000
35.7554,0.0000,0.0000,0.0000,0,0.00000,0.00000,0.00000,0.00000
35.8054,0.0000,0.0000,0.0000,0,0.00000,0.00000,0.00000,0.00000
35.8554,0.0000,0.0000,0.0000,0,0.00000,0.00000,0.00000,0.00000
35.9054,0.0000,0.0000,0.0000,0,0.00000,0.00000,0.00000,0.00000
35.9554,0.0000,0.0000,0.0000,0,0.00000,0.00000,0.00000,0.00000
36.0054,0.0000,0.0000,0.0000,0,0.00000,0.00000,0.00000,0.00000
36.0554,0.0000,0.0000,0.0000,0,0.00000,0.00000,0.00000,0.00000
36.1054,0.0000,0.0000,0.0000,0,0.00000,0.00000,0.00000,0.00000
36.1554,0.0000,0.0000,0.0000,0,0.00000,0.00000,0.00000,0.00000
36.2054,0.0000,0.0000,0.0000,0,0.00000,0.00000,0.00000,0.00000
36.2554,0.0000,0.0000,0.0000,0,0.00000,0.00000,0.00000,0.00000
36.3054,0.0000,0.0000,0.0000,0,0.00000,0.00000,0.00000,0.00000
36.3554,0.0000,0.0000,0.0000,0,0.00000,0.00000,0.00000,0.00000
36.4054,0.0000,0.0000,0.0000,0,0.00000,0.00000,0.00000,0.00000
36.4554,0.0000,0.0000,0.0000,0,0.00000,0.00000,0.00000,0.00000
36.5054,0.0000,0.0000,0.0000,0,0.00000,0.00000,0.00000,0.00000
36.5555,0.0000,0.0000,0.0000,0,0.00000,0.00000,0.00000,0.00000
36.6055,0.0000,0.0000,0.0000,0,0.00000,0.00000,0.00000,0.00000
36.6555,0.0000,0.0000,0.0000,-1,0.00000,0.00000,-0.05000,0.00000
36.7055,0.0000,0.0000,0.0000,-1,0.00000,0.00000,-0.05000,0.00000
36.7555,0.0000,0.0000,0.0000,-1,0.00000,0.00000,-0.05000,0.00000
36.8055,0.0000,0.0000,0.0000,-1,0.00000,0.00000,-0.05000,0.00000
36.8555,0.0000,0.0000,0.0000,-1,0.00000,0.00000,-0.05000,0.00000
36.9055,0.0000,0.0000,0.0000,-1,0.00000,0.00000,-0.05000,0.00000
36.9555,0.0000,0.0000,0.0000,-1,0.00000,0.00000,-0.05000,0.00000
37.0055,0.0000,0.0000,0.0000,-1,0.00000,0.00000,-0.05000,0.00000
37.0555,0.0000,0.0000,0.0000,-1,0.00000,0.00000,-0.05000,0.00000
37.1055,0.0000,0.0000,0.0000,-1,0.00000,0.00000,-0.05000,0.00000
37.1555,0.0000,0.0000,0.0000,-1,0.00000,0.00000,-0.05000,0.00000
37.2055,0.0000,0.0000,0.0000,-1,0.00000,0.00000,-0.05000,0.00000
37.2555,0.0000,0.0000,0.0000,-1,0.00000,0.00000,-0.05000,0.00000
37.3055,0.0000,0.0000,0.0000,-1,0.00000,0.00000,-0.05000,0.00000
37.3555,0.0000,0.0000,0.0000,-1,0.00000,0.00000,-0.05000,0.00000
37.4056,0.0000,0.0000,0.0000,-1,0.00000,0.00000,-0.05000,0.00000
37.4556,0.0000,0.0000,0.0000,-1,0.00000,0.00000,-0.05000,0.00000
37.5056,0.0000,0.0000,0.0000,-1,0.00000,0.00000,-0.05000,0.00000
37.5556,0.0000,0.0000,0.0000,-1,0.00000,0.00000,-0.05000,0.00000
37.6056,0.0000,0.0000,0.0000,-1,0.00000,0.00000,-0.05000,0.00000
37.6556,0.0000,0.0000,0.0000,-1,0.00000,0.00000,-0.05000,0.00000
37.7056,0.0000,0.0000,0.0000,-1,0.00000,0.00000,-0.05000,0.00000
37.7556,0.0000,0.0000,0.0000,-1,0.00000,0.00000,-0.05000,0.00000
37.8056,0.0000,0.0000,0.0000,-1,0.00000,0.00000,-0.05000,0.00000
37.8556,0.0000,0.0000,0.0000,-1,0.00000,0.00000,-0.05000,0.00000
37.9056,0.0000,0.0000,0.0000,-1,0.00000,0.00000,-0.05000,0.00000
37.9556,0.0000,0.0000,0.0000,-1,0.00000,0.00000,-0.05000,0.00000
38.0056,0.0000,0.0000,0.0000,-1,0.00000,0.00000,-0.05000,0.00000
38.0556,0.0000,0.0000,0.0000,-1,0.00000,0.00000,-0.05000,0.00000
38.1056,0.0000,0.0000,0.0000,-1,0.00000,0.00000,-0.05000,0.00000
38.1557,0.0000,0.0000,0.0000,-1,0.00000,0.00000,-0.05000,0.00000
38.2057,0.0000,0.0000,0.0000,-1,0.00000,0.00000,-0.05000,0.00000
38.2557,0.0000,0.0000,0.0000,-1,0.00000,0.00000,-0.05000,0.00000
38.3057,0.0000,0.0000,0.0000,-1,0.00000,0.00000,-0.05000,0.00000
38.3557,0.0000,0.0000,0.0000,-1,0.00000,0.00000,-0.05000,0.00000
38.4057,0.0000,0.0000,0.0000,-1,0.00000,0.00000,-0.05000,0.00000
38.4557,0.0000,0.0000,0.0000,-1,0.00000,0.00000,-0.05000,0.00000
38.5057,0.0000,0.0000,0.0000,-1,0.00000,0.00000,-0.05000,0.00000
38.5557,0.0000,0.0000,0.0000,-1,0.00000,0.00000,-0.05000,0.00000
38.6057,0.0000,0.0000,0.0000,0,0.00000,0.00000,0.00000,0.00000
38.6557,0.0000,0.0000,0.0000,0,0.00000,0.00000,0.00000,0.00000
38.7057,0.0000,0.0000,0.0000,0,0.00000,0.00000,0.00000,0.00000
38.7557,0.0000,0.0000,0.0000,0,0.00000,0.00000,0.00000,0.00000
38.8057,0.0000,0.0000,0.0000,0,0.00000,0.00000,0.00000,0.00000
38.8557,0.0000,0.0000,0.0000,0,0.00000,0.00000,0.00000,0.00000
38.9057,0.0000,0.0000,0.0000,0,0.00000,0.00000,0.00000,0.00000
38.9558,0.0000,0.0000,0.0000,0,0.00000,0.00000,0.00000,0.00000
39.0058,0.0000,0.0000,0.0000,0,0.00000,0.00000,0.00000,0.00000
39.0558,0.0000,0.0000,0.0000,0,0.00000,0.00000,0.00000,0.00000
39.1058,0.0000,0.0000,0.0000,0,0.00000,0.00000,0.00000,0.00000
39.1558,0.0000,0.0000,0.0000,0,0.00000,0.00000,0.00000,0.00000
39.2058,0.0000,0.0000,0.0000,0,0.00000,0.00000,0.00000,0.00000
39.2558,0.0000,0.0000,0.0000,0,0.00000,0.00000,0.00000,0.00000
39.3058,0.0000,0.0000,0.0000,0,0.00000,0.00000,0.00000,0.00000
39.3558,0.0000,0.0000,0.0000,1,0.00000,0.00000,0.05000,0.00000
39.4058,0.0000,0.0000,0.0000,1,0.00000,0.00000,0.05000,0.00000
39.4558,0.0000,0.0000,0.0000,1,0.00000,0.00000,0.05000,0.00000
39.5059,0.0000,0.0000,0.0000,1,0.00000,0.00000,0.05000,0.00000
39.5559,0.0000,0.0000,0.0000,1,0.00000,0.00000,0.05000,0.00000
39.6059,0.0000,0.0000,0.0000,1,0.00000,0.00000,0.05000,0.00000
39.6559,0.0000,0.0000,0.0000,1,0.00000,0.00000,0.05000,0.00000
39.7059,0.0000,0.0000,0.0000,1,0.00000,0.00000,0.05000,0.00000
39.7559,0.0000,0.0000,0.0000,1,0.00000,0.00000,0.05000,0.00000
39.8059,0.0000,0.0000,0.0000,1,0.00000,0.00000,0.05000,0.00000
39.8559,0.0000,0.0000,0.0000,1,0.00000,0.00000,0.05000,0.00000
39.9059,0.0000,0.0000,0.0000,1,0.00000,0.00000,0.05000,0.00000
39.9559,0.0000,0.0000,0.0000,1,0.00000,0.00000,0.05000,0.00000
40.0059,0.0000,0.0000,0.0000,1,0.00000,0.00000,0.05000,0.00000
40.0559,0.0000,0.0000,0.0000,1,0.00000,0.00000,0.05000,0.00000
40.1059,0.0000,0.0000,0.0000,1,0.00000,0.00000,0.05000,0.00000
40.1560,0.0000,0.0000,0.0000,1,0.00000,0.00000,0.05000,0.00000
40.2060,0.0000,0.0000,0.0000,1,0.00000,0.00000,0.05000,0.00000
40.2560,0.0000,0.0000,0.0000,1,0.00000,0.00000,0.05000,0.00000
40.3060,0.0000,0.0000,0.0000,1,0.00000,0.00000,0.05000,0.00000
40.3560,0.0000,0.0000,0.0000,1,0.00000,0.00000,0.05000,0.00000
40.4060,0.0000,0.0000,0.0000,1,0.00000,0.00000,0.05000,0.00000
40.4560,0.0000,0.0000,0.0000,1,0.00000,0.00000,0.05000,0.00000
40.5060,0.0000,0.0000,0.0000,1,0.00000,0.00000,0.05000,0.00000
40.5560,0.0000,0.0000,0.0000,1,0.00000,0.00000,0.05000,0.00000
40.6060,0.0000,0.0000,0.0000,1,0.00000,0.00000,0.05000,0.00000
40.6560,0.0000,0.0000,0.0000,1,0.00000,0.00000,0.05000,0.00000
40.7060,0.0000,0.0000,0.0000,1,0.00000,0.00000,0.05000,0.00000
40.7560,0.0000,0.0000,0.0000,1,0.00000,0.00000,0.05000,0.00000
40.8060,0.0000,0.0000,0.0000,1,0.00000,0.00000,0.05000,0.00000
40.8561,0.0000,0.0000,0.0000,1,0.00000,0.00000,0.05000,0.00000
40.9061,0.0000,0.0000,0.0000,1,0.00000,0.00000,0.05000,0.00000
40.9561,0.0000,0.0000,0.0000,1,0.00000,0.00000,0.05000,0.00000
41.0061,0.0000,0.0000,0.0000,1,0.00000,0.00000,0.05000,0.00000
41.0561,0.0000,0.0000,0.0000,1,0.00000,0.00000,0.05000,0.00000
41.1061,0.0000,0.0000,0.0000,1,0.00000,0.00000,0.05000,0.00000
41.1561,0.0000,0.0000,0.0000,1,0.00000,0.00000,0.05000,0.00000
41.2061,0.0000,0.0000,0.0000,1,0.00000,0.00000,0.05000,0.00000
41.2561,0.0000,0.0000,0.0000,1,0.00000,0.00000,0.05000,0.00000
41.3061,0.0000,0.0000,0.0000,1,0.00000,0.00000,0.05000,0.00000
41.3561,0.0000,0.0000,0.0000,1,0.00000,0.00000,0.05000,0.00000
41.4061,0.0000,0.0000,0.0000,1,0.00000,0.00000,0.05000,0.00000
41.4562,0.0000,0.0000,0.0000,0,0.00000,0.00000,0.00000,0.00000
41.5062,0.0000,0.0000,0.0000,0,0.00000,0.00000,0.00000,0.00000
41.5562,0.0000,0.0000,0.0000,0,0.00000,0.00000,0.00000,0.00000
41.6062,0.0000,0.0000,0.0000,0,0.00000,0.00000,0.00000,0.00000
41.6562,0.0000,0.0000,0.0000,0,0.00000,0.00000,0.00000,0.00000
41.7062,0.0000,0.0000,0.0000,0,0.00000,0.00000,0.00000,0.00000
41.7562,0.0000,-0.0371,0.0543,0,0.00000,0.00000,0.00000,0.00000
41.8062,0.0000,-0.0429,0.1429,0,0.00000,0.00000,0.00000,0.01039
41.8562,0.0000,-0.0057,0.1457,0,0.00000,0.00000,0.00000,0.01169
41.9062,0.0000,0.0000,0.0000,0,0.00000,0.00000,0.00000,0.00000
41.9562,0.0000,0.0000,0.0000,0,0.00000,0.00000,0.00000,0.00000
42.0062,0.0000,0.0000,0.0000,0,0.00000,0.00000,0.00000,0.00000
42.0562,0.0000,0.0000,0.0371,0,0.00000,0.00000,0.00000,0.00000
42.1062,0.0000,0.0000,0.3971,0,0.00000,0.00000,0.00000,0.12597
42.1563,0.0000,0.0000,0.6343,0,0.00000,0.00000,0.00000,0.23377
42.2063,0.0000,0.0000,0.9143,0,0.00000,0.00000,0.00000,0.36104
42.2563,0.0000,0.0000,0.9771,0,0.00000,0.00000,0.00000,0.38961
42.3063,0.0000,0.0000,1.0000,0,0.00000,0.00000,0.00000,0.40000
42.3563,0.0000,0.0000,1.0000,0,0.00000,0.00000,0.00000,0.40000
42.4063,0.0000,0.0000,1.0000,0,0.00000,0.00000,0.00000,0.40000
42.4563,0.0000,0.0000,1.0000,0,0.00000,0.00000,0.00000,0.40000
42.5063,0.0000,0.0000,1.0000,0,0.00000,0.00000,0.00000,0.40000
42.5563,0.0000,0.0000,1.0000,0,0.00000,0.00000,0.00000,0.40000
42.6063,0.0000,0.0000,1.0000,0,0.00000,0.00000,0.00000,0.40000
42.6563,0.0000,0.0000,1.0000,0,0.00000,0.00000,0.00000,0.40000
42.7063,0.0000,0.0000,1.0000,0,0.00000,0.00000,0.00000,0.40000
42.7563,0.0000,0.0000,1.0000,0,0.00000,0.00000,0.00000,0.40000
42.8063,0.0000,0.0000,1.0000,0,0.00000,0.00000,0.00000,0.40000
42.8563,0.0000,0.0000,1.0000,0,0.00000,0.00000,0.00000,0.40000
42.9063,0.0000,0.0000,1.0000,0,0.00000,0.00000,0.00000,0.40000
42.9563,0.0000,0.0000,1.0000,0,0.00000,0.00000,0.00000,0.40000
43.0063,0.0000,0.0000,1.0000,0,0.00000,0.00000,0.00000,0.40000
43.0564,0.0000,0.0000,1.0000,0,0.00000,0.00000,0.00000,0.40000
43.1064,0.0000,0.0000,1.0000,0,0.00000,0.00000,0.00000,0.40000
43.1564,0.0000,0.0000,1.0000,0,0.00000,0.00000,0.00000,0.40000
43.2064,0.0000,0.0000,1.0000,0,0.00000,0.00000,0.00000,0.40000
43.2564,0.0000,0.0000,1.0000,0,0.00000,0.00000,0.00000,0.40000
43.3064,0.0000,0.0000,1.0000,0,0.00000,0.00000,0.00000,0.40000
43.3564,0.0000,0.0000,1.0000,0,0.00000,0.00000,0.00000,0.40000
43.4064,0.0000,0.0000,1.0000,0,0.00000,0.00000,0.00000,0.40000
43.4564,0.0000,0.0000,1.0000,0,0.00000,0.00000,0.00000,0.40000
43.5064,0.0000,0.0000,1.0000,0,0.00000,0.00000,0.00000,0.40000
43.5564,0.0000,0.0000,1.0000,0,0.00000,0.00000,0.00000,0.40000
43.6064,0.0000,0.0000,1.0000,0,0.00000,0.00000,0.00000,0.40000
43.6564,0.0000,0.0000,1.0000,0,0.00000,0.00000,0.00000,0.40000
43.7065,0.0000,0.0000,1.0000,0,0.00000,0.00000,0.00000,0.40000
43.7565,0.0000,-0.0143,0.9371,0,0.00000,0.00000,0.00000,0.37143
43.8065,0.0000,0.0000,0.5543,0,0.00000,0.00000,0.00000,0.19740
43.8565,0.0057,0.0514,0.1000,0,0.00000,0.00000,0.00000,0.00000
43.9065,0.0000,0.0000,0.0000,0,0.00000,0.00000,0.00000,0.00000
43.9565,0.0000,0.0000,0.0000,0,0.00000,0.00000,0.00000,0.00000
44.0065,0.0000,0.0000,0.0000,0,0.00000,0.00000,0.00000,0.00000
44.0565,0.0000,0.0000,0.0000,0,0.00000,0.00000,0.00000,0.00000
44.1065,0.0000,0.0000,0.0000,0,0.00000,0.00000,0.00000,0.00000
44.1565,0.0000,0.0000,0.0000,0,0.00000,0.00000,0.00000,0.00000
44.2065,0.0000,0.0000,0.0000,0,0.00000,0.00000,0.00000,0.00000
44.2565,0.0000,0.0000,0.0000,0,0.00000,0.00000,0.00000,0.00000
44.3065,-0.0114,0.0000,-0.0571,0,0.00000,0.00000,0.00000,0.00000
44.3565,-0.0486,0.0000,-0.2486,0,0.00000,0.00000,0.00000,-0.05844
44.4065,-0.0686,0.0000,-0.3943,0,0.00000,0.00000,0.00000,-0.12468
44.4565,-0.0514,0.0000,-0.5600,0,0.00000,0.00000,0.00000,-0.20000
44.5065,-0.0514,0.0000,-0.7029,0,0.00000,0.00000,0.00000,-0.26494
44.5565,-0.0514,0.0000,-0.8743,0,0.00000,0.00000,0.00000,-0.34286
44.6066,-0.0571,0.0000,-0.9400,0,0.00000,0.00000,0.00000,-0.37273
44.6566,-0.0571,0.0000,-0.9571,0,0.00000,0.00000,0.00000,-0.38052
44.7066,-0.0686,0.0000,-0.9971,0,0.00000,0.00000,0.00000,-0.39870
44.7566,-0.0571,0.0000,-1.0000,0,0.00000,0.00000,0.00000,-0.40000
44.8066,-0.0514,0.0000,-1.0000,0,0.00000,0.00000,0.00000,-0.40000
44.8566,-0.0486,0.0000,-1.0000,0,0.00000,0.00000,0.00000,-0.40000
44.9066,-0.0486,0.0000,-1.0000,0,0.00000,0.00000,0.00000,-0.40000
44.9566,-0.0486,0.0000,-1.0000,0,0.00000,0.00000,0.00000,-0.40000
45.0066,-0.0486,0.0000,-1.0000,0,0.00000,0.00000,0.00000,-0.40000
45.0566,-0.0429,0.0000,-1.0000,0,0.00000,0.00000,0.00000,-0.40000
45.1066,-0.0400,0.0000,-1.0000,0,0.00000,0.00000,0.00000,-0.40000
45.1566,-0.0371,0.0000,-1.0000,0,0.00000,0.00000,0.00000,-0.40000
45.2066,-0.0314,0.0000,-1.0000,0,0.00000,0.00000,0.00000,-0.40000
45.2566,-0.0086,0.0000,-1.0000,0,0.00000,0.00000,0.00000,-0.40000
45.3066,-0.0029,0.0000,-1.0000,0,0.00000,0.00000,0.00000,-0.40000
45.3566,0.0000,0.0000,-1.0000,0,0.00000,0.00000,0.00000,-0.40000
45.4066,0.0000,0.0000,-1.0000,0,0.00000,0.00000,0.00000,-0.40000
45.4567,0.0000,0.0000,-1.0000,0,0.00000,0.00000,0.00000,-0.40000
45.5067,0.0000,0.0000,-1.0000,0,0.00000,0.00000,0.00000,-0.40000
45.5567,0.0000,0.0000,-1.0000,0,0.00000,0.00000,0.00000,-0.40000
45.6067,0.0000,0.0000,-1.0000,0,0.00000,0.00000,0.00000,-0.40000
45.6567,0.0000,0.0000,-1.0000,0,0.00000,0.00000,0.00000,-0.40000
45.7067,0.0000,0.0000,-1.0000,0,0.00000,0.00000,0.00000,-0.40000
45.7567,0.0000,0.0000,-1.0000,0,0.00000,0.00000,0.00000,-0.40000
45.8067,0.0000,0.0000,-1.0000,0,0.00000,0.00000,0.00000,-0.40000
45.8567,-0.0229,0.0029,-1.0000,0,0.00000,0.00000,0.00000,-0.40000
45.9067,0.0000,0.0057,-0.5229,0,0.00000,0.00000,0.00000,-0.18312
45.9567,-0.0200,0.0286,-0.1543,0,0.00000,0.00000,0.00000,-0.01558
46.0067,-0.0314,0.0486,-0.1000,0,0.00000,0.00000,0.00000,0.00000
46.0567,0.0000,0.0114,-0.0457,0,0.00000,0.00000,0.00000,0.00000
46.1067,0.0000,0.0000,-0.0143,0,0.00000,0.00000,0.00000,0.00000
46.1568,-0.0171,0.0000,-0.0914,0,0.00000,0.00000,0.00000,0.00000
46.2068,-0.0286,0.0000,-0.1400,0,0.00000,0.00000,0.00000,-0.00909
46.2568,-0.0486,0.0000,-0.2257,0,0.00000,0.00000,0.00000,-0.04805
46.3068,-0.0543,0.0000,-0.2629,0,0.00000,0.00000,0.00000,-0.06494
46.3568,-0.0429,0.0000,-0.3171,0,0.00000,0.00000,0.00000,-0.08961
46.4068,-0.0429,0.0000,-0.4143,0,0.00000,0.00000,0.00000,-0.13377
46.4568,-0.0029,0.0000,-0.5914,0,0.00000,0.00000,0.00000,-0.21429
46.5068,-0.0343,0.0000,-0.7000,0,0.00000,0.00000,0.00000,-0.26364
46.5568,-0.0971,-0.0457,-0.5629,0,0.00000,0.00000,0.00000,-0.20130
46.6068,-0.0200,-0.0457,-0.2857,0,0.00000,0.00000,0.00000,-0.07532
46.6568,0.0000,0.0000,-0.1086,0,0.00000,0.00000,0.00000,0.00000
46.7069,0.0000,0.0000,0.0000,0,0.00000,0.00000,0.00000,0.00000
46.7569,0.0000,0.0000,0.0000,0,0.00000,0.00000,0.00000,0.00000
46.8069,0.0000,0.0000,0.0000,0,0.00000,0.00000,0.00000,0.00000
46.8569,0.0000,0.0000,0.0000,0,0.00000,0.00000,0.00000,0.00000
46.9069,0.0000,0.0000,0.0000,0,0.00000,0.00000,0.00000,0.00000
46.9569,0.0000,0.0000,0.0000,0,0.00000,0.00000,0.00000,0.00000
47.0069,0.0000,0.0000,0.0000,0,0.00000,0.00000,0.00000,0.00000
47.0569,0.0000,0.0000,0.0000,0,0.00000,0.00000,0.00000,0.00000
47.1069,0.0000,0.0000,0.0000,0,0.00000,0.00000,0.00000,0.00000
47.1569,0.0000,0.0000,0.0000,0,0.00000,0.00000,0.00000,0.00000
47.2069,0.0000,0.0000,0.0000,0,0.00000,0.00000,0.00000,0.00000
47.2569,0.0000,0.0000,0.0000,0,0.00000,0.00000,0.00000,0.00000
47.3069,0.0000,0.0000,0.0000,0,0.00000,0.00000,0.00000,0.00000
47.3569,0.0000,0.0000,0.0000,0,0.00000,0.00000,0.00000,0.00000
47.4069,0.0000,0.0000,0.0000,0,0.00000,0.00000,0.00000,0.00000
47.4570,0.0000,0.0000,0.0000,0,0.00000,0.00000,0.00000,0.00000
47.5070,0.0000,0.0000,0.0000,0,0.00000,0.00000,0.00000,0.00000
47.5570,0.0000,0.0000,0.0000,0,0.00000,0.00000,0.00000,0.00000
47.6070,0.0000,0.0000,0.0000,0,0.00000,0.00000,0.00000,0.00000
47.6570,0.0000,0.0000,0.0000,0,0.00000,0.00000,0.00000,0.00000
47.7070,0.0000,0.0000,0.0000,0,0.00000,0.00000,0.00000,0.00000
47.7570,0.0000,0.0000,0.0000,0,0.00000,0.00000,0.00000,0.00000
47.8070,0.0000,0.0000,0.0000,0,0.00000,0.00000,0.00000,0.00000
47.8570,0.0000,0.0000,0.0000,0,0.00000,0.00000,0.00000,0.00000
47.9070,0.0000,0.0000,0.0000,0,0.00000,0.00000,0.00000,0.00000
47.9570,0.0000,0.0000,0.0000,0,0.00000,0.00000,0.00000,0.00000
48.0070,0.0000,0.0000,0.0000,0,0.00000,0.00000,0.00000,0.00000
48.0570,0.0000,0.0000,0.0000,0,0.00000,0.00000,0.00000,0.00000
48.1070,0.0000,0.0000,0.0000,0,0.00000,0.00000,0.00000,0.00000
48.1570,0.0000,0.0000,0.0000,0,0.00000,0.00000,0.00000,0.00000
48.2070,0.0000,0.0000,0.0000,0,0.00000,0.00000,0.00000,0.00000
48.2570,0.0000,0.0000,0.0000,0,0.00000,0.00000,0.00000,0.00000
48.3070,0.0000,0.0000,0.0000,0,0.00000,0.00000,0.00000,0.00000
48.3571,0.0000,0.0000,0.0000,0,0.00000,0.00000,0.00000,0.00000
48.4071,0.0000,0.0000,0.0000,0,0.00000,0.00000,0.00000,0.00000
48.4571,0.0000,0.0000,0.0000,0,0.00000,0.00000,0.00000,0.00000
48.5071,0.0000,0.0000,0.0000,0,0.00000,0.00000,0.00000,0.00000
48.5571,0.0000,0.0000,0.0000,0,0.00000,0.00000,0.00000,0.00000
48.6071,0.0000,0.0000,0.0000,0,0.00000,0.00000,0.00000,0.00000
48.6571,0.0000,0.0000,0.0000,0,0.00000,0.00000,0.00000,0.00000
48.7071,0.0000,0.0000,0.0000,0,0.00000,0.00000,0.00000,0.00000
48.7571,0.0000,0.0000,0.0000,0,0.00000,0.00000,0.00000,0.00000
48.8071,0.0000,0.0000,0.0000,0,0.00000,0.00000,0.00000,0.00000
48.8571,0.0000,0.0000,0.0000,0,0.00000,0.00000,0.00000,0.00000
48.9071,0.0000,0.0000,0.0000,0,0.00000,0.00000,0.00000,0.00000
48.9571,0.0000,0.0000,0.0000,0,0.00000,0.00000,0.00000,0.00000
49.0071,0.0000,0.0000,0.0000,0,0.00000,0.00000,0.00000,0.00000
49.0572,0.0000,0.0000,0.0000,0,0.00000,0.00000,0.00000,0.00000
49.1072,0.0000,0.0000,0.0000,0,0.00000,0.00000,0.00000,0.00000
49.1572,0.0000,0.0000,0.0000,0,0.00000,0.00000,0.00000,0.00000
49.2072,0.0000,0.0000,0.0000,0,0.00000,0.00000,0.00000,0.00000
49.2572,0.0000,0.0000,0.0000,0,0.00000,0.00000,0.00000,0.00000
49.3072,0.0000,0.0000,0.0000,0,0.00000,0.00000,0.00000,0.00000
49.3572,0.0000,0.0000,0.0000,0,0.00000,0.00000,0.00000,0.00000
49.4072,0.0000,0.0000,0.0000,0,0.00000,0.00000,0.00000,0.00000
49.4572,0.0000,0.0000,0.0000,0,0.00000,0.00000,0.00000,0.00000
49.5072,0.0000,0.0000,0.0000,0,0.00000,0.00000,0.00000,0.00000
49.5572,0.0000,0.0000,0.0000,0,0.00000,0.00000,0.00000,0.00000
49.6072,0.0000,0.0000,0.0000,0,0.00000,0.00000,0.00000,0.00000
49.6572,0.0000,0.0000,0.0000,0,0.00000,0.00000,0.00000,0.00000
49.7073,0.0000,0.0000,0.0000,0,0.00000,0.00000,0.00000,0.00000
49.7573,0.0000,0.0000,0.0000,0,0.00000,0.00000,0.00000,0.00000
49.8073,0.0000,0.0000,0.0000,0,0.00000,0.00000,0.00000,0.00000
49.8573,0.0000,0.0000,0.0000,0,0.00000,0.00000,0.00000,0.00000
49.9073,0.0000,0.0000,0.0000,0,0.00000,0.00000,0.00000,0.00000
49.9573,0.0000,0.0000,0.0000,0,0.00000,0.00000,0.00000,0.00000
50.0073,0.0000,0.0000,0.0000,0,0.00000,0.00000,0.00000,0.00000
50.0573,0.0000,0.0000,0.0000,0,0.00000,0.00000,0.00000,0.00000
50.1073,0.0000,0.0000,0.0000,0,0.00000,0.00000,0.00000,0.00000
50.1573,0.0000,0.1171,0.0000,0,0.00000,0.00000,0.00000,0.00000
50.2073,0.0000,0.1829,0.0000,0,0.00000,0.00092,0.00000,0.00000
50.2573,0.0000,0.2571,0.0000,0,0.00000,0.00202,0.00000,0.00000
50.3073,0.0000,0.3000,0.0000,0,0.00000,0.00265,0.00000,0.00000
50.3573,-0.0171,0.3714,0.0000,0,0.00000,0.00370,0.00000,0.00000
50.4073,-0.0257,0.4343,-0.0057,0,0.00000,0.00462,0.00000,0.00000
50.4574,-0.0400,0.5000,-0.0143,0,0.00000,0.00559,0.00000,0.00000
50.5074,-0.0486,0.5514,-0.0229,0,0.00000,0.00634,0.00000,0.00000
50.5574,-0.0600,0.5714,-0.0229,0,0.00000,0.00664,0.00000,0.00000
50.6074,-0.0714,0.6229,-0.0286,0,0.00000,0.00739,0.00000,0.00000
50.6574,-0.0800,0.6429,-0.0286,0,0.00000,0.00769,0.00000,0.00000
50.7074,-0.1000,0.6857,-0.0257,0,0.00000,0.00832,0.00000,0.00000
50.7574,-0.1114,0.7229,-0.0229,0,0.00000,0.00887,0.00000,0.00000
50.8074,-0.1314,0.7600,-0.0200,0,-0.00017,0.00941,0.00000,0.00000
50.8574,-0.1514,0.8086,-0.0171,0,-0.00046,0.00999,0.00000,0.00000
50.9074,-0.1629,0.8686,-0.0200,0,-0.00063,0.00998,0.00000,0.00000
50.9574,-0.1857,0.9057,-0.0171,0,-0.00096,0.00995,0.00000,0.00000
51.0074,-0.2029,0.9657,-0.0200,0,-0.00121,0.00993,0.00000,0.00000
51.0574,-0.2086,0.9800,-0.0200,0,-0.00129,0.00992,0.00000,0.00000
51.1074,-0.2143,1.0000,-0.0200,0,-0.00137,0.00991,0.00000,0.00000
51.1575,-0.2229,1.0000,-0.0200,0,-0.00150,0.00989,0.00000,0.00000
51.2075,-0.2257,1.0000,-0.0171,0,-0.00154,0.00988,0.00000,0.00000
51.2575,-0.2343,1.0000,-0.0171,0,-0.00166,0.00986,0.00000,0.00000
51.3075,-0.2343,1.0000,-0.0143,0,-0.00166,0.00986,0.00000,0.00000
51.3575,-0.2400,1.0000,-0.0143,0,-0.00174,0.00985,0.00000,0.00000
51.4075,-0.2429,1.0000,-0.0143,0,-0.00178,0.00984,0.00000,0.00000
51.4575,-0.2457,1.0000,-0.0143,0,-0.00182,0.00983,0.00000,0.00000
51.5075,-0.2486,1.0000,-0.0143,0,-0.00186,0.00983,0.00000,0.00000
51.5575,-0.2486,1.0000,-0.0171,0,-0.00186,0.00983,0.00000,0.00000
51.6075,-0.2514,1.0000,-0.0171,0,-0.00190,0.00982,0.00000,0.00000
51.6575,-0.2514,1.0000,-0.0200,0,-0.00190,0.00982,0.00000,0.00000
51.7075,-0.2543,1.0000,-0.0200,0,-0.00194,0.00981,0.00000,0.00000
51.7575,-0.2600,1.0000,-0.0200,0,-0.00202,0.00979,0.00000,0.00000
51.8075,-0.2600,1.0000,-0.0200,0,-0.00202,0.00979,0.00000,0.00000
51.8575,-0.2600,1.0000,-0.0229,0,-0.00202,0.00979,0.00000,0.00000
51.9076,-0.2600,1.0000,-0.0257,0,-0.00202,0.00979,0.00000,0.00000
51.9576,-0.2600,1.0000,-0.0257,0,-0.00202,0.00979,0.00000,0.00000
52.0076,-0.2571,1.0000,-0.0257,0,-0.00198,0.00980,0.00000,0.00000
52.0576,-0.2514,1.0000,-0.0257,0,-0.00190,0.00982,0.00000,0.00000
52.1076,-0.2514,1.0000,-0.0286,0,-0.00190,0.00982,0.00000,0.00000
52.1576,-0.2486,1.0000,-0.0286,0,-0.00186,0.00983,0.00000,0.00000
52.2076,-0.2429,1.0000,-0.0286,0,-0.00178,0.00984,0.00000,0.00000
52.2576,-0.2429,1.0000,-0.0286,0,-0.00178,0.00984,0.00000,0.00000
52.3076,-0.2400,1.0000,-0.0286,0,-0.00174,0.00985,0.00000,0.00000
52.3576,-0.2429,1.0000,-0.0286,0,-0.00178,0.00984,0.00000,0.00000
52.4076,-0.2429,1.0000,-0.0286,0,-0.00178,0.00984,0.00000,0.00000
52.4577,-0.2429,1.0000,-0.0286,0,-0.00178,0.00984,0.00000,0.00000
52.5077,-0.2429,1.0000,-0.0286,0,-0.00178,0.00984,0.00000,0.00000
52.5577,-0.2429,1.0000,-0.0286,0,-0.00178,0.00984,0.00000,0.00000
52.6077,-0.2400,1.0000,-0.0286,0,-0.00174,0.00985,0.00000,0.00000
52.6577,-0.2371,1.0000,-0.0286,0,-0.00170,0.00985,0.00000,0.00000
52.7077,-0.2371,1.0000,-0.0286,0,-0.00170,0.00985,0.00000,0.00000
52.7577,-0.2343,1.0000,-0.0314,0,-0.00166,0.00986,0.00000,0.00000
52.8077,-0.2314,1.0000,-0.0314,0,-0.00162,0.00987,0.00000,0.00000
52.8577,-0.2343,1.0000,-0.0314,0,-0.00166,0.00986,0.00000,0.00000
52.9077,-0.2314,1.0000,-0.0314,0,-0.00162,0.00987,0.00000,0.00000
52.9577,-0.2314,1.0000,-0.0314,0,-0.00162,0.00987,0.00000,0.00000
53.0077,-0.2314,1.0000,-0.0314,0,-0.00162,0.00987,0.00000,0.00000
53.0577,-0.2314,1.0000,-0.0314,0,-0.00162,0.00987,0.00000,0.00000
53.1078,-0.2286,1.0000,-0.0314,0,-0.00158,0.00987,0.00000,0.00000
53.1578,-0.2257,1.0000,-0.0314,0,-0.00154,0.00988,0.00000,0.00000
53.2078,-0.2171,1.0000,-0.0314,0,-0.00141,0.00990,0.00000,0.00000
53.2578,-0.2143,1.0000,-0.0314,0,-0.00137,0.00991,0.00000,0.00000
53.3078,-0.2086,1.0000,-0.0286,0,-0.00129,0.00992,0.00000,0.00000
53.3578,-0.2086,1.0000,-0.0286,0,-0.00129,0.00992,0.00000,0.00000
53.4078,-0.2057,1.0000,-0.0286,0,-0.00125,0.00992,0.00000,0.00000
53.4578,-0.2086,1.0000,-0.0286,0,-0.00129,0.00992,0.00000,0.00000
53.5078,-0.2086,1.0000,-0.0286,0,-0.00129,0.00992,0.00000,0.00000
53.5578,-0.2057,1.0000,-0.0286,0,-0.00125,0.00992,0.00000,0.00000
53.6078,-0.2029,1.0000,-0.0286,0,-0.00121,0.00993,0.00000,0.00000
53.6578,-0.2000,1.0000,-0.0286,0,-0.00117,0.00993,0.00000,0.00000
53.7078,-0.2000,1.0000,-0.0286,0,-0.00117,0.00993,0.00000,0.00000
53.7578,-0.2000,1.0000,-0.0286,0,-0.00117,0.00993,0.00000,0.00000
53.8078,-0.2000,1.0000,-0.0286,0,-0.00117,0.00993,0.00000,0.00000
53.8578,-0.1971,1.0000,-0.0286,0,-0.00113,0.00994,0.00000,0.00000
53.9079,-0.1971,1.0000,-0.0286,0,-0.00113,0.00994,0.00000,0.00000
53.9579,-0.1971,1.0000,-0.0286,0,-0.00113,0.00994,0.00000,0.00000
54.0079,-0.1943,1.0000,-0.0286,0,-0.00109,0.00994,0.00000,0.00000
54.0579,-0.1943,1.0000,-0.0286,0,-0.00109,0.00994,0.00000,0.00000
54.1079,-0.1943,1.0000,-0.0286,0,-0.00109,0.00994,0.00000,0.00000
54.1579,-0.1943,1.0000,-0.0286,0,-0.00109,0.00994,0.00000,0.00000
54.2079,-0.1943,1.0000,-0.0286,0,-0.00109,0.00994,0.00000,0.00000
54.2579,-0.1857,1.0000,-0.0286,0,-0.00096,0.00995,0.00000,0.00000
54.3079,-0.1914,1.0000,-0.0286,0,-0.00104,0.00995,0.00000,0.00000
54.3579,-0.1857,1.0000,-0.0286,0,-0.00096,0.00995,0.00000,0.00000
54.4080,-0.1857,1.0000,-0.0286,0,-0.00096,0.00995,0.00000,0.00000
54.4580,-0.1857,1.0000,-0.0286,0,-0.00096,0.00995,0.00000,0.00000
54.5080,-0.1886,1.0000,-0.0286,0,-0.00100,0.00995,0.00000,0.00000
54.5580,-0.1914,1.0000,-0.0286,0,-0.00104,0.00995,0.00000,0.00000
54.6080,-0.1914,1.0000,-0.0257,0,-0.00104,0.00995,0.00000,0.00000
54.6580,-0.1914,1.0000,-0.0171,0,-0.00104,0.00995,0.00000,0.00000
54.7080,-0.1771,0.9571,-0.0029,0,-0.00084,0.00996,0.00000,0.00000
54.7580,-0.1686,0.8086,0.0000,0,-0.00071,0.00997,0.00000,0.00000
54.8080,-0.1400,0.6714,0.0000,0,-0.00029,0.00811,0.00000,0.00000
54.8580,-0.0971,0.4743,0.0000,0,0.00000,0.00521,0.00000,0.00000
54.9080,-0.0543,0.2514,0.0000,0,0.00000,0.00193,0.00000,0.00000
54.9580,-0.0086,0.0800,0.0000,0,0.00000,0.00000,0.00000,0.00000
55.0080,0.0000,0.0000,0.0000,0,0.00000,0.00000,0.00000,0.00000
55.0581,0.0000,0.0000,0.0000,0,0.00000,0.00000,0.00000,0.00000
55.1081,0.0000,0.0000,0.0000,0,0.00000,0.00000,0.00000,0.00000
55.1581,0.0000,0.0000,0.0000,0,0.00000,0.00000,0.00000,0.00000
55.2081,0.0000,0.0000,0.0000,0,0.00000,0.00000,0.00000,0.00000
55.2581,0.0000,0.0000,0.0000,0,0.00000,0.00000,0.00000,0.00000
55.3081,0.0000,0.0000,0.0000,0,0.00000,0.00000,0.00000,0.00000
55.3581,0.0000,0.0000,0.0000,0,0.00000,0.00000,0.00000,0.00000
55.4081,0.0000,0.0000,0.0000,0,0.00000,0.00000,0.00000,0.00000
55.4581,0.0000,0.0000,0.0000,0,0.00000,0.00000,0.00000,0.00000
55.5081,0.0000,0.0000,0.0000,0,0.00000,0.00000,0.00000,0.00000
55.5581,0.0000,0.0000,0.0000,0,0.00000,0.00000,0.00000,0.00000
55.6081,0.0000,0.0000,0.0000,0,0.00000,0.00000,0.00000,0.00000
55.6581,0.0000,0.0000,0.0000,0,0.00000,0.00000,0.00000,0.00000
55.7081,0.0000,0.0000,0.0000,0,0.00000,0.00000,0.00000,0.00000
55.7581,0.0000,0.0000,0.0000,0,0.00000,0.00000,0.00000,0.00000
55.8082,0.0000,0.0000,0.0000,0,0.00000,0.00000,0.00000,0.00000
55.8582,0.0000,-0.0057,0.0000,0,0.00000,0.00000,0.00000,0.00000
55.9082,0.0000,-0.0743,0.0000,0,0.00000,0.00000,0.00000,0.00000
55.9582,0.0000,-0.1029,0.0000,0,0.00000,0.00000,0.00000,0.00000
56.0082,0.0000,-0.1200,0.0000,0,0.00000,0.00000,0.00000,0.00000
56.0582,0.0000,-0.1771,0.0000,0,0.00000,-0.00084,0.00000,0.00000
56.1082,0.0286,-0.2429,0.0000,0,0.00000,-0.00181,0.00000,0.00000
56.1582,0.0429,-0.2714,0.0000,0,0.00000,-0.00223,0.00000,0.00000
56.2082,0.0457,-0.2743,0.0000,0,0.00000,-0.00227,0.00000,0.00000
56.2582,0.0543,-0.2914,0.0000,0,0.00000,-0.00252,0.00000,0.00000
56.3082,0.0571,-0.3057,0.0000,0,0.00000,-0.00273,0.00000,0.00000
56.3582,0.0571,-0.3057,0.0000,0,0.00000,-0.00273,0.00000,0.00000
56.4082,0.0543,-0.3171,0.0000,0,0.00000,-0.00290,0.00000,0.00000
56.4582,0.0571,-0.3286,0.0000,0,0.00000,-0.00307,0.00000,0.00000
56.5082,0.0571,-0.3400,0.0000,0,0.00000,-0.00324,0.00000,0.00000
56.5583,0.0600,-0.3429,0.0000,0,0.00000,-0.00328,0.00000,0.00000
56.6083,0.0629,-0.3486,0.0000,0,0.00000,-0.00336,0.00000,0.00000
56.6583,0.0657,-0.3514,0.0000,0,0.00000,-0.00340,0.00000,0.00000
56.7083,0.0686,-0.3686,0.0000,0,0.00000,-0.00366,0.00000,0.00000
56.7583,0.0686,-0.3829,0.0000,0,0.00000,-0.00387,0.00000,0.00000
56.8083,0.0686,-0.3914,0.0000,0,0.00000,-0.00399,0.00000,0.00000
56.8583,0.0571,-0.3971,0.0000,0,0.00000,-0.00408,0.00000,0.00000
56.9083,0.0571,-0.4057,0.0000,0,0.00000,-0.00420,0.00000,0.00000
56.9583,0.0571,-0.4057,0.0000,0,0.00000,-0.00420,0.00000,0.00000
57.0083,0.0571,-0.4114,0.0000,0,0.00000,-0.00429,0.00000,0.00000
57.0583,0.0600,-0.4171,0.0000,0,0.00000,-0.00437,0.00000,0.00000
57.1083,0.0629,-0.4314,0.0000,0,0.00000,-0.00458,0.00000,0.00000
57.1583,0.0629,-0.4686,0.0000,0,0.00000,-0.00513,0.00000,0.00000
57.2083,0.0657,-0.4857,0.0000,0,0.00000,-0.00538,0.00000,0.00000
57.2584,0.0771,-0.5086,0.0000,0,0.00000,-0.00571,0.00000,0.00000
57.3084,0.0771,-0.5086,0.0000,0,0.00000,-0.00571,0.00000,0.00000
57.3584,0.0800,-0.5114,0.0000,0,0.00000,-0.00576,0.00000,0.00000
57.4084,0.0800,-0.5143,0.0000,0,0.00000,-0.00580,0.00000,0.00000
57.4584,0.0800,-0.5086,0.0000,0,0.00000,-0.00571,0.00000,0.00000
57.5084,0.0800,-0.5114,0.0000,0,0.00000,-0.00576,0.00000,0.00000
57.5584,0.0800,-0.5114,0.0000,0,0.00000,-0.00576,0.00000,0.00000
57.6084,0.0800,-0.5171,0.0000,0,0.00000,-0.00584,0.00000,0.00000
57.6584,0.0829,-0.5257,0.0000,0,0.00000,-0.00597,0.00000,0.00000
57.7084,0.0914,-0.5371,0.0000,0,0.00000,-0.00613,0.00000,0.00000
57.7584,0.0886,-0.5343,0.0000,0,0.00000,-0.00609,0.00000,0.00000
57.8084,0.0886,-0.5371,0.0000,0,0.00000,-0.00613,0.00000,0.00000
57.8584,0.0829,-0.5400,0.0000,0,0.00000,-0.00618,0.00000,0.00000
57.9084,0.0886,-0.5800,0.0000,0,0.00000,-0.00676,0.00000,0.00000
57.9584,0.0943,-0.6086,0.0000,0,0.00000,-0.00718,0.00000,0.00000
58.0085,0.1000,-0.6257,0.0000,0,0.00000,-0.00744,0.00000,0.00000
58.0585,0.1029,-0.6429,0.0000,0,0.00000,-0.00769,0.00000,0.00000
58.1085,0.1029,-0.6543,0.0000,0,0.00000,-0.00786,0.00000,0.00000
58.1585,0.1114,-0.6743,0.0000,0,0.00000,-0.00815,0.00000,0.00000
58.2085,0.1143,-0.6943,0.0000,0,0.00000,-0.00845,0.00000,0.00000
58.2585,0.1257,-0.7257,0.0000,0,0.00008,-0.00891,0.00000,0.00000
58.3085,0.1286,-0.7657,0.0000,0,0.00013,-0.00950,0.00000,0.00000
58.3585,0.1371,-0.7857,0.0000,0,0.00025,-0.00979,0.00000,0.00000
58.4085,0.1457,-0.8400,0.0000,0,0.00038,-0.00999,0.00000,0.00000
58.4585,0.1486,-0.8486,0.0000,0,0.00042,-0.00999,0.00000,0.00000
58.5085,0.1514,-0.8886,0.0000,0,0.00046,-0.00999,0.00000,0.00000
58.5585,0.1429,-0.9229,0.0000,0,0.00034,-0.00999,0.00000,0.00000
58.6086,0.1400,-0.9686,0.0000,0,0.00029,-0.01000,0.00000,0.00000
58.6586,0.1314,-0.9971,-0.0029,0,0.00017,-0.01000,0.00000,0.00000
58.7086,0.1143,-1.0000,-0.0057,0,0.00000,-0.01000,0.00000,0.00000
58.7586,0.1286,-1.0000,-0.0286,0,0.00013,-0.01000,0.00000,0.00000
58.8086,0.1286,-1.0000,-0.0257,0,0.00013,-0.01000,0.00000,0.00000
58.8586,0.1286,-1.0000,-0.0257,0,0.00013,-0.01000,0.00000,0.00000
58.9086,0.1286,-1.0000,-0.0229,0,0.00013,-0.01000,0.00000,0.00000
58.9586,0.1314,-1.0000,-0.0229,0,0.00017,-0.01000,0.00000,0.00000
59.0086,0.1314,-1.0000,-0.0229,0,0.00017,-0.01000,0.00000,0.00000
59.0586,0.1343,-1.0000,-0.0229,0,0.00021,-0.01000,0.00000,0.00000
59.1086,0.1343,-1.0000,-0.0200,0,0.00021,-0.01000,0.00000,0.00000
59.1586,0.1371,-1.0000,-0.0200,0,0.00025,-0.01000,0.00000,0.00000
59.2086,0.1371,-1.0000,-0.0200,0,0.00025,-0.01000,0.00000,0.00000
59.2586,0.1400,-1.0000,-0.0200,0,0.00029,-0.01000,0.00000,0.00000
59.3086,0.1400,-1.0000,-0.0200,0,0.00029,-0.01000,0.00000,0.00000
59.3586,0.1429,-1.0000,-0.0200,0,0.00034,-0.00999,0.00000,0.00000
59.4087,0.1429,-1.0000,-0.0200,0,0.00034,-0.00999,0.00000,0.00000
59.4587,0.1429,-1.0000,-0.0200,0,0.00034,-0.00999,0.00000,0.00000
59.5087,0.1429,-1.0000,-0.0171,0,0.00034,-0.00999,0.00000,0.00000
59.5587,0.1429,-1.0000,-0.0171,0,0.00034,-0.00999,0.00000,0.00000
59.6087,0.1457,-1.0000,-0.0171,0,0.00038,-0.00999,0.00000,0.00000
59.6587,0.1486,-1.0000,-0.0171,0,0.00042,-0.00999,0.00000,0.00000
59.7087,0.1514,-1.0000,-0.0171,0,0.00046,-0.00999,0.00000,0.00000
59.7587,0.1543,-1.0000,-0.0143,0,0.00050,-0.00999,0.00000,0.00000
59.8087,0.1543,-1.0000,-0.0143,0,0.00050,-0.00999,0.00000,0.00000
59.8587,0.1571,-1.0000,-0.0143,0,0.00055,-0.00999,0.00000,0.00000
59.9087,0.1543,-1.0000,-0.0143,0,0.00050,-0.00999,0.00000,0.00000
59.9588,0.1543,-1.0000,-0.0143,0,0.00050,-0.00999,0.00000,0.00000
60.0088,0.1543,-1.0000,-0.0143,0,0.00050,-0.00999,0.00000,0.00000
60.0588,0.1543,-1.0000,-0.0143,0,0.00050,-0.00999,0.00000,0.00000
60.1088,0.1543,-1.0000,-0.0143,0,0.00050,-0.00999,0.00000,0.00000
60.1588,0.1543,-1.0000,-0.0143,0,0.00050,-0.00999,0.00000,0.00000
60.2088,0.1600,-1.0000,-0.0143,0,0.00059,-0.00998,0.00000,0.00000
60.2588,0.1600,-1.0000,-0.0143,0,0.00059,-0.00998,0.00000,0.00000
60.3088,0.1600,-1.0000,-0.0143,0,0.00059,-0.00998,0.00000,0.00000
60.3588,0.1629,-1.0000,-0.0143,0,0.00063,-0.00998,0.00000,0.00000
60.4089,0.1600,-1.0000,-0.0143,0,0.00059,-0.00998,0.00000,0.00000
60.4589,0.1600,-1.0000,-0.0143,0,0.00059,-0.00998,0.00000,0.00000
60.5089,0.1600,-1.0000,-0.0143,0,0.00059,-0.00998,0.00000,0.00000
60.5589,0.1571,-1.0000,-0.0143,0,0.00055,-0.00999,0.00000,0.00000
60.6089,0.1600,-1.0000,-0.0143,0,0.00059,-0.00998,0.00000,0.00000
60.6589,0.1600,-1.0000,-0.0143,0,0.00059,-0.00998,0.00000,0.00000
60.7089,0.1600,-1.0000,-0.0143,0,0.00059,-0.00998,0.00000,0.00000
60.7589,0.1629,-1.0000,-0.0143,0,0.00063,-0.00998,0.00000,0.00000
60.8089,0.1629,-1.0000,-0.0143,0,0.00063,-0.00998,0.00000,0.00000
60.8589,0.1600,-1.0000,-0.0143,0,0.00059,-0.00998,0.00000,0.00000
60.9089,0.1629,-1.0000,-0.0143,0,0.00063,-0.00998,0.00000,0.00000
60.9589,0.1629,-1.0000,-0.0143,0,0.00063,-0.00998,0.00000,0.00000
61.0089,0.1629,-1.0000,-0.0143,0,0.00063,-0.00998,0.00000,0.00000
61.0590,0.1600,-1.0000,-0.0143,0,0.00059,-0.00998,0.00000,0.00000
61.1090,0.1600,-1.0000,-0.0143,0,0.00059,-0.00998,0.00000,0.00000
61.1590,0.1600,-1.0000,-0.0143,0,0.00059,-0.00998,0.00000,0.00000
61.2090,0.1600,-1.0000,-0.0143,0,0.00059,-0.00998,0.00000,0.00000
61.2590,0.1629,-1.0000,-0.0143,0,0.00063,-0.00998,0.00000,0.00000
61.3090,0.1629,-1.0000,-0.0143,0,0.00063,-0.00998,0.00000,0.00000
61.3590,0.1657,-1.0000,-0.0143,0,0.00067,-0.00998,0.00000,0.00000
61.4090,0.1657,-1.0000,-0.0143,0,0.00067,-0.00998,0.00000,0.00000
61.4590,0.1629,-1.0000,-0.0143,0,0.00063,-0.00998,0.00000,0.00000
61.5090,0.1629,-1.0000,-0.0143,0,0.00063,-0.00998,0.00000,0.00000
61.5590,0.1629,-1.0000,-0.0143,0,0.00063,-0.00998,0.00000,0.00000
61.6090,0.1629,-1.0000,-0.0143,0,0.00063,-0.00998,0.00000,0.00000
61.6591,0.1629,-1.0000,-0.0143,0,0.00063,-0.00998,0.00000,0.00000
61.7091,0.1629,-1.0000,-0.0143,0,0.00063,-0.00998,0.00000,0.00000
61.7591,0.1629,-1.0000,-0.0143,0,0.00063,-0.00998,0.00000,0.00000
61.8091,0.1629,-1.0000,-0.0143,0,0.00063,-0.00998,0.00000,0.00000
61.8591,0.1629,-1.0000,-0.0171,0,0.00063,-0.00998,0.00000,0.00000
61.9091,0.1629,-1.0000,-0.0171,0,0.00063,-0.00998,0.00000,0.00000
61.9591,0.1629,-1.0000,-0.0171,0,0.00063,-0.00998,0.00000,0.00000
62.0091,0.1657,-1.0000,-0.0171,0,0.00067,-0.00998,0.00000,0.00000
62.0591,0.1629,-1.0000,-0.0171,0,0.00063,-0.00998,0.00000,0.00000
62.1091,0.1629,-1.0000,-0.0171,0,0.00063,-0.00998,0.00000,0.00000
62.1591,0.1657,-1.0000,-0.0171,0,0.00067,-0.00998,0.00000,0.00000
62.2091,0.1657,-1.0000,-0.0171,0,0.00067,-0.00998,0.00000,0.00000
62.2591,0.1657,-1.0000,-0.0171,0,0.00067,-0.00998,0.00000,0.00000
62.3092,0.1657,-1.0000,-0.0171,0,0.00067,-0.00998,0.00000,0.00000
62.3592,0.1657,-1.0000,-0.0171,0,0.00067,-0.00998,0.00000,0.00000
62.4092,0.1657,-1.0000,-0.0171,0,0.00067,-0.00998,0.00000,0.00000
62.4592,0.1657,-1.0000,-0.0171,0,0.00067,-0.00998,0.00000,0.00000
62.5092,0.1657,-1.0000,-0.0171,0,0.00067,-0.00998,0.00000,0.00000
62.5592,0.1657,-1.0000,-0.0171,0,0.00067,-0.00998,0.00000,0.00000
62.6092,0.1686,-1.0000,-0.0086,0,0.00071,-0.00997,0.00000,0.00000
62.6592,0.1686,-0.9829,0.0000,0,0.00071,-0.00997,0.00000,0.00000
62.7092,0.1743,-0.8971,0.0000,0,0.00080,-0.00997,0.00000,0.00000
62.7592,0.1486,-0.7343,0.0000,0,0.00042,-0.00903,0.00000,0.00000
62.8092,0.0971,-0.5857,0.0000,0,0.00000,-0.00685,0.00000,0.00000
62.8592,0.0657,-0.4829,0.0000,0,0.00000,-0.00534,0.00000,0.00000
62.9093,0.0429,-0.3971,0.0000,0,0.00000,-0.00408,0.00000,0.00000
62.9593,0.0400,-0.2571,0.0000,0,0.00000,-0.00202,0.00000,0.00000
63.0093,0.0000,-0.1314,0.0000,0,0.00000,-0.00017,0.00000,0.00000
63.0593,0.0000,-0.0314,0.0000,0,0.00000,0.00000,0.00000,0.00000
63.1093,0.0000,0.0000,0.0000,0,0.00000,0.00000,0.00000,0.00000
63.1593,0.0000,0.0000,0.0000,0,0.00000,0.00000,0.00000,0.00000
63.2093,0.0000,0.0000,0.0000,0,0.00000,0.00000,0.00000,0.00000
63.2593,0.0000,0.0000,0.0000,0,0.00000,0.00000,0.00000,0.00000
63.3093,0.0000,0.0000,0.0000,0,0.00000,0.00000,0.00000,0.00000
63.3593,0.0000,0.0000,0.0000,0,0.00000,0.00000,0.00000,0.00000
63.4093,0.0000,0.0000,0.0000,0,0.00000,0.00000,0.00000,0.00000
63.4593,0.0000,0.0000,0.0000,0,0.00000,0.00000,0.00000,0.00000
63.5093,0.0000,0.0000,0.0000,0,0.00000,0.00000,0.00000,0.00000
63.5593,0.0000,0.0000,0.0000,0,0.00000,0.00000,0.00000,0.00000
63.6093,-0.0171,0.0571,0.0000,0,0.00000,0.00000,0.00000,0.00000
63.6594,-0.0514,0.1486,0.0000,0,0.00000,0.00042,0.00000,0.00000
63.7094,-0.0543,0.1886,0.0000,0,0.00000,0.00101,0.00000,0.00000
63.7594,-0.0171,0.2400,0.0000,0,0.00000,0.00176,0.00000,0.00000
63.8094,-0.0229,0.2743,0.0000,0,0.00000,0.00227,0.00000,0.00000
63.8594,-0.0343,0.3229,0.0000,0,0.00000,0.00298,0.00000,0.00000
63.9094,-0.0571,0.3714,0.0000,0,0.00000,0.00370,0.00000,0.00000
63.9594,-0.0714,0.4171,0.0000,0,0.00000,0.00437,0.00000,0.00000
64.0094,-0.0743,0.4371,0.0000,0,0.00000,0.00466,0.00000,0.00000
64.0594,-0.0800,0.4771,0.0000,0,0.00000,0.00525,0.00000,0.00000
64.1094,-0.0800,0.4857,0.0000,0,0.00000,0.00538,0.00000,0.00000
64.1594,-0.0886,0.5457,0.0000,0,0.00000,0.00626,0.00000,0.00000
64.2094,-0.0943,0.5771,0.0000,0,0.00000,0.00672,0.00000,0.00000
64.2594,-0.0943,0.5829,-0.0057,0,0.00000,0.00681,0.00000,0.00000
64.3094,-0.0943,0.5971,-0.0057,0,0.00000,0.00702,0.00000,0.00000
64.3594,-0.0886,0.6029,-0.0114,0,0.00000,0.00710,0.00000,0.00000
64.4094,-0.0943,0.6314,-0.0143,0,0.00000,0.00752,0.00000,0.00000
64.4594,-0.0914,0.6429,-0.0200,0,0.00000,0.00769,0.00000,0.00000
64.5094,-0.0857,0.6543,-0.0286,0,0.00000,0.00786,0.00000,0.00000
64.5595,-0.0886,0.6629,-0.0286,0,0.00000,0.00798,0.00000,0.00000
64.6095,-0.0886,0.6686,-0.0314,0,0.00000,0.00807,0.00000,0.00000
64.6595,-0.0914,0.6714,-0.0314,0,0.00000,0.00811,0.00000,0.00000
64.7095,-0.0857,0.6743,-0.0343,0,0.00000,0.00815,0.00000,0.00000
64.7595,-0.0857,0.6971,-0.0429,0,0.00000,0.00849,0.00000,0.00000
64.8095,-0.0857,0.7057,-0.0457,0,0.00000,0.00861,0.00000,0.00000
64.8595,-0.0886,0.7086,-0.0457,0,0.00000,0.00866,0.00000,0.00000
64.9095,-0.0914,0.7229,-0.0486,0,0.00000,0.00887,0.00000,0.00000
64.9595,-0.1000,0.7343,-0.0486,0,0.00000,0.00903,0.00000,0.00000
65.0095,-0.0971,0.7371,-0.0486,0,0.00000,0.00908,0.00000,0.00000
65.0595,-0.1000,0.7457,-0.0514,0,0.00000,0.00920,0.00000,0.00000
65.1095,-0.1000,0.7514,-0.0514,0,0.00000,0.00929,0.00000,0.00000
65.1595,-0.1000,0.7457,-0.0514,0,0.00000,0.00920,0.00000,0.00000
65.2096,-0.1000,0.7486,-0.0514,0,0.00000,0.00924,0.00000,0.00000
65.2596,-0.1057,0.7514,-0.0514,0,0.00000,0.00929,0.00000,0.00000
65.3096,-0.1057,0.7657,-0.0571,0,0.00000,0.00950,0.00000,0.00000
65.3596,-0.1057,0.7571,-0.0600,0,0.00000,0.00937,0.00000,0.00000
65.4096,-0.1057,0.7343,-0.0571,0,0.00000,0.00903,0.00000,0.00000
65.4596,-0.1086,0.7314,-0.0571,0,0.00000,0.00899,0.00000,0.00000
65.5096,-0.0971,0.7057,-0.0571,0,0.00000,0.00861,0.00000,0.00000
65.5596,-0.0914,0.6371,-0.0486,0,0.00000,0.00761,0.00000,0.00000
65.6096,-0.0171,0.3086,-0.0286,0,0.00000,0.00277,0.00000,0.00000
65.6596,0.0000,0.0829,-0.0371,0,0.00000,0.00000,0.00000,0.00000
65.7096,0.0000,0.0000,0.0000,0,0.00000,0.00000,0.00000,0.00000
65.7596,0.0000,0.0000,0.0000,0,0.00000,0.00000,0.00000,0.00000
65.8096,0.0000,0.0000,0.0000,0,0.00000,0.00000,0.00000,0.00000
65.8596,0.0000,0.0000,0.0000,0,0.00000,0.00000,0.00000,0.00000
65.9096,0.0000,0.0000,0.0000,0,0.00000,0.00000,0.00000,0.00000
65.9596,0.0000,0.0000,0.0000,0,0.00000,0.00000,0.00000,0.00000
66.0096,0.0000,0.0000,0.0000,0,0.00000,0.00000,0.00000,0.00000
66.0596,0.0000,0.0000,0.0000,0,0.00000,0.00000,0.00000,0.00000
66.1096,0.0000,0.0000,0.0000,0,0.00000,0.00000,0.00000,0.00000
66.1597,0.0000,0.0000,0.0000,0,0.00000,0.00000,0.00000,0.00000
66.2097,0.0000,0.0000,0.0000,0,0.00000,0.00000,0.00000,0.00000
66.2597,-0.0029,0.0000,0.0000,0,0.00000,0.00000,0.00000,0.00000
66.3097,-0.0771,0.0000,0.0000,0,0.00000,0.00000,0.00000,0.00000
66.3597,-0.1114,0.0000,0.0000,0,0.00000,0.00000,0.00000,0.00000
66.4097,-0.1314,0.0000,0.0000,0,-0.00017,0.00000,0.00000,0.00000
66.4597,-0.2029,0.0000,0.0000,0,-0.00122,0.00000,0.00000,0.00000
66.5097,-0.2343,0.0000,0.0000,0,-0.00168,0.00000,0.00000,0.00000
66.5597,-0.2514,0.0000,0.0000,0,-0.00193,0.00000,0.00000,0.00000
66.6097,-0.2886,0.0000,0.0000,0,-0.00248,0.00000,0.00000,0.00000
66.6597,-0.3571,0.0000,0.0000,0,-0.00349,0.00000,0.00000,0.00000
66.7097,-0.4029,0.0000,0.0000,0,-0.00416,0.00000,0.00000,0.00000
66.7598,-0.4086,0.0000,0.0000,0,-0.00424,0.00000,0.00000,0.00000
66.8098,-0.4400,0.0000,0.0000,0,-0.00471,0.00000,0.00000,0.00000
66.8598,-0.4343,0.0000,0.0000,0,-0.00462,0.00000,0.00000,0.00000
66.9098,-0.4571,0.0000,0.0000,0,-0.00496,0.00000,0.00000,0.00000
66.9598,-0.4543,0.0000,0.0000,0,-0.00492,0.00000,0.00000,0.00000
67.0098,-0.4714,0.0000,0.0000,0,-0.00517,0.00000,0.00000,0.00000
67.0598,-0.4657,0.0000,0.0000,0,-0.00508,0.00000,0.00000,0.00000
67.1098,-0.4800,0.0000,0.0000,0,-0.00529,0.00000,0.00000,0.00000
67.1598,-0.4857,0.0000,0.0000,0,-0.00538,0.00000,0.00000,0.00000
67.2098,-0.4971,0.0000,0.0000,0,-0.00555,0.00000,0.00000,0.00000
67.2598,-0.4971,0.0000,0.0000,0,-0.00555,0.00000,0.00000,0.00000
67.3098,-0.5029,0.0000,0.0000,0,-0.00563,0.00000,0.00000,0.00000
67.3598,-0.5029,0.0000,0.0000,0,-0.00563,0.00000,0.00000,0.00000
67.4098,-0.5000,0.0000,0.0000,0,-0.00559,0.00000,0.00000,0.00000
67.4598,-0.5029,0.0000,0.0000,0,-0.00563,0.00000,0.00000,0.00000
67.5099,-0.5114,0.0000,0.0000,0,-0.00576,0.00000,0.00000,0.00000
67.5599,-0.5229,0.0000,0.0000,0,-0.00592,0.00000,0.00000,0.00000
67.6099,-0.5657,0.0000,0.0000,0,-0.00655,0.00000,0.00000,0.00000
67.6599,-0.6229,0.0000,0.0000,0,-0.00739,0.00000,0.00000,0.00000
67.7099,-0.6571,0.0000,0.0000,0,-0.00790,0.00000,0.00000,0.00000
67.7599,-0.7257,0.0000,0.0000,0,-0.00891,0.00000,0.00000,0.00000
67.8099,-0.7600,0.0000,0.0000,0,-0.00941,0.00000,0.00000,0.00000
67.8599,-0.8286,0.0000,0.0000,0,-0.01000,0.00000,0.00000,0.00000
67.9099,-0.9171,0.0000,0.0000,0,-0.01000,0.00000,0.00000,0.00000
67.9599,-0.9771,0.0000,0.0000,0,-0.01000,0.00000,0.00000,0.00000
68.0099,-0.9943,0.0000,0.0000,0,-0.01000,0.00000,0.00000,0.00000
68.0599,-1.0000,0.0000,0.0000,0,-0.01000,0.00000,0.00000,0.00000
68.1099,-1.0000,0.0000,0.0000,0,-0.01000,0.00000,0.00000,0.00000
68.1599,-1.0000,0.0000,0.0000,0,-0.01000,0.00000,0.00000,0.00000
68.2099,-1.0000,0.0000,0.0000,0,-0.01000,0.00000,0.00000,0.00000
68.2599,-1.0000,0.0000,0.0000,0,-0.01000,0.00000,0.00000,0.00000
68.3100,-1.0000,0.0000,0.0000,0,-0.01000,0.00000,0.00000,0.00000
68.3600,-1.0000,0.0000,0.0000,0,-0.01000,0.00000,0.00000,0.00000
68.4100,-1.0000,0.0000,0.0000,0,-0.01000,0.00000,0.00000,0.00000
68.4600,-1.0000,0.0000,0.0000,0,-0.01000,0.00000,0.00000,0.00000
68.5100,-1.0000,0.0000,0.0000,0,-0.01000,0.00000,0.00000,0.00000
68.5600,-1.0000,0.0000,0.0000,0,-0.01000,0.00000,0.00000,0.00000
68.6100,-1.0000,0.0000,0.0000,0,-0.01000,0.00000,0.00000,0.00000
68.6600,-1.0000,0.0000,0.0000,0,-0.01000,0.00000,0.00000,0.00000
68.7100,-1.0000,0.0000,0.0000,0,-0.01000,0.00000,0.00000,0.00000
68.7600,-1.0000,0.0000,0.0000,0,-0.01000,0.00000,0.00000,0.00000
68.8100,-1.0000,0.0000,0.0000,0,-0.01000,0.00000,0.00000,0.00000
68.8601,-1.0000,0.0000,0.0000,0,-0.01000,0.00000,0.00000,0.00000
68.9101,-1.0000,0.0000,0.0000,0,-0.01000,0.00000,0.00000,0.00000
68.9601,-1.0000,0.0000,0.0000,0,-0.01000,0.00000,0.00000,0.00000
69.0101,-1.0000,0.0000,0.0000,0,-0.01000,0.00000,0.00000,0.00000
69.0601,-1.0000,0.0000,0.0000,0,-0.01000,0.00000,0.00000,0.00000
69.1101,-1.0000,0.0000,0.0000,0,-0.01000,0.00000,0.00000,0.00000
69.1601,-1.0000,0.0000,0.0000,0,-0.01000,0.00000,0.00000,0.00000
69.2101,-1.0000,0.0000,0.0000,0,-0.01000,0.00000,0.00000,0.00000
69.2601,-1.0000,0.0000,0.0000,0,-0.01000,0.00000,0.00000,0.00000
69.3101,-1.0000,0.0000,0.0000,0,-0.01000,0.00000,0.00000,0.00000
69.3601,-0.9829,0.0000,0.0000,0,-0.01000,0.00000,0.00000,0.00000
69.4101,-0.8514,0.0000,0.0000,0,-0.01000,0.00000,0.00000,0.00000
69.4601,-0.5886,0.0000,0.0143,0,-0.00689,0.00000,0.00000,0.00000
69.5101,-0.2200,0.0000,0.0200,0,-0.00147,0.00000,0.00000,0.00000
69.5602,0.0000,0.0000,0.0143,0,0.00000,0.00000,0.00000,0.00000
69.6102,0.0000,0.0000,0.0171,0,0.00000,0.00000,0.00000,0.00000
69.6602,0.0000,0.0000,0.0000,0,0.00000,0.00000,0.00000,0.00000
69.7102,0.0000,0.0000,0.0000,0,0.00000,0.00000,0.00000,0.00000
69.7602,0.0000,0.0000,0.0000,0,0.00000,0.00000,0.00000,0.00000
69.8102,0.0000,0.0000,0.0000,0,0.00000,0.00000,0.00000,0.00000
69.8602,0.0000,0.0000,0.0000,0,0.00000,0.00000,0.00000,0.00000
69.9102,0.0000,-0.0057,0.0000,0,0.00000,0.00000,0.00000,0.00000
69.9602,0.0000,0.0000,0.0000,0,0.00000,0.00000,0.00000,0.00000
70.0102,0.0000,0.0000,0.0000,0,0.00000,0.00000,0.00000,0.00000
70.0602,0.0000,0.0000,0.0000,0,0.00000,0.00000,0.00000,0.00000
70.1102,0.0000,0.0000,0.0000,0,0.00000,0.00000,0.00000,0.00000
70.1602,0.0000,0.0000,0.0000,0,0.00000,0.00000,0.00000,0.00000
70.2102,0.0000,0.0000,0.0000,0,0.00000,0.00000,0.00000,0.00000
70.2602,0.0000,0.0000,0.0000,0,0.00000,0.00000,0.00000,0.00000
70.3102,0.0000,0.0000,0.0000,0,0.00000,0.00000,0.00000,0.00000
70.3602,0.0000,0.0000,0.0000,0,0.00000,0.00000,0.00000,0.00000
70.4102,0.0000,0.0000,0.0000,0,0.00000,0.00000,0.00000,0.00000
70.4603,0.0000,0.0000,0.0000,0,0.00000,0.00000,0.00000,0.00000
70.5103,0.0114,0.0000,0.0000,0,0.00000,0.00000,0.00000,0.00000
70.5603,0.0257,0.0000,0.0086,0,0.00000,0.00000,0.00000,0.00000
70.6103,0.0000,0.0000,0.0000,0,0.00000,0.00000,0.00000,0.00000
70.6603,0.0000,0.0000,0.0000,0,0.00000,0.00000,0.00000,0.00000
70.7103,0.0000,0.0000,0.0000,0,0.00000,0.00000,0.00000,0.00000
70.7603,0.0543,0.0000,0.0000,0,0.00000,0.00000,0.00000,0.00000
70.8103,0.1286,0.0000,0.0000,0,0.00013,0.00000,0.00000,0.00000
70.8603,0.1714,0.0000,0.0086,0,0.00076,0.00000,0.00000,0.00000
70.9103,0.1971,0.0000,0.0143,0,0.00113,0.00000,0.00000,0.00000
70.9603,0.2114,0.0000,0.0200,0,0.00134,0.00000,0.00000,0.00000
71.0103,0.2343,0.0000,0.0286,0,0.00168,0.00000,0.00000,0.00000
71.0603,0.2743,0.0000,0.0371,0,0.00227,0.00000,0.00000,0.00000
71.1103,0.2857,0.0000,0.0371,0,0.00244,0.00000,0.00000,0.00000
71.1603,0.3314,0.0000,0.0457,0,0.00311,0.00000,0.00000,0.00000
71.2103,0.3514,0.0000,0.0486,0,0.00340,0.00000,0.00000,0.00000
71.2604,0.4314,0.0057,0.0600,0,0.00458,0.00000,0.00000,0.00000
71.3104,0.4686,0.0143,0.0657,0,0.00513,0.00000,0.00000,0.00000
71.3604,0.5057,0.0143,0.0686,0,0.00567,0.00000,0.00000,0.00000
71.4104,0.5457,0.0200,0.0686,0,0.00626,0.00000,0.00000,0.00000
71.4604,0.5800,0.0200,0.0686,0,0.00676,0.00000,0.00000,0.00000
71.5104,0.6114,0.0171,0.0686,0,0.00723,0.00000,0.00000,0.00000
71.5604,0.6171,0.0143,0.0657,0,0.00731,0.00000,0.00000,0.00000
71.6104,0.6514,0.0143,0.0629,0,0.00782,0.00000,0.00000,0.00000
71.6604,0.6686,0.0171,0.0600,0,0.00807,0.00000,0.00000,0.00000
71.7104,0.6743,0.0171,0.0600,0,0.00815,0.00000,0.00000,0.00000
71.7604,0.6829,0.0143,0.0600,0,0.00828,0.00000,0.00000,0.00000
71.8104,0.7114,0.0114,0.0571,0,0.00870,0.00000,0.00000,0.00000
71.8604,0.7371,0.0086,0.0514,0,0.00908,0.00000,0.00000,0.00000
71.9104,0.7543,0.0000,0.0486,0,0.00933,0.00000,0.00000,0.00000
71.9605,0.7714,0.0000,0.0457,0,0.00958,0.00000,0.00000,0.00000
72.0105,0.7914,0.0057,0.0457,0,0.00987,0.00000,0.00000,0.00000
72.0605,0.8343,0.0086,0.0457,0,0.01000,0.00000,0.00000,0.00000
72.1105,0.8543,0.0114,0.0486,0,0.01000,0.00000,0.00000,0.00000
72.1605,0.8829,0.0143,0.0514,0,0.01000,0.00000,0.00000,0.00000
72.2105,0.8943,0.0171,0.0514,0,0.01000,0.00000,0.00000,0.00000
72.2605,0.9114,0.0143,0.0543,0,0.01000,0.00000,0.00000,0.00000
72.3105,0.9343,0.0143,0.0543,0,0.01000,0.00000,0.00000,0.00000
72.3605,0.9429,0.0114,0.0543,0,0.01000,0.00000,0.00000,0.00000
72.4105,0.9457,0.0143,0.0514,0,0.01000,0.00000,0.00000,0.00000
72.4605,0.9486,0.0114,0.0486,0,0.01000,0.00000,0.00000,0.00000
72.5105,0.9600,0.0057,0.0429,0,0.01000,0.00000,0.00000,0.00000
72.5605,0.9600,0.0029,0.0429,0,0.01000,0.00000,0.00000,0.00000
72.6105,0.9600,0.0029,0.0400,0,0.01000,0.00000,0.00000,0.00000
72.6605,0.9629,0.0057,0.0400,0,0.01000,0.00000,0.00000,0.00000
72.7105,0.9714,0.0086,0.0343,0,0.01000,0.00000,0.00000,0.00000
72.7605,0.9829,0.0143,0.0257,0,0.01000,0.00000,0.00000,0.00000
72.8105,0.9914,0.0171,0.0171,0,0.01000,0.00000,0.00000,0.00000
72.8606,1.0000,0.0114,0.0086,0,0.01000,0.00000,0.00000,0.00000
72.9106,1.0000,0.0114,0.0086,0,0.01000,0.00000,0.00000,0.00000
72.9606,1.0000,0.0000,0.0000,0,0.01000,0.00000,0.00000,0.00000
73.0106,1.0000,0.0000,0.0000,0,0.01000,0.00000,0.00000,0.00000
73.0606,1.0000,0.0000,0.0000,0,0.01000,0.00000,0.00000,0.00000
73.1106,1.0000,0.0029,0.0000,0,0.01000,0.00000,0.00000,0.00000
73.1606,1.0000,0.0029,0.0000,0,0.01000,0.00000,0.00000,0.00000
73.2106,1.0000,0.0000,0.0000,0,0.01000,0.00000,0.00000,0.00000
73.2606,1.0000,0.0000,0.0000,0,0.01000,0.00000,0.00000,0.00000
73.3106,1.0000,0.0000,0.0000,0,0.01000,0.00000,0.00000,0.00000
73.3606,1.0000,0.0000,0.0000,0,0.01000,0.00000,0.00000,0.00000
73.4106,1.0000,0.0000,0.0000,0,0.01000,0.00000,0.00000,0.00000
73.4606,1.0000,0.0000,0.0000,0,0.01000,0.00000,0.00000,0.00000
73.5106,1.0000,0.0000,0.0000,0,0.01000,0.00000,0.00000,0.00000
73.5607,1.0000,0.0000,0.0000,0,0.01000,0.00000,0.00000,0.00000
73.6107,1.0000,0.0000,0.0000,0,0.01000,0.00000,0.00000,0.00000
73.6607,1.0000,0.0000,0.0000,0,0.01000,0.00000,0.00000,0.00000
73.7107,1.0000,0.0000,0.0000,0,0.01000,0.00000,0.00000,0.00000
73.7607,1.0000,0.0000,0.0000,0,0.01000,0.00000,0.00000,0.00000
73.8107,1.0000,0.0000,0.0000,0,0.01000,0.00000,0.00000,0.00000
73.8607,1.0000,0.0000,0.0000,0,0.01000,0.00000,0.00000,0.00000
73.9107,1.0000,0.0000,0.0000,0,0.01000,0.00000,0.00000,0.00000
73.9607,1.0000,0.0000,0.0000,0,0.01000,0.00000,0.00000,0.00000
74.0107,1.0000,0.0000,0.0000,0,0.01000,0.00000,0.00000,0.00000
74.0607,1.0000,0.0000,0.0000,0,0.01000,0.00000,0.00000,0.00000
74.1107,1.0000,0.0000,0.0000,0,0.01000,0.00000,0.00000,0.00000
74.1607,1.0000,0.0000,0.0000,0,0.01000,0.00000,0.00000,0.00000
74.2107,1.0000,0.0000,0.0000,0,0.01000,0.00000,0.00000,0.00000
74.2607,1.0000,0.0000,0.0000,0,0.01000,0.00000,0.00000,0.00000
74.3107,1.0000,0.0000,0.0000,0,0.01000,0.00000,0.00000,0.00000
74.3607,1.0000,0.0000,0.0000,0,0.01000,0.00000,0.00000,0.00000
74.4107,1.0000,0.0000,0.0000,0,0.01000,0.00000,0.00000,0.00000
74.4608,0.9943,0.0000,0.0000,0,0.01000,0.00000,0.00000,0.00000
74.5108,0.9571,0.0000,0.0000,0,0.01000,0.00000,0.00000,0.00000
74.5608,0.8371,0.0000,0.0000,0,0.01000,0.00000,0.00000,0.00000
74.6108,0.6086,0.0000,0.0057,0,0.00718,0.00000,0.00000,0.00000
74.6608,0.2829,0.0000,0.0000,0,0.00239,0.00000,0.00000,0.00000
74.7108,0.0743,0.0000,0.0000,0,0.00000,0.00000,0.00000,0.00000
74.7608,0.0000,0.0000,0.0000,0,0.00000,0.00000,0.00000,0.00000
74.8108,0.0000,0.0000,0.0000,0,0.00000,0.00000,0.00000,0.00000
74.8608,0.0000,0.0000,0.0000,0,0.00000,0.00000,0.00000,0.00000
74.9108,0.0000,0.0000,0.0000,0,0.00000,0.00000,0.00000,0.00000
74.9608,0.0000,0.0000,0.0000,0,0.00000,0.00000,0.00000,0.00000
75.0108,0.0000,0.0000,0.0000,0,0.00000,0.00000,0.00000,0.00000
75.0608,0.0000,0.0000,0.0000,0,0.00000,0.00000,0.00000,0.00000
75.1108,0.0000,0.0000,0.0000,0,0.00000,0.00000,0.00000,0.00000
75.1608,0.0000,0.0000,0.0000,0,0.00000,0.00000,0.00000,0.00000
75.2108,0.0000,0.0000,0.0000,0,0.00000,0.00000,0.00000,0.00000
75.2608,0.0000,0.0000,0.0000,0,0.00000,0.00000,0.00000,0.00000
75.3108,0.0000,0.0000,0.0000,0,0.00000,0.00000,0.00000,0.00000
75.3609,0.0000,0.0000,0.0000,0,0.00000,0.00000,0.00000,0.00000
75.4109,0.0000,0.0000,0.0000,0,0.00000,0.00000,0.00000,0.00000
75.4609,0.0000,0.0000,0.0000,0,0.00000,0.00000,0.00000,0.00000
75.5109,0.0000,0.0000,0.0000,0,0.00000,0.00000,0.00000,0.00000
75.5609,0.0000,0.0000,0.0000,0,0.00000,0.00000,0.00000,0.00000
75.6109,0.0000,0.0000,0.0000,-1,0.00000,0.00000,-0.01000,0.00000
75.6609,0.0000,0.0000,0.0000,-1,0.00000,0.00000,-0.01000,0.00000
75.7109,0.0000,0.0000,0.0000,-1,0.00000,0.00000,-0.01000,0.00000
75.7609,0.0000,0.0000,0.0000,-1,0.00000,0.00000,-0.01000,0.00000
75.8109,0.0000,0.0000,0.0000,-1,0.00000,0.00000,-0.01000,0.00000
75.8609,0.0000,0.0000,0.0000,-1,0.00000,0.00000,-0.01000,0.00000
75.9109,0.0000,0.0000,0.0000,-1,0.00000,0.00000,-0.01000,0.00000
75.9609,0.0000,0.0000,0.0000,-1,0.00000,0.00000,-0.01000,0.00000
76.0109,0.0000,0.0000,0.0000,-1,0.00000,0.00000,-0.01000,0.00000
76.0609,0.0000,0.0000,0.0000,-1,0.00000,0.00000,-0.01000,0.00000
76.1109,0.0000,0.0000,0.0000,-1,0.00000,0.00000,-0.01000,0.00000
76.1609,0.0000,0.0000,0.0000,-1,0.00000,0.00000,-0.01000,0.00000
76.2110,0.0000,0.0000,0.0000,-1,0.00000,0.00000,-0.01000,0.00000
76.2610,0.0000,0.0000,0.0000,-1,0.00000,0.00000,-0.01000,0.00000
76.3110,0.0000,0.0000,0.0000,-1,0.00000,0.00000,-0.01000,0.00000
76.3610,0.0000,0.0000,0.0000,-1,0.00000,0.00000,-0.01000,0.00000
76.4110,0.0000,0.0000,0.0000,-1,0.00000,0.00000,-0.01000,0.00000
76.4610,0.0000,0.0000,0.0000,-1,0.00000,0.00000,-0.01000,0.00000
76.5110,0.0000,0.0000,0.0000,-1,0.00000,0.00000,-0.01000,0.00000
76.5610,0.0000,0.0000,0.0000,-1,0.00000,0.00000,-0.01000,0.00000
76.6110,0.0000,0.0000,0.0000,-1,0.00000,0.00000,-0.01000,0.00000
76.6610,0.0000,0.0000,0.0000,-1,0.00000,0.00000,-0.01000,0.00000
76.7110,0.0000,0.0000,0.0000,-1,0.00000,0.00000,-0.01000,0.00000
76.7610,0.0000,0.0000,0.0000,-1,0.00000,0.00000,-0.01000,0.00000
76.8110,0.0000,0.0000,0.0000,-1,0.00000,0.00000,-0.01000,0.00000
76.8610,0.0000,0.0000,0.0000,-1,0.00000,0.00000,-0.01000,0.00000
76.9110,0.0000,0.0000,0.0000,-1,0.00000,0.00000,-0.01000,0.00000
76.9611,0.0000,0.0000,0.0000,-1,0.00000,0.00000,-0.01000,0.00000
77.0111,0.0000,0.0000,0.0000,-1,0.00000,0.00000,-0.01000,0.00000
77.0611,0.0000,0.0000,0.0000,-1,0.00000,0.00000,-0.01000,0.00000
77.1111,0.0000,0.0000,0.0000,-1,0.00000,0.00000,-0.01000,0.00000
77.1611,0.0000,0.0000,0.0000,-1,0.00000,0.00000,-0.01000,0.00000
77.2111,0.0000,0.0000,0.0000,-1,0.00000,0.00000,-0.01000,0.00000
77.2611,0.0000,0.0000,0.0000,-1,0.00000,0.00000,-0.01000,0.00000
77.3111,0.0000,0.0000,0.0000,-1,0.00000,0.00000,-0.01000,0.00000
77.3611,0.0000,0.0000,0.0000,-1,0.00000,0.00000,-0.01000,0.00000
77.4111,0.0000,0.0000,0.0000,-1,0.00000,0.00000,-0.01000,0.00000
77.4611,0.0000,0.0000,0.0000,-1,0.00000,0.00000,-0.01000,0.00000
77.5111,0.0000,0.0000,0.0000,-1,0.00000,0.00000,-0.01000,0.00000
77.5611,0.0000,0.0000,0.0000,-1,0.00000,0.00000,-0.01000,0.00000
77.6111,0.0000,0.0000,0.0000,-1,0.00000,0.00000,-0.01000,0.00000
77.6611,0.0000,0.0000,0.0000,-1,0.00000,0.00000,-0.01000,0.00000
77.7111,0.0000,0.0000,0.0000,-1,0.00000,0.00000,-0.01000,0.00000
77.7612,0.0000,0.0000,0.0000,-1,0.00000,0.00000,-0.01000,0.00000
77.8112,0.0000,0.0000,0.0000,-1,0.00000,0.00000,-0.01000,0.00000
77.8612,0.0000,0.0000,0.0000,-1,0.00000,0.00000,-0.01000,0.00000
77.9112,0.0000,0.0000,0.0000,-1,0.00000,0.00000,-0.01000,0.00000
77.9612,0.0000,0.0000,0.0000,-1,0.00000,0.00000,-0.01000,0.00000
78.0112,0.0000,0.0000,0.0000,-1,0.00000,0.00000,-0.01000,0.00000
78.0612,0.0000,0.0000,0.0000,-1,0.00000,0.00000,-0.01000,0.00000
78.1112,0.0000,0.0000,0.0000,-1,0.00000,0.00000,-0.01000,0.00000
78.1612,0.0000,0.0000,0.0000,-1,0.00000,0.00000,-0.01000,0.00000
78.2112,0.0000,0.0000,0.0000,-1,0.00000,0.00000,-0.01000,0.00000
78.2612,0.0000,0.0000,0.0000,-1,0.00000,0.00000,-0.01000,0.00000
78.3112,0.0000,0.0000,0.0000,-1,0.00000,0.00000,-0.01000,0.00000
78.3612,0.0000,0.0000,0.0000,-1,0.00000,0.00000,-0.01000,0.00000
78.4112,0.0000,0.0000,0.0000,-1,0.00000,0.00000,-0.01000,0.00000
78.4612,0.0000,0.0000,0.0000,-1,0.00000,0.00000,-0.01000,0.00000
78.5112,0.0000,0.0000,0.0000,-1,0.00000,0.00000,-0.01000,0.00000
78.5613,0.0000,0.0000,0.0000,-1,0.00000,0.00000,-0.01000,0.00000
78.6113,0.0000,0.0000,0.0000,-1,0.00000,0.00000,-0.01000,0.00000
78.6613,0.0000,0.0000,0.0000,-1,0.00000,0.00000,-0.01000,0.00000
78.7113,0.0000,0.0000,0.0000,0,0.00000,0.00000,0.00000,0.00000
78.7613,0.0000,0.0000,0.0000,0,0.00000,0.00000,0.00000,0.00000
78.8113,0.0000,0.0000,0.0000,0,0.00000,0.00000,0.00000,0.00000
78.8613,0.0000,0.0000,0.0000,0,0.00000,0.00000,0.00000,0.00000
78.9113,0.0000,0.0000,0.0000,0,0.00000,0.00000,0.00000,0.00000
78.9613,0.0000,0.0000,0.0000,0,0.00000,0.00000,0.00000,0.00000
79.0113,0.0000,0.0000,0.0000,0,0.00000,0.00000,0.00000,0.00000
79.0613,0.0000,0.0000,0.0000,0,0.00000,0.00000,0.00000,0.00000
79.1113,0.0000,0.0000,0.0000,0,0.00000,0.00000,0.00000,0.00000
79.1613,0.0000,0.0000,0.0000,0,0.00000,0.00000,0.00000,0.00000
79.2113,0.0000,0.0000,0.0000,1,0.00000,0.00000,0.01000,0.00000
79.2613,0.0000,0.0000,0.0000,1,0.00000,0.00000,0.01000,0.00000
79.3113,0.0000,0.0000,0.0000,1,0.00000,0.00000,0.01000,0.00000
79.3613,0.0000,0.0000,0.0000,1,0.00000,0.00000,0.01000,0.00000
79.4113,0.0000,0.0000,0.0000,1,0.00000,0.00000,0.01000,0.00000
79.4614,0.0000,0.0000,0.0000,1,0.00000,0.00000,0.01000,0.00000
79.5114,0.0000,0.0000,0.0000,1,0.00000,0.00000,0.01000,0.00000
79.5614,0.0000,0.0000,0.0000,1,0.00000,0.00000,0.01000,0.00000
79.6114,0.0000,0.0000,0.0000,1,0.00000,0.00000,0.01000,0.00000
79.6614,0.0000,0.0000,0.0000,1,0.00000,0.00000,0.01000,0.00000
79.7114,0.0000,0.0000,0.0000,1,0.00000,0.00000,0.01000,0.00000
79.7614,0.0000,0.0000,0.0000,1,0.00000,0.00000,0.01000,0.00000
79.8114,0.0000,0.0000,0.0000,1,0.00000,0.00000,0.01000,0.00000
79.8614,0.0000,0.0000,0.0000,1,0.00000,0.00000,0.01000,0.00000
79.9114,0.0000,0.0000,0.0000,1,0.00000,0.00000,0.01000,0.00000
79.9614,0.0000,0.0000,0.0000,1,0.00000,0.00000,0.01000,0.00000
80.0114,0.0000,0.0000,0.0000,1,0.00000,0.00000,0.01000,0.00000
80.0614,0.0000,0.0000,0.0000,1,0.00000,0.00000,0.01000,0.00000
80.1114,0.0000,0.0000,0.0000,1,0.00000,0.00000,0.01000,0.00000
80.1614,0.0000,0.0000,0.0000,1,0.00000,0.00000,0.01000,0.00000
80.2114,0.0000,0.0000,0.0000,1,0.00000,0.00000,0.01000,0.00000
80.2614,0.0000,0.0000,0.0000,1,0.00000,0.00000,0.01000,0.00000
80.3114,0.0000,0.0000,0.0000,1,0.00000,0.00000,0.01000,0.00000
80.3614,0.0000,0.0000,0.0000,1,0.00000,0.00000,0.01000,0.00000
80.4114,0.0000,0.0000,0.0000,1,0.00000,0.00000,0.01000,0.00000
80.4615,0.0000,0.0000,0.0000,1,0.00000,0.00000,0.01000,0.00000
80.5115,0.0000,0.0000,0.0000,1,0.00000,0.00000,0.01000,0.00000
80.5615,0.0000,0.0000,0.0000,1,0.00000,0.00000,0.01000,0.00000
80.6115,0.0000,0.0000,0.0000,1,0.00000,0.00000,0.01000,0.00000
80.6615,0.0000,0.0000,0.0000,1,0.00000,0.00000,0.01000,0.00000
80.7115,0.0000,0.0000,0.0000,1,0.00000,0.00000,0.01000,0.00000
80.7615,0.0000,0.0000,0.0000,1,0.00000,0.00000,0.01000,0.00000
80.8115,0.0000,0.0000,0.0000,1,0.00000,0.00000,0.01000,0.00000
80.8615,0.0000,0.0000,0.0000,1,0.00000,0.00000,0.01000,0.00000
80.9115,0.0000,0.0000,0.0000,1,0.00000,0.00000,0.01000,0.00000
80.9615,0.0000,0.0000,0.0000,1,0.00000,0.00000,0.01000,0.00000
81.0115,0.0000,0.0000,0.0000,1,0.00000,0.00000,0.01000,0.00000
81.0615,0.0000,0.0000,0.0000,1,0.00000,0.00000,0.01000,0.00000
81.1115,0.0000,0.0000,0.0000,1,0.00000,0.00000,0.01000,0.00000
81.1615,0.0000,0.0000,0.0000,1,0.00000,0.00000,0.01000,0.00000
81.2115,0.0000,0.0000,0.0000,1,0.00000,0.00000,0.01000,0.00000
81.2615,0.0000,0.0000,0.0000,1,0.00000,0.00000,0.01000,0.00000
81.3115,0.0000,0.0000,0.0000,1,0.00000,0.00000,0.01000,0.00000
81.3615,0.0000,0.0000,0.0000,1,0.00000,0.00000,0.01000,0.00000
81.4116,0.0000,0.0000,0.0000,1,0.00000,0.00000,0.01000,0.00000
81.4616,0.0000,0.0000,0.0000,1,0.00000,0.00000,0.01000,0.00000
81.5116,0.0000,0.0000,0.0000,1,0.00000,0.00000,0.01000,0.00000
81.5616,0.0000,0.0000,0.0000,1,0.00000,0.00000,0.01000,0.00000
81.6116,0.0000,0.0000,0.0000,1,0.00000,0.00000,0.01000,0.00000
81.6616,0.0000,0.0000,0.0000,1,0.00000,0.00000,0.01000,0.00000
81.7116,0.0000,0.0000,0.0000,1,0.00000,0.00000,0.01000,0.00000
81.7616,0.0000,0.0000,0.0000,1,0.00000,0.00000,0.01000,0.00000
81.8116,0.0000,0.0000,0.0000,1,0.00000,0.00000,0.01000,0.00000
81.8616,0.0000,0.0000,0.0000,1,0.00000,0.00000,0.01000,0.00000
81.9116,0.0000,0.0000,0.0000,1,0.00000,0.00000,0.01000,0.00000
81.9616,0.0000,0.0000,0.0000,1,0.00000,0.00000,0.01000,0.00000
82.0116,0.0000,0.0000,0.0000,1,0.00000,0.00000,0.01000,0.00000
82.0616,0.0000,0.0000,0.0000,1,0.00000,0.00000,0.01000,0.00000
82.1116,0.0000,0.0000,0.0000,0,0.00000,0.00000,0.00000,0.00000
82.1616,0.0000,0.0000,0.0000,0,0.00000,0.00000,0.00000,0.00000
82.2116,0.0000,0.0000,0.0000,0,0.00000,0.00000,0.00000,0.00000
82.2616,0.0229,0.0000,0.0000,0,0.00000,0.00000,0.00000,0.00000
82.3117,0.0400,0.0000,0.0000,0,0.00000,0.00000,0.00000,0.00000
82.3617,0.0229,0.0000,0.0314,0,0.00000,0.00000,0.00000,0.00000
82.4117,0.0000,0.0000,0.1743,0,0.00000,0.00000,0.00000,0.00617
82.4617,0.0057,0.0000,0.3886,0,0.00000,0.00000,0.00000,0.03052
82.5117,0.0000,0.0000,0.5543,0,0.00000,0.00000,0.00000,0.04935
82.5617,0.0000,0.0000,0.6771,0,0.00000,0.00000,0.00000,0.06331
82.6117,0.0000,0.0000,0.8086,0,0.00000,0.00000,0.00000,0.07825
82.6617,0.0000,0.0000,0.9371,0,0.00000,0.00000,0.00000,0.09286
82.7117,0.0000,0.0000,0.9771,0,0.00000,0.00000,0.00000,0.09740
82.7617,0.0000,0.0000,0.9771,0,0.00000,0.00000,0.00000,0.09740
82.8117,0.0000,0.0000,0.9857,0,0.00000,0.00000,0.00000,0.09838
82.8617,0.0000,0.0000,0.9714,0,0.00000,0.00000,0.00000,0.09675
82.9117,0.0000,0.0000,0.9714,0,0.00000,0.00000,0.00000,0.09675
82.9617,0.0000,0.0000,0.9743,0,0.00000,0.00000,0.00000,0.09708
83.0117,0.0000,0.0000,0.9800,0,0.00000,0.00000,0.00000,0.09773
83.0618,0.0000,0.0000,0.9857,0,0.00000,0.00000,0.00000,0.09838
83.1118,0.0000,0.0000,0.9857,0,0.00000,0.00000,0.00000,0.09838
83.1618,0.0000,0.0000,0.9886,0,0.00000,0.00000,0.00000,0.09870
83.2118,0.0000,0.0000,0.9886,0,0.00000,0.00000,0.00000,0.09870
83.2618,0.0029,0.0000,0.9857,0,0.00000,0.00000,0.00000,0.09838
83.3118,0.0000,0.0000,0.9829,0,0.00000,0.00000,0.00000,0.09805
83.3618,0.0000,0.0000,0.9857,0,0.00000,0.00000,0.00000,0.09838
83.4118,0.0000,0.0000,1.0000,0,0.00000,0.00000,0.00000,0.10000
83.4618,0.0000,0.0000,1.0000,0,0.00000,0.00000,0.00000,0.10000
83.5118,0.0000,0.0000,1.0000,0,0.00000,0.00000,0.00000,0.10000
83.5618,0.0000,0.0000,1.0000,0,0.00000,0.00000,0.00000,0.10000
83.6118,0.0000,0.0000,0.9971,0,0.00000,0.00000,0.00000,0.09968
83.6618,0.0000,0.0000,0.9886,0,0.00000,0.00000,0.00000,0.09870
83.7118,0.0000,0.0000,0.9857,0,0.00000,0.00000,0.00000,0.09838
83.7618,0.0000,0.0000,0.9829,0,0.00000,0.00000,0.00000,0.09805
83.8119,0.0000,0.0000,0.9857,0,0.00000,0.00000,0.00000,0.09838
83.8619,0.0000,0.0000,0.9829,0,0.00000,0.00000,0.00000,0.09805
83.9119,0.0000,0.0000,0.9800,0,0.00000,0.00000,0.00000,0.09773
83.9619,0.0000,0.0000,0.9743,0,0.00000,0.00000,0.00000,0.09708
84.0119,0.0000,0.0000,0.9714,0,0.00000,0.00000,0.00000,0.09675
84.0619,0.0000,0.0000,0.9371,0,0.00000,0.00000,0.00000,0.09286
84.1119,0.0000,0.0000,0.9029,0,0.00000,0.00000,0.00000,0.08896
84.1619,0.0000,0.0000,0.8971,0,0.00000,0.00000,0.00000,0.08831
84.2119,0.0000,0.0000,0.8686,0,0.00000,0.00000,0.00000,0.08506
84.2619,0.0000,0.0000,0.8600,0,0.00000,0.00000,0.00000,0.08409
84.3119,0.0000,0.0000,0.8343,0,0.00000,0.00000,0.00000,0.08117
84.3619,0.0000,0.0000,0.7629,0,0.00000,0.00000,0.00000,0.07305
84.4119,0.0000,0.0000,0.6429,0,0.00000,0.00000,0.00000,0.05942
84.4620,0.0000,-0.0029,0.5143,0,0.00000,0.00000,0.00000,0.04481
84.5120,0.0000,0.0000,0.4429,0,0.00000,0.00000,0.00000,0.03669
84.5620,0.0000,0.0000,0.2943,0,0.00000,0.00000,0.00000,0.01981
84.6120,0.0000,0.0000,0.1629,0,0.00000,0.00000,0.00000,0.00487
84.6620,0.0000,0.0114,0.0086,0,0.00000,0.00000,0.00000,0.00000
84.7120,0.0000,0.0000,0.0000,0,0.00000,0.00000,0.00000,0.00000
84.7620,0.0000,0.0000,0.0000,0,0.00000,0.00000,0.00000,0.00000
84.8120,0.0000,0.0000,0.0000,0,0.00000,0.00000,0.00000,0.00000
84.8620,0.0000,0.0000,0.0000,0,0.00000,0.00000,0.00000,0.00000
84.9120,-0.0114,0.0000,-0.1200,0,0.00000,0.00000,0.00000,0.00000
84.9620,-0.0200,0.0000,-0.2629,0,0.00000,0.00000,0.00000,-0.01623
85.0120,-0.0743,0.0000,-0.4286,0,0.00000,0.00000,0.00000,-0.03506
85.0620,-0.0714,0.0000,-0.5886,0,0.00000,0.00000,0.00000,-0.05325
85.1120,-0.1086,0.0000,-0.7171,0,0.00000,0.00000,0.00000,-0.06786
85.1621,-0.1400,0.0000,-0.9343,0,0.00000,0.00000,0.00000,-0.09253
85.2121,-0.1200,0.0086,-0.9743,0,0.00000,0.00000,0.00000,-0.09708
85.2621,-0.1086,0.0114,-0.9829,0,0.00000,0.00000,0.00000,-0.09805
85.3121,-0.0943,0.0143,-0.9886,0,0.00000,0.00000,0.00000,-0.09870
85.3621,-0.0829,0.0200,-0.9943,0,0.00000,0.00000,0.00000,-0.09935
85.4121,-0.0829,0.0200,-0.9971,0,0.00000,0.00000,0.00000,-0.09968
85.4621,-0.0743,0.0200,-1.0000,0,0.00000,0.00000,0.00000,-0.10000
85.5121,-0.0743,0.0229,-1.0000,0,0.00000,0.00000,0.00000,-0.10000
85.5621,-0.0886,0.0229,-0.9943,0,0.00000,0.00000,0.00000,-0.09935
85.6121,-0.0914,0.0229,-0.9914,0,0.00000,0.00000,0.00000,-0.09903
85.6621,-0.0857,0.0257,-0.9886,0,0.00000,0.00000,0.00000,-0.09870
85.7121,-0.0857,0.0257,-0.9914,0,0.00000,0.00000,0.00000,-0.09903
85.7621,-0.0771,0.0286,-0.9943,0,0.00000,0.00000,0.00000,-0.09935
85.8121,-0.0743,0.0343,-0.9914,0,0.00000,0.00000,0.00000,-0.09903
85.8621,-0.0571,0.0314,-1.0000,0,0.00000,0.00000,0.00000,-0.10000
85.9121,-0.0543,0.0314,-1.0000,0,0.00000,0.00000,0.00000,-0.10000
85.9621,-0.0543,0.0343,-1.0000,0,0.00000,0.00000,0.00000,-0.10000
86.0121,-0.0571,0.0343,-1.0000,0,0.00000,0.00000,0.00000,-0.10000
86.0621,-0.0571,0.0400,-1.0000,0,0.00000,0.00000,0.00000,-0.10000
86.1122,-0.0571,0.0400,-1.0000,0,0.00000,0.00000,0.00000,-0.10000
86.1622,-0.0571,0.0371,-1.0000,0,0.00000,0.00000,0.00000,-0.10000
86.2122,-0.0571,0.0371,-1.0000,0,0.00000,0.00000,0.00000,-0.10000
86.2622,-0.0571,0.0343,-1.0000,0,0.00000,0.00000,0.00000,-0.10000
86.3122,-0.0629,0.0286,-1.0000,0,0.00000,0.00000,0.00000,-0.10000
86.3622,-0.0800,0.0229,-1.0000,0,0.00000,0.00000,0.00000,-0.10000
86.4122,-0.0800,0.0229,-1.0000,0,0.00000,0.00000,0.00000,-0.10000
86.4622,-0.0800,0.0200,-1.0000,0,0.00000,0.00000,0.00000,-0.10000
86.5122,-0.0771,0.0229,-1.0000,0,0.00000,0.00000,0.00000,-0.10000
86.5622,-0.0771,0.0229,-1.0000,0,0.00000,0.00000,0.00000,-0.10000
86.6122,-0.0914,0.0257,-0.9943,0,0.00000,0.00000,0.00000,-0.09935
86.6622,-0.1029,0.0171,-0.9971,0,0.00000,0.00000,0.00000,-0.09968
86.7123,-0.1029,0.0171,-0.9971,0,0.00000,0.00000,0.00000,-0.09968
86.7623,-0.1000,0.0143,-0.9971,0,0.00000,0.00000,0.00000,-0.09968
86.8123,-0.1057,0.0229,-0.9886,0,0.00000,0.00000,0.00000,-0.09870
86.8623,-0.1143,0.0486,-0.9629,0,0.00000,0.00000,0.00000,-0.09578
86.9123,0.0000,0.0000,-0.7857,0,0.00000,0.00000,0.00000,-0.07565
86.9623,0.0000,-0.0286,-0.2086,0,0.00000,0.00000,0.00000,-0.01006
87.0123,0.0229,0.0000,0.0000,0,0.00000,0.00000,0.00000,0.00000
87.0623,0.0000,0.0000,0.0000,0,0.00000,0.00000,0.00000,0.00000
87.1123,0.0000,0.0000,0.0000,0,0.00000,0.00000,0.00000,0.00000
87.1623,0.0000,0.0000,0.0000,0,0.00000,0.00000,0.00000,0.00000
87.2123,0.0000,0.0000,0.0000,0,0.00000,0.00000,0.00000,0.00000
87.2623,0.0000,0.0000,0.0000,0,0.00000,0.00000,0.00000,0.00000
87.3123,0.0000,0.0000,0.0000,0,0.00000,0.00000,0.00000,0.00000
87.3623,0.0000,0.0000,0.0000,0,0.00000,0.00000,0.00000,0.00000
87.4123,0.0000,0.0000,0.0000,0,0.00000,0.00000,0.00000,0.00000
87.4623,0.0000,0.0000,0.0000,0,0.00000,0.00000,0.00000,0.00000
87.5123,0.0000,0.0000,0.0000,0,0.00000,0.00000,0.00000,0.00000
87.5623,0.0000,0.0000,0.0000,0,0.00000,0.00000,0.00000,0.00000
87.6124,0.0000,0.0000,0.0000,0,0.00000,0.00000,0.00000,0.00000
87.6624,0.0000,0.0000,0.0000,0,0.00000,0.00000,0.00000,0.00000
87.7124,0.0000,0.0000,0.0000,0,0.00000,0.00000,0.00000,0.00000
87.7624,0.0000,0.0000,0.0000,0,0.00000,0.00000,0.00000,0.00000
87.8124,0.0000,0.0000,0.0000,0,0.00000,0.00000,0.00000,0.00000
87.8624,0.0000,0.0000,0.0000,0,0.00000,0.00000,0.00000,0.00000
87.9124,0.0000,0.0000,0.0000,0,0.00000,0.00000,0.00000,0.00000
87.9624,0.0000,0.0000,0.0000,0,0.00000,0.00000,0.00000,0.00000
88.0124,0.0000,0.0000,0.0000,0,0.00000,0.00000,0.00000,0.00000
88.0624,0.0000,0.0000,0.0000,0,0.00000,0.00000,0.00000,0.00000
88.1124,0.0000,0.0000,0.0000,0,0.00000,0.00000,0.00000,0.00000
88.1624,0.0000,0.0000,0.0000,0,0.00000,0.00000,0.00000,0.00000
