timestamp,frame_idx,mode,franka_x,franka_y,franka_z,vx,vy,vz,wz,pwm1,pwm2,pwm3,sm_x,sm_y,sm_z,sm_yaw,btn0,btn_other
2026-08-25 17:26:50.539270,0,franka,0.46643,-0.04983,0.41078,0.00000,0.00000,0.00000,0.00000,0.00,0.00,0.00,0.0000,0.0000,0.0000,0.0000,0,0
2026-08-25 17:26:50.593427,1,franka,0.46643,-0.04983,0.41078,0.00000,0.00000,0.00000,0.00000,0.00,0.00,0.00,0.0000,0.0000,0.0000,0.0000,0,0
2026-08-25 17:26:50.647030,2,franka,0.46643,-0.04983,0.41078,0.00000,0.00000,0.00000,0.00000,0.00,0.00,0.00,0.0000,0.0000,0.0000,0.0000,0,0
2026-08-25 17:26:50.700059,3,franka,0.46643,-0.04983,0.41078,0.00000,0.00000,0.00000,0.00000,0.00,0.00,0.00,0.0000,0.0000,0.0000,0.0000,0,0
2026-08-25 17:26:50.752687,4,franka,0.46643,-0.04983,0.41078,0.00000,0.00000,0.00000,0.00000,0.00,0.00,0.00,0.0000,0.0000,0.0000,0.0000,0,0
2026-08-25 17:26:50.805956,5,franka,0.46642,-0.04983,0.41078,0.00000,0.00000,0.00000,0.00000,0.00,0.00,0.00,0.0000,0.0000,0.0000,0.0000,0,0
2026-08-25 17:26:50.859626,6,franka,0.46642,-0.04983,0.41078,0.00000,0.00000,0.00000,0.00000,0.00,0.00,0.00,0.0000,0.0000,0.0000,0.0000,0,0
2026-08-25 17:26:50.914043,7,franka,0.46643,-0.04983,0.41078,0.00000,0.00000,0.00000,0.00000,0.00,0.00,0.00,0.0000,0.0000,0.0000,0.0000,0,0
2026-08-25 17:26:50.967528,8,franka,0.46643,-0.04983,0.41078,0.00000,0.00000,0.00000,0.00000,0.00,0.00,0.00,0.0000,0.0000,0.0000,0.0000,0,0
2026-08-25 17:26:51.022153,9,franka,0.46643,-0.04983,0.41078,0.00000,0.00000,0.00000,0.00000,0.00,0.00,0.00,0.0000,0.0000,0.0000,0.0000,0,0
2026-08-25 17:26:51.075825,10,franka,0.46643,-0.04983,0.41078,0.00000,0.00000,0.00000,0.00000,0.00,0.00,0.00,0.0000,0.0000,0.0000,0.0000,0,0
2026-08-25 17:26:51.129812,11,franka,0.46643,-0.04983,0.41078,0.00000,0.00000,0.00000,0.00000,0.00,0.00,0.00,0.0000,0.0000,0.0000,0.0000,0,0
2026-08-25 17:26:51.183440,12,franka,0.46643,-0.04983,0.41078,0.00000,0.00000,0.00000,0.00000,0.00,0.00,0.00,0.0000,0.0000,0.0000,0.0000,0,0
2026-08-25 17:26:51.237166,13,franka,0.46643,-0.04983,0.41078,0.00000,0.00000,0.00000,0.00000,0.00,0.00,0.00,0.0000,0.0000,0.0000,0.0000,0,0
2026-08-25 17:26:51.291049,14,franka,0.46642,-0.04983,0.41078,0.00000,0.00000,0.00000,0.00000,0.00,0.00,0.00,0.0000,0.0000,0.0000,0.0000,0,0
2026-08-25 17:26:51.345084,15,franka,0.46643,-0.04983,0.41078,0.00000,0.00000,0.00000,0.00000,0.00,0.00,0.00,0.0000,0.0000,0.0000,0.0000,0,0
2026-08-25 17:26:51.399067,16,franka,0.46643,-0.04983,0.41078,0.00000,0.00000,0.00000,0.00000,0.00,0.00,0.00,0.0000,0.0000,0.0000,0.0000,0,0
2026-08-25 17:26:51.453785,17,franka,0.46643,-0.04983,0.41078,0.00000,0.00000,0.00000,0.00000,0.00,0.00,0.00,0.0000,0.0000,0.0000,0.0000,0,0
2026-08-25 17:26:51.507379,18,franka,0.46643,-0.04983,0.41078,0.00000,0.00000,0.00000,0.00000,0.00,0.00,0.00,0.0000,0.0000,0.0000,0.0000,0,0
2026-08-25 17:26:51.560913,19,franka,0.46643,-0.04983,0.41078,0.00000,0.00000,0.00000,0.00000,0.00,0.00,0.00,0.0000,0.0000,0.0000,0.0000,0,0
2026-08-25 17:26:51.615216,20,franka,0.46643,-0.04983,0.41078,0.00000,0.00000,0.00000,0.00000,0.00,0.00,0.00,0.0000,0.0000,0.0000,0.0000,0,0
2026-08-25 17:26:51.668965,21,franka,0.46643,-0.04983,0.41078,0.00000,0.00000,0.00000,0.00000,0.00,0.00,0.00,0.0000,0.0000,0.0000,0.0000,0,0
2026-08-25 17:26:51.723143,22,franka,0.46643,-0.04983,0.41078,0.00000,0.00000,0.00000,0.00000,0.00,0.00,0.00,0.0000,0.0000,0.0000,0.0000,0,0
2026-08-25 17:26:51.776914,23,franka,0.46643,-0.04983,0.41078,0.00000,0.00000,0.00000,0.00000,0.00,0.00,0.00,0.0000,0.0000,0.0000,0.0000,0,0
2026-08-25 17:26:51.830946,24,franka,0.46643,-0.04983,0.41078,0.00000,0.00000,0.00000,0.00000,0.00,0.00,0.00,0.0000,0.0000,0.0000,0.0000,0,0
2026-08-25 17:26:51.884685,25,franka,0.46642,-0.04983,0.41078,0.00000,0.00000,0.00000,0.00000,0.00,0.00,0.00,0.0000,0.0000,0.0000,0.0000,0,0
2026-08-25 17:26:51.938247,26,franka,0.46643,-0.04983,0.41078,0.00000,0.00000,0.00000,0.00000,0.00,0.00,0.00,0.0000,0.0000,0.0000,0.0000,0,0
2026-08-25 17:26:51.991610,27,franka,0.46643,-0.04983,0.41078,0.00000,0.00000,0.00000,0.00000,0.00,0.00,0.00,0.0000,0.0000,0.0000,0.0000,0,0
2026-08-25 17:26:52.045151,28,franka,0.46643,-0.04983,0.41078,0.00000,0.00000,0.00000,0.00000,0.00,0.00,0.00,0.0000,0.0000,0.0000,0.0000,0,0
2026-08-25 17:26:52.099008,29,franka,0.46643,-0.04983,0.41078,0.00000,0.00000,0.00000,0.00000,0.00,0.00,0.00,0.0000,0.0000,0.0000,0.0000,0,0
2026-08-25 17:26:52.152773,30,franka,0.46643,-0.04983,0.41078,0.00000,0.00000,0.00000,0.00000,0.00,0.00,0.00,0.0000,0.0000,0.0000,0.0000,0,0
2026-08-25 17:26:52.206463,31,franka,0.46643,-0.04983,0.41078,0.00000,0.00000,0.00000,0.00000,0.00,0.00,0.00,0.0000,0.0000,0.0000,0.0000,0,0
2026-08-25 17:26:52.260651,32,franka,0.46643,-0.04983,0.41078,0.00000,0.00000,0.00000,0.00000,0.00,0.00,0.00,0.0000,0.0000,0.0000,0.0000,0,0
2026-08-25 17:26:52.314656,33,franka,0.46642,-0.04983,0.41078,0.00000,0.00000,0.00000,0.00000,0.00,0.00,0.00,0.0000,0.0000,0.0000,0.0000,0,0
2026-08-25 17:26:52.368121,34,franka,0.46643,-0.04983,0.41078,0.00000,0.00000,0.00000,0.00000,0.00,0.00,0.00,0.0000,0.0000,0.0000,0.0000,0,0
2026-08-25 17:26:52.421464,35,franka,0.46643,-0.04983,0.41078,0.00000,0.00000,0.00000,0.00000,0.00,0.00,0.00,0.0000,0.0000,0.0000,0.0000,0,0
2026-08-25 17:26:52.475271,36,franka,0.46643,-0.04983,0.41078,0.00000,0.00000,0.00000,0.00000,0.00,0.00,0.00,0.0000,0.0000,0.0000,0.0000,0,0
2026-08-25 17:26:52.528909,37,franka,0.46642,-0.04983,0.41078,0.00000,0.00000,0.00000,0.00000,0.00,0.00,0.00,0.0000,0.0000,0.0000,0.0000,0,0
2026-08-25 17:26:52.582673,38,franka,0.46643,-0.04983,0.41078,0.00000,0.00000,0.00000,0.00000,0.00,0.00,0.00,0.0000,0.0000,0.0000,0.0000,0,0
2026-08-25 17:26:52.636969,39,franka,0.46643,-0.04983,0.41078,0.00000,0.00000,0.00000,0.00000,0.00,0.00,0.00,0.0000,0.0000,0.0000,0.0000,0,0
2026-08-25 17:26:52.690968,40,franka,0.46642,-0.04983,0.41078,0.00000,0.00000,0.00000,0.00000,0.00,0.00,0.00,0.0000,0.0000,0.0000,0.0000,0,0
2026-08-25 17:26:52.745254,41,franka,0.46643,-0.04983,0.41078,0.00000,0.00000,0.00000,0.00000,0.00,0.00,0.00,0.0000,0.0000,0.0000,0.0000,0,0
2026-08-25 17:26:52.799083,42,franka,0.46643,-0.04983,0.41078,0.00000,0.00000,0.00000,0.00000,0.00,0.00,0.00,0.0000,0.0000,0.0000,0.0000,0,0
2026-08-25 17:26:52.852639,43,franka,0.46643,-0.04983,0.41078,0.00000,0.00000,0.00000,0.00000,0.00,0.00,0.00,0.0000,0.0000,0.0000,0.0000,0,0
2026-08-25 17:26:52.906587,44,franka,0.46643,-0.04983,0.41078,0.00000,0.00000,0.00000,0.00000,0.00,0.00,0.00,0.0000,0.0000,0.0000,0.0000,0,0
2026-08-25 17:26:52.960199,45,franka,0.46643,-0.04983,0.41078,0.00000,0.00000,0.00000,0.00000,0.00,0.00,0.00,0.0000,0.0000,0.0000,0.0000,0,0
2026-08-25 17:26:53.013797,46,franka,0.46643,-0.04983,0.41078,0.00000,0.00000,0.00000,0.00000,0.00,0.00,0.00,0.0000,0.0000,0.0000,0.0000,0,0
2026-08-25 17:26:53.067232,47,franka,0.46643,-0.04983,0.41078,0.00000,0.00000,0.00000,0.00000,0.00,0.00,0.00,0.0000,0.0000,0.0000,0.0000,0,0
2026-08-25 17:26:53.120862,48,franka,0.46643,-0.04983,0.41078,0.00000,0.00000,0.00000,0.00000,0.00,0.00,0.00,0.0000,0.0000,0.0000,0.0000,0,0
2026-08-25 17:26:53.174642,49,franka,0.46643,-0.04983,0.41078,0.00000,0.00000,0.00000,0.00000,0.00,0.00,0.00,0.0000,0.0000,0.0000,0.0000,0,0
2026-08-25 17:26:53.230931,50,franka,0.46643,-0.04983,0.41078,0.00000,0.00000,0.00000,0.00000,0.00,0.00,0.00,0.0000,0.0000,0.0000,0.0000,0,0
2026-08-25 17:26:53.290088,51,franka,0.46642,-0.04983,0.41078,0.00000,0.00000,0.00000,0.00000,0.00,0.00,0.00,0.0000,0.0000,0.0000,0.0000,0,0
2026-08-25 17:26:53.343750,52,franka,0.46643,-0.04983,0.41078,0.00000,0.00000,0.00000,0.00000,0.00,0.00,0.00,0.0000,0.0000,0.0000,0.0000,0,0
2026-08-25 17:26:53.397637,53,franka,0.46643,-0.04983,0.41078,0.00000,0.00000,0.00000,0.00000,0.00,0.00,0.00,0.0000,0.0000,0.0000,0.0000,0,0
2026-08-25 17:26:53.450915,54,franka,0.46642,-0.04983,0.41078,0.00000,0.00000,0.00000,0.00000,0.00,0.00,0.00,0.0000,0.0000,0.0000,0.0000,0,0
2026-08-25 17:26:53.505602,55,franka,0.46643,-0.04983,0.41078,0.00000,0.00000,0.00000,0.00000,0.00,0.00,0.00,0.0000,0.0000,0.0000,0.0000,0,0
2026-08-25 17:26:53.559657,56,franka,0.46643,-0.04983,0.41078,0.00000,0.00000,0.00000,0.00000,0.00,0.00,0.00,0.0000,0.0000,0.0000,0.0000,0,0
2026-08-25 17:26:53.613943,57,franka,0.46643,-0.04983,0.41078,0.00000,0.00000,0.00000,0.00000,0.00,0.00,0.00,0.0000,0.0000,0.0000,0.0000,0,0
2026-08-25 17:26:53.667573,58,franka,0.46643,-0.04983,0.41078,0.00000,0.00000,0.00000,0.00000,0.00,0.00,0.00,0.0000,0.0000,0.0000,0.0000,0,0
2026-08-25 17:26:53.721825,59,franka,0.46643,-0.04983,0.41078,0.00000,0.00000,0.00000,0.00000,0.00,0.00,0.00,0.0000,0.0000,0.0000,0.0000,0,0
2026-08-25 17:26:53.776066,60,franka,0.46643,-0.04983,0.41078,0.00000,0.00000,0.00000,0.00000,0.00,0.00,0.00,0.0000,0.0000,0.0000,0.0000,0,0
2026-08-25 17:26:53.829809,61,franka,0.46642,-0.04983,0.41078,0.00000,0.00000,0.00000,0.00000,0.00,0.00,0.00,0.0000,0.0000,0.0000,0.0000,0,0
2026-08-25 17:26:53.883505,62,franka,0.46643,-0.04983,0.41078,0.00000,0.00000,0.00000,0.00000,0.00,0.00,0.00,0.0000,0.0000,0.0000,0.0000,0,0
2026-08-25 17:26:53.937647,63,franka,0.46642,-0.04983,0.41078,0.00000,0.00000,0.00000,0.00000,0.00,0.00,0.00,0.0000,0.0000,0.0000,0.0000,0,0
2026-08-25 17:26:53.991597,64,franka,0.46643,-0.04983,0.41078,0.00000,0.00000,0.00000,0.00000,0.00,0.00,0.00,0.0000,0.0000,0.0000,0.0000,0,0
2026-08-25 17:26:54.045100,65,franka,0.46642,-0.04983,0.41078,0.00000,0.00000,0.00000,0.00000,0.00,0.00,0.00,0.0000,0.0000,0.0000,0.0000,0,0
2026-08-25 17:26:54.098646,66,franka,0.46643,-0.04983,0.41078,0.00000,0.00000,0.00000,0.00000,0.00,0.00,0.00,0.0000,0.0000,0.0000,0.0000,0,0
2026-08-25 17:26:54.152624,67,franka,0.46643,-0.04983,0.41078,0.00000,0.00000,0.00000,0.00000,0.00,0.00,0.00,0.0000,0.0000,0.0000,0.0000,0,0
2026-08-25 17:26:54.206434,68,franka,0.46643,-0.04983,0.41078,0.00000,0.00000,0.00000,0.00000,0.00,0.00,0.00,0.0000,0.0000,0.0000,0.0000,0,0
2026-08-25 17:26:54.260061,69,franka,0.46643,-0.04983,0.41078,0.00000,0.00000,0.00000,0.00000,0.00,0.00,0.00,0.0000,0.0000,0.0000,0.0000,0,0
2026-08-25 17:26:54.313391,70,franka,0.46642,-0.04983,0.41078,0.00000,0.00000,0.00000,0.00000,0.00,0.00,0.00,0.0000,0.0000,0.0000,0.0000,0,0
2026-08-25 17:26:54.367016,71,franka,0.46642,-0.04983,0.41078,0.00000,0.00000,0.00000,0.00000,0.00,0.00,0.00,0.0000,0.0000,0.0000,0.0000,0,0
2026-08-25 17:26:54.420491,72,franka,0.46643,-0.04983,0.41078,0.00000,0.00000,0.00000,0.00000,0.00,0.00,0.00,0.0000,0.0000,0.0000,0.0000,0,0
2026-08-25 17:26:54.474212,73,franka,0.46642,-0.04983,0.41078,0.00000,0.00000,0.00000,0.00000,0.00,0.00,0.00,0.0000,0.0000,0.0000,0.0000,0,0
2026-08-25 17:26:54.527669,74,franka,0.46643,-0.04983,0.41078,0.00000,0.00000,0.00000,0.00000,0.00,0.00,0.00,0.0000,0.0000,0.0000,0.0000,0,0
2026-08-25 17:26:54.581124,75,franka,0.46643,-0.04983,0.41078,0.00000,0.00000,0.00000,0.00000,0.00,0.00,0.00,0.0000,0.0000,0.0000,0.0000,0,0
2026-08-25 17:26:54.634769,76,franka,0.46643,-0.04983,0.41078,0.00000,0.00000,0.00000,0.00000,0.00,0.00,0.00,0.0000,0.0000,0.0000,0.0000,0,0
2026-08-25 17:26:54.688243,77,franka,0.46643,-0.04983,0.41078,0.00000,0.00000,0.00000,0.00000,0.00,0.00,0.00,0.0000,0.0000,0.0000,0.0000,0,0
2026-08-25 17:26:54.741922,78,franka,0.46643,-0.04983,0.41078,0.00000,0.00000,0.00000,0.00000,0.00,0.00,0.00,0.0000,0.0000,0.0000,0.0000,0,0
2026-08-25 17:26:54.795283,79,franka,0.46643,-0.04983,0.41078,0.00000,0.00000,0.00000,0.00000,0.00,0.00,0.00,0.0000,0.0000,0.0000,0.0000,0,0
2026-08-25 17:26:54.848624,80,franka,0.46642,-0.04983,0.41078,0.00000,0.00000,0.00000,0.00000,0.00,0.00,0.00,0.0000,0.0000,0.0000,0.0000,0,0
2026-08-25 17:26:54.902027,81,franka,0.46643,-0.04983,0.41078,0.00000,0.00000,0.00000,0.00000,0.00,0.00,0.00,0.0000,0.0000,0.0000,0.0000,0,0
2026-08-25 17:26:54.955410,82,franka,0.46642,-0.04983,0.41078,0.00000,0.00000,0.00000,0.00000,0.00,0.00,0.00,0.0000,0.0000,0.0000,0.0000,0,0
2026-08-25 17:26:55.009050,83,franka,0.46642,-0.04983,0.41078,0.00000,0.00000,0.00000,0.00000,0.00,0.00,0.00,0.0000,0.0000,0.0000,0.0000,0,0
2026-08-25 17:26:55.062951,84,franka,0.46643,-0.04983,0.41078,0.00000,0.00000,0.00000,0.00000,0.00,0.00,0.00,0.0000,0.0000,0.0000,0.0000,0,0
2026-08-25 17:26:55.116962,85,franka,0.46643,-0.04983,0.41078,0.00000,0.00000,0.00000,0.00000,0.00,0.00,0.00,0.0000,0.0000,0.0000,0.0000,0,0
2026-08-25 17:26:55.170498,86,franka,0.46643,-0.04983,0.41078,0.00000,0.00000,0.00000,0.00000,0.00,0.00,0.00,0.0000,0.0000,0.0000,0.0000,0,0
2026-08-25 17:26:55.223971,87,franka,0.46642,-0.04983,0.41078,0.00000,0.00000,0.00000,0.00000,0.00,0.00,0.00,0.0000,0.0000,0.0000,0.0000,0,0
2026-08-25 17:26:55.278208,88,franka,0.46642,-0.04983,0.41078,0.00000,0.00000,0.00000,0.00000,0.00,0.00,0.00,0.0000,0.0000,0.0000,0.0000,0,0
2026-08-25 17:26:55.331874,89,franka,0.46643,-0.04983,0.41078,0.00000,0.00000,0.00000,0.00000,0.00,0.00,0.00,0.0000,0.0000,0.0000,0.0000,0,0
2026-08-25 17:26:55.385797,90,franka,0.46643,-0.04983,0.41078,0.00000,0.00000,0.00000,0.00000,0.00,0.00,0.00,0.0000,0.0000,0.0000,0.0000,0,0
2026-08-25 17:26:55.440569,91,franka,0.46643,-0.04983,0.41078,0.00000,0.00000,0.00000,0.00000,0.00,0.00,0.00,0.0000,0.0000,0.0000,0.0000,0,0
2026-08-25 17:26:55.494319,92,franka,0.46643,-0.04983,0.41078,0.00000,0.00000,0.00000,0.00000,0.00,0.00,0.00,0.0000,0.0000,0.0000,0.0000,0,0
2026-08-25 17:26:55.547812,93,franka,0.46643,-0.04983,0.41078,0.00000,0.00000,0.00000,0.00000,0.00,0.00,0.00,0.0000,0.0000,0.0000,0.0000,0,0
2026-08-25 17:26:55.602083,94,franka,0.46642,-0.04983,0.41078,0.00000,0.00000,0.00000,0.00000,0.00,0.00,0.00,0.0000,0.0000,0.0000,0.0000,0,0
2026-08-25 17:26:55.656236,95,franka,0.46643,-0.04983,0.41078,0.00000,0.00000,0.00000,0.00000,0.00,0.00,0.00,0.0000,0.0000,0.0000,0.0000,0,0
2026-08-25 17:26:55.710679,96,franka,0.46643,-0.04983,0.41078,0.00000,0.00000,0.00000,0.00000,0.00,0.00,0.00,0.0000,0.0000,0.0000,0.0000,0,0
2026-08-25 17:26:55.764231,97,franka,0.46643,-0.04983,0.41078,0.00000,0.00000,0.00000,0.00000,0.00,0.00,0.00,0.0000,0.0000,0.0000,0.0000,0,0
2026-08-25 17:26:55.817789,98,franka,0.46642,-0.04983,0.41078,0.00000,0.00000,0.00000,0.00000,0.00,0.00,0.00,0.0000,0.0000,0.0000,0.0000,0,0
2026-08-25 17:26:55.871485,99,franka,0.46643,-0.04983,0.41078,0.00000,0.00000,0.00000,0.00000,0.00,0.00,0.00,0.0000,0.0000,0.0000,0.0000,0,0
2026-08-25 17:26:55.924869,100,franka,0.46643,-0.04983,0.41078,0.00000,0.00000,0.00000,0.00000,0.00,0.00,0.00,0.0000,0.0000,0.0000,0.0000,0,0
2026-08-25 17:26:55.978525,101,franka,0.46642,-0.04983,0.41078,0.00000,0.00000,0.00000,0.00000,0.00,0.00,0.00,0.0000,0.0000,0.0000,0.0000,0,0
2026-08-25 17:26:56.032087,102,franka,0.46643,-0.04983,0.41078,0.00000,0.00000,0.00000,0.00000,0.00,0.00,0.00,0.0000,0.0000,0.0000,0.0000,0,0
2026-08-25 17:26:56.086807,103,franka,0.46643,-0.04983,0.41078,0.00000,0.00000,0.00000,0.00000,0.00,0.00,0.00,0.0000,0.0000,0.0000,0.0000,0,0
2026-08-25 17:26:56.140671,104,franka,0.46642,-0.04983,0.41078,0.00000,0.00000,0.00000,0.00000,0.00,0.00,0.00,0.0000,0.0000,0.0000,0.0000,0,0
2026-08-25 17:26:56.194202,105,franka,0.46643,-0.04983,0.41078,0.00000,0.00000,0.00000,0.00000,0.00,0.00,0.00,0.0000,0.0000,0.0000,0.0000,0,0
2026-08-25 17:26:56.248242,106,franka,0.46643,-0.04983,0.41078,0.00000,0.00000,0.00000,0.00000,0.00,0.00,0.00,0.0000,0.0000,0.0000,0.0000,0,0
2026-08-25 17:26:56.301831,107,franka,0.46643,-0.04983,0.41078,0.00000,0.00000,0.00000,0.00000,0.00,0.00,0.00,0.0000,0.0000,0.0000,0.0000,0,0
2026-08-25 17:26:56.355546,108,franka,0.46643,-0.04983,0.41078,0.00000,0.00000,0.00000,0.00000,0.00,0.00,0.00,0.0000,0.0000,0.0000,0.0000,0,0
2026-08-25 17:26:56.409874,109,franka,0.46643,-0.04983,0.41078,0.00000,0.00000,0.00000,0.00000,0.00,0.00,0.00,0.0000,0.0000,0.0000,0.0000,0,0
2026-08-25 17:26:56.464045,110,franka,0.46642,-0.04983,0.41078,0.00000,0.00000,0.00000,0.00000,0.00,0.00,0.00,0.0000,0.0000,0.0000,0.0000,0,0
2026-08-25 17:26:56.517991,111,franka,0.46642,-0.04983,0.41078,0.00000,0.00000,0.00000,0.00000,0.00,0.00,0.00,0.0000,0.0000,0.0000,0.0000,0,0
2026-08-25 17:26:56.571646,112,franka,0.46642,-0.04983,0.41078,0.00000,0.00000,0.00000,0.00000,0.00,0.00,0.00,0.0000,0.0000,0.0000,0.0000,0,0
2026-08-25 17:26:56.625654,113,franka,0.46643,-0.04983,0.41078,0.00000,0.00000,0.00000,0.00000,0.00,0.00,0.00,0.0000,0.0000,0.0000,0.0000,0,0
2026-08-25 17:26:56.680093,114,franka,0.46643,-0.04983,0.41078,0.00000,0.00000,0.00000,0.00000,0.00,0.00,0.00,0.0000,0.0000,0.0000,0.0000,0,0
2026-08-25 17:26:56.733740,115,franka,0.46643,-0.04983,0.41078,0.00000,0.00000,0.00000,0.00000,0.00,0.00,0.00,0.0000,0.0000,0.0000,0.0000,0,0
2026-08-25 17:26:56.787206,116,franka,0.46643,-0.04983,0.41078,0.00000,0.00000,0.00000,0.00000,0.00,0.00,0.00,0.0000,0.0000,0.0000,0.0000,0,0
2026-08-25 17:26:56.841420,117,franka,0.46643,-0.04983,0.41078,0.00000,0.00000,0.00000,0.00000,0.00,0.00,0.00,0.0000,0.0000,0.0000,0.0000,0,0
2026-08-25 17:26:56.895462,118,franka,0.46642,-0.04983,0.41078,0.00000,0.00000,0.00000,0.00000,0.00,0.00,0.00,0.0000,0.0000,0.0000,0.0000,0,0
2026-08-25 17:26:56.949444,119,franka,0.46642,-0.04983,0.41078,0.00000,0.00000,0.00000,0.00000,0.00,0.00,0.00,0.0000,0.0000,0.0000,0.0000,0,0
2026-08-25 17:26:57.003283,120,franka,0.46643,-0.04983,0.41078,0.00000,0.00000,0.00000,0.00000,0.00,0.00,0.00,0.0000,0.0000,0.0000,0.0000,0,0
2026-08-25 17:26:57.057115,121,franka,0.46643,-0.04983,0.41078,0.00000,0.00000,0.00000,0.00000,0.00,0.00,0.00,0.0000,0.0000,0.0000,0.0000,0,0
2026-08-25 17:26:57.111027,122,franka,0.46643,-0.04983,0.41078,0.00000,0.00000,0.00000,0.00000,0.00,0.00,0.00,0.0000,0.0000,0.0000,0.0000,0,0
2026-08-25 17:26:57.165045,123,franka,0.46643,-0.04983,0.41078,0.00000,0.00000,0.00000,0.00000,0.00,0.00,0.00,0.0000,0.0000,0.0000,0.0000,0,0
2026-08-25 17:26:57.218721,124,franka,0.46643,-0.04983,0.41078,0.00000,0.00000,0.00000,0.00000,0.00,0.00,0.00,0.0000,0.0000,0.0000,0.0000,0,0
2026-08-25 17:26:57.272985,125,franka,0.46643,-0.04983,0.41078,0.00000,0.00000,0.00000,0.00000,0.00,0.00,0.00,0.0000,0.0000,0.0000,0.0000,0,0
2026-08-25 17:26:57.327039,126,franka,0.46643,-0.04983,0.41078,0.00000,0.00000,0.00000,0.00000,0.00,0.00,0.00,0.0000,0.0000,0.0000,0.0000,0,0
2026-08-25 17:26:57.381022,127,franka,0.46642,-0.04983,0.41078,0.00000,0.00000,0.00000,0.00000,0.00,0.00,0.00,0.0000,0.0000,0.0000,0.0000,0,0
2026-08-25 17:26:57.434595,128,franka,0.46642,-0.04983,0.41078,0.00000,0.00000,0.00000,0.00000,0.00,0.00,0.00,0.0000,0.0000,0.0000,0.0000,0,0
2026-08-25 17:26:57.488131,129,franka,0.46643,-0.04983,0.41078,0.00000,0.00000,0.00000,0.00000,0.00,0.00,0.00,0.0000,0.0000,0.0000,0.0000,0,0
2026-08-25 17:26:57.542215,130,franka,0.46643,-0.04983,0.41078,0.00000,0.00000,0.00000,0.00000,0.00,0.00,0.00,0.0000,0.0000,0.0000,0.0000,0,0
2026-08-25 17:26:57.596203,131,franka,0.46643,-0.04983,0.41078,0.00000,0.00000,0.00000,0.00000,0.00,0.00,0.00,0.0000,0.0000,0.0000,0.0000,0,0
2026-08-25 17:26:57.650172,132,franka,0.46643,-0.04983,0.41078,0.00000,0.00000,0.00000,0.00000,0.00,0.00,0.00,0.0000,0.0000,0.0000,0.0000,0,0
2026-08-25 17:26:57.703943,133,franka,0.46642,-0.04983,0.41078,0.00000,0.00000,0.00000,0.00000,0.00,0.00,0.00,0.0000,0.0000,0.0000,0.0000,0,0
2026-08-25 17:26:57.757630,134,franka,0.46643,-0.04983,0.41078,0.00000,0.00000,0.00000,0.00000,0.00,0.00,0.00,0.0000,0.0000,0.0000,0.0000,0,0
2026-08-25 17:26:57.811382,135,franka,0.46643,-0.04983,0.41078,0.00000,0.00000,0.00000,0.00000,0.00,0.00,0.00,0.0000,0.0000,0.0000,0.0000,0,0
2026-08-25 17:26:57.865174,136,franka,0.46643,-0.04983,0.41078,0.00000,0.00000,0.00000,0.00000,0.00,0.00,0.00,0.0000,0.0000,0.0000,0.0000,0,0
2026-08-25 17:26:57.919005,137,franka,0.46643,-0.04983,0.41078,0.00000,0.00000,0.00000,0.00000,0.00,0.00,0.00,0.0000,0.0000,0.0000,0.0000,0,0
2026-08-25 17:26:57.972825,138,franka,0.46643,-0.04983,0.41078,0.00000,0.00000,0.00000,0.00000,0.00,0.00,0.00,0.0000,0.0000,0.0000,0.0000,0,0
2026-08-25 17:26:58.026431,139,franka,0.46643,-0.04983,0.41078,0.00000,0.00000,0.00000,0.00000,0.00,0.00,0.00,0.0000,0.0000,0.0000,0.0000,0,0
2026-08-25 17:26:58.080173,140,franka,0.46643,-0.04983,0.41078,0.00000,0.00000,0.00000,0.00000,0.00,0.00,0.00,0.0000,0.0000,0.0000,0.0000,0,0
2026-08-25 17:26:58.134031,141,franka,0.46643,-0.04983,0.41078,0.00000,0.00000,0.00000,0.00000,0.00,0.00,0.00,0.0000,0.0000,0.0000,0.0000,0,0
2026-08-25 17:26:58.187599,142,franka,0.46643,-0.04983,0.41078,0.00000,0.00000,0.00000,0.00000,0.00,0.00,0.00,0.0000,0.0000,0.0000,0.0000,0,0
2026-08-25 17:26:58.241210,143,franka,0.46643,-0.04983,0.41078,0.00000,0.00000,0.00000,0.00000,0.00,0.00,0.00,0.0000,0.0000,0.0000,0.0000,0,0
2026-08-25 17:26:58.294769,144,franka,0.46643,-0.04983,0.41078,0.00000,0.00000,0.00000,0.00000,0.00,0.00,0.00,0.0000,0.0000,0.0000,0.0000,0,0
2026-08-25 17:26:58.348286,145,franka,0.46643,-0.04983,0.41078,0.00000,0.00000,0.00000,0.00000,0.00,0.00,0.00,0.0000,0.0000,0.0000,0.0000,0,0
2026-08-25 17:26:58.403049,146,franka,0.46643,-0.04983,0.41078,0.00000,0.00000,0.00000,0.00000,0.00,0.00,0.00,0.0000,0.0000,0.0000,0.0000,0,0
2026-08-25 17:26:58.456740,147,franka,0.46643,-0.04983,0.41078,0.00000,0.00000,0.00000,0.00000,0.00,0.00,0.00,0.0000,0.0000,0.0000,0.0000,0,0
2026-08-25 17:26:58.510776,148,franka,0.46643,-0.04983,0.41078,0.00000,0.00000,0.00000,0.00000,0.00,0.00,0.00,0.0000,0.0000,0.0000,0.0000,0,0
2026-08-25 17:26:58.564860,149,franka,0.46642,-0.04983,0.41078,0.00000,0.00000,0.00000,0.00000,0.00,0.00,0.00,0.0000,0.0000,0.0000,0.0000,0,0
2026-08-25 17:26:58.618436,150,franka,0.46643,-0.04983,0.41078,0.00000,0.00000,0.00000,0.00000,0.00,0.00,0.00,0.0000,0.0000,0.0000,0.0000,0,0
2026-08-25 17:26:58.672035,151,franka,0.46643,-0.04983,0.41078,0.00000,0.00000,0.00000,0.00000,0.00,0.00,0.00,0.0000,0.0000,0.0000,0.0000,0,0
2026-08-25 17:26:58.725472,152,franka,0.46643,-0.04983,0.41078,0.00000,0.00000,0.00000,0.00000,0.00,0.00,0.00,0.0000,0.0000,0.0000,0.0000,0,0
2026-08-25 17:26:58.778863,153,franka,0.46643,-0.04983,0.41078,0.00000,0.00000,0.00000,0.00000,0.00,0.00,0.00,0.0000,0.0000,0.0000,0.0000,0,0
2026-08-25 17:26:58.832339,154,franka,0.46643,-0.04983,0.41078,0.00000,0.00000,0.00000,0.00000,0.00,0.00,0.00,0.0000,0.0000,0.0000,0.0000,0,0
2026-08-25 17:26:58.887912,155,franka,0.46643,-0.04983,0.41078,0.00000,0.00000,0.00000,0.00000,0.00,0.00,0.00,0.0000,0.0000,0.0000,0.0000,0,0
2026-08-25 17:26:58.941427,156,franka,0.46642,-0.04983,0.41078,0.00000,0.00000,0.00000,0.00000,0.00,0.00,0.00,0.0000,0.0000,0.0000,0.0000,0,0
2026-08-25 17:26:58.995117,157,franka,0.46643,-0.04983,0.41078,0.00000,0.00000,0.00000,0.00000,0.00,0.00,0.00,0.0000,0.0000,0.0000,0.0000,0,0
2026-08-25 17:26:59.049734,158,franka,0.46643,-0.04983,0.41078,0.00000,0.00000,0.00000,0.00000,0.00,0.00,0.00,0.0000,0.0000,0.0000,0.0000,0,0
2026-08-25 17:26:59.103522,159,franka,0.46643,-0.04983,0.41078,0.00000,0.00000,0.00000,0.00000,0.00,0.00,0.00,0.0000,-0.0543,0.0000,0.0000,0,0
2026-08-25 17:26:59.157503,160,franka,0.46643,-0.04983,0.41078,0.00000,0.00000,0.00000,0.00000,0.00,0.00,0.00,0.0000,-0.0143,0.0000,0.0000,0,0
2026-08-25 17:26:59.211454,161,franka,0.46643,-0.04983,0.41078,0.00000,0.00000,0.00000,0.00000,0.00,0.00,0.00,0.0000,-0.0086,0.0000,0.0000,0,0
2026-08-25 17:26:59.265278,162,franka,0.46643,-0.04983,0.41078,0.00000,0.00000,0.00000,0.00000,0.00,0.00,0.00,0.0000,0.0000,0.0000,0.0000,0,0
2026-08-25 17:26:59.319237,163,franka,0.46642,-0.04983,0.41078,0.00000,0.00000,0.00000,0.00000,0.00,0.00,0.00,0.0000,0.0000,0.0000,0.0000,0,0
2026-08-25 17:26:59.373204,164,franka,0.46643,-0.04983,0.41078,0.00000,0.00000,0.00000,0.00000,0.00,0.00,0.00,0.0000,0.0114,0.0000,0.0000,0,0
2026-08-25 17:26:59.426613,165,franka,0.46643,-0.04983,0.41078,0.00000,0.00000,0.00000,0.00000,0.00,0.00,0.00,0.0000,0.0400,0.0000,0.0000,0,0
2026-08-25 17:26:59.480575,166,franka,0.46643,-0.04983,0.41078,0.00000,0.00000,0.00000,0.00000,0.00,0.00,0.00,0.0000,0.0000,0.0000,0.0000,0,0
2026-08-25 17:26:59.534376,167,franka,0.46643,-0.04983,0.41078,0.00000,0.00000,0.00000,0.00000,0.00,0.00,0.00,0.0000,0.0000,0.0000,0.0000,0,0
2026-08-25 17:26:59.588240,168,franka,0.46643,-0.04983,0.41078,0.00000,0.00000,0.00000,0.00000,0.00,0.00,0.00,0.0000,0.0000,0.0000,0.0000,0,0
2026-08-25 17:26:59.642278,169,franka,0.46642,-0.04983,0.41078,0.00000,0.00000,0.00000,0.00000,0.00,0.00,0.00,0.0000,-0.0600,0.0000,0.0029,0,0
2026-08-25 17:26:59.695865,170,franka,0.46643,-0.04983,0.41078,0.00000,0.00000,0.00000,0.00000,0.00,0.00,0.00,0.0571,0.0000,0.0000,0.0171,0,0
2026-08-25 17:26:59.749666,171,franka,0.46643,-0.04983,0.41078,0.00000,0.00000,0.00000,0.00000,0.00,0.00,0.00,0.0371,-0.0400,0.0000,0.0000,0,0
2026-08-25 17:26:59.803364,172,franka,0.46643,-0.04983,0.41078,0.00000,0.00000,0.00000,0.00000,0.00,0.00,0.00,0.0286,-0.0257,0.0000,0.0000,0,0
2026-08-25 17:26:59.857749,173,franka,0.46643,-0.04983,0.41078,0.00000,0.00000,0.00000,0.00000,0.00,0.00,0.00,0.0343,-0.0314,0.0000,0.0000,0,0
2026-08-25 17:26:59.911212,174,franka,0.46643,-0.04983,0.41078,0.00000,0.00000,0.00000,0.00000,0.00,0.00,0.00,0.0143,0.0000,0.0000,0.0000,0,0
2026-08-25 17:26:59.964932,175,franka,0.46643,-0.04983,0.41078,0.00000,0.00000,0.00000,0.00000,0.00,0.00,0.00,0.0000,0.0000,0.0000,0.0000,0,0
2026-08-25 17:27:00.018748,176,franka,0.46643,-0.04983,0.41078,0.00000,0.00000,0.00000,0.00000,0.00,0.00,0.00,0.0000,0.0000,0.0000,0.0000,0,0
2026-08-25 17:27:00.072461,177,franka,0.46643,-0.04983,0.41078,0.00000,0.00000,0.00000,0.00000,0.00,0.00,0.00,0.0000,0.0000,0.0000,0.0000,0,0
2026-08-25 17:27:00.123180,178,franka,0.46643,-0.04983,0.41078,0.00000,0.00000,0.00000,0.00000,0.00,0.00,0.00,0.0000,0.0000,0.0000,0.0000,0,0
2026-08-25 17:27:00.176758,179,franka,0.46643,-0.04983,0.41078,0.00000,0.00000,0.00000,0.00000,0.00,0.00,0.00,0.0000,0.0000,0.0000,0.0000,0,0
2026-08-25 17:27:00.230751,180,franka,0.46643,-0.04983,0.41078,0.00000,0.00000,0.00000,0.00000,0.00,0.00,0.00,0.0000,0.0000,0.0000,0.0000,0,0
2026-08-25 17:27:00.284501,181,franka,0.46643,-0.04983,0.41078,0.00000,0.00000,0.00000,0.00000,0.00,0.00,0.00,0.0000,0.0000,0.0000,0.0000,0,0
2026-08-25 17:27:00.338619,182,franka,0.46643,-0.04983,0.41078,0.00000,0.00000,0.00000,0.00000,0.00,0.00,0.00,0.0000,0.0000,-0.0200,0.0000,0,0
2026-08-25 17:27:00.392572,183,franka,0.46643,-0.04983,0.41078,0.00000,0.00000,0.00000,0.00000,0.00,0.00,0.00,0.0000,0.0114,-0.0200,0.0000,0,0
2026-08-25 17:27:00.446385,184,franka,0.46643,-0.04983,0.41078,0.00000,0.00000,0.00000,0.00000,0.00,0.00,0.00,0.0000,0.0000,-0.0229,0.0000,0,0
2026-08-25 17:27:00.499944,185,franka,0.46643,-0.04983,0.41078,0.00000,0.00000,0.00000,0.00000,0.00,0.00,0.00,0.0000,0.0000,-0.0543,0.0000,0,0
2026-08-25 17:27:00.554377,186,franka,0.46643,-0.04983,0.41078,0.00000,0.00000,0.00000,0.00000,0.00,0.00,0.00,0.0000,0.0000,-0.0886,0.0000,0,0
2026-08-25 17:27:00.608143,187,franka,0.46643,-0.04983,0.41078,0.00000,0.00000,0.00000,0.00000,0.00,0.00,0.00,0.0000,0.0000,-0.1343,0.0000,0,0
2026-08-25 17:27:00.661895,188,franka,0.46642,-0.04983,0.41078,0.00000,0.00000,0.00000,0.00000,0.00,0.00,0.00,0.0000,0.0000,-0.1629,0.0000,0,0
2026-08-25 17:27:00.715730,189,franka,0.46643,-0.04983,0.41078,0.00000,0.00000,0.00000,0.00000,0.00,0.00,0.00,0.0000,0.0000,-0.1771,0.0000,0,0
2026-08-25 17:27:00.769412,190,franka,0.46643,-0.04983,0.41078,0.00000,0.00000,0.00000,0.00000,0.00,0.00,0.00,0.0000,0.0000,-0.1686,0.0000,0,0
2026-08-25 17:27:00.822867,191,franka,0.46643,-0.04984,0.41070,0.00000,0.00000,-0.01262,0.00000,0.00,0.00,0.00,0.0000,0.0000,-0.2286,0.0000,0,0
2026-08-25 17:27:00.876695,192,franka,0.46642,-0.04987,0.40948,0.00000,0.00000,-0.03000,0.00000,0.00,0.00,0.00,0.0000,0.0000,-0.2686,0.0114,0,0
2026-08-25 17:27:00.930605,193,franka,0.46642,-0.04987,0.40790,0.00000,0.00000,-0.03000,0.00000,0.00,0.00,0.00,0.0000,0.0000,-0.3171,0.0143,0,0
2026-08-25 17:27:00.984026,194,franka,0.46644,-0.04987,0.40642,0.00000,0.00000,-0.03000,0.00000,0.00,0.00,0.00,0.0000,0.0000,-0.3400,0.0086,0,0
2026-08-25 17:27:01.037710,195,franka,0.46643,-0.04987,0.40495,0.00000,0.00000,-0.03000,0.00000,0.00,0.00,0.00,0.0000,0.0000,-0.3343,0.0086,0,0
2026-08-25 17:27:01.091101,196,franka,0.46642,-0.04988,0.40343,0.00000,0.00000,-0.03000,0.00000,0.00,0.00,0.00,0.0000,0.0000,-0.3286,0.0114,0,0
2026-08-25 17:27:01.144666,197,franka,0.46642,-0.04986,0.40187,0.00000,0.00000,-0.03000,0.00000,0.00,0.00,0.00,0.0000,0.0000,-0.3200,0.0143,0,0
2026-08-25 17:27:01.198636,198,franka,0.46643,-0.04988,0.40041,0.00000,0.00000,-0.03000,0.00000,0.00,0.00,0.00,0.0000,0.0000,-0.3143,0.0114,0,0
2026-08-25 17:27:01.252050,199,franka,0.46643,-0.04987,0.39890,0.00000,0.00000,-0.03000,0.00000,0.00,0.00,0.00,0.0000,0.0000,-0.3171,0.0114,0,0
2026-08-25 17:27:01.306649,200,franka,0.46642,-0.04987,0.39734,0.00000,0.00000,-0.03000,0.00000,0.00,0.00,0.00,0.0000,0.0000,-0.3029,0.0057,0,0
2026-08-25 17:27:01.361052,201,franka,0.46643,-0.04987,0.39584,0.00000,0.00000,-0.03000,0.00000,0.00,0.00,0.00,0.0000,0.0000,-0.2971,0.0086,0,0
2026-08-25 17:27:01.414823,202,franka,0.46643,-0.04988,0.39438,0.00000,0.00000,-0.03000,0.00000,0.00,0.00,0.00,0.0000,0.0000,-0.2800,0.0086,0,0
2026-08-25 17:27:01.468611,203,franka,0.46643,-0.04988,0.39129,0.00000,0.00000,-0.03000,0.00000,0.00,0.00,0.00,0.0000,0.0000,-0.2629,0.0057,0,0
2026-08-25 17:27:01.522213,204,franka,0.46643,-0.04988,0.38979,0.00000,0.00000,-0.03000,0.00000,0.00,0.00,0.00,0.0000,0.0000,-0.2486,0.0057,0,0
2026-08-25 17:27:01.575792,205,franka,0.46643,-0.04988,0.38828,0.00000,0.00000,-0.03000,0.00000,0.00,0.00,0.00,0.0000,0.0000,-0.2457,0.0086,0,0
2026-08-25 17:27:01.629055,206,franka,0.46643,-0.04988,0.38673,0.00000,0.00000,-0.03000,0.00000,0.00,0.00,0.00,0.0000,0.0000,-0.2543,0.0143,0,0
2026-08-25 17:27:01.682893,207,franka,0.46643,-0.04988,0.38524,0.00000,0.00000,-0.03000,0.00000,0.00,0.00,0.00,0.0000,0.0000,-0.2571,0.0143,0,0
2026-08-25 17:27:01.736643,208,franka,0.46643,-0.04988,0.38375,0.00000,0.00000,-0.03000,0.00000,0.00,0.00,0.00,0.0000,0.0000,-0.2657,0.0143,0,0
2026-08-25 17:27:01.790340,209,franka,0.46643,-0.04988,0.38225,0.00000,0.00000,-0.03000,0.00000,0.00,0.00,0.00,0.0000,0.0000,-0.2686,0.0143,0,0
2026-08-25 17:27:01.843914,210,franka,0.46643,-0.04988,0.38072,0.00000,0.00000,-0.03000,0.00000,0.00,0.00,0.00,0.0000,0.0000,-0.2657,0.0171,0,0
2026-08-25 17:27:01.897589,211,franka,0.46643,-0.04988,0.37923,0.00000,0.00000,-0.03000,0.00000,0.00,0.00,0.00,0.0000,0.0000,-0.2800,0.0200,0,0
2026-08-25 17:27:01.950779,212,franka,0.46642,-0.04988,0.37767,0.00000,0.00000,-0.03000,0.00000,0.00,0.00,0.00,0.0000,0.0000,-0.2600,0.0171,0,0
2026-08-25 17:27:02.004626,213,franka,0.46643,-0.04988,0.37618,0.00000,0.00000,-0.03000,0.00000,0.00,0.00,0.00,0.0000,0.0000,-0.2429,0.0143,0,0
2026-08-25 17:27:02.058281,214,franka,0.46643,-0.04988,0.37466,0.00000,0.00000,-0.03000,0.00000,0.00,0.00,0.00,0.0000,0.0000,-0.2400,0.0171,0,0
2026-08-25 17:27:02.111712,215,franka,0.46643,-0.04988,0.37316,0.00000,0.00000,-0.03000,0.00000,0.00,0.00,0.00,0.0000,0.0000,-0.2343,0.0143,0,0
2026-08-25 17:27:02.165610,216,franka,0.46643,-0.04988,0.37162,0.00000,0.00000,-0.03000,0.00000,0.00,0.00,0.00,0.0000,0.0000,-0.2343,0.0143,0,0
2026-08-25 17:27:02.219705,217,franka,0.46644,-0.04988,0.37013,0.00000,0.00000,-0.03000,0.00000,0.00,0.00,0.00,0.0000,0.0000,-0.2286,0.0143,0,0
2026-08-25 17:27:02.273822,218,franka,0.46644,-0.04988,0.36861,0.00000,0.00000,-0.03000,0.00000,0.00,0.00,0.00,0.0000,0.0000,-0.2200,0.0143,0,0
2026-08-25 17:27:02.327857,219,franka,0.46643,-0.04988,0.36556,0.00000,0.00000,-0.03000,0.00000,0.00,0.00,0.00,0.0000,0.0000,-0.2200,0.0171,0,0
2026-08-25 17:27:02.381713,220,franka,0.46643,-0.04988,0.36404,0.00000,0.00000,-0.03000,0.00000,0.00,0.00,0.00,0.0000,0.0000,-0.2257,0.0200,0,0
2026-08-25 17:27:02.435748,221,franka,0.46644,-0.04988,0.36255,0.00000,0.00000,-0.03000,0.00000,0.00,0.00,0.00,0.0000,0.0000,-0.2143,0.0200,0,0
2026-08-25 17:27:02.489547,222,franka,0.46643,-0.04988,0.36101,0.00000,0.00000,-0.03000,0.00000,0.00,0.00,0.00,0.0000,0.0000,-0.1686,0.0171,0,0
2026-08-25 17:27:02.543439,223,franka,0.46643,-0.04988,0.35977,0.00000,0.00000,-0.01023,0.00000,0.00,0.00,0.00,0.0000,0.0000,-0.0543,0.0371,0,0
2026-08-25 17:27:02.596887,224,franka,0.46644,-0.04986,0.35968,0.00000,0.00000,-0.00000,0.00000,0.00,0.00,0.00,0.0314,0.0000,0.0000,0.0000,0,0
2026-08-25 17:27:02.650471,225,franka,0.46643,-0.04986,0.35966,0.00000,0.00000,-0.00000,0.00000,0.00,0.00,0.00,0.0000,0.0000,0.0000,0.0000,0,0
2026-08-25 17:27:02.703914,226,franka,0.46643,-0.04987,0.35968,0.00000,0.00000,-0.00000,0.00000,0.00,0.00,0.00,0.0000,0.0000,0.0000,0.0000,0,0
2026-08-25 17:27:02.757742,227,franka,0.46643,-0.04986,0.35963,0.00000,0.00000,-0.00000,0.00000,0.00,0.00,0.00,0.0000,0.0000,0.0000,0.0000,0,0
2026-08-25 17:27:02.811886,228,franka,0.46643,-0.04987,0.35966,0.00000,0.00000,-0.00000,0.00000,0.00,0.00,0.00,0.0000,0.0000,0.0000,0.0000,0,0
2026-08-25 17:27:02.865399,229,franka,0.46643,-0.04986,0.35966,0.00000,0.00000,0.00000,0.00000,0.00,0.00,0.00,0.0600,0.0000,0.0000,0.0000,0,0
2026-08-25 17:27:02.919897,230,franka,0.46643,-0.04987,0.35965,0.00000,0.00000,0.00000,0.00000,0.00,0.00,0.00,0.0914,0.0000,0.0000,0.0000,0,0
2026-08-25 17:27:02.973426,231,franka,0.46643,-0.04986,0.35966,0.00000,0.00000,0.00000,0.00000,0.00,0.00,0.00,0.1371,0.0000,-0.0114,0.0000,0,0
2026-08-25 17:27:03.027216,232,franka,0.46643,-0.04987,0.35966,0.00000,0.00000,0.00000,0.00000,0.00,0.00,0.00,0.2000,0.0000,-0.0229,0.0000,0,0
2026-08-25 17:27:03.080864,233,franka,0.46643,-0.04986,0.35965,0.00000,0.00000,-0.00000,0.00000,0.00,0.00,0.00,0.2457,0.0000,-0.0229,0.0000,0,0
2026-08-25 17:27:03.134665,234,franka,0.46645,-0.04790,0.35967,0.00000,0.03000,-0.00000,0.00000,0.00,0.00,0.00,0.2657,0.0000,-0.0143,0.0000,0,0
2026-08-25 17:27:03.188168,235,franka,0.46645,-0.04628,0.35965,0.00000,0.03000,-0.00000,0.00000,0.00,0.00,0.00,0.2829,0.0000,-0.0114,0.0000,0,0
2026-08-25 17:27:03.242169,236,franka,0.46645,-0.04486,0.35964,0.00000,0.03000,-0.00000,0.00000,0.00,0.00,0.00,0.3057,0.0000,0.0000,0.0000,0,0
2026-08-25 17:27:03.296089,237,franka,0.46645,-0.04332,0.35965,0.00000,0.03000,-0.00000,0.00000,0.00,0.00,0.00,0.3114,0.0000,0.0000,0.0000,0,0
2026-08-25 17:27:03.349977,238,franka,0.46645,-0.04180,0.35965,0.00000,0.03000,-0.00000,0.00000,0.00,0.00,0.00,0.3200,0.0000,0.0000,0.0000,0,0
2026-08-25 17:27:03.403598,239,franka,0.46645,-0.04035,0.35964,0.00000,0.03000,-0.00000,0.00000,0.00,0.00,0.00,0.3200,0.0000,0.0000,0.0000,0,0
2026-08-25 17:27:03.457816,240,franka,0.46645,-0.03875,0.35965,0.00000,0.03000,-0.00000,0.00000,0.00,0.00,0.00,0.3143,-0.0057,-0.0057,0.0000,0,0
2026-08-25 17:27:03.511453,241,franka,0.46645,-0.03729,0.35964,0.00000,0.03000,-0.00000,0.00000,0.00,0.00,0.00,0.2800,-0.0114,-0.0229,0.0000,0,0
2026-08-25 17:27:03.564977,242,franka,0.46645,-0.03581,0.35963,0.00000,0.03000,-0.00000,0.00000,0.00,0.00,0.00,0.2486,-0.0143,-0.0286,0.0000,0,0
2026-08-25 17:27:03.618873,243,franka,0.46645,-0.03425,0.35964,0.00000,0.02883,-0.00000,0.00000,0.00,0.00,0.00,0.1286,-0.0171,-0.0200,0.0000,0,0
2026-08-25 17:27:03.672483,244,franka,0.46646,-0.03351,0.35965,0.00000,0.00004,-0.00000,0.00000,0.00,0.00,0.00,0.0343,-0.0114,0.0000,0.0000,0,0
2026-08-25 17:27:03.726465,245,franka,0.46645,-0.03357,0.35965,0.00000,0.00000,-0.00000,0.00000,0.00,0.00,0.00,0.0000,0.0000,0.0000,0.0000,0,0
2026-08-25 17:27:03.780048,246,franka,0.46645,-0.03357,0.35964,0.00000,0.00000,-0.00000,0.00000,0.00,0.00,0.00,0.0000,0.0000,0.0000,0.0000,0,0
2026-08-25 17:27:03.833479,247,franka,0.46645,-0.03354,0.35965,0.00000,0.00000,-0.00000,0.00000,0.00,0.00,0.00,0.0000,0.0000,0.0000,0.0000,0,0
2026-08-25 17:27:03.887320,248,franka,0.46644,-0.03357,0.35964,0.00000,0.00000,-0.00000,0.00000,0.00,0.00,0.00,0.0000,0.0000,0.0000,0.0000,0,0
2026-08-25 17:27:03.940756,249,franka,0.46645,-0.03353,0.35964,0.00000,0.00000,-0.00000,0.00000,0.00,0.00,0.00,0.0000,0.0000,0.0000,0.0000,0,0
2026-08-25 17:27:03.994890,250,franka,0.46644,-0.03356,0.35964,0.00000,0.00000,-0.00000,0.00000,0.00,0.00,0.00,0.0000,0.0000,0.0000,0.0000,0,0
2026-08-25 17:27:04.048972,251,franka,0.46645,-0.03354,0.35964,0.00000,0.00000,-0.00000,0.00000,0.00,0.00,0.00,0.0000,0.0000,0.0000,0.0000,0,0
2026-08-25 17:27:04.102427,252,franka,0.46645,-0.03355,0.35964,0.00000,0.00000,-0.00000,0.00000,0.00,0.00,0.00,0.0000,0.0000,0.0000,0.0000,0,0
2026-08-25 17:27:04.156356,253,franka,0.46645,-0.03354,0.35964,0.00000,0.00000,-0.00000,0.00000,0.00,0.00,0.00,0.0000,0.0000,0.0000,0.0000,0,0
2026-08-25 17:27:04.210392,254,franka,0.46644,-0.03354,0.35964,0.00000,0.00000,-0.00000,0.00000,0.00,0.00,0.00,0.0000,0.0000,0.0000,0.0029,0,0
2026-08-25 17:27:04.264315,255,franka,0.46645,-0.03355,0.35964,0.00000,0.00000,-0.00000,0.00000,0.00,0.00,0.00,-0.0343,0.1371,0.0000,0.1400,0,0
2026-08-25 17:27:04.318055,256,franka,0.46645,-0.03354,0.35964,0.00000,0.00000,-0.00000,0.00000,0.00,0.00,0.00,-0.0286,0.1514,0.0000,0.1743,0,0
2026-08-25 17:27:04.371787,257,franka,0.46645,-0.03355,0.35964,0.00000,0.00000,-0.00000,0.00000,0.00,0.00,0.00,-0.0971,0.1600,0.0000,0.1943,0,0
2026-08-25 17:27:04.425239,258,franka,0.46645,-0.03354,0.35964,0.00000,0.00000,-0.00000,0.00000,0.00,0.00,0.00,-0.0229,0.0200,0.0000,0.1057,0,0
2026-08-25 17:27:04.478698,259,franka,0.46645,-0.03354,0.35964,0.00000,0.00000,-0.00000,0.00000,0.00,0.00,0.00,0.0000,0.1829,0.0000,0.1343,0,0
2026-08-25 17:27:04.532152,260,franka,0.46645,-0.03355,0.35964,0.00000,0.00000,-0.00000,0.00000,0.00,0.00,0.00,0.0000,0.2343,0.0000,0.1657,0,0
2026-08-25 17:27:04.585733,261,franka,0.46643,-0.03354,0.35966,-0.00612,0.00000,-0.00000,0.00000,0.00,0.00,0.00,0.0000,0.2571,0.0000,0.1771,0,0
2026-08-25 17:27:04.639169,262,franka,0.46540,-0.03352,0.35959,-0.03000,0.00000,-0.00000,0.00000,0.00,0.00,0.00,0.0114,0.3257,0.0000,0.2171,0,0
2026-08-25 17:27:04.692869,263,franka,0.46389,-0.03351,0.35966,-0.03000,0.00000,-0.00000,0.00000,0.00,0.00,0.00,0.0000,0.2457,0.0000,0.2029,0,0
2026-08-25 17:27:04.746944,264,franka,0.46233,-0.03351,0.35968,-0.03000,0.00000,-0.00000,0.00000,0.00,0.00,0.00,0.0000,0.1143,0.0000,0.1171,0,0
2026-08-25 17:27:04.801045,265,franka,0.46086,-0.03352,0.35957,-0.02323,0.00000,-0.00000,0.00000,0.00,0.00,0.00,0.0000,0.0200,0.0000,0.0286,0,0
2026-08-25 17:27:04.854864,266,flowbot,0.46042,-0.03355,0.35966,-0.00000,0.00000,-0.00000,0.00000,0.00,0.00,0.00,0.0000,0.0000,0.0000,0.0000,1,0
2026-08-25 17:27:04.909959,267,flowbot,0.46042,-0.03355,0.35966,-0.00000,0.00000,-0.00000,0.00000,0.00,0.00,0.00,0.0000,0.0000,0.0000,0.0000,1,0
2026-08-25 17:27:04.966214,268,flowbot,0.46042,-0.03355,0.35966,-0.00000,0.00000,-0.00000,0.00000,0.00,0.00,0.00,0.0000,0.0000,0.0000,0.0000,1,0
2026-08-25 17:27:05.015591,269,flowbot,0.46042,-0.03355,0.35966,-0.00000,0.00000,-0.00000,0.00000,0.00,0.00,0.00,0.0000,0.0000,0.0000,0.0000,1,0
2026-08-25 17:27:05.067397,270,flowbot,0.46042,-0.03355,0.35966,-0.00000,0.00000,-0.00000,0.00000,0.00,0.00,0.00,0.0000,0.0000,0.0000,0.0000,1,0
2026-08-25 17:27:05.121907,271,flowbot,0.46042,-0.03355,0.35966,-0.00000,0.00000,-0.00000,0.00000,0.00,0.00,0.00,0.0000,0.0000,0.0000,0.0000,1,0
2026-08-25 17:27:05.176850,272,flowbot,0.46042,-0.03355,0.35966,-0.00000,0.00000,-0.00000,0.00000,0.00,0.00,0.00,0.0000,0.0000,0.0000,0.0000,1,0
2026-08-25 17:27:05.230355,273,flowbot,0.46042,-0.03355,0.35966,-0.00000,0.00000,-0.00000,0.00000,0.00,0.00,0.00,0.0000,0.0000,0.0000,0.0000,1,0
2026-08-25 17:27:05.285621,274,flowbot,0.46042,-0.03355,0.35966,-0.00000,0.00000,-0.00000,0.00000,0.00,0.00,0.00,0.0000,0.0000,0.0000,0.0000,1,0
2026-08-25 17:27:05.339895,275,flowbot,0.46042,-0.03355,0.35966,-0.00000,0.00000,-0.00000,0.00000,0.00,0.00,0.00,0.0000,0.0000,0.0000,0.0000,1,0
2026-08-25 17:27:05.393701,276,flowbot,0.46042,-0.03355,0.35966,-0.00000,0.00000,-0.00000,0.00000,0.00,0.00,0.00,0.0000,0.0000,0.0000,0.0000,1,0
2026-08-25 17:27:05.447798,277,flowbot,0.46042,-0.03355,0.35966,-0.00000,0.00000,-0.00000,0.00000,0.00,0.00,0.00,0.0000,0.0000,0.0000,0.0000,1,0
2026-08-25 17:27:05.503629,278,flowbot,0.46042,-0.03355,0.35966,-0.00000,0.00000,-0.00000,0.00000,0.00,0.00,0.00,0.0000,0.0000,0.0000,0.0000,1,0
2026-08-25 17:27:05.554328,279,flowbot,0.46042,-0.03355,0.35966,-0.00000,0.00000,-0.00000,0.00000,0.00,0.00,0.00,0.0000,0.0000,0.0000,0.0000,1,0
2026-08-25 17:27:05.604885,280,flowbot,0.46042,-0.03355,0.35966,-0.00000,0.00000,-0.00000,0.00000,0.00,0.00,0.00,0.0000,0.0000,0.0000,0.0000,1,0
2026-08-25 17:27:05.658147,281,flowbot,0.46042,-0.03355,0.35966,-0.00000,0.00000,-0.00000,0.00000,0.00,0.00,0.00,0.0000,0.0000,0.0000,0.0000,0,0
2026-08-25 17:27:05.711888,282,flowbot,0.46042,-0.03355,0.35966,-0.00000,0.00000,-0.00000,0.00000,0.00,0.00,0.00,0.0000,0.0000,0.0000,0.0000,0,0
2026-08-25 17:27:05.766263,283,flowbot,0.46042,-0.03355,0.35966,-0.00000,0.00000,-0.00000,0.00000,0.00,0.00,0.00,0.0000,0.0000,0.0000,0.0000,0,0
2026-08-25 17:27:05.818133,284,flowbot,0.46042,-0.03355,0.35966,-0.00000,0.00000,-0.00000,0.00000,0.00,0.00,0.00,0.0000,0.0000,0.0000,0.0000,0,0
2026-08-25 17:27:05.868510,285,flowbot,0.46042,-0.03355,0.35966,-0.00000,0.00000,-0.00000,0.00000,0.00,0.00,0.00,0.0000,0.0000,0.0000,0.0000,0,0
2026-08-25 17:27:05.920790,286,flowbot,0.46042,-0.03355,0.35966,-0.00000,0.00000,-0.00000,0.00000,0.00,0.00,0.00,0.0000,0.0000,0.0000,0.0000,0,0
2026-08-25 17:27:05.976255,287,flowbot,0.46042,-0.03355,0.35966,-0.00000,0.00000,-0.00000,0.00000,0.00,0.00,0.00,0.0000,0.0000,0.0000,0.0000,0,0
2026-08-25 17:27:06.027056,288,flowbot,0.46042,-0.03355,0.35966,-0.00000,0.00000,-0.00000,0.00000,0.00,0.00,0.00,0.0000,0.0000,0.0000,0.0000,0,0
2026-08-25 17:27:06.086792,289,flowbot,0.46042,-0.03355,0.35966,-0.00000,0.00000,-0.00000,0.00000,0.00,0.00,0.00,0.0000,0.0000,0.0000,0.0000,0,0
2026-08-25 17:27:06.131687,290,flowbot,0.46042,-0.03355,0.35966,-0.00000,0.00000,-0.00000,0.00000,0.00,0.00,0.00,0.0000,0.0000,0.0000,0.0000,0,0
2026-08-25 17:27:06.188536,291,flowbot,0.46042,-0.03355,0.35966,-0.00000,0.00000,-0.00000,0.00000,0.00,0.00,0.00,0.0000,0.0000,0.0000,0.0000,0,0
2026-08-25 17:27:06.241601,292,flowbot,0.46042,-0.03355,0.35966,-0.00000,0.00000,-0.00000,0.00000,0.00,0.00,0.00,0.0000,0.0000,0.0000,0.0000,0,0
2026-08-25 17:27:06.297160,293,flowbot,0.46042,-0.03355,0.35966,-0.00000,0.00000,-0.00000,0.00000,0.00,0.00,0.00,0.0000,0.0000,0.0000,0.0000,0,0
2026-08-25 17:27:06.352464,294,flowbot,0.46042,-0.03355,0.35966,-0.00000,0.00000,-0.00000,0.00000,0.00,0.00,0.00,0.0000,0.0000,0.0000,0.0000,0,0
2026-08-25 17:27:06.406578,295,flowbot,0.46042,-0.03355,0.35966,-0.00000,0.00000,-0.00000,0.00000,0.00,0.00,0.00,0.0000,0.0000,0.0000,0.0000,0,0
2026-08-25 17:27:06.457800,296,flowbot,0.46042,-0.03355,0.35966,-0.00000,0.00000,-0.00000,0.00000,0.00,0.00,0.00,0.7943,-0.2971,0.2486,0.0000,0,0
2026-08-25 17:27:06.509464,297,flowbot,0.46042,-0.03355,0.35966,-0.00000,0.00000,-0.00000,0.00000,0.00,0.00,0.00,0.7943,-0.2971,0.2486,0.0000,0,0
2026-08-25 17:27:06.562937,298,flowbot,0.46042,-0.03355,0.35966,-0.00000,0.00000,-0.00000,0.00000,0.00,0.00,0.00,0.7943,-0.2971,0.2486,0.0000,0,0
2026-08-25 17:27:06.619913,299,flowbot,0.46042,-0.03355,0.35966,-0.00000,0.00000,-0.00000,0.00000,0.00,0.00,0.00,0.7943,-0.2971,0.2486,0.0000,0,0
2026-08-25 17:27:06.680380,300,flowbot,0.46042,-0.03355,0.35966,-0.00000,0.00000,-0.00000,0.00000,0.00,0.00,0.00,0.9857,-0.1257,0.2429,0.0000,0,0
2026-08-25 17:27:06.735126,301,flowbot,0.46042,-0.03355,0.35966,-0.00000,0.00000,-0.00000,0.00000,0.00,0.00,0.00,0.9857,-0.1257,0.2429,0.0000,0,0
2026-08-25 17:27:06.782867,302,flowbot,0.46042,-0.03355,0.35966,-0.00000,0.00000,-0.00000,0.00000,0.00,0.00,0.00,0.9857,-0.1257,0.2429,0.0000,0,0
2026-08-25 17:27:06.837356,303,flowbot,0.46042,-0.03355,0.35966,-0.00000,0.00000,-0.00000,0.00000,0.00,0.00,0.00,0.0000,0.0000,0.0000,0.0000,0,0
2026-08-25 17:27:06.888970,304,flowbot,0.46042,-0.03355,0.35966,-0.00000,0.00000,-0.00000,0.00000,0.00,0.00,0.00,0.0000,0.0000,0.0000,0.0000,0,0
2026-08-25 17:27:06.942713,305,flowbot,0.46042,-0.03355,0.35966,-0.00000,0.00000,-0.00000,0.00000,0.00,0.00,0.00,0.0000,0.0000,0.0000,0.0000,0,0
2026-08-25 17:27:06.993386,306,flowbot,0.46042,-0.03355,0.35966,-0.00000,0.00000,-0.00000,0.00000,0.00,0.00,0.00,0.0000,0.0000,0.0000,0.0000,0,0
2026-08-25 17:27:07.042446,307,flowbot,0.46042,-0.03355,0.35966,-0.00000,0.00000,-0.00000,0.00000,0.00,0.00,0.00,0.9086,0.0000,0.3457,0.0000,0,0
2026-08-25 17:27:07.095754,308,flowbot,0.46042,-0.03355,0.35966,-0.00000,0.00000,-0.00000,0.00000,0.00,0.00,0.00,0.9086,0.0000,0.3457,0.0000,0,0
2026-08-25 17:27:07.148196,309,flowbot,0.46042,-0.03355,0.35966,-0.00000,0.00000,-0.00000,0.00000,0.00,0.00,0.00,0.9086,0.0000,0.3457,0.0000,0,0
2026-08-25 17:27:07.198404,310,flowbot,0.46042,-0.03355,0.35966,-0.00000,0.00000,-0.00000,0.00000,0.00,0.00,0.00,0.9086,0.0000,0.3457,0.0000,0,0
2026-08-25 17:27:07.256992,311,flowbot,0.46042,-0.03355,0.35966,-0.00000,0.00000,-0.00000,0.00000,0.00,0.00,0.00,0.3371,0.0000,0.1000,0.0000,0,0
2026-08-25 17:27:07.298960,312,flowbot,0.46042,-0.03355,0.35966,-0.00000,0.00000,-0.00000,0.00000,0.00,0.00,0.00,0.3371,0.0000,0.1000,0.0000,0,0
2026-08-25 17:27:07.358263,313,flowbot,0.46042,-0.03355,0.35966,-0.00000,0.00000,-0.00000,0.00000,0.00,0.00,0.00,0.3371,0.0000,0.1000,0.0000,0,0
2026-08-25 17:27:07.412998,314,flowbot,0.46042,-0.03355,0.35966,-0.00000,0.00000,-0.00000,0.00000,1.00,0.00,0.00,0.9171,0.2057,0.3343,0.0000,0,0
2026-08-25 17:27:07.468299,315,flowbot,0.46042,-0.03355,0.35966,-0.00000,0.00000,-0.00000,0.00000,1.00,0.00,0.00,0.9171,0.2057,0.3343,0.0000,0,0
2026-08-25 17:27:07.521261,316,flowbot,0.46042,-0.03355,0.35966,-0.00000,0.00000,-0.00000,0.00000,1.00,0.00,0.00,0.9171,0.2057,0.3343,0.0000,0,0
2026-08-25 17:27:07.574137,317,flowbot,0.46042,-0.03355,0.35966,-0.00000,0.00000,-0.00000,0.00000,1.00,0.00,0.00,0.9171,0.2057,0.3343,0.0000,0,0
2026-08-25 17:27:07.625474,318,flowbot,0.46042,-0.03355,0.35966,-0.00000,0.00000,-0.00000,0.00000,2.00,0.00,0.00,0.4029,0.0000,0.1486,0.0000,0,0
2026-08-25 17:27:07.680285,319,flowbot,0.46042,-0.03355,0.35966,-0.00000,0.00000,-0.00000,0.00000,2.00,0.00,0.00,0.4029,0.0000,0.1486,0.0000,0,0
2026-08-25 17:27:07.742370,320,flowbot,0.46042,-0.03355,0.35966,-0.00000,0.00000,-0.00000,0.00000,2.00,0.00,0.00,0.4029,0.0000,0.1486,0.0000,0,0
2026-08-25 17:27:07.790486,321,flowbot,0.46042,-0.03355,0.35966,-0.00000,0.00000,-0.00000,0.00000,3.00,0.00,0.00,0.8486,0.0000,0.2914,0.0000,0,0
2026-08-25 17:27:07.840926,322,flowbot,0.46042,-0.03355,0.35966,-0.00000,0.00000,-0.00000,0.00000,3.00,0.00,0.00,0.8486,0.0000,0.2914,0.0000,0,0
2026-08-25 17:27:07.895223,323,flowbot,0.46042,-0.03355,0.35966,-0.00000,0.00000,-0.00000,0.00000,3.00,0.00,0.00,0.8486,0.0000,0.2914,0.0000,0,0
2026-08-25 17:27:07.948617,324,flowbot,0.46042,-0.03355,0.35966,-0.00000,0.00000,-0.00000,0.00000,3.00,0.00,0.00,0.8486,0.0000,0.2914,0.0000,0,0
2026-08-25 17:27:08.001812,325,flowbot,0.46042,-0.03355,0.35966,-0.00000,0.00000,-0.00000,0.00000,4.00,0.00,0.00,0.8114,0.0000,0.2286,0.0000,0,0
2026-08-25 17:27:08.055393,326,flowbot,0.46042,-0.03355,0.35966,-0.00000,0.00000,-0.00000,0.00000,4.00,0.00,0.00,0.8114,0.0000,0.2286,0.0000,0,0
2026-08-25 17:27:08.106150,327,flowbot,0.46042,-0.03355,0.35966,-0.00000,0.00000,-0.00000,0.00000,4.00,0.00,0.00,0.8114,0.0000,0.2286,0.0000,0,0
2026-08-25 17:27:08.158364,328,flowbot,0.46042,-0.03355,0.35966,-0.00000,0.00000,-0.00000,0.00000,4.00,0.00,0.00,0.8114,0.0000,0.2286,0.0000,0,0
2026-08-25 17:27:08.208530,329,flowbot,0.46042,-0.03355,0.35966,-0.00000,0.00000,-0.00000,0.00000,5.00,0.00,0.00,0.5429,0.0000,0.1914,0.0000,0,0
2026-08-25 17:27:08.265012,330,flowbot,0.46042,-0.03355,0.35966,-0.00000,0.00000,-0.00000,0.00000,5.00,0.00,0.00,0.5429,0.0000,0.1914,0.0000,0,0
2026-08-25 17:27:08.322006,331,flowbot,0.46042,-0.03355,0.35966,-0.00000,0.00000,-0.00000,0.00000,5.00,0.00,0.00,0.5429,0.0000,0.1914,0.0000,0,0
2026-08-25 17:27:08.369088,332,flowbot,0.46042,-0.03355,0.35966,-0.00000,0.00000,-0.00000,0.00000,5.00,0.00,0.00,0.5429,0.0000,0.1914,0.0000,0,0
2026-08-25 17:27:08.420112,333,flowbot,0.46042,-0.03355,0.35966,-0.00000,0.00000,-0.00000,0.00000,7.00,0.00,0.00,1.1771,0.0000,0.4000,0.0000,0,0
2026-08-25 17:27:08.473259,334,flowbot,0.46042,-0.03355,0.35966,-0.00000,0.00000,-0.00000,0.00000,7.00,0.00,0.00,1.1771,0.0000,0.4000,0.0000,0,0
2026-08-25 17:27:08.523578,335,flowbot,0.46042,-0.03355,0.35966,-0.00000,0.00000,-0.00000,0.00000,7.00,0.00,0.00,1.1771,0.0000,0.4000,0.0000,0,0
2026-08-25 17:27:08.574942,336,flowbot,0.46042,-0.03355,0.35966,-0.00000,0.00000,-0.00000,0.00000,7.00,0.00,0.00,0.3200,0.1200,0.0000,0.0000,0,0
2026-08-25 17:27:08.629098,337,flowbot,0.46042,-0.03355,0.35966,-0.00000,0.00000,-0.00000,0.00000,7.00,0.00,0.00,0.3200,0.1200,0.0000,0.0000,0,0
2026-08-25 17:27:08.682255,338,flowbot,0.46042,-0.03355,0.35966,-0.00000,0.00000,-0.00000,0.00000,7.00,0.00,0.00,0.3200,0.1200,0.0000,0.0000,0,0
2026-08-25 17:27:08.731801,339,flowbot,0.46042,-0.03355,0.35966,-0.00000,0.00000,-0.00000,0.00000,7.00,0.00,0.00,0.3200,0.1200,0.0000,0.0000,0,0
2026-08-25 17:27:08.793303,340,flowbot,0.46042,-0.03355,0.35966,-0.00000,0.00000,-0.00000,0.00000,9.00,0.00,0.00,1.1057,0.1371,0.3457,0.0000,0,0
2026-08-25 17:27:08.833895,341,flowbot,0.46042,-0.03355,0.35966,-0.00000,0.00000,-0.00000,0.00000,9.00,0.00,0.00,1.1057,0.1371,0.3457,0.0000,0,0
2026-08-25 17:27:08.887591,342,flowbot,0.46042,-0.03355,0.35966,-0.00000,0.00000,-0.00000,0.00000,9.00,0.00,0.00,1.1057,0.1371,0.3457,0.0000,0,0
2026-08-25 17:27:08.942516,343,flowbot,0.46042,-0.03355,0.35966,-0.00000,0.00000,-0.00000,0.00000,9.00,0.00,0.00,1.1057,0.1371,0.3457,0.0000,0,0
2026-08-25 17:27:08.998287,344,flowbot,0.46042,-0.03355,0.35966,-0.00000,0.00000,-0.00000,0.00000,10.00,0.00,0.00,0.8686,0.0000,0.2286,0.0000,0,0
2026-08-25 17:27:09.050428,345,flowbot,0.46042,-0.03355,0.35966,-0.00000,0.00000,-0.00000,0.00000,10.00,0.00,0.00,0.8686,0.0000,0.2286,0.0000,0,0
2026-08-25 17:27:09.102273,346,flowbot,0.46042,-0.03355,0.35966,-0.00000,0.00000,-0.00000,0.00000,10.00,0.00,0.00,0.8686,0.0000,0.2286,0.0000,0,0
2026-08-25 17:27:09.153832,347,flowbot,0.46042,-0.03355,0.35966,-0.00000,0.00000,-0.00000,0.00000,11.00,0.00,0.00,0.4314,0.1400,0.0000,0.0000,0,0
2026-08-25 17:27:09.206835,348,flowbot,0.46042,-0.03355,0.35966,-0.00000,0.00000,-0.00000,0.00000,11.00,0.00,0.00,0.4314,0.1400,0.0000,0.0000,0,0
2026-08-25 17:27:09.259211,349,flowbot,0.46042,-0.03355,0.35966,-0.00000,0.00000,-0.00000,0.00000,11.00,0.00,0.00,0.4314,0.1400,0.0000,0.0000,0,0
2026-08-25 17:27:09.314486,350,flowbot,0.46042,-0.03355,0.35966,-0.00000,0.00000,-0.00000,0.00000,11.00,0.00,0.00,0.4314,0.1400,0.0000,0.0000,0,0
2026-08-25 17:27:09.379976,351,flowbot,0.46042,-0.03355,0.35966,-0.00000,0.00000,-0.00000,0.00000,12.00,0.00,0.00,1.0771,0.2143,0.3343,0.0000,0,0
2026-08-25 17:27:09.424399,352,flowbot,0.46042,-0.03355,0.35966,-0.00000,0.00000,-0.00000,0.00000,12.00,0.00,0.00,1.0771,0.2143,0.3343,0.0000,0,0
2026-08-25 17:27:09.482901,353,flowbot,0.46042,-0.03355,0.35966,-0.00000,0.00000,-0.00000,0.00000,12.00,0.00,0.00,1.0771,0.2143,0.3343,0.0000,0,0
2026-08-25 17:27:09.532262,354,flowbot,0.46042,-0.03355,0.35966,-0.00000,0.00000,-0.00000,0.00000,12.00,0.00,0.00,1.0771,0.2143,0.3343,0.0000,0,0
2026-08-25 17:27:09.588638,355,flowbot,0.46042,-0.03355,0.35966,-0.00000,0.00000,-0.00000,0.00000,13.00,0.00,0.00,0.4229,0.0000,0.0000,0.0000,0,0
2026-08-25 17:27:09.643125,356,flowbot,0.46042,-0.03355,0.35966,-0.00000,0.00000,-0.00000,0.00000,13.00,0.00,0.00,0.4229,0.0000,0.0000,0.0000,0,0
2026-08-25 17:27:09.699302,357,flowbot,0.46042,-0.03355,0.35966,-0.00000,0.00000,-0.00000,0.00000,13.00,0.00,0.00,0.4229,0.0000,0.0000,0.0000,0,0
2026-08-25 17:27:09.746520,358,flowbot,0.46042,-0.03355,0.35966,-0.00000,0.00000,-0.00000,0.00000,14.00,0.00,0.00,1.1086,0.0000,0.3286,0.0000,0,0
2026-08-25 17:27:09.803695,359,flowbot,0.46042,-0.03355,0.35966,-0.00000,0.00000,-0.00000,0.00000,14.00,0.00,0.00,1.1086,0.0000,0.3286,0.0000,0,0
2026-08-25 17:27:09.853001,360,flowbot,0.46042,-0.03355,0.35966,-0.00000,0.00000,-0.00000,0.00000,14.00,0.00,0.00,1.1086,0.0000,0.3286,0.0000,0,0
2026-08-25 17:27:09.902824,361,flowbot,0.46042,-0.03355,0.35966,-0.00000,0.00000,-0.00000,0.00000,14.00,0.00,0.00,1.1086,0.0000,0.3286,0.0000,0,0
2026-08-25 17:27:09.958258,362,flowbot,0.46042,-0.03355,0.35966,-0.00000,0.00000,-0.00000,0.00000,15.00,0.00,0.00,0.3343,0.0000,0.1171,0.0000,0,0
2026-08-25 17:27:10.013303,363,flowbot,0.46042,-0.03355,0.35966,-0.00000,0.00000,-0.00000,0.00000,15.00,0.00,0.00,0.3343,0.0000,0.1171,0.0000,0,0
2026-08-25 17:27:10.068002,364,flowbot,0.46042,-0.03355,0.35966,-0.00000,0.00000,-0.00000,0.00000,15.00,0.00,0.00,0.3343,0.0000,0.1171,0.0000,0,0
2026-08-25 17:27:10.120045,365,flowbot,0.46042,-0.03355,0.35966,-0.00000,0.00000,-0.00000,0.00000,15.00,0.00,0.00,0.3343,0.0000,0.1171,0.0000,0,0
2026-08-25 17:27:10.176755,366,flowbot,0.46042,-0.03355,0.35966,-0.00000,0.00000,-0.00000,0.00000,17.00,1.00,0.00,1.1000,0.0000,0.3486,0.0000,0,0
2026-08-25 17:27:10.226880,367,flowbot,0.46042,-0.03355,0.35966,-0.00000,0.00000,-0.00000,0.00000,17.00,1.00,0.00,1.1000,0.0000,0.3486,0.0000,0,0
2026-08-25 17:27:10.279030,368,flowbot,0.46042,-0.03355,0.35966,-0.00000,0.00000,-0.00000,0.00000,17.00,1.00,0.00,1.1000,0.0000,0.3486,0.0000,0,0
2026-08-25 17:27:10.327196,369,flowbot,0.46042,-0.03355,0.35966,-0.00000,0.00000,-0.00000,0.00000,17.00,1.00,1.00,0.3857,0.0000,0.1343,0.0000,0,0
2026-08-25 17:27:10.379794,370,flowbot,0.46042,-0.03355,0.35966,-0.00000,0.00000,-0.00000,0.00000,17.00,1.00,1.00,0.3857,0.0000,0.1343,0.0000,0,0
2026-08-25 17:27:10.433291,371,flowbot,0.46042,-0.03355,0.35966,-0.00000,0.00000,-0.00000,0.00000,17.00,1.00,1.00,0.3857,0.0000,0.1343,0.0000,0,0
2026-08-25 17:27:10.490797,372,flowbot,0.46042,-0.03355,0.35966,-0.00000,0.00000,-0.00000,0.00000,17.00,1.00,1.00,0.3857,0.0000,0.1343,0.0000,0,0
2026-08-25 17:27:10.542193,373,flowbot,0.46042,-0.03355,0.35966,-0.00000,0.00000,-0.00000,0.00000,19.00,2.00,1.00,1.0143,0.0000,0.3086,0.0000,0,0
2026-08-25 17:27:10.598068,374,flowbot,0.46042,-0.03355,0.35966,-0.00000,0.00000,-0.00000,0.00000,19.00,2.00,1.00,1.0143,0.0000,0.3086,0.0000,0,0
2026-08-25 17:27:10.649930,375,flowbot,0.46042,-0.03355,0.35966,-0.00000,0.00000,-0.00000,0.00000,19.00,2.00,1.00,1.0143,0.0000,0.3086,0.0000,0,0
2026-08-25 17:27:10.700008,376,flowbot,0.46042,-0.03355,0.35966,-0.00000,0.00000,-0.00000,0.00000,19.00,2.00,1.00,1.0143,0.0000,0.3086,0.0000,0,0
2026-08-25 17:27:10.755930,377,flowbot,0.46042,-0.03355,0.35966,-0.00000,0.00000,-0.00000,0.00000,20.00,2.00,2.00,0.9714,0.0000,0.3086,0.0000,0,0
2026-08-25 17:27:10.810593,378,flowbot,0.46042,-0.03355,0.35966,-0.00000,0.00000,-0.00000,0.00000,20.00,2.00,2.00,0.9714,0.0000,0.3086,0.0000,0,0
2026-08-25 17:27:10.860694,379,flowbot,0.46042,-0.03355,0.35966,-0.00000,0.00000,-0.00000,0.00000,20.00,2.00,2.00,0.9714,0.0000,0.3086,0.0000,0,0
2026-08-25 17:27:10.910029,380,flowbot,0.46042,-0.03355,0.35966,-0.00000,0.00000,-0.00000,0.00000,22.00,3.00,3.00,0.9543,0.0000,0.3000,0.0000,0,0
2026-08-25 17:27:10.969042,381,flowbot,0.46042,-0.03355,0.35966,-0.00000,0.00000,-0.00000,0.00000,22.00,3.00,3.00,0.9543,0.0000,0.3000,0.0000,0,0
2026-08-25 17:27:11.018992,382,flowbot,0.46042,-0.03355,0.35966,-0.00000,0.00000,-0.00000,0.00000,22.00,3.00,3.00,0.9543,0.0000,0.3000,0.0000,0,0
2026-08-25 17:27:11.072690,383,flowbot,0.46042,-0.03355,0.35966,-0.00000,0.00000,-0.00000,0.00000,22.00,3.00,3.00,0.9543,0.0000,0.3000,0.0000,0,0
2026-08-25 17:27:11.122549,384,flowbot,0.46042,-0.03355,0.35966,-0.00000,0.00000,-0.00000,0.00000,23.00,4.00,3.00,0.9143,0.0000,0.2914,0.0000,0,0
2026-08-25 17:27:11.178368,385,flowbot,0.46042,-0.03355,0.35966,-0.00000,0.00000,-0.00000,0.00000,23.00,4.00,3.00,0.9143,0.0000,0.2914,0.0000,0,0
2026-08-25 17:27:11.229598,386,flowbot,0.46042,-0.03355,0.35966,-0.00000,0.00000,-0.00000,0.00000,23.00,4.00,3.00,0.9143,0.0000,0.2914,0.0000,0,0
2026-08-25 17:27:11.283060,387,flowbot,0.46042,-0.03355,0.35966,-0.00000,0.00000,-0.00000,0.00000,23.00,4.00,3.00,0.9143,0.0000,0.2914,0.0000,0,0
2026-08-25 17:27:11.335529,388,flowbot,0.46042,-0.03355,0.35966,-0.00000,0.00000,-0.00000,0.00000,25.00,4.00,4.00,0.8714,0.0000,0.2771,0.0000,0,0
2026-08-25 17:27:11.387989,389,flowbot,0.46042,-0.03355,0.35966,-0.00000,0.00000,-0.00000,0.00000,25.00,4.00,4.00,0.8714,0.0000,0.2771,0.0000,0,0
2026-08-25 17:27:11.443247,390,flowbot,0.46042,-0.03355,0.35966,-0.00000,0.00000,-0.00000,0.00000,25.00,4.00,4.00,0.8714,0.0000,0.2771,0.0000,0,0
2026-08-25 17:27:11.499877,391,flowbot,0.46042,-0.03355,0.35966,-0.00000,0.00000,-0.00000,0.00000,25.00,4.00,4.00,0.8714,0.0000,0.2771,0.0000,0,0
2026-08-25 17:27:11.554813,392,flowbot,0.46042,-0.03355,0.35966,-0.00000,0.00000,-0.00000,0.00000,26.00,5.00,5.00,0.8629,0.0000,0.2771,0.0000,0,0
2026-08-25 17:27:11.606448,393,flowbot,0.46042,-0.03355,0.35966,-0.00000,0.00000,-0.00000,0.00000,26.00,5.00,5.00,0.8629,0.0000,0.2771,0.0000,0,0
2026-08-25 17:27:11.661880,394,flowbot,0.46042,-0.03355,0.35966,-0.00000,0.00000,-0.00000,0.00000,26.00,5.00,5.00,0.8629,0.0000,0.2771,0.0000,0,0
2026-08-25 17:27:11.712140,395,flowbot,0.46042,-0.03355,0.35966,-0.00000,0.00000,-0.00000,0.00000,26.00,5.00,5.00,0.8629,0.0000,0.2771,0.0000,0,0
2026-08-25 17:27:11.762109,396,flowbot,0.46042,-0.03355,0.35966,-0.00000,0.00000,-0.00000,0.00000,26.00,5.00,5.00,0.8429,0.0000,0.2714,0.0000,0,0
2026-08-25 17:27:11.813197,397,flowbot,0.46042,-0.03355,0.35966,-0.00000,0.00000,-0.00000,0.00000,26.00,5.00,5.00,0.8429,0.0000,0.2714,0.0000,0,0
2026-08-25 17:27:11.865212,398,flowbot,0.46042,-0.03355,0.35966,-0.00000,0.00000,-0.00000,0.00000,26.00,5.00,5.00,0.8429,0.0000,0.2714,0.0000,0,0
2026-08-25 17:27:11.919704,399,flowbot,0.46042,-0.03355,0.35966,-0.00000,0.00000,-0.00000,0.00000,26.00,5.00,5.00,0.8429,0.0000,0.2714,0.0000,0,0
2026-08-25 17:27:11.970824,400,flowbot,0.46042,-0.03355,0.35966,-0.00000,0.00000,-0.00000,0.00000,26.00,5.00,5.00,0.7857,0.0000,0.2571,0.0000,0,0
2026-08-25 17:27:12.025592,401,flowbot,0.46042,-0.03355,0.35966,-0.00000,0.00000,-0.00000,0.00000,26.00,5.00,5.00,0.7857,0.0000,0.2571,0.0000,0,0
2026-08-25 17:27:12.081416,402,flowbot,0.46042,-0.03355,0.35966,-0.00000,0.00000,-0.00000,0.00000,26.00,5.00,5.00,0.7857,0.0000,0.2571,0.0000,0,0
2026-08-25 17:27:12.133220,403,flowbot,0.46042,-0.03355,0.35966,-0.00000,0.00000,-0.00000,0.00000,26.00,5.00,5.00,0.7857,0.0000,0.2571,0.0000,0,0
2026-08-25 17:27:12.191995,404,flowbot,0.46042,-0.03355,0.35966,-0.00000,0.00000,-0.00000,0.00000,26.00,5.00,5.00,0.7943,0.0000,0.2514,0.0000,0,0
2026-08-25 17:27:12.238492,405,flowbot,0.46042,-0.03355,0.35966,-0.00000,0.00000,-0.00000,0.00000,26.00,5.00,5.00,0.7943,0.0000,0.2514,0.0000,0,0
2026-08-25 17:27:12.292585,406,flowbot,0.46042,-0.03355,0.35966,-0.00000,0.00000,-0.00000,0.00000,26.00,5.00,5.00,0.7943,0.0000,0.2514,0.0000,0,0
2026-08-25 17:27:12.346040,407,flowbot,0.46042,-0.03355,0.35966,-0.00000,0.00000,-0.00000,0.00000,26.00,5.00,5.00,0.7943,0.0000,0.2514,0.0000,0,0
2026-08-25 17:27:12.403802,408,flowbot,0.46042,-0.03355,0.35966,-0.00000,0.00000,-0.00000,0.00000,26.00,5.00,5.00,0.3943,0.0000,0.0000,0.0000,0,0
2026-08-25 17:27:12.457926,409,flowbot,0.46042,-0.03355,0.35966,-0.00000,0.00000,-0.00000,0.00000,26.00,5.00,5.00,0.3943,0.0000,0.0000,0.0000,0,0
2026-08-25 17:27:12.511775,410,flowbot,0.46042,-0.03355,0.35966,-0.00000,0.00000,-0.00000,0.00000,26.00,5.00,5.00,0.3943,0.0000,0.0000,0.0000,0,0
2026-08-25 17:27:12.560159,411,flowbot,0.46042,-0.03355,0.35966,-0.00000,0.00000,-0.00000,0.00000,26.00,5.00,5.00,0.3943,0.0000,0.0000,0.0000,0,0
2026-08-25 17:27:12.616304,412,flowbot,0.46042,-0.03355,0.35966,-0.00000,0.00000,-0.00000,0.00000,26.00,5.00,5.00,0.0000,0.0000,0.0000,0.0000,0,0
2026-08-25 17:27:12.672834,413,flowbot,0.46042,-0.03355,0.35966,-0.00000,0.00000,-0.00000,0.00000,26.00,5.00,5.00,0.0000,0.0000,0.0000,0.0000,0,0
2026-08-25 17:27:12.724125,414,flowbot,0.46042,-0.03355,0.35966,-0.00000,0.00000,-0.00000,0.00000,26.00,5.00,5.00,0.0000,0.0000,0.0000,0.0000,0,0
2026-08-25 17:27:12.775118,415,flowbot,0.46042,-0.03355,0.35966,-0.00000,0.00000,-0.00000,0.00000,26.00,4.00,4.00,0.0000,0.0000,-0.3943,0.0000,0,0
2026-08-25 17:27:12.828954,416,flowbot,0.46042,-0.03355,0.35966,-0.00000,0.00000,-0.00000,0.00000,26.00,4.00,4.00,0.0000,0.0000,-0.3943,0.0000,0,0
2026-08-25 17:27:12.885929,417,flowbot,0.46042,-0.03355,0.35966,-0.00000,0.00000,-0.00000,0.00000,26.00,4.00,4.00,0.0000,0.0000,-0.3943,0.0000,0,0
2026-08-25 17:27:12.935732,418,flowbot,0.46042,-0.03355,0.35966,-0.00000,0.00000,-0.00000,0.00000,26.00,4.00,4.00,0.0000,0.0000,-0.3943,0.0000,0,0
2026-08-25 17:27:12.990071,419,flowbot,0.46042,-0.03355,0.35966,-0.00000,0.00000,-0.00000,0.00000,26.00,4.00,4.00,0.0000,0.0000,0.0000,0.0000,0,0
2026-08-25 17:27:13.046880,420,flowbot,0.46042,-0.03355,0.35966,-0.00000,0.00000,-0.00000,0.00000,26.00,4.00,4.00,0.0000,0.0000,0.0000,0.0000,0,0
2026-08-25 17:27:13.099029,421,flowbot,0.46042,-0.03355,0.35966,-0.00000,0.00000,-0.00000,0.00000,26.00,4.00,4.00,0.0000,0.0000,0.0000,0.0000,0,0
2026-08-25 17:27:13.151944,422,flowbot,0.46042,-0.03355,0.35966,-0.00000,0.00000,-0.00000,0.00000,26.00,4.00,4.00,0.0000,0.0000,0.0000,0.0000,0,0
2026-08-25 17:27:13.202176,423,flowbot,0.46042,-0.03355,0.35966,-0.00000,0.00000,-0.00000,0.00000,26.00,4.00,4.00,0.1057,0.0000,0.0000,0.0000,0,0
2026-08-25 17:27:13.253358,424,flowbot,0.46042,-0.03355,0.35966,-0.00000,0.00000,-0.00000,0.00000,26.00,4.00,4.00,0.1057,0.0000,0.0000,0.0000,0,0
2026-08-25 17:27:13.306405,425,flowbot,0.46042,-0.03355,0.35966,-0.00000,0.00000,-0.00000,0.00000,26.00,4.00,4.00,0.1057,0.0000,0.0000,0.0000,0,0
2026-08-25 17:27:13.359596,426,flowbot,0.46042,-0.03355,0.35966,-0.00000,0.00000,-0.00000,0.00000,26.00,4.00,4.00,0.1057,0.0000,0.0000,0.0000,0,0
2026-08-25 17:27:13.410631,427,flowbot,0.46042,-0.03355,0.35966,-0.00000,0.00000,-0.00000,0.00000,25.00,3.00,3.00,0.0000,0.0000,-0.7886,0.0000,0,0
2026-08-25 17:27:13.462901,428,flowbot,0.46042,-0.03355,0.35966,-0.00000,0.00000,-0.00000,0.00000,25.00,3.00,3.00,0.0000,0.0000,-0.7886,0.0000,0,0
2026-08-25 17:27:13.513523,429,flowbot,0.46042,-0.03355,0.35966,-0.00000,0.00000,-0.00000,0.00000,25.00,3.00,3.00,0.0000,0.0000,-0.7886,0.0000,0,0
2026-08-25 17:27:13.568538,430,flowbot,0.46042,-0.03355,0.35966,-0.00000,0.00000,-0.00000,0.00000,25.00,3.00,3.00,0.0000,0.0000,-0.7886,0.0000,0,0
2026-08-25 17:27:13.619741,431,flowbot,0.46042,-0.03355,0.35966,-0.00000,0.00000,-0.00000,0.00000,24.00,2.00,2.00,0.0000,0.0000,-0.8457,0.0000,0,0
2026-08-25 17:27:13.674284,432,flowbot,0.46042,-0.03355,0.35966,-0.00000,0.00000,-0.00000,0.00000,24.00,2.00,2.00,0.0000,0.0000,-0.8457,0.0000,0,0
2026-08-25 17:27:13.729153,433,flowbot,0.46042,-0.03355,0.35966,-0.00000,0.00000,-0.00000,0.00000,24.00,2.00,2.00,0.0000,0.0000,-0.8457,0.0000,0,0
2026-08-25 17:27:13.778041,434,flowbot,0.46042,-0.03355,0.35966,-0.00000,0.00000,-0.00000,0.00000,24.00,2.00,2.00,0.0000,0.0000,-0.8457,0.0000,0,0
2026-08-25 17:27:13.827307,435,flowbot,0.46042,-0.03355,0.35966,-0.00000,0.00000,-0.00000,0.00000,23.00,1.00,0.00,0.0000,0.0000,-0.8343,0.0000,0,0
2026-08-25 17:27:13.883199,436,flowbot,0.46042,-0.03355,0.35966,-0.00000,0.00000,-0.00000,0.00000,23.00,1.00,0.00,0.0000,0.0000,-0.8343,0.0000,0,0
2026-08-25 17:27:13.937191,437,flowbot,0.46042,-0.03355,0.35966,-0.00000,0.00000,-0.00000,0.00000,23.00,1.00,0.00,0.0000,0.0000,-0.8343,0.0000,0,0
2026-08-25 17:27:13.992748,438,flowbot,0.46042,-0.03355,0.35966,-0.00000,0.00000,-0.00000,0.00000,23.00,1.00,0.00,0.0000,0.0000,-0.8343,0.0000,0,0
2026-08-25 17:27:14.043451,439,flowbot,0.46042,-0.03355,0.35966,-0.00000,0.00000,-0.00000,0.00000,22.00,0.00,0.00,0.0000,0.0000,-0.6257,0.0000,0,0
2026-08-25 17:27:14.098382,440,flowbot,0.46042,-0.03355,0.35966,-0.00000,0.00000,-0.00000,0.00000,22.00,0.00,0.00,0.0000,0.0000,-0.6257,0.0000,0,0
2026-08-25 17:27:14.150311,441,flowbot,0.46042,-0.03355,0.35966,-0.00000,0.00000,-0.00000,0.00000,22.00,0.00,0.00,0.0000,0.0000,-0.6257,0.0000,0,0
2026-08-25 17:27:14.205246,442,flowbot,0.46042,-0.03355,0.35966,-0.00000,0.00000,-0.00000,0.00000,22.00,0.00,0.00,0.0000,0.0000,-0.6257,0.0000,0,0
2026-08-25 17:27:14.257397,443,flowbot,0.46042,-0.03355,0.35966,-0.00000,0.00000,-0.00000,0.00000,22.00,0.00,0.00,0.0000,0.0000,0.0000,0.0000,0,0
2026-08-25 17:27:14.312264,444,flowbot,0.46042,-0.03355,0.35966,-0.00000,0.00000,-0.00000,0.00000,22.00,0.00,0.00,0.0000,0.0000,0.0000,0.0000,0,0
2026-08-25 17:27:14.363911,445,flowbot,0.46042,-0.03355,0.35966,-0.00000,0.00000,-0.00000,0.00000,22.00,0.00,0.00,0.0000,0.0000,0.0000,0.0000,0,0
2026-08-25 17:27:14.417194,446,flowbot,0.46042,-0.03355,0.35966,-0.00000,0.00000,-0.00000,0.00000,22.00,0.00,0.00,0.0000,0.0000,0.0000,0.0000,0,0
2026-08-25 17:27:14.474410,447,flowbot,0.46042,-0.03355,0.35966,-0.00000,0.00000,-0.00000,0.00000,23.00,0.00,0.00,0.5486,0.1286,0.0000,0.0000,0,0
2026-08-25 17:27:14.530506,448,flowbot,0.46042,-0.03355,0.35966,-0.00000,0.00000,-0.00000,0.00000,23.00,0.00,0.00,0.5486,0.1286,0.0000,0.0000,0,0
2026-08-25 17:27:14.581832,449,flowbot,0.46042,-0.03355,0.35966,-0.00000,0.00000,-0.00000,0.00000,23.00,0.00,0.00,0.5486,0.1286,0.0000,0.0000,0,0
2026-08-25 17:27:14.633797,450,flowbot,0.46042,-0.03355,0.35966,-0.00000,0.00000,-0.00000,0.00000,24.00,1.00,0.00,1.2143,0.0000,0.0000,0.0000,0,0
2026-08-25 17:27:14.686308,451,flowbot,0.46042,-0.03355,0.35966,-0.00000,0.00000,-0.00000,0.00000,24.00,1.00,0.00,1.2143,0.0000,0.0000,0.0000,0,0
2026-08-25 17:27:14.737460,452,flowbot,0.46042,-0.03355,0.35966,-0.00000,0.00000,-0.00000,0.00000,24.00,1.00,0.00,1.2143,0.0000,0.0000,0.0000,0,0
2026-08-25 17:27:14.790512,453,flowbot,0.46042,-0.03355,0.35966,-0.00000,0.00000,-0.00000,0.00000,24.00,1.00,0.00,1.2143,0.0000,0.0000,0.0000,0,0
2026-08-25 17:27:14.842356,454,flowbot,0.46042,-0.03355,0.35966,-0.00000,0.00000,-0.00000,0.00000,26.00,1.00,0.00,1.2857,0.0000,0.0000,0.0000,0,0
2026-08-25 17:27:14.898078,455,flowbot,0.46042,-0.03355,0.35966,-0.00000,0.00000,-0.00000,0.00000,26.00,1.00,0.00,1.2857,0.0000,0.0000,0.0000,0,0
2026-08-25 17:27:14.954146,456,flowbot,0.46042,-0.03355,0.35966,-0.00000,0.00000,-0.00000,0.00000,26.00,1.00,0.00,1.2857,0.0000,0.0000,0.0000,0,0
2026-08-25 17:27:15.009048,457,flowbot,0.46042,-0.03355,0.35966,-0.00000,0.00000,-0.00000,0.00000,26.00,1.00,0.00,1.2857,0.0000,0.0000,0.0000,0,0
2026-08-25 17:27:15.060113,458,flowbot,0.46042,-0.03355,0.35966,-0.00000,0.00000,-0.00000,0.00000,26.00,1.00,0.00,0.0000,0.0000,0.0000,0.0000,0,0
2026-08-25 17:27:15.115989,459,flowbot,0.46042,-0.03355,0.35966,-0.00000,0.00000,-0.00000,0.00000,26.00,1.00,0.00,0.0000,0.0000,0.0000,0.0000,0,0
2026-08-25 17:27:15.170654,460,flowbot,0.46042,-0.03355,0.35966,-0.00000,0.00000,-0.00000,0.00000,26.00,1.00,0.00,0.0000,0.0000,0.0000,0.0000,0,0
2026-08-25 17:27:15.224502,461,flowbot,0.46042,-0.03355,0.35966,-0.00000,0.00000,-0.00000,0.00000,26.00,1.00,0.00,0.0000,0.0000,0.0000,0.0000,0,0
2026-08-25 17:27:15.274595,462,flowbot,0.46042,-0.03355,0.35966,-0.00000,0.00000,-0.00000,0.00000,25.00,0.00,0.00,0.0000,0.0000,-0.5114,0.0000,0,0
2026-08-25 17:27:15.329619,463,flowbot,0.46042,-0.03355,0.35966,-0.00000,0.00000,-0.00000,0.00000,25.00,0.00,0.00,0.0000,0.0000,-0.5114,0.0000,0,0
2026-08-25 17:27:15.382086,464,flowbot,0.46042,-0.03355,0.35966,-0.00000,0.00000,-0.00000,0.00000,25.00,0.00,0.00,0.0000,0.0000,-0.5114,0.0000,0,0
2026-08-25 17:27:15.434230,465,flowbot,0.46042,-0.03355,0.35966,-0.00000,0.00000,-0.00000,0.00000,25.00,0.00,0.00,0.0000,0.0000,-0.5114,0.0000,0,0
2026-08-25 17:27:15.485076,466,flowbot,0.46042,-0.03355,0.35966,-0.00000,0.00000,-0.00000,0.00000,24.00,0.00,0.00,0.0000,0.0000,-1.0457,0.0000,0,0
2026-08-25 17:27:15.538875,467,flowbot,0.46042,-0.03355,0.35966,-0.00000,0.00000,-0.00000,0.00000,24.00,0.00,0.00,0.0000,0.0000,-1.0457,0.0000,0,0
2026-08-25 17:27:15.593810,468,flowbot,0.46042,-0.03355,0.35966,-0.00000,0.00000,-0.00000,0.00000,24.00,0.00,0.00,0.0000,0.0000,-1.0457,0.0000,0,0
2026-08-25 17:27:15.641329,469,flowbot,0.46042,-0.03355,0.35966,-0.00000,0.00000,-0.00000,0.00000,24.00,0.00,0.00,0.0000,0.0000,-1.0457,0.0000,0,0
2026-08-25 17:27:15.692684,470,flowbot,0.46042,-0.03355,0.35966,-0.00000,0.00000,-0.00000,0.00000,23.00,0.00,0.00,0.0000,0.0000,-0.8086,0.0000,0,0
2026-08-25 17:27:15.747798,471,flowbot,0.46042,-0.03355,0.35966,-0.00000,0.00000,-0.00000,0.00000,23.00,0.00,0.00,0.0000,0.0000,-0.8086,0.0000,0,0
2026-08-25 17:27:15.800485,472,flowbot,0.46042,-0.03355,0.35966,-0.00000,0.00000,-0.00000,0.00000,23.00,0.00,0.00,0.0000,0.0000,-0.8086,0.0000,0,0
2026-08-25 17:27:15.854060,473,flowbot,0.46042,-0.03355,0.35966,-0.00000,0.00000,-0.00000,0.00000,23.00,0.00,0.00,0.0000,0.0000,-0.8086,0.0000,0,0
2026-08-25 17:27:15.919300,474,flowbot,0.46042,-0.03355,0.35966,-0.00000,0.00000,-0.00000,0.00000,24.00,0.00,0.00,0.5714,0.0000,-0.2057,0.0000,0,0
2026-08-25 17:27:15.974330,475,flowbot,0.46042,-0.03355,0.35966,-0.00000,0.00000,-0.00000,0.00000,24.00,0.00,0.00,0.5714,0.0000,-0.2057,0.0000,0,0
2026-08-25 17:27:16.025312,476,flowbot,0.46042,-0.03355,0.35966,-0.00000,0.00000,-0.00000,0.00000,24.00,0.00,0.00,0.5714,0.0000,-0.2057,0.0000,0,0
2026-08-25 17:27:16.072191,477,flowbot,0.46042,-0.03355,0.35966,-0.00000,0.00000,-0.00000,0.00000,24.00,0.00,0.00,0.5714,0.0000,-0.2057,0.0000,0,0
2026-08-25 17:27:16.125929,478,flowbot,0.46042,-0.03355,0.35966,-0.00000,0.00000,-0.00000,0.00000,25.00,0.00,0.00,0.9000,0.0000,0.0000,0.0000,0,0
2026-08-25 17:27:16.178549,479,flowbot,0.46042,-0.03355,0.35966,-0.00000,0.00000,-0.00000,0.00000,25.00,0.00,0.00,0.9000,0.0000,0.0000,0.0000,0,0
2026-08-25 17:27:16.230493,480,flowbot,0.46042,-0.03355,0.35966,-0.00000,0.00000,-0.00000,0.00000,25.00,0.00,0.00,0.9000,0.0000,0.0000,0.0000,0,0
2026-08-25 17:27:16.285001,481,flowbot,0.46042,-0.03355,0.35966,-0.00000,0.00000,-0.00000,0.00000,26.00,0.00,0.00,0.9000,-0.1486,0.0000,0.0000,0,0
2026-08-25 17:27:16.339989,482,flowbot,0.46042,-0.03355,0.35966,-0.00000,0.00000,-0.00000,0.00000,26.00,0.00,0.00,0.9000,-0.1486,0.0000,0.0000,0,0
2026-08-25 17:27:16.396085,483,flowbot,0.46042,-0.03355,0.35966,-0.00000,0.00000,-0.00000,0.00000,26.00,0.00,0.00,0.9000,-0.1486,0.0000,0.0000,0,0
2026-08-25 17:27:16.445967,484,flowbot,0.46042,-0.03355,0.35966,-0.00000,0.00000,-0.00000,0.00000,26.00,0.00,0.00,0.9000,-0.1486,0.0000,0.0000,0,0
2026-08-25 17:27:16.495289,485,flowbot,0.46042,-0.03355,0.35966,-0.00000,0.00000,-0.00000,0.00000,26.00,0.00,0.00,0.7571,0.0000,0.0000,0.0000,0,0
2026-08-25 17:27:16.545719,486,flowbot,0.46042,-0.03355,0.35966,-0.00000,0.00000,-0.00000,0.00000,26.00,0.00,0.00,0.7571,0.0000,0.0000,0.0000,0,0
2026-08-25 17:27:16.596411,487,flowbot,0.46042,-0.03355,0.35966,-0.00000,0.00000,-0.00000,0.00000,26.00,0.00,0.00,0.7571,0.0000,0.0000,0.0000,0,0
2026-08-25 17:27:16.650245,488,flowbot,0.46042,-0.03355,0.35966,-0.00000,0.00000,-0.00000,0.00000,26.00,0.00,0.00,0.7571,0.0000,0.0000,0.0000,0,0
2026-08-25 17:27:16.704781,489,flowbot,0.46042,-0.03355,0.35966,-0.00000,0.00000,-0.00000,0.00000,26.00,0.00,0.00,0.3771,0.0000,0.0000,0.0000,0,0
2026-08-25 17:27:16.760397,490,flowbot,0.46042,-0.03355,0.35966,-0.00000,0.00000,-0.00000,0.00000,26.00,0.00,0.00,0.3771,0.0000,0.0000,0.0000,0,0
2026-08-25 17:27:16.816306,491,flowbot,0.46042,-0.03355,0.35966,-0.00000,0.00000,-0.00000,0.00000,26.00,0.00,0.00,0.3771,0.0000,0.0000,0.0000,0,0
2026-08-25 17:27:16.869446,492,flowbot,0.46042,-0.03355,0.35966,-0.00000,0.00000,-0.00000,0.00000,26.00,0.00,0.00,0.3771,0.0000,0.0000,0.0000,0,0
2026-08-25 17:27:16.918948,493,flowbot,0.46042,-0.03355,0.35966,-0.00000,0.00000,-0.00000,0.00000,26.00,0.00,0.00,0.0000,0.0000,0.0000,0.0000,0,0
2026-08-25 17:27:16.973086,494,flowbot,0.46042,-0.03355,0.35966,-0.00000,0.00000,-0.00000,0.00000,26.00,0.00,0.00,0.0000,0.0000,0.0000,0.0000,0,0
2026-08-25 17:27:17.023905,495,flowbot,0.46042,-0.03355,0.35966,-0.00000,0.00000,-0.00000,0.00000,26.00,0.00,0.00,0.0000,0.0000,0.0000,0.0000,0,0
2026-08-25 17:27:17.079242,496,flowbot,0.46042,-0.03355,0.35966,-0.00000,0.00000,-0.00000,0.00000,26.00,0.00,0.00,0.0000,0.0000,0.0000,0.0000,0,0
2026-08-25 17:27:17.130355,497,flowbot,0.46042,-0.03355,0.35966,-0.00000,0.00000,-0.00000,0.00000,26.00,0.00,0.00,0.0000,0.0000,0.0000,0.0000,0,0
2026-08-25 17:27:17.183101,498,flowbot,0.46042,-0.03355,0.35966,-0.00000,0.00000,-0.00000,0.00000,26.00,0.00,0.00,0.0000,0.0000,0.0000,0.0000,0,0
2026-08-25 17:27:17.235218,499,flowbot,0.46042,-0.03355,0.35966,-0.00000,0.00000,-0.00000,0.00000,26.00,0.00,0.00,0.0000,0.0000,0.0000,0.0000,0,0
2026-08-25 17:27:17.289425,500,flowbot,0.46042,-0.03355,0.35966,-0.00000,0.00000,-0.00000,0.00000,26.00,0.00,0.00,0.0000,0.0000,0.0000,0.0000,0,0
2026-08-25 17:27:17.340176,501,flowbot,0.46042,-0.03355,0.35966,-0.00000,0.00000,-0.00000,0.00000,26.00,0.00,0.00,0.0000,0.0000,0.0000,0.0000,0,0
2026-08-25 17:27:17.396058,502,flowbot,0.46042,-0.03355,0.35966,-0.00000,0.00000,-0.00000,0.00000,26.00,0.00,0.00,0.0000,0.0000,0.0000,0.0000,0,0
2026-08-25 17:27:17.445604,503,flowbot,0.46042,-0.03355,0.35966,-0.00000,0.00000,-0.00000,0.00000,26.00,0.00,0.00,0.0000,0.0000,0.0000,0.0000,0,0
2026-08-25 17:27:17.498694,504,flowbot,0.46042,-0.03355,0.35966,-0.00000,0.00000,-0.00000,0.00000,26.00,0.00,0.00,0.0000,0.0000,0.0000,0.0000,0,0
2026-08-25 17:27:17.549441,505,flowbot,0.46042,-0.03355,0.35966,-0.00000,0.00000,-0.00000,0.00000,26.00,0.00,0.00,0.0000,0.1200,0.0000,0.0000,0,0
2026-08-25 17:27:17.606210,506,flowbot,0.46042,-0.03355,0.35966,-0.00000,0.00000,-0.00000,0.00000,26.00,0.00,0.00,0.0000,0.1200,0.0000,0.0000,0,0
2026-08-25 17:27:17.660986,507,flowbot,0.46042,-0.03355,0.35966,-0.00000,0.00000,-0.00000,0.00000,26.00,0.00,0.00,0.0000,0.1200,0.0000,0.0000,0,0
2026-08-25 17:27:17.715915,508,flowbot,0.46042,-0.03355,0.35966,-0.00000,0.00000,-0.00000,0.00000,26.00,0.00,0.00,0.0000,0.1200,0.0000,0.0000,0,0
2026-08-25 17:27:17.765786,509,flowbot,0.46042,-0.03355,0.35966,-0.00000,0.00000,-0.00000,0.00000,26.00,0.00,0.00,0.0000,0.2057,0.0000,0.0000,0,0
2026-08-25 17:27:17.823245,510,flowbot,0.46042,-0.03355,0.35966,-0.00000,0.00000,-0.00000,0.00000,26.00,0.00,0.00,0.0000,0.2057,0.0000,0.0000,0,0
2026-08-25 17:27:17.875148,511,flowbot,0.46042,-0.03355,0.35966,-0.00000,0.00000,-0.00000,0.00000,26.00,0.00,0.00,0.0000,0.2057,0.0000,0.0000,0,0
2026-08-25 17:27:17.932027,512,flowbot,0.46042,-0.03355,0.35966,-0.00000,0.00000,-0.00000,0.00000,26.00,0.00,0.00,0.0000,0.2057,0.0000,0.0000,0,0
2026-08-25 17:27:17.988108,513,flowbot,0.46042,-0.03355,0.35966,-0.00000,0.00000,-0.00000,0.00000,26.00,0.00,0.00,0.0000,0.0000,0.0000,0.0000,0,0
2026-08-25 17:27:18.042648,514,flowbot,0.46042,-0.03355,0.35966,-0.00000,0.00000,-0.00000,0.00000,26.00,0.00,0.00,0.0000,0.0000,0.0000,0.0000,0,0
2026-08-25 17:27:18.099666,515,flowbot,0.46042,-0.03355,0.35966,-0.00000,0.00000,-0.00000,0.00000,26.00,0.00,0.00,0.0000,0.0000,0.0000,0.0000,0,0
2026-08-25 17:27:18.149689,516,flowbot,0.46042,-0.03355,0.35966,-0.00000,0.00000,-0.00000,0.00000,26.00,0.00,0.00,0.0000,0.0000,0.0000,0.0000,0,0
2026-08-25 17:27:18.202434,517,flowbot,0.46042,-0.03355,0.35966,-0.00000,0.00000,-0.00000,0.00000,26.00,0.00,0.00,0.0000,0.0000,0.0000,0.0000,0,0
2026-08-25 17:27:18.256976,518,flowbot,0.46042,-0.03355,0.35966,-0.00000,0.00000,-0.00000,0.00000,26.00,0.00,0.00,0.0000,0.0000,0.0000,0.0000,0,0
2026-08-25 17:27:18.311007,519,flowbot,0.46042,-0.03355,0.35966,-0.00000,0.00000,-0.00000,0.00000,26.00,0.00,0.00,0.0000,0.0000,0.0000,0.0000,0,0
2026-08-25 17:27:18.362490,520,flowbot,0.46042,-0.03355,0.35966,-0.00000,0.00000,-0.00000,0.00000,26.00,0.00,0.00,0.0000,0.0000,0.0000,0.0000,0,0
2026-08-25 17:27:18.415457,521,flowbot,0.46042,-0.03355,0.35966,-0.00000,0.00000,-0.00000,0.00000,26.00,0.00,0.00,0.0000,0.0000,0.0000,0.0000,0,0
2026-08-25 17:27:18.468051,522,flowbot,0.46042,-0.03355,0.35966,-0.00000,0.00000,-0.00000,0.00000,26.00,0.00,0.00,0.0000,0.0000,0.0000,0.0000,0,0
2026-08-25 17:27:18.518873,523,flowbot,0.46042,-0.03355,0.35966,-0.00000,0.00000,-0.00000,0.00000,26.00,0.00,0.00,0.0000,0.0000,0.0000,0.0000,0,0
2026-08-25 17:27:18.570994,524,flowbot,0.46042,-0.03355,0.35966,-0.00000,0.00000,-0.00000,0.00000,26.00,0.00,0.00,0.0000,0.0000,0.0000,0.0000,0,0
2026-08-25 17:27:18.627581,525,flowbot,0.46042,-0.03355,0.35966,-0.00000,0.00000,-0.00000,0.00000,26.00,0.00,0.00,0.0000,0.0000,0.0000,0.0000,0,0
2026-08-25 17:27:18.679904,526,flowbot,0.46042,-0.03355,0.35966,-0.00000,0.00000,-0.00000,0.00000,26.00,0.00,0.00,0.0000,0.0000,0.0000,0.0000,0,0
2026-08-25 17:27:18.733680,527,flowbot,0.46042,-0.03355,0.35966,-0.00000,0.00000,-0.00000,0.00000,26.00,0.00,0.00,0.0000,0.0000,0.0000,0.0000,0,0
2026-08-25 17:27:18.790240,528,flowbot,0.46042,-0.03355,0.35966,-0.00000,0.00000,-0.00000,0.00000,26.00,0.00,0.00,0.0000,0.0000,0.0000,0.0000,0,0
2026-08-25 17:27:18.845034,529,flowbot,0.46042,-0.03355,0.35966,-0.00000,0.00000,-0.00000,0.00000,26.00,0.00,0.00,0.0000,0.0000,0.0000,0.0000,0,0
2026-08-25 17:27:18.900156,530,flowbot,0.46042,-0.03355,0.35966,-0.00000,0.00000,-0.00000,0.00000,26.00,0.00,0.00,0.0000,0.0000,0.0000,0.0000,0,0
2026-08-25 17:27:18.947542,531,franka,0.46042,-0.03355,0.35966,-0.00000,0.00000,-0.00000,0.00000,26.00,0.00,0.00,0.0000,0.0000,0.0000,0.0000,1,0
2026-08-25 17:27:19.001640,532,franka,0.46041,-0.03353,0.35964,-0.00000,0.00000,-0.00000,0.00000,26.00,0.00,0.00,0.0000,0.0000,0.0000,0.0000,0,0
2026-08-25 17:27:19.055441,533,franka,0.46043,-0.03354,0.35966,0.00000,0.00000,0.00000,0.00000,26.00,0.00,0.00,0.0000,0.0000,0.0000,0.0000,0,0
2026-08-25 17:27:19.109170,534,franka,0.46043,-0.03355,0.35966,0.00000,0.00000,0.00000,0.00000,26.00,0.00,0.00,0.0000,0.0000,0.0000,0.0000,0,0
2026-08-25 17:27:19.162503,535,franka,0.46043,-0.03355,0.35966,0.00000,0.00000,0.00000,0.00000,26.00,0.00,0.00,0.0000,0.0000,0.0000,0.0000,0,0
2026-08-25 17:27:19.217135,536,franka,0.46043,-0.03355,0.35966,0.00000,0.00000,0.00000,0.00000,26.00,0.00,0.00,0.0171,0.0000,0.0000,0.0000,0,0
2026-08-25 17:27:19.270684,537,franka,0.46043,-0.03355,0.35966,0.00000,0.00000,0.00000,0.00000,26.00,0.00,0.00,0.0000,0.0000,0.0000,0.0000,0,0
2026-08-25 17:27:19.324104,538,franka,0.46043,-0.03355,0.35966,0.00000,0.00000,0.00000,0.00000,26.00,0.00,0.00,0.0000,0.0000,0.0000,0.0000,0,0
2026-08-25 17:27:19.377678,539,franka,0.46044,-0.03355,0.35966,0.00000,0.00000,0.00000,0.00000,26.00,0.00,0.00,0.0000,0.0000,0.0000,0.0000,0,0
2026-08-25 17:27:19.431336,540,franka,0.46043,-0.03355,0.35966,0.00000,0.00000,0.00000,0.00000,26.00,0.00,0.00,0.0000,0.0000,0.0000,0.0000,0,0
2026-08-25 17:27:19.485107,541,franka,0.46043,-0.03355,0.35966,0.00000,0.00000,0.00000,0.00000,26.00,0.00,0.00,0.0000,0.0000,0.0000,0.0000,0,0
2026-08-25 17:27:19.538495,542,franka,0.46043,-0.03355,0.35966,0.00000,0.00000,0.00000,0.00000,26.00,0.00,0.00,0.0000,0.0000,0.0000,0.0000,0,0
2026-08-25 17:27:19.592342,543,franka,0.46043,-0.03355,0.35966,0.00000,0.00000,0.00000,0.00000,26.00,0.00,0.00,0.0000,0.0000,0.0000,0.0000,0,0
2026-08-25 17:27:19.645866,544,franka,0.46043,-0.03355,0.35966,0.00000,0.00000,0.00000,0.00000,26.00,0.00,0.00,0.0000,0.0000,0.0000,0.0000,0,0
2026-08-25 17:27:19.700063,545,franka,0.46043,-0.03355,0.35966,0.00000,0.00000,0.00000,0.00000,26.00,0.00,0.00,0.0000,0.0000,0.0000,0.0000,0,0
2026-08-25 17:27:19.753797,546,franka,0.46043,-0.03355,0.35966,0.00000,0.00000,0.00000,0.00000,26.00,0.00,0.00,0.0000,0.0000,0.0000,0.0000,0,0
2026-08-25 17:27:19.807635,547,franka,0.46043,-0.03355,0.35966,0.00000,0.00000,0.00000,0.00000,26.00,0.00,0.00,0.0000,0.0000,0.0000,0.0000,0,0
2026-08-25 17:27:19.861384,548,franka,0.46043,-0.03355,0.35966,0.00000,0.00000,0.00000,0.00000,26.00,0.00,0.00,0.0000,0.0000,0.0000,0.0000,0,0
2026-08-25 17:27:19.915049,549,franka,0.46043,-0.03354,0.35966,0.00000,0.00000,0.00000,0.00000,26.00,0.00,0.00,0.0000,0.0000,0.0000,0.0000,0,0
2026-08-25 17:27:19.968535,550,franka,0.46043,-0.03355,0.35966,0.00000,0.00000,0.00000,0.00000,26.00,0.00,0.00,0.0000,0.0000,0.0000,0.0000,0,0
2026-08-25 17:27:20.027062,551,franka,0.46043,-0.03355,0.35966,0.00000,0.00000,0.00000,0.00000,26.00,0.00,0.00,0.0000,0.0000,0.0000,0.0000,0,0
2026-08-25 17:27:20.076153,552,franka,0.46043,-0.03355,0.35966,0.00000,0.00000,0.00000,0.00000,26.00,0.00,0.00,0.0000,0.0000,0.0000,0.0000,0,0
2026-08-25 17:27:20.130232,553,franka,0.46043,-0.03355,0.35966,0.00000,0.00000,0.00000,0.00000,26.00,0.00,0.00,0.0000,0.0000,0.0000,0.0000,0,0
2026-08-25 17:27:20.184007,554,franka,0.46043,-0.03355,0.35966,0.00000,0.00000,0.00000,0.00000,26.00,0.00,0.00,0.0000,0.0000,0.0000,0.0000,0,0
2026-08-25 17:27:20.237619,555,franka,0.46043,-0.03355,0.35966,0.00000,0.00000,0.00000,0.00000,26.00,0.00,0.00,0.0000,0.0000,0.0000,0.0000,0,0
2026-08-25 17:27:20.291567,556,franka,0.46043,-0.03355,0.35966,0.00000,0.00000,0.00000,0.00000,26.00,0.00,0.00,0.0000,0.0000,0.0000,0.0000,0,0
2026-08-25 17:27:20.346019,557,franka,0.46043,-0.03355,0.35966,0.00000,0.00000,0.00000,0.00000,26.00,0.00,0.00,0.0000,0.0000,0.0000,0.0000,0,0
2026-08-25 17:27:20.401310,558,franka,0.46043,-0.03355,0.35967,0.00000,0.00000,0.00000,0.00000,26.00,0.00,0.00,0.0000,0.0000,0.0000,0.0000,0,1
2026-08-25 17:27:20.455239,559,franka,0.46043,-0.03355,0.35966,0.00000,0.00000,0.00000,0.00000,26.00,0.00,0.00,0.0000,0.0000,0.0000,0.0000,0,1
2026-08-25 17:27:20.509075,560,franka,0.46043,-0.03355,0.35966,0.00000,0.00000,0.00000,0.00000,26.00,0.00,0.00,0.0000,0.0000,0.0000,0.0000,0,1
2026-08-25 17:27:20.562551,561,franka,0.46044,-0.03355,0.35966,0.00000,0.00000,0.00000,0.00000,26.00,0.00,0.00,0.0000,0.0000,0.0000,0.0000,0,1
2026-08-25 17:27:20.616151,562,franka,0.46043,-0.03355,0.35966,0.00000,0.00000,0.00000,0.00000,26.00,0.00,0.00,0.0000,0.0000,0.0000,0.0000,0,1
2026-08-25 17:27:20.669606,563,franka,0.46043,-0.03355,0.35966,0.00000,0.00000,0.00000,0.00000,26.00,0.00,0.00,0.0000,0.0000,0.0000,0.0000,0,0
2026-08-25 17:27:20.723136,564,franka,0.46043,-0.03355,0.35966,0.00000,0.00000,0.00000,0.00000,26.00,0.00,0.00,0.0000,0.0000,0.0000,0.0000,0,0
2026-08-25 17:27:20.776837,565,franka,0.46043,-0.03355,0.35966,0.00000,0.00000,0.00000,0.00000,26.00,0.00,0.00,0.0000,0.0000,0.0000,0.0000,0,0
2026-08-25 17:27:20.830178,566,franka,0.46044,-0.03355,0.35966,0.00000,0.00000,0.00000,0.00000,26.00,0.00,0.00,0.0000,0.0000,0.0000,0.0000,0,0
2026-08-25 17:27:20.883771,567,franka,0.46043,-0.03355,0.35966,0.00000,0.00000,0.00000,0.00000,26.00,0.00,0.00,0.0000,0.0000,0.0000,0.0000,0,0
2026-08-25 17:27:20.937297,568,franka,0.46044,-0.03355,0.35967,0.00000,0.00000,0.00000,0.00000,26.00,0.00,0.00,0.0000,0.0000,0.0000,0.0000,0,0
2026-08-25 17:27:20.990986,569,franka,0.46044,-0.03355,0.35966,0.00000,0.00000,0.00000,0.00000,26.00,0.00,0.00,0.0000,0.0000,0.0000,0.0000,0,0
2026-08-25 17:27:21.044422,570,franka,0.46044,-0.03355,0.35966,0.00000,0.00000,0.00000,0.00000,26.00,0.00,0.00,0.0000,0.0000,0.0000,0.0000,0,0
2026-08-25 17:27:21.097960,571,franka,0.46044,-0.03355,0.35967,0.00000,0.00000,0.00000,0.00000,26.00,0.00,0.00,0.0000,0.0000,0.0000,0.0000,0,0
2026-08-25 17:27:21.151870,572,franka,0.46043,-0.03355,0.35966,0.00000,0.00000,0.00000,0.00000,26.00,0.00,0.00,0.0000,0.0000,0.0000,0.0000,0,0
2026-08-25 17:27:21.205410,573,franka,0.46043,-0.03355,0.35966,0.00000,0.00000,0.00000,0.00000,26.00,0.00,0.00,0.0000,0.0000,0.0000,0.0000,0,0
2026-08-25 17:27:21.259163,574,franka,0.46043,-0.03355,0.35967,0.00000,0.00000,0.00000,0.00000,26.00,0.00,0.00,0.0000,0.0000,0.0000,0.0000,0,0
2026-08-25 17:27:21.312585,575,franka,0.46043,-0.03355,0.35966,0.00000,0.00000,0.00000,0.00000,26.00,0.00,0.00,0.0000,0.0000,0.0000,0.0000,0,0
2026-08-25 17:27:21.366281,576,franka,0.46043,-0.03355,0.35966,0.00000,0.00000,0.00000,0.00000,26.00,0.00,0.00,0.0000,0.0000,0.0000,0.0000,0,0
2026-08-25 17:27:21.419774,577,franka,0.46044,-0.03355,0.35967,0.00000,0.00000,0.00000,0.00000,26.00,0.00,0.00,0.0000,0.0000,0.0000,0.0000,0,0
2026-08-25 17:27:21.473516,578,franka,0.46043,-0.03355,0.35966,0.00000,0.00000,0.00000,0.00000,26.00,0.00,0.00,0.0000,0.0000,0.0000,0.0000,0,0
2026-08-25 17:27:21.527270,579,franka,0.46044,-0.03355,0.35967,0.00000,0.00000,0.00000,0.00000,26.00,0.00,0.00,0.0000,0.0000,0.0000,0.0000,0,0
2026-08-25 17:27:21.580997,580,franka,0.46043,-0.03355,0.35966,0.00000,0.00000,0.00000,0.00000,26.00,0.00,0.00,0.0229,-0.0086,0.0000,0.0000,0,0
2026-08-25 17:27:21.634741,581,franka,0.46043,-0.03355,0.35966,0.00000,0.00000,0.00000,0.00000,26.00,0.00,0.00,0.0486,0.0000,0.0000,0.0000,0,0
2026-08-25 17:27:21.688787,582,franka,0.46043,-0.03355,0.35966,0.00000,0.00000,0.00000,0.00000,26.00,0.00,0.00,0.1143,0.0000,0.0000,0.0000,0,0
2026-08-25 17:27:21.742424,583,franka,0.46044,-0.03355,0.35966,0.00000,0.00000,0.00000,0.00000,26.00,0.00,0.00,0.1229,0.0000,0.0000,0.0000,0,0
2026-08-25 17:27:21.796211,584,franka,0.46043,-0.03355,0.35966,0.00000,0.00000,0.00000,0.00000,26.00,0.00,0.00,0.1314,-0.0314,0.0000,0.0000,0,0
2026-08-25 17:27:21.849820,585,franka,0.46044,-0.03355,0.35967,0.00000,0.00000,0.00000,0.00000,26.00,0.00,0.00,0.1629,-0.0429,0.0000,0.0000,0,0
2026-08-25 17:27:21.903673,586,franka,0.46044,-0.03349,0.35967,0.00000,0.01002,0.00000,0.00000,26.00,0.00,0.00,0.2200,-0.0371,0.0000,0.0000,0,0
2026-08-25 17:27:21.957367,587,franka,0.46046,-0.03288,0.35970,0.00000,0.01500,0.00000,0.00000,26.00,0.00,0.00,0.2886,-0.0057,0.0000,0.0000,0,0
2026-08-25 17:27:22.011238,588,franka,0.46047,-0.03203,0.35969,0.00000,0.01500,0.00000,0.00000,26.00,0.00,0.00,0.3286,-0.0200,0.0000,0.0000,0,0
2026-08-25 17:27:22.064805,589,franka,0.46047,-0.03130,0.35970,0.00000,0.01500,0.00000,0.00000,26.00,0.00,0.00,0.3771,-0.0429,0.0000,0.0000,0,0
2026-08-25 17:27:22.119006,590,franka,0.46047,-0.03056,0.35969,0.00000,0.01500,0.00000,0.00000,26.00,0.00,0.00,0.4200,-0.0371,0.0000,0.0000,0,0
2026-08-25 17:27:22.172837,591,franka,0.46047,-0.02977,0.35969,0.00000,0.01500,0.00000,0.00000,26.00,0.00,0.00,0.4114,-0.0514,0.0000,0.0000,0,0
2026-08-25 17:27:22.226566,592,franka,0.46047,-0.02906,0.35969,0.00000,0.01500,0.00000,0.00000,26.00,0.00,0.00,0.3857,-0.0600,0.0000,0.0000,0,0
2026-08-25 17:27:22.280265,593,franka,0.46047,-0.02827,0.35970,0.00000,0.01500,0.00000,0.00000,26.00,0.00,0.00,0.3714,-0.0629,0.0000,0.0000,0,0
2026-08-25 17:27:22.333717,594,franka,0.46047,-0.02751,0.35969,0.00000,0.01500,0.00000,0.00000,26.00,0.00,0.00,0.3743,-0.0486,0.0000,0.0000,0,0
2026-08-25 17:27:22.388105,595,franka,0.46047,-0.02677,0.35969,0.00000,0.01500,0.00000,0.00000,26.00,0.00,0.00,0.3600,-0.0486,0.0000,0.0000,0,0
2026-08-25 17:27:22.441706,596,franka,0.46047,-0.02599,0.35969,0.00000,0.01500,0.00000,0.00000,26.00,0.00,0.00,0.3486,-0.0400,0.0000,0.0000,0,0
2026-08-25 17:27:22.495320,597,franka,0.46047,-0.02526,0.35970,0.00000,0.01500,0.00000,0.00000,26.00,0.00,0.00,0.3657,-0.0114,0.0000,0.0000,0,0
2026-08-25 17:27:22.545788,598,franka,0.46047,-0.02451,0.35969,0.00000,0.01500,0.00000,0.00000,26.00,0.00,0.00,0.3657,-0.0029,0.0000,0.0000,0,0
2026-08-25 17:27:22.600057,599,franka,0.46047,-0.02373,0.35969,0.00000,0.01500,0.00000,0.00000,26.00,0.00,0.00,0.3657,0.0000,0.0000,0.0000,0,0
2026-08-25 17:27:22.654069,600,franka,0.46047,-0.02299,0.35970,0.00000,0.01500,0.00000,0.00000,26.00,0.00,0.00,0.3657,-0.0086,0.0000,0.0000,0,0
2026-08-25 17:27:22.707471,601,franka,0.46047,-0.02146,0.35969,0.00000,0.01500,0.00000,0.00000,26.00,0.00,0.00,0.3657,-0.0114,0.0000,0.0000,0,0
2026-08-25 17:27:22.761201,602,franka,0.46047,-0.02069,0.35969,0.00000,0.01500,0.00000,0.00000,26.00,0.00,0.00,0.3743,-0.0171,0.0000,0.0000,0,0
2026-08-25 17:27:22.814792,603,franka,0.46047,-0.01992,0.35970,0.00000,0.01500,0.00000,0.00000,26.00,0.00,0.00,0.3857,-0.0343,0.0000,0.0000,0,0
2026-08-25 17:27:22.868451,604,franka,0.46047,-0.01918,0.35969,0.00000,0.01500,0.00000,0.00000,26.00,0.00,0.00,0.3943,-0.0543,0.0000,0.0000,0,0
2026-08-25 17:27:22.922219,605,franka,0.46047,-0.01841,0.35969,0.00000,0.01500,0.00000,0.00000,26.00,0.00,0.00,0.3943,-0.0600,0.0000,0.0000,0,0
2026-08-25 17:27:22.975654,606,franka,0.46047,-0.01766,0.35969,0.00000,0.01500,0.00000,0.00000,26.00,0.00,0.00,0.3914,-0.0743,0.0000,0.0000,0,0
2026-08-25 17:27:23.029685,607,franka,0.46047,-0.01689,0.35970,0.00000,0.01500,0.00000,0.00000,26.00,0.00,0.00,0.3829,-0.0914,0.0000,0.0000,0,0
2026-08-25 17:27:23.083412,608,franka,0.46047,-0.01612,0.35970,0.00000,0.01500,0.00000,0.00000,26.00,0.00,0.00,0.3743,-0.0714,0.0000,0.0000,0,0
2026-08-25 17:27:23.137587,609,franka,0.46047,-0.01536,0.35970,0.00000,0.01500,0.00000,0.00000,26.00,0.00,0.00,0.3743,-0.0657,0.0000,0.0000,0,0
2026-08-25 17:27:23.191005,610,franka,0.46047,-0.01459,0.35970,0.00000,0.01500,0.00000,0.00000,26.00,0.00,0.00,0.3686,-0.0686,0.0000,0.0000,0,0
2026-08-25 17:27:23.244315,611,franka,0.46047,-0.01383,0.35969,0.00000,0.01500,0.00000,0.00000,26.00,0.00,0.00,0.3657,-0.0629,0.0000,-0.0057,0,0
2026-08-25 17:27:23.298533,612,franka,0.46047,-0.01309,0.35969,0.00000,0.01500,0.00000,0.00000,26.00,0.00,0.00,0.3657,-0.0714,0.0000,-0.0057,0,0
2026-08-25 17:27:23.352524,613,franka,0.46047,-0.01232,0.35969,0.00000,0.01500,0.00000,0.00000,26.00,0.00,0.00,0.3543,-0.0686,0.0000,-0.0057,0,0
2026-08-25 17:27:23.406066,614,franka,0.46047,-0.01157,0.35969,0.00000,0.01500,0.00000,0.00000,26.00,0.00,0.00,0.3571,-0.0686,0.0000,-0.0057,0,0
2026-08-25 17:27:23.459506,615,franka,0.46047,-0.01080,0.35969,0.00000,0.01500,0.00000,0.00000,26.00,0.00,0.00,0.3657,-0.0657,0.0000,-0.0057,0,0
2026-08-25 17:27:23.513152,616,franka,0.46047,-0.01003,0.35970,0.00000,0.01500,0.00000,0.00000,26.00,0.00,0.00,0.3629,-0.0686,0.0000,-0.0057,0,0
2026-08-25 17:27:23.567359,617,franka,0.46047,-0.00926,0.35969,0.00000,0.01500,0.00000,0.00000,26.00,0.00,0.00,0.3657,-0.0714,0.0000,-0.0057,0,0
2026-08-25 17:27:23.621097,618,franka,0.46047,-0.00778,0.35970,0.00000,0.01500,0.00000,0.00000,26.00,0.00,0.00,0.3571,-0.0829,0.0000,-0.0086,0,0
2026-08-25 17:27:23.674673,619,franka,0.46047,-0.00701,0.35969,0.00000,0.01500,0.00000,0.00000,26.00,0.00,0.00,0.3429,-0.0857,0.0000,-0.0114,0,0
2026-08-25 17:27:23.728331,620,franka,0.46047,-0.00625,0.35970,0.00000,0.01500,0.00000,0.00000,26.00,0.00,0.00,0.3057,-0.0829,0.0000,-0.0114,0,0
2026-08-25 17:27:23.782004,621,franka,0.46047,-0.00550,0.35970,0.00000,0.01500,0.00000,0.00000,26.00,0.00,0.00,0.2771,-0.0629,0.0000,-0.0114,0,0
2026-08-25 17:27:23.835637,622,franka,0.46047,-0.00473,0.35970,0.00000,0.01500,0.00000,0.00000,26.00,0.00,0.00,0.2771,-0.0600,0.0000,-0.0086,0,0
2026-08-25 17:27:23.889452,623,franka,0.46047,-0.00397,0.35970,0.00000,0.01500,0.00000,0.00000,26.00,0.00,0.00,0.2886,-0.0571,0.0000,-0.0114,0,0
2026-08-25 17:27:23.943004,624,franka,0.46047,-0.00320,0.35969,0.00000,0.01500,0.00000,0.00000,26.00,0.00,0.00,0.2886,-0.0543,0.0000,-0.0114,0,0
2026-08-25 17:27:23.996533,625,franka,0.46047,-0.00244,0.35969,0.00000,0.01500,0.00000,0.00000,26.00,0.00,0.00,0.2857,-0.0400,0.0000,-0.0143,0,0
2026-08-25 17:27:24.050295,626,franka,0.46047,-0.00168,0.35969,0.00000,0.01500,0.00000,0.00000,26.00,0.00,0.00,0.2914,-0.0143,0.0000,-0.0143,0,0
2026-08-25 17:27:24.103805,627,franka,0.46046,-0.00092,0.35969,0.00000,0.01500,0.00000,0.00000,26.00,0.00,0.00,0.2829,-0.0029,0.0000,-0.0143,0,0
2026-08-25 17:27:24.158254,628,franka,0.46046,-0.00017,0.35969,0.00000,0.01500,0.00000,0.00000,26.00,0.00,0.00,0.2714,0.0000,-0.0029,-0.0143,0,0
2026-08-25 17:27:24.212900,629,franka,0.46045,0.00060,0.35968,0.00000,0.01500,0.00000,0.00000,26.00,0.00,0.00,0.2686,-0.0029,-0.0086,-0.0143,0,0
2026-08-25 17:27:24.266617,630,franka,0.46045,0.00136,0.35969,0.00000,0.01500,0.00000,0.00000,26.00,0.00,0.00,0.2543,-0.0086,-0.0171,-0.0143,0,0
2026-08-25 17:27:24.320031,631,franka,0.46045,0.00212,0.35969,0.00000,0.01500,0.00000,0.00000,26.00,0.00,0.00,0.2400,-0.0457,-0.0229,-0.0171,0,0
2026-08-25 17:27:24.373490,632,franka,0.46044,0.00287,0.35969,0.00000,0.01500,0.00000,0.00000,26.00,0.00,0.00,0.1943,-0.1029,-0.0057,-0.0543,0,0
2026-08-25 17:27:24.427108,633,franka,0.46044,0.00358,0.35968,0.00000,0.00953,0.00000,0.00000,26.00,0.00,0.00,0.1457,-0.0857,-0.0057,-0.0486,0,0
2026-08-25 17:27:24.480667,634,franka,0.46044,0.00367,0.35969,0.00000,-0.00000,0.00000,0.00000,26.00,0.00,0.00,0.0000,0.0000,0.0000,0.0000,0,0
2026-08-25 17:27:24.534327,635,franka,0.46044,0.00369,0.35969,0.00000,-0.00000,0.00000,0.00000,26.00,0.00,0.00,0.0000,0.0000,0.0000,0.0000,0,0
2026-08-25 17:27:24.588163,636,franka,0.46044,0.00371,0.35969,0.00000,-0.00000,0.00000,0.00000,26.00,0.00,0.00,0.0086,0.0000,0.0000,0.0000,0,0
2026-08-25 17:27:24.641808,637,franka,0.46044,0.00369,0.35969,0.00000,-0.00000,0.00000,0.00000,26.00,0.00,0.00,0.0343,0.0000,0.0000,0.0000,0,0
2026-08-25 17:27:24.695768,638,franka,0.46044,0.00370,0.35969,0.00000,-0.00000,0.00000,0.00000,26.00,0.00,0.00,0.0829,0.0057,-0.0429,0.0000,0,0
2026-08-25 17:27:24.749304,639,franka,0.46044,0.00369,0.35969,0.00000,-0.00000,0.00000,0.00000,26.00,0.00,0.00,0.1114,0.0314,-0.1514,0.0000,0,0
2026-08-25 17:27:24.802914,640,franka,0.46044,0.00370,0.35969,0.00000,-0.00000,0.00000,0.00000,26.00,0.00,0.00,0.1171,0.0229,-0.2114,0.0000,0,0
2026-08-25 17:27:24.856517,641,franka,0.46047,0.00370,0.35941,0.00000,-0.00000,-0.01500,0.00000,26.00,0.00,0.00,0.1257,0.0229,-0.2600,0.0000,0,0
2026-08-25 17:27:24.910006,642,franka,0.46045,0.00367,0.35862,0.00000,-0.00000,-0.01500,0.00000,26.00,0.00,0.00,0.1400,0.0143,-0.2914,0.0000,0,0
2026-08-25 17:27:24.964720,643,franka,0.46044,0.00369,0.35786,0.00000,-0.00000,-0.01500,0.00000,26.00,0.00,0.00,0.1429,0.0000,-0.3314,0.0000,0,0
2026-08-25 17:27:25.018111,644,franka,0.46044,0.00368,0.35710,0.00000,-0.00000,-0.01500,0.00000,26.00,0.00,0.00,0.1657,0.0000,-0.3457,0.0000,0,0
2026-08-25 17:27:25.071530,645,franka,0.46046,0.00368,0.35641,0.00000,-0.00000,-0.01500,0.00000,26.00,0.00,0.00,0.1686,0.0000,-0.3429,0.0000,0,0
2026-08-25 17:27:25.125704,646,franka,0.46045,0.00369,0.35560,0.00000,-0.00000,-0.01500,0.00000,26.00,0.00,0.00,0.1800,0.0000,-0.3371,0.0000,0,0
2026-08-25 17:27:25.179274,647,franka,0.46046,0.00368,0.35486,0.00000,-0.00000,-0.01500,0.00000,26.00,0.00,0.00,0.1800,0.0000,-0.3343,0.0000,0,0
2026-08-25 17:27:25.233170,648,franka,0.46046,0.00369,0.35412,0.00000,-0.00000,-0.01500,0.00000,26.00,0.00,0.00,0.1829,0.0000,-0.3400,0.0000,0,0
2026-08-25 17:27:25.286758,649,franka,0.46045,0.00368,0.35257,0.00000,-0.00000,-0.01500,0.00000,26.00,0.00,0.00,0.1857,0.0000,-0.3371,0.0000,0,0
2026-08-25 17:27:25.340435,650,franka,0.46045,0.00369,0.35181,0.00000,-0.00000,-0.01500,0.00000,26.00,0.00,0.00,0.1800,0.0000,-0.3371,0.0000,0,0
2026-08-25 17:27:25.393815,651,franka,0.46045,0.00369,0.35105,0.00000,-0.00000,-0.01500,0.00000,26.00,0.00,0.00,0.1857,0.0000,-0.3457,0.0000,0,0
2026-08-25 17:27:25.447215,652,franka,0.46045,0.00369,0.35028,0.00000,-0.00000,-0.01500,0.00000,26.00,0.00,0.00,0.1771,0.0000,-0.3486,0.0000,0,0
2026-08-25 17:27:25.500918,653,franka,0.46045,0.00369,0.34954,0.00000,-0.00000,-0.01500,0.00000,26.00,0.00,0.00,0.1743,0.0000,-0.3457,0.0000,0,0
2026-08-25 17:27:25.554280,654,franka,0.46045,0.00368,0.34878,0.00000,-0.00000,-0.01500,0.00000,26.00,0.00,0.00,0.1800,0.0000,-0.3400,0.0000,0,0
2026-08-25 17:27:25.607825,655,franka,0.46046,0.00369,0.34803,0.00000,-0.00000,-0.01500,0.00000,26.00,0.00,0.00,0.1771,0.0000,-0.3371,0.0000,0,0
2026-08-25 17:27:25.661638,656,franka,0.46046,0.00368,0.34729,0.00000,-0.00000,-0.01500,0.00000,26.00,0.00,0.00,0.1686,0.0000,-0.3371,0.0000,0,0
2026-08-25 17:27:25.715399,657,franka,0.46046,0.00368,0.34653,0.00000,-0.00000,-0.01500,0.00000,26.00,0.00,0.00,0.1743,0.0000,-0.3343,0.0000,0,0
2026-08-25 17:27:25.769374,658,franka,0.46045,0.00368,0.34575,0.00000,-0.00000,-0.01500,0.00000,26.00,0.00,0.00,0.1771,0.0000,-0.3371,0.0000,0,0
2026-08-25 17:27:25.823276,659,franka,0.46045,0.00369,0.34499,0.00000,-0.00000,-0.01500,0.00000,26.00,0.00,0.00,0.1771,0.0000,-0.3371,0.0000,0,0
2026-08-25 17:27:25.877563,660,franka,0.46045,0.00369,0.34424,0.00000,-0.00000,-0.01500,0.00000,26.00,0.00,0.00,0.1771,0.0000,-0.3400,0.0000,0,0
2026-08-25 17:27:25.928276,661,franka,0.46045,0.00368,0.34347,0.00000,-0.00000,-0.01500,0.00000,26.00,0.00,0.00,0.1800,-0.0029,-0.3400,0.0000,0,0
2026-08-25 17:27:25.982004,662,franka,0.46045,0.00368,0.34271,0.00000,-0.00000,-0.01500,0.00000,26.00,0.00,0.00,0.1800,0.0000,-0.3429,0.0000,0,0
2026-08-25 17:27:26.035864,663,franka,0.46046,0.00369,0.34197,0.00000,-0.00000,-0.01500,0.00000,26.00,0.00,0.00,0.1829,0.0000,-0.3429,0.0000,0,0
2026-08-25 17:27:26.090753,664,franka,0.46046,0.00368,0.34120,0.00000,-0.00000,-0.01500,0.00000,26.00,0.00,0.00,0.1800,0.0000,-0.3543,0.0000,0,0
2026-08-25 17:27:26.144692,665,franka,0.46046,0.00369,0.34044,0.00000,-0.00000,-0.01500,0.00000,26.00,0.00,0.00,0.1857,-0.0029,-0.3514,0.0000,0,0
2026-08-25 17:27:26.199745,666,franka,0.46046,0.00369,0.33892,0.00000,-0.00000,-0.01500,0.00000,26.00,0.00,0.00,0.1829,-0.0057,-0.3514,0.0000,0,0
2026-08-25 17:27:26.253551,667,franka,0.46046,0.00369,0.33815,0.00000,-0.00000,-0.01500,0.00000,26.00,0.00,0.00,0.1600,0.0000,-0.3371,0.0000,0,0
2026-08-25 17:27:26.307202,668,franka,0.46045,0.00368,0.33739,0.00000,-0.00000,-0.01500,0.00000,26.00,0.00,0.00,0.1200,0.0000,-0.3400,0.0000,0,0
2026-08-25 17:27:26.360822,669,franka,0.46045,0.00369,0.33663,0.00000,-0.00000,-0.01500,0.00000,26.00,0.00,0.00,0.1143,0.0000,-0.3429,0.0000,0,0
2026-08-25 17:27:26.414497,670,franka,0.46045,0.00369,0.33587,0.00000,-0.00000,-0.01500,0.00000,26.00,0.00,0.00,0.1229,0.0000,-0.3514,0.0000,0,0
2026-08-25 17:27:26.468248,671,franka,0.46045,0.00368,0.33513,0.00000,-0.00000,-0.01500,0.00000,26.00,0.00,0.00,0.1286,0.0000,-0.3514,0.0000,0,0
2026-08-25 17:27:26.521819,672,franka,0.46046,0.00369,0.33439,0.00000,-0.00000,-0.01500,0.00000,26.00,0.00,0.00,0.1343,0.0000,-0.3257,0.0000,0,0
2026-08-25 17:27:26.575808,673,franka,0.46046,0.00368,0.33363,0.00000,-0.00000,-0.01500,0.00000,26.00,0.00,0.00,0.1343,-0.0143,-0.2943,0.0000,0,0
2026-08-25 17:27:26.629257,674,franka,0.46046,0.00369,0.33286,0.00000,-0.00000,-0.01500,0.00000,26.00,0.00,0.00,0.1371,-0.0400,-0.3000,0.0000,0,0
2026-08-25 17:27:26.682741,675,franka,0.46046,0.00369,0.33210,0.00000,-0.00000,-0.01500,0.00000,26.00,0.00,0.00,0.1400,-0.0314,-0.3086,0.0000,0,0
2026-08-25 17:27:26.736459,676,franka,0.46046,0.00369,0.33134,0.00000,-0.00000,-0.01500,0.00000,26.00,0.00,0.00,0.1486,-0.0457,-0.3057,0.0000,0,0
2026-08-25 17:27:26.790002,677,franka,0.46046,0.00369,0.33058,0.00000,-0.00000,-0.01500,0.00000,26.00,0.00,0.00,0.1457,-0.0457,-0.3057,0.0000,0,0
2026-08-25 17:27:26.843581,678,franka,0.46045,0.00369,0.32980,0.00000,-0.00000,-0.01500,0.00000,26.00,0.00,0.00,0.1286,-0.0343,-0.2971,0.0000,0,0
2026-08-25 17:27:26.897365,679,franka,0.46045,0.00368,0.32905,0.00000,-0.00000,-0.01500,0.00000,26.00,0.00,0.00,0.1200,-0.0143,-0.2857,0.0000,0,0
2026-08-25 17:27:26.950850,680,franka,0.46045,0.00368,0.32830,0.00000,-0.00000,-0.01500,0.00000,26.00,0.00,0.00,0.0943,0.0000,-0.2457,0.0000,0,0
2026-08-25 17:27:27.005378,681,franka,0.46045,0.00369,0.32755,0.00000,-0.00000,-0.01500,0.00000,26.00,0.00,0.00,0.0086,0.0000,-0.0943,0.0000,0,0
2026-08-25 17:27:27.058935,682,franka,0.46045,0.00370,0.32720,0.00000,-0.00000,-0.00000,0.00000,26.00,0.00,0.00,0.0000,0.0000,0.0000,0.0000,0,0
2026-08-25 17:27:27.112990,683,franka,0.46045,0.00370,0.32720,0.00000,-0.00000,0.00000,0.00000,26.00,0.00,0.00,0.0000,0.0000,0.0000,0.0000,0,0
2026-08-25 17:27:27.167199,684,franka,0.46045,0.00370,0.32719,0.00000,-0.00000,0.00000,0.00000,26.00,0.00,0.00,0.0000,0.0000,0.0000,0.0000,0,0
2026-08-25 17:27:27.218165,685,franka,0.46045,0.00370,0.32719,0.00000,-0.00000,0.00000,0.00000,26.00,0.00,0.00,0.0057,0.0000,0.0000,0.0000,0,0
2026-08-25 17:27:27.272167,686,franka,0.46045,0.00370,0.32719,0.00000,-0.00000,0.00000,0.00000,26.00,0.00,0.00,0.0771,0.0000,0.0000,0.0000,0,0
2026-08-25 17:27:27.325661,687,franka,0.46045,0.00370,0.32719,0.00000,-0.00000,0.00000,0.00000,26.00,0.00,0.00,0.1771,0.0000,0.0000,0.0000,0,0
2026-08-25 17:27:27.379297,688,franka,0.46045,0.00383,0.32719,0.00000,0.01327,0.00000,0.00000,26.00,0.00,0.00,0.2829,0.0000,0.0000,0.0000,0,0
2026-08-25 17:27:27.433135,689,franka,0.46045,0.00450,0.32720,0.00000,0.01500,0.00000,0.00000,26.00,0.00,0.00,0.3286,-0.0257,0.0000,0.0000,0,0
2026-08-25 17:27:27.486981,690,franka,0.46044,0.00534,0.32718,0.00000,0.01500,0.00000,0.00000,26.00,0.00,0.00,0.3629,-0.0343,0.0000,0.0000,0,0
2026-08-25 17:27:27.540619,691,franka,0.46044,0.00607,0.32717,0.00000,0.01500,0.00000,0.00000,26.00,0.00,0.00,0.3857,-0.0371,-0.0143,0.0000,0,0
2026-08-25 17:27:27.594395,692,franka,0.46043,0.00682,0.32717,0.00000,0.01500,0.00000,0.00000,26.00,0.00,0.00,0.3971,-0.0429,-0.0143,0.0000,0,0
2026-08-25 17:27:27.645242,693,franka,0.46043,0.00759,0.32716,0.00000,0.01500,0.00000,0.00000,26.00,0.00,0.00,0.3971,-0.0514,-0.0114,0.0000,0,0
2026-08-25 17:27:27.698916,694,franka,0.46043,0.00832,0.32717,0.00000,0.01500,0.00000,0.00000,26.00,0.00,0.00,0.4057,-0.0543,0.0000,0.0000,0,0
2026-08-25 17:27:27.752771,695,franka,0.46043,0.00911,0.32717,0.00000,0.01500,0.00000,0.00000,26.00,0.00,0.00,0.4057,-0.0457,-0.0029,0.0000,0,0
2026-08-25 17:27:27.806554,696,franka,0.46043,0.00985,0.32717,0.00000,0.01500,0.00000,0.00000,26.00,0.00,0.00,0.4114,-0.0486,-0.0029,0.0000,0,0
2026-08-25 17:27:27.860588,697,franka,0.46043,0.01062,0.32716,0.00000,0.01500,0.00000,0.00000,26.00,0.00,0.00,0.4057,-0.0400,-0.0114,0.0000,0,0
2026-08-25 17:27:27.914961,698,franka,0.46043,0.01139,0.32717,0.00000,0.01500,0.00000,0.00000,26.00,0.00,0.00,0.4171,-0.0429,-0.0114,0.0000,0,0
2026-08-25 17:27:27.968474,699,franka,0.46043,0.01291,0.32716,0.00000,0.01500,0.00000,0.00000,26.00,0.00,0.00,0.4200,-0.0343,-0.0200,0.0000,0,0
2026-08-25 17:27:28.021966,700,franka,0.46043,0.01366,0.32716,0.00000,0.01500,0.00000,0.00000,26.00,0.00,0.00,0.4143,-0.0286,-0.0171,0.0000,0,0
2026-08-25 17:27:28.075460,701,franka,0.46043,0.01441,0.32717,0.00000,0.01500,0.00000,0.00000,26.00,0.00,0.00,0.4143,-0.0257,-0.0229,0.0000,0,0
2026-08-25 17:27:28.129364,702,franka,0.46043,0.01519,0.32716,0.00000,0.01500,0.00000,0.00000,26.00,0.00,0.00,0.4143,-0.0257,-0.0200,0.0000,0,0
2026-08-25 17:27:28.182945,703,franka,0.46043,0.01594,0.32716,0.00000,0.01500,0.00000,0.00000,26.00,0.00,0.00,0.4114,-0.0229,-0.0200,0.0000,0,0
2026-08-25 17:27:28.236596,704,franka,0.46043,0.01670,0.32716,0.00000,0.01500,0.00000,0.00000,26.00,0.00,0.00,0.4143,-0.0229,-0.0171,0.0000,0,0
2026-08-25 17:27:28.290183,705,franka,0.46043,0.01747,0.32716,0.00000,0.01500,0.00000,0.00000,26.00,0.00,0.00,0.4114,-0.0314,-0.0086,0.0000,0,0
2026-08-25 17:27:28.343772,706,franka,0.46043,0.01821,0.32716,0.00000,0.01500,0.00000,0.00000,26.00,0.00,0.00,0.4086,-0.0314,-0.0057,0.0000,0,0
2026-08-25 17:27:28.397401,707,franka,0.46043,0.01897,0.32716,0.00000,0.01500,0.00000,0.00000,26.00,0.00,0.00,0.4029,-0.0314,-0.0086,0.0000,0,0
2026-08-25 17:27:28.451050,708,franka,0.46043,0.01973,0.32716,0.00000,0.01500,0.00000,0.00000,26.00,0.00,0.00,0.3829,-0.0314,-0.0086,0.0000,0,0
2026-08-25 17:27:28.505552,709,franka,0.46043,0.02049,0.32716,0.00000,0.01500,0.00000,0.00000,26.00,0.00,0.00,0.3486,-0.0343,-0.0086,0.0000,0,0
2026-08-25 17:27:28.558981,710,franka,0.46043,0.02124,0.32716,0.00000,0.01500,0.00000,0.00000,26.00,0.00,0.00,0.3343,-0.0343,-0.0114,0.0000,0,0
2026-08-25 17:27:28.612619,711,franka,0.46043,0.02198,0.32716,0.00000,0.01500,0.00000,0.00000,26.00,0.00,0.00,0.3171,-0.0343,-0.0171,0.0000,0,0
2026-08-25 17:27:28.666028,712,franka,0.46043,0.02276,0.32716,0.00000,0.01500,0.00000,0.00000,26.00,0.00,0.00,0.3229,-0.0371,-0.0229,0.0000,0,0
2026-08-25 17:27:28.719592,713,franka,0.46043,0.02351,0.32716,0.00000,0.01500,0.00000,0.00000,26.00,0.00,0.00,0.3257,-0.0343,-0.0229,0.0000,0,0
2026-08-25 17:27:28.773308,714,franka,0.46043,0.02427,0.32716,0.00000,0.01500,0.00000,0.00000,26.00,0.00,0.00,0.3143,-0.0457,-0.0200,0.0000,0,0
2026-08-25 17:27:28.826999,715,franka,0.46043,0.02504,0.32716,0.00000,0.01500,0.00000,0.00000,26.00,0.00,0.00,0.2229,-0.0600,0.0000,0.0000,0,0
2026-08-25 17:27:28.880634,716,franka,0.46043,0.02627,0.32716,0.00000,0.00000,0.00000,0.00000,26.00,0.00,0.00,0.0943,-0.0371,0.0000,0.0000,0,0
2026-08-25 17:27:28.934330,717,franka,0.46043,0.02625,0.32716,0.00000,0.00000,0.00000,0.00000,26.00,0.00,0.00,0.0000,0.0000,0.0000,0.0000,0,0
2026-08-25 17:27:28.987984,718,franka,0.46043,0.02622,0.32716,0.00000,-0.00000,0.00000,0.00000,26.00,0.00,0.00,0.0000,0.0000,0.0000,0.0000,0,0
2026-08-25 17:27:29.041547,719,franka,0.46043,0.02625,0.32716,0.00000,-0.00000,0.00000,0.00000,26.00,0.00,0.00,0.0000,0.0000,0.0000,0.0000,0,0
2026-08-25 17:27:29.095124,720,franka,0.46043,0.02624,0.32716,0.00000,-0.00000,0.00000,0.00000,26.00,0.00,0.00,0.0000,0.0000,0.0000,0.0000,0,0
2026-08-25 17:27:29.148848,721,franka,0.46043,0.02625,0.32716,0.00000,-0.00000,0.00000,0.00000,26.00,0.00,0.00,0.0257,0.0000,-0.0657,0.0000,0,0
2026-08-25 17:27:29.202369,722,franka,0.46043,0.02625,0.32716,0.00000,-0.00000,0.00000,0.00000,26.00,0.00,0.00,0.0457,0.0000,-0.1571,0.0000,0,0
2026-08-25 17:27:29.256211,723,franka,0.46043,0.02624,0.32716,0.00000,-0.00000,0.00000,0.00000,26.00,0.00,0.00,0.0543,0.0000,-0.1886,0.0000,0,0
2026-08-25 17:27:29.309709,724,franka,0.46043,0.02625,0.32716,0.00000,-0.00000,0.00000,0.00000,26.00,0.00,0.00,0.0800,0.0000,-0.1971,0.0000,0,0
2026-08-25 17:27:29.363284,725,franka,0.46043,0.02624,0.32716,0.00000,-0.00000,0.00000,0.00000,26.00,0.00,0.00,0.0886,0.0000,-0.1943,0.0000,0,0
2026-08-25 17:27:29.416780,726,franka,0.46043,0.02625,0.32716,0.00000,-0.00000,0.00000,0.00000,26.00,0.00,0.00,0.1029,0.0000,-0.2086,0.0000,0,0
2026-08-25 17:27:29.470534,727,franka,0.46046,0.02625,0.32694,0.00000,-0.00000,-0.01499,0.00000,26.00,0.00,0.00,0.1057,0.0000,-0.2143,0.0000,0,0
2026-08-25 17:27:29.524102,728,franka,0.46045,0.02622,0.32618,0.00000,-0.00000,-0.01500,0.00000,26.00,0.00,0.00,0.1086,0.0000,-0.2343,0.0000,0,0
2026-08-25 17:27:29.577417,729,franka,0.46046,0.02623,0.32542,0.00000,-0.00000,-0.01500,0.00000,26.00,0.00,0.00,0.1229,0.0000,-0.2457,0.0000,0,0
2026-08-25 17:27:29.631862,730,franka,0.46045,0.02622,0.32464,0.00000,-0.00000,-0.01500,0.00000,26.00,0.00,0.00,0.1314,0.0000,-0.2543,0.0000,0,0
2026-08-25 17:27:29.685336,731,franka,0.46048,0.02623,0.32394,0.00000,-0.00000,-0.01500,0.00000,26.00,0.00,0.00,0.1400,0.0000,-0.2514,0.0000,0,0
2026-08-25 17:27:29.738800,732,franka,0.46047,0.02622,0.32239,0.00000,-0.00000,-0.01500,0.00000,26.00,0.00,0.00,0.1429,0.0000,-0.2486,0.0000,0,0
2026-08-25 17:27:29.792675,733,franka,0.46046,0.02623,0.32165,0.00000,-0.00000,-0.01500,0.00000,26.00,0.00,0.00,0.1429,0.0000,-0.2429,0.0000,0,0
2026-08-25 17:27:29.846151,734,franka,0.46047,0.02623,0.32090,0.00000,-0.00000,-0.01500,0.00000,26.00,0.00,0.00,0.1457,0.0000,-0.2400,0.0000,0,0
2026-08-25 17:27:29.899633,735,franka,0.46046,0.02623,0.32012,0.00000,-0.00000,-0.01500,0.00000,26.00,0.00,0.00,0.1429,0.0000,-0.2286,0.0000,0,0
2026-08-25 17:27:29.953115,736,franka,0.46045,0.02623,0.31937,0.00000,-0.00000,-0.01500,0.00000,26.00,0.00,0.00,0.1400,0.0000,-0.2029,0.0000,0,0
2026-08-25 17:27:30.006591,737,franka,0.46045,0.02623,0.31879,0.00000,-0.00000,-0.00016,0.00000,26.00,0.00,0.00,0.1343,0.0000,-0.1857,0.0000,0,0
2026-08-25 17:27:30.060894,738,franka,0.46045,0.02625,0.31876,0.00000,-0.00000,-0.00000,0.00000,26.00,0.00,0.00,0.1200,0.0000,-0.1971,0.0000,0,0
2026-08-25 17:27:30.114482,739,franka,0.46045,0.02624,0.31876,0.00000,-0.00000,0.00000,0.00000,26.00,0.00,0.00,0.1143,0.0000,-0.1943,0.0000,0,0
2026-08-25 17:27:30.168392,740,franka,0.46045,0.02624,0.31878,0.00000,-0.00000,0.00000,0.00000,26.00,0.00,0.00,0.1086,0.0000,-0.1914,0.0000,0,0
2026-08-25 17:27:30.222596,741,franka,0.46045,0.02624,0.31875,0.00000,-0.00000,0.00000,0.00000,26.00,0.00,0.00,0.0943,0.0000,-0.1743,0.0000,0,0
2026-08-25 17:27:30.276318,742,franka,0.46045,0.02624,0.31876,0.00000,-0.00000,0.00000,0.00000,26.00,0.00,0.00,0.0229,0.0000,-0.0714,0.0000,0,0
2026-08-25 17:27:30.330009,743,franka,0.46045,0.02625,0.31876,0.00000,-0.00000,0.00000,0.00000,26.00,0.00,0.00,-0.0057,0.0000,0.0000,0.0371,0,0
2026-08-25 17:27:30.383491,744,franka,0.46045,0.02624,0.31875,0.00000,-0.00000,0.00000,0.00000,26.00,0.00,0.00,0.0000,0.0000,0.0000,0.0000,0,0
2026-08-25 17:27:30.436934,745,franka,0.46045,0.02625,0.31876,0.00000,-0.00000,0.00000,0.00000,26.00,0.00,0.00,0.0000,0.0000,0.0000,0.0000,0,0
2026-08-25 17:27:30.490569,746,franka,0.46045,0.02624,0.31876,0.00000,-0.00000,0.00000,0.00000,26.00,0.00,0.00,0.0000,0.0000,0.0000,0.0000,0,0
2026-08-25 17:27:30.544424,747,franka,0.46045,0.02625,0.31876,0.00000,-0.00000,0.00000,0.00000,26.00,0.00,0.00,0.1429,0.0000,0.0000,0.0000,0,0
2026-08-25 17:27:30.598178,748,franka,0.46045,0.02624,0.31876,0.00000,-0.00000,0.00000,0.00000,26.00,0.00,0.00,0.2371,0.0000,-0.0114,0.0000,0,0
2026-08-25 17:27:30.651928,749,franka,0.46044,0.02646,0.31875,0.00000,0.01498,0.00000,0.00000,26.00,0.00,0.00,0.2543,0.0000,-0.0400,0.0000,0,0
2026-08-25 17:27:30.707630,750,franka,0.46043,0.02720,0.31874,0.00000,0.01500,0.00000,0.00000,26.00,0.00,0.00,0.2971,0.0000,-0.0457,0.0000,0,0
2026-08-25 17:27:30.756801,751,franka,0.46043,0.02803,0.31875,0.00000,0.01500,0.00000,0.00000,26.00,0.00,0.00,0.3086,0.0000,-0.0286,0.0000,0,0
2026-08-25 17:27:30.811473,752,franka,0.46043,0.02873,0.31873,0.00000,0.01500,0.00000,0.00000,26.00,0.00,0.00,0.3286,0.0000,-0.0286,0.0000,0,0
2026-08-25 17:27:30.865142,753,franka,0.46043,0.02950,0.31875,0.00000,0.01500,0.00000,0.00000,26.00,0.00,0.00,0.3200,0.0000,-0.0371,0.0000,0,0
2026-08-25 17:27:30.918893,754,franka,0.46043,0.03026,0.31874,0.00000,0.01500,0.00000,0.00000,26.00,0.00,0.00,0.3200,0.0000,-0.0343,0.0000,0,0
2026-08-25 17:27:30.972397,755,franka,0.46043,0.03101,0.31874,0.00000,0.01500,0.00000,0.00000,26.00,0.00,0.00,0.3200,0.0000,-0.0343,0.0000,0,0
2026-08-25 17:27:31.025909,756,franka,0.46043,0.03178,0.31874,0.00000,0.01500,0.00000,0.00000,26.00,0.00,0.00,0.3200,0.0000,-0.0343,0.0000,0,0
2026-08-25 17:27:31.079297,757,franka,0.46043,0.03251,0.31875,0.00000,0.01500,0.00000,0.00000,26.00,0.00,0.00,0.3200,0.0000,-0.0343,0.0000,0,0
2026-08-25 17:27:31.132825,758,franka,0.46044,0.03326,0.31875,0.00000,0.01500,0.00000,0.00000,26.00,0.00,0.00,0.3143,0.0000,-0.0457,0.0000,0,0
2026-08-25 17:27:31.186258,759,franka,0.46044,0.03402,0.31875,0.00000,0.01500,0.00000,0.00000,26.00,0.00,0.00,0.2914,0.0000,-0.0514,0.0000,0,0
2026-08-25 17:27:31.239829,760,franka,0.46044,0.03477,0.31876,0.00000,0.01500,0.00000,0.00000,26.00,0.00,0.00,0.2543,0.0000,-0.0600,0.0000,0,0
2026-08-25 17:27:31.294366,761,franka,0.46044,0.03554,0.31876,0.00000,0.01500,0.00000,0.00000,26.00,0.00,0.00,0.1600,-0.0057,-0.0486,0.0000,0,0
2026-08-25 17:27:31.347813,762,franka,0.46044,0.03604,0.31877,0.00000,0.00001,0.00000,0.00000,26.00,0.00,0.00,0.1029,-0.0086,-0.0286,0.0000,0,0
2026-08-25 17:27:31.401265,763,franka,0.46044,0.03602,0.31876,0.00000,0.00000,0.00000,0.00000,26.00,0.00,0.00,0.0971,-0.0057,-0.0686,0.0000,0,0
2026-08-25 17:27:31.454889,764,franka,0.46044,0.03603,0.31876,0.00000,-0.00000,0.00000,0.00000,26.00,0.00,0.00,0.0800,-0.0657,-0.0600,0.0000,0,0
2026-08-25 17:27:31.508989,765,franka,0.46045,0.03601,0.31876,0.00000,-0.00000,0.00000,0.00000,26.00,0.00,0.00,0.0543,-0.0571,-0.0686,0.0000,0,0
2026-08-25 17:27:31.563007,766,franka,0.46045,0.03602,0.31876,0.00000,-0.00000,0.00000,0.00000,26.00,0.00,0.00,0.0600,-0.0400,-0.1286,0.0000,0,0
2026-08-25 17:27:31.616721,767,franka,0.46045,0.03603,0.31876,0.00000,-0.00000,0.00000,0.00000,26.00,0.00,0.00,0.0714,-0.0314,-0.1914,0.0000,0,0
2026-08-25 17:27:31.670480,768,franka,0.46046,0.03601,0.31861,0.00000,-0.00000,-0.01484,0.00000,26.00,0.00,0.00,0.0886,-0.0600,-0.1914,0.0000,0,0
2026-08-25 17:27:31.724521,769,franka,0.46045,0.03601,0.31805,0.00000,-0.00000,-0.00016,0.00000,26.00,0.00,0.00,0.0886,-0.0686,-0.0514,0.0000,0,0
2026-08-25 17:27:31.778167,770,franka,0.46046,0.03602,0.31803,0.00000,-0.00000,-0.00000,0.00000,26.00,0.00,0.00,0.0371,0.0000,0.0000,0.0000,0,0
2026-08-25 17:27:31.832026,771,franka,0.46045,0.03602,0.31801,0.00000,-0.00000,-0.00000,0.00000,26.00,0.00,0.00,0.0000,0.0000,0.0000,0.0000,0,0
2026-08-25 17:27:31.885571,772,franka,0.46046,0.03602,0.31805,0.00000,-0.00000,-0.00000,0.00000,26.00,0.00,0.00,0.0000,0.0000,0.0000,0.0000,0,0
2026-08-25 17:27:31.939455,773,franka,0.46045,0.03602,0.31801,0.00000,-0.00000,-0.00000,0.00000,26.00,0.00,0.00,0.0000,0.0000,-0.0257,0.0000,0,0
2026-08-25 17:27:31.991037,774,franka,0.46045,0.03602,0.31802,0.00000,-0.00000,-0.00000,0.00000,26.00,0.00,0.00,0.0086,0.0000,-0.0714,0.0000,0,0
2026-08-25 17:27:32.044906,775,franka,0.46046,0.03602,0.31803,0.00000,-0.00000,-0.00000,0.00000,26.00,0.00,0.00,0.0257,0.0000,-0.0829,0.0000,0,0
2026-08-25 17:27:32.098799,776,franka,0.46045,0.03602,0.31802,0.00000,-0.00000,-0.00000,0.00000,26.00,0.00,0.00,0.0600,0.0000,-0.1286,0.0000,0,0
2026-08-25 17:27:32.152417,777,franka,0.46045,0.03602,0.31802,0.00000,-0.00000,-0.00000,0.00000,26.00,0.00,0.00,0.0686,0.0000,-0.1429,0.0000,0,0
2026-08-25 17:27:32.206505,778,franka,0.46045,0.03602,0.31803,0.00000,-0.00000,-0.00000,0.00000,26.00,0.00,0.00,0.0971,0.0000,-0.1571,0.0000,0,0
2026-08-25 17:27:32.260394,779,franka,0.46045,0.03602,0.31802,0.00000,-0.00000,-0.00000,0.00000,26.00,0.00,0.00,0.1143,0.0000,-0.1543,0.0000,0,0
2026-08-25 17:27:32.314210,780,franka,0.46046,0.03602,0.31803,0.00000,-0.00000,-0.00000,0.00000,26.00,0.00,0.00,0.1371,0.0000,-0.1686,0.0000,0,0
2026-08-25 17:27:32.367832,781,franka,0.46045,0.03602,0.31802,0.00000,-0.00000,-0.00000,0.00000,26.00,0.00,0.00,0.1800,0.0000,-0.1686,0.0000,0,0
2026-08-25 17:27:32.421562,782,franka,0.46045,0.03602,0.31802,0.00000,-0.00000,-0.00000,0.00000,26.00,0.00,0.00,0.2114,0.0000,-0.1543,0.0000,0,0
2026-08-25 17:27:32.475021,783,franka,0.46044,0.03633,0.31802,0.00000,0.01500,-0.00000,0.00000,26.00,0.00,0.00,0.1686,0.0000,-0.0400,0.0000,0,0
2026-08-25 17:27:32.528731,784,franka,0.46045,0.03687,0.31802,0.00000,0.00000,-0.00000,0.00000,26.00,0.00,0.00,0.1314,0.0000,-0.0143,0.0000,0,0
2026-08-25 17:27:32.582388,785,franka,0.46044,0.03690,0.31802,0.00000,0.00000,-0.00000,0.00000,26.00,0.00,0.00,0.2171,0.0000,-0.0400,0.0000,0,0
2026-08-25 17:27:32.636557,786,franka,0.46045,0.03703,0.31801,0.00000,0.01499,-0.00000,0.00000,26.00,0.00,0.00,0.2657,0.0000,-0.0514,0.0000,0,0
2026-08-25 17:27:32.690074,787,franka,0.46046,0.03786,0.31804,0.00000,0.01500,-0.00000,0.00000,26.00,0.00,0.00,0.2400,0.0000,-0.0486,0.0000,0,0
2026-08-25 17:27:32.743553,788,franka,0.46043,0.03865,0.31800,0.00000,0.01500,-0.00000,0.00000,26.00,0.00,0.00,0.2200,0.0000,-0.0200,0.0000,0,0
2026-08-25 17:27:32.797879,789,franka,0.46044,0.03933,0.31800,0.00000,0.01500,-0.00000,0.00000,26.00,0.00,0.00,0.2286,0.0000,-0.0086,0.0000,0,0
2026-08-25 17:27:32.851625,790,franka,0.46043,0.04017,0.31799,0.00000,0.01500,-0.00000,0.00000,26.00,0.00,0.00,0.2257,0.0000,-0.0114,0.0000,0,0
2026-08-25 17:27:32.905232,791,franka,0.46044,0.04088,0.31800,0.00000,0.01500,-0.00000,0.00000,26.00,0.00,0.00,0.2257,0.0000,-0.0171,0.0000,0,0
2026-08-25 17:27:32.962344,792,franka,0.46044,0.04163,0.31800,0.00000,0.01500,-0.00000,0.00000,26.00,0.00,0.00,0.2114,0.0000,-0.0257,0.0000,0,0
2026-08-25 17:27:33.015896,793,franka,0.46044,0.04244,0.31801,0.00000,0.01500,-0.00000,0.00000,26.00,0.00,0.00,0.1829,0.0000,-0.0171,0.0000,0,0
2026-08-25 17:27:33.069736,794,franka,0.46044,0.04298,0.31801,0.00000,0.00000,-0.00000,0.00000,26.00,0.00,0.00,0.0629,0.0000,0.0000,0.0000,0,0
2026-08-25 17:27:33.124530,795,franka,0.46045,0.04295,0.31800,0.00000,-0.00000,-0.00000,0.00000,26.00,0.00,0.00,0.0000,0.0000,0.0000,0.0000,0,0
2026-08-25 17:27:33.178265,796,franka,0.46044,0.04297,0.31800,0.00000,-0.00000,-0.00000,0.00000,26.00,0.00,0.00,0.0000,0.0000,0.0000,0.0000,0,0
2026-08-25 17:27:33.231886,797,franka,0.46044,0.04297,0.31800,0.00000,-0.00000,-0.00000,0.00000,26.00,0.00,0.00,0.0000,0.0000,0.0000,0.0000,0,0
2026-08-25 17:27:33.285619,798,franka,0.46044,0.04297,0.31800,0.00000,-0.00000,-0.00000,0.00000,26.00,0.00,0.00,0.0000,0.0000,0.0000,0.0000,0,0
2026-08-25 17:27:33.339449,799,franka,0.46044,0.04298,0.31801,0.00000,-0.00000,-0.00000,0.00000,26.00,0.00,0.00,0.0114,0.0000,0.0000,0.0000,0,0
2026-08-25 17:27:33.393082,800,franka,0.46044,0.04297,0.31801,0.00000,-0.00000,-0.00000,0.00000,26.00,0.00,0.00,0.0114,0.0000,0.0000,0.0000,0,0
2026-08-25 17:27:33.447403,801,franka,0.46044,0.04297,0.31800,0.00000,-0.00000,-0.00000,0.00000,26.00,0.00,0.00,0.0057,0.0000,-0.0286,0.0000,0,0
2026-08-25 17:27:33.500985,802,franka,0.46044,0.04297,0.31800,0.00000,-0.00000,-0.00000,0.00000,26.00,0.00,0.00,0.0143,0.0000,-0.0543,0.0000,0,0
2026-08-25 17:27:33.554621,803,franka,0.46044,0.04297,0.31801,0.00000,-0.00000,-0.00000,0.00000,26.00,0.00,0.00,0.0229,0.0000,-0.0971,0.0000,0,0
2026-08-25 17:27:33.608897,804,franka,0.46044,0.04297,0.31800,0.00000,-0.00000,-0.00000,0.00000,26.00,0.00,0.00,0.0543,0.0000,-0.1057,0.0000,0,0
2026-08-25 17:27:33.662847,805,franka,0.46044,0.04297,0.31801,0.00000,-0.00000,-0.00000,0.00000,26.00,0.00,0.00,0.0657,0.0000,-0.1371,0.0000,0,0
2026-08-25 17:27:33.717554,806,franka,0.46044,0.04297,0.31800,0.00000,-0.00000,-0.00000,0.00000,26.00,0.00,0.00,0.0971,0.0000,-0.1457,0.0000,0,0
2026-08-25 17:27:33.771127,807,franka,0.46044,0.04297,0.31800,0.00000,-0.00000,-0.00000,0.00000,26.00,0.00,0.00,0.1086,0.0000,-0.1657,0.0000,0,0
2026-08-25 17:27:33.824884,808,franka,0.46044,0.04297,0.31801,0.00000,-0.00000,-0.00000,0.00000,26.00,0.00,0.00,0.1257,0.0000,-0.1314,0.0000,0,0
2026-08-25 17:27:33.878621,809,franka,0.46044,0.04297,0.31800,0.00000,-0.00000,-0.00000,0.00000,26.00,0.00,0.00,0.1400,0.0000,-0.0943,0.0000,0,0
2026-08-25 17:27:33.932588,810,franka,0.46044,0.04297,0.31800,0.00000,-0.00000,-0.00000,0.00000,26.00,0.00,0.00,0.1600,0.0000,-0.0971,0.0000,0,0
2026-08-25 17:27:33.986279,811,franka,0.46044,0.04297,0.31800,0.00000,-0.00000,-0.00000,0.00000,26.00,0.00,0.00,0.1771,0.0000,-0.0629,0.0000,0,0
2026-08-25 17:27:34.040457,812,franka,0.46044,0.04312,0.31800,0.00000,0.01430,-0.00000,0.00000,26.00,0.00,0.00,0.2343,0.0000,-0.0857,0.0000,0,0
2026-08-25 17:27:34.094683,813,franka,0.46046,0.04380,0.31802,0.00000,0.01500,-0.00000,0.00000,26.00,0.00,0.00,0.2600,0.0000,-0.1029,0.0000,0,0
2026-08-25 17:27:34.149080,814,franka,0.46045,0.04464,0.31802,0.00000,0.01500,-0.00000,0.00000,26.00,0.00,0.00,0.2371,0.0000,-0.0914,0.0000,0,0
2026-08-25 17:27:34.202543,815,franka,0.46045,0.04535,0.31802,0.00000,0.01500,-0.00000,0.00000,26.00,0.00,0.00,0.1743,0.0000,-0.0657,0.0000,0,0
2026-08-25 17:27:34.256162,816,franka,0.46046,0.04591,0.31804,0.00000,0.00026,-0.00000,0.00000,26.00,0.00,0.00,0.1543,0.0000,-0.0571,0.0000,0,0
2026-08-25 17:27:34.309736,817,franka,0.46045,0.04600,0.31803,0.00000,0.00000,-0.00000,0.00000,26.00,0.00,0.00,0.1143,0.0000,-0.0086,0.0000,0,0
2026-08-25 17:27:34.363123,818,franka,0.46046,0.04591,0.31803,0.00000,-0.00000,-0.00000,0.00000,26.00,0.00,0.00,0.0086,0.0000,0.0000,0.0000,0,0
2026-08-25 17:27:34.416932,819,franka,0.46046,0.04597,0.31803,0.00000,-0.00000,-0.00000,0.00000,26.00,0.00,0.00,0.0000,0.0000,0.0000,0.0000,0,0
2026-08-25 17:27:34.470474,820,franka,0.46046,0.04596,0.31803,0.00000,-0.00000,-0.00000,0.00000,26.00,0.00,0.00,0.0000,0.0000,0.0000,0.0000,0,0
2026-08-25 17:27:34.524055,821,franka,0.46046,0.04596,0.31803,0.00000,-0.00000,-0.00000,0.00000,26.00,0.00,0.00,0.0000,0.0000,0.0000,0.0000,0,0
2026-08-25 17:27:34.577542,822,franka,0.46046,0.04597,0.31802,0.00000,-0.00000,-0.00000,0.00000,26.00,0.00,0.00,0.0000,0.0000,0.0000,0.0000,0,0
2026-08-25 17:27:34.631063,823,franka,0.46046,0.04595,0.31802,0.00000,-0.00000,-0.00000,0.00000,26.00,0.00,0.00,0.0000,0.0000,0.0000,0.0000,0,0
2026-08-25 17:27:34.684577,824,franka,0.46046,0.04597,0.31803,0.00000,-0.00000,-0.00000,0.00000,26.00,0.00,0.00,0.0000,0.0000,0.0000,0.0000,0,0
2026-08-25 17:27:34.738763,825,franka,0.46046,0.04596,0.31803,0.00000,-0.00000,-0.00000,0.00000,26.00,0.00,0.00,0.0000,0.0000,0.0000,0.0000,0,0
2026-08-25 17:27:34.792420,826,franka,0.46046,0.04597,0.31803,0.00000,-0.00000,-0.00000,0.00000,26.00,0.00,0.00,0.0000,0.0000,0.0000,0.0000,0,0
2026-08-25 17:27:34.845946,827,franka,0.46046,0.04596,0.31802,0.00000,-0.00000,-0.00000,0.00000,26.00,0.00,0.00,0.0000,0.0000,0.0000,0.0000,0,0
2026-08-25 17:27:34.899424,828,franka,0.46046,0.04596,0.31803,0.00000,-0.00000,-0.00000,0.00000,26.00,0.00,0.00,0.0000,0.0000,0.0000,0.0000,0,0
2026-08-25 17:27:34.952833,829,franka,0.46046,0.04596,0.31802,0.00000,-0.00000,-0.00000,0.00000,26.00,0.00,0.00,0.0000,0.0000,0.0000,0.0000,0,0
2026-08-25 17:27:35.006348,830,franka,0.46046,0.04596,0.31803,0.00000,-0.00000,-0.00000,0.00000,26.00,0.00,0.00,0.0000,0.0543,0.0400,0.0000,0,0
2026-08-25 17:27:35.060681,831,franka,0.46046,0.04597,0.31803,0.00000,-0.00000,-0.00000,0.00000,26.00,0.00,0.00,0.0000,0.0571,0.1143,0.0000,0,0
2026-08-25 17:27:35.114452,832,franka,0.46046,0.04596,0.31803,0.00000,-0.00000,-0.00000,0.00000,26.00,0.00,0.00,0.0000,0.1029,0.1429,0.0000,0,0
2026-08-25 17:27:35.168116,833,franka,0.46046,0.04596,0.31803,0.00000,-0.00000,-0.00000,0.00000,26.00,0.00,0.00,0.0000,0.1314,0.1914,0.0000,0,0
2026-08-25 17:27:35.222048,834,franka,0.46046,0.04596,0.31803,0.00000,-0.00000,-0.00000,0.00000,26.00,0.00,0.00,-0.0200,0.1486,0.2171,0.0000,0,0
2026-08-25 17:27:35.275746,835,franka,0.46044,0.04596,0.31821,0.00000,-0.00000,0.01496,0.00000,26.00,0.00,0.00,-0.0400,0.1514,0.2829,0.0000,0,0
2026-08-25 17:27:35.326616,836,franka,0.46044,0.04599,0.31895,0.00000,-0.00000,0.01500,0.00000,26.00,0.00,0.00,-0.0286,0.1543,0.2829,0.0000,0,0
2026-08-25 17:27:35.380461,837,franka,0.46044,0.04600,0.31969,0.00000,-0.00000,0.01500,0.00000,26.00,0.00,0.00,-0.0229,0.1486,0.3086,0.0000,0,0
2026-08-25 17:27:35.434124,838,franka,0.46044,0.04602,0.32045,0.00000,-0.00000,0.01500,0.00000,26.00,0.00,0.00,-0.0171,0.1514,0.3171,0.0000,0,0
2026-08-25 17:27:35.488159,839,franka,0.46042,0.04602,0.32115,0.00000,-0.00000,0.01500,0.00000,26.00,0.00,0.00,-0.0200,0.1514,0.3057,0.0000,0,0
2026-08-25 17:27:35.541917,840,franka,0.46042,0.04602,0.32192,0.00000,-0.00000,0.01500,0.00000,26.00,0.00,0.00,-0.0114,0.1457,0.3200,0.0000,0,0
2026-08-25 17:27:35.595810,841,franka,0.46041,0.04604,0.32266,0.00000,-0.00000,0.01500,0.00000,26.00,0.00,0.00,-0.0057,0.1571,0.3086,0.0000,0,0
2026-08-25 17:27:35.649970,842,franka,0.46040,0.04604,0.32414,0.00000,-0.00000,0.01500,0.00000,26.00,0.00,0.00,-0.0057,0.1486,0.3143,0.0000,0,0
2026-08-25 17:27:35.703604,843,franka,0.46042,0.04605,0.32493,0.00000,-0.00000,0.01500,0.00000,26.00,0.00,0.00,-0.0057,0.1543,0.2971,0.0000,0,0
2026-08-25 17:27:35.756624,844,franka,0.46041,0.04604,0.32567,0.00000,-0.00000,0.01500,0.00000,26.00,0.00,0.00,-0.0057,0.1686,0.2771,0.0000,0,0
2026-08-25 17:27:35.810707,845,franka,0.46041,0.04604,0.32644,0.00000,-0.00000,0.01500,0.00000,26.00,0.00,0.00,-0.0057,0.1829,0.2600,0.0000,0,0
2026-08-25 17:27:35.864344,846,franka,0.46042,0.04604,0.32720,0.00000,-0.00000,0.01500,0.00000,26.00,0.00,0.00,0.0000,0.1943,0.2629,0.0000,0,0
2026-08-25 17:27:35.919499,847,franka,0.46041,0.04604,0.32793,0.00000,-0.00000,0.01500,0.00000,26.00,0.00,0.00,0.0000,0.2000,0.2571,0.0000,0,0
2026-08-25 17:27:35.973236,848,franka,0.46041,0.04604,0.32869,0.00000,-0.00000,0.01500,0.00000,26.00,0.00,0.00,0.0000,0.2029,0.2486,0.0000,0,0
2026-08-25 17:27:36.026629,849,franka,0.46011,0.04603,0.32935,-0.01061,-0.00000,0.01061,0.00000,26.00,0.00,0.00,0.0000,0.2114,0.2457,0.0000,0,0
2026-08-25 17:27:36.080292,850,franka,0.45958,0.04602,0.32992,-0.01061,-0.00000,0.01061,0.00000,26.00,0.00,0.00,0.0000,0.2086,0.2429,0.0000,0,0
2026-08-25 17:27:36.134982,851,franka,0.45903,0.04600,0.33048,-0.01061,-0.00000,0.01061,0.00000,26.00,0.00,0.00,0.0000,0.1971,0.2429,0.0000,0,0
2026-08-25 17:27:36.189296,852,franka,0.45849,0.04599,0.33098,-0.01061,-0.00000,0.01061,0.00000,26.00,0.00,0.00,0.0000,0.1943,0.2429,0.0000,0,0
2026-08-25 17:27:36.243019,853,franka,0.45828,0.04601,0.33164,-0.00000,-0.00000,0.01500,0.00000,26.00,0.00,0.00,0.0000,0.1914,0.2457,0.0000,0,0
2026-08-25 17:27:36.297175,854,franka,0.45828,0.04603,0.33241,-0.00000,-0.00000,0.01500,0.00000,26.00,0.00,0.00,0.0000,0.1971,0.2457,0.0000,0,0
2026-08-25 17:27:36.351308,855,franka,0.45827,0.04605,0.33310,-0.00000,-0.00000,0.01500,0.00000,26.00,0.00,0.00,0.0000,0.1914,0.2486,0.0000,0,0
2026-08-25 17:27:36.404950,856,franka,0.45828,0.04605,0.33390,-0.00000,-0.00000,0.01500,0.00000,26.00,0.00,0.00,0.0000,0.2029,0.2343,0.0000,0,0
2026-08-25 17:27:36.458554,857,franka,0.45780,0.04603,0.33519,-0.00705,-0.00000,0.01212,0.00000,26.00,0.00,0.00,0.0000,0.1914,0.2486,0.0000,0,0
2026-08-25 17:27:36.512702,858,franka,0.45774,0.04604,0.33594,-0.00000,-0.00000,0.01500,0.00000,26.00,0.00,0.00,0.0000,0.1971,0.2457,0.0000,0,0
2026-08-25 17:27:36.566359,859,franka,0.45774,0.04605,0.33674,-0.00000,-0.00000,0.01500,0.00000,26.00,0.00,0.00,0.0000,0.1914,0.2457,0.0000,0,0
2026-08-25 17:27:36.620606,860,franka,0.45772,0.04603,0.33738,-0.00000,-0.00000,0.01500,0.00000,26.00,0.00,0.00,0.0000,0.1829,0.2457,0.0000,0,0
2026-08-25 17:27:36.674434,861,franka,0.45774,0.04605,0.33822,-0.00000,-0.00000,0.01500,0.00000,26.00,0.00,0.00,0.0000,0.1800,0.2400,0.0000,0,0
2026-08-25 17:27:36.728010,862,franka,0.45775,0.04605,0.33901,-0.00000,-0.00000,0.01500,0.00000,26.00,0.00,0.00,0.0000,0.1771,0.2343,0.0000,0,0
2026-08-25 17:27:36.781861,863,franka,0.45773,0.04604,0.33970,-0.00000,-0.00000,0.01500,0.00000,26.00,0.00,0.00,0.0000,0.1686,0.2257,0.0000,0,0
2026-08-25 17:27:36.835317,864,franka,0.45773,0.04603,0.34047,-0.00000,-0.00000,0.01500,0.00000,26.00,0.00,0.00,0.0000,0.1571,0.2114,0.0000,0,0
2026-08-25 17:27:36.888900,865,franka,0.45774,0.04605,0.34126,-0.00000,-0.00000,0.01081,0.00000,26.00,0.00,0.00,0.0000,0.1429,0.1400,0.0000,0,0
2026-08-25 17:27:36.942383,866,franka,0.45774,0.04603,0.34138,-0.00000,-0.00000,0.00000,0.00000,26.00,0.00,0.00,0.0000,0.0914,0.0857,0.0000,0,0
2026-08-25 17:27:36.995867,867,franka,0.45774,0.04603,0.34137,-0.00000,-0.00000,-0.00000,0.00000,26.00,0.00,0.00,0.0000,0.0000,0.0514,0.0000,0,0
2026-08-25 17:27:37.049462,868,franka,0.45775,0.04603,0.34137,-0.00000,-0.00000,-0.00000,0.00000,26.00,0.00,0.00,0.0000,0.0000,0.0000,0.0000,0,0
2026-08-25 17:27:37.103053,869,franka,0.45775,0.04603,0.34139,-0.00000,-0.00000,-0.00000,0.00000,26.00,0.00,0.00,0.0000,0.0000,0.0000,0.0000,0,0
2026-08-25 17:27:37.156591,870,franka,0.45775,0.04603,0.34138,-0.00000,-0.00000,-0.00000,0.00000,26.00,0.00,0.00,0.0000,0.0000,0.0000,0.0000,0,0
2026-08-25 17:27:37.210242,871,franka,0.45775,0.04603,0.34138,-0.00000,-0.00000,-0.00000,0.00000,26.00,0.00,0.00,0.0000,0.0000,0.0000,0.0000,0,0
2026-08-25 17:27:37.263810,872,franka,0.45775,0.04603,0.34138,-0.00000,-0.00000,-0.00000,0.00000,26.00,0.00,0.00,0.0000,0.0000,0.0000,0.0000,0,0
2026-08-25 17:27:37.317296,873,franka,0.45775,0.04603,0.34138,-0.00000,-0.00000,-0.00000,0.00000,26.00,0.00,0.00,0.0000,0.0000,0.0000,0.0000,0,0
2026-08-25 17:27:37.370762,874,franka,0.45775,0.04603,0.34138,-0.00000,-0.00000,-0.00000,0.00000,26.00,0.00,0.00,0.0000,0.0000,0.0000,0.0000,0,0
2026-08-25 17:27:37.425118,875,franka,0.45775,0.04603,0.34138,-0.00000,-0.00000,-0.00000,0.00000,26.00,0.00,0.00,0.0000,0.0457,0.0000,0.0000,0,0
2026-08-25 17:27:37.479250,876,franka,0.45775,0.04603,0.34138,-0.00000,-0.00000,-0.00000,0.00000,26.00,0.00,0.00,-0.0457,0.0029,0.0000,0.0000,0,0
2026-08-25 17:27:37.533465,877,franka,0.45775,0.04603,0.34138,-0.00000,-0.00000,-0.00000,0.00000,26.00,0.00,0.00,-0.1000,0.0114,0.0000,0.0000,0,0
2026-08-25 17:27:37.587204,878,franka,0.45775,0.04603,0.34138,-0.00000,-0.00000,-0.00000,0.00000,26.00,0.00,0.00,-0.1457,0.0343,0.0000,0.0000,0,0
2026-08-25 17:27:37.640989,879,franka,0.45775,0.04603,0.34138,-0.00000,-0.00000,-0.00000,0.00000,26.00,0.00,0.00,-0.2286,0.0486,0.0000,0.0000,0,0
2026-08-25 17:27:37.694785,880,franka,0.45775,0.04595,0.34139,-0.00000,-0.01002,-0.00000,0.00000,26.00,0.00,0.00,-0.2286,0.0400,0.0000,0.0000,0,0
2026-08-25 17:27:37.748543,881,franka,0.45776,0.04531,0.34139,-0.00000,-0.01500,-0.00000,0.00000,26.00,0.00,0.00,-0.2343,0.0286,0.0000,0.0000,0,0
2026-08-25 17:27:37.801866,882,franka,0.45778,0.04445,0.34142,-0.00000,-0.01500,-0.00000,0.00000,26.00,0.00,0.00,-0.2371,0.0200,0.0000,0.0000,0,0
2026-08-25 17:27:37.855431,883,franka,0.45777,0.04375,0.34141,-0.00000,-0.01500,-0.00000,0.00000,26.00,0.00,0.00,-0.2743,0.0086,0.0000,0.0000,0,0
2026-08-25 17:27:37.909007,884,franka,0.45777,0.04301,0.34141,-0.00000,-0.01500,-0.00000,0.00000,26.00,0.00,0.00,-0.2771,0.0171,0.0000,0.0000,0,0
2026-08-25 17:27:37.962591,885,franka,0.45777,0.04220,0.34141,-0.00000,-0.01500,-0.00000,0.00000,26.00,0.00,0.00,-0.2857,0.0029,0.0000,0.0000,0,0
2026-08-25 17:27:38.016044,886,franka,0.45776,0.04148,0.34140,-0.00000,-0.01500,-0.00000,0.00000,26.00,0.00,0.00,-0.2886,0.0114,0.0000,0.0000,0,0
2026-08-25 17:27:38.070011,887,franka,0.45777,0.04070,0.34141,-0.00000,-0.01500,-0.00000,0.00000,26.00,0.00,0.00,-0.2857,0.0114,0.0000,0.0000,0,0
2026-08-25 17:27:38.123607,888,franka,0.45777,0.03995,0.34141,-0.00000,-0.01500,-0.00000,0.00000,26.00,0.00,0.00,-0.2886,0.0029,0.0000,0.0000,0,0
2026-08-25 17:27:38.177101,889,franka,0.45777,0.03920,0.34141,-0.00000,-0.01500,-0.00000,0.00000,26.00,0.00,0.00,-0.2829,0.0000,0.0000,0.0000,0,0
2026-08-25 17:27:38.230969,890,franka,0.45777,0.03768,0.34141,-0.00000,-0.01500,-0.00000,0.00000,26.00,0.00,0.00,-0.2886,0.0000,0.0000,0.0000,0,0
2026-08-25 17:27:38.284980,891,franka,0.45777,0.03692,0.34142,-0.00000,-0.01500,-0.00000,0.00000,26.00,0.00,0.00,-0.2886,0.0000,0.0000,0.0000,0,0
2026-08-25 17:27:38.338919,892,franka,0.45777,0.03617,0.34142,-0.00000,-0.01500,-0.00000,0.00000,26.00,0.00,0.00,-0.2971,0.0000,0.0000,0.0000,0,0
2026-08-25 17:27:38.392328,893,franka,0.45777,0.03540,0.34141,-0.00000,-0.01500,-0.00000,0.00000,26.00,0.00,0.00,-0.2971,0.0000,0.0000,0.0000,0,0
2026-08-25 17:27:38.446248,894,franka,0.45777,0.03463,0.34142,-0.00000,-0.01500,-0.00000,0.00000,26.00,0.00,0.00,-0.2971,0.0000,0.0000,0.0000,0,0
2026-08-25 17:27:38.499722,895,franka,0.45777,0.03387,0.34141,-0.00000,-0.01500,-0.00000,0.00000,26.00,0.00,0.00,-0.3057,0.0000,0.0000,0.0000,0,0
2026-08-25 17:27:38.553327,896,franka,0.45777,0.03312,0.34141,-0.00000,-0.01500,-0.00000,0.00000,26.00,0.00,0.00,-0.3086,0.0000,0.0000,0.0000,0,0
2026-08-25 17:27:38.607056,897,franka,0.45777,0.03237,0.34141,-0.00000,-0.01500,-0.00000,0.00000,26.00,0.00,0.00,-0.3171,0.0000,0.0000,0.0000,0,0
2026-08-25 17:27:38.660735,898,franka,0.45777,0.03161,0.34141,-0.00000,-0.01500,-0.00000,0.00000,26.00,0.00,0.00,-0.3143,0.0000,0.0000,0.0000,0,0
2026-08-25 17:27:38.714257,899,franka,0.45777,0.03086,0.34141,-0.00000,-0.01500,-0.00000,0.00000,26.00,0.00,0.00,-0.3114,0.0000,0.0000,0.0000,0,0
2026-08-25 17:27:38.768055,900,franka,0.45777,0.03011,0.34141,-0.00000,-0.01500,-0.00000,0.00000,26.00,0.00,0.00,-0.3171,0.0000,0.0000,0.0000,0,0
2026-08-25 17:27:38.821922,901,franka,0.45776,0.02934,0.34141,-0.00000,-0.01500,-0.00000,0.00000,26.00,0.00,0.00,-0.3229,0.0000,0.0000,0.0000,0,0
2026-08-25 17:27:38.875859,902,franka,0.45776,0.02857,0.34141,-0.00000,-0.01500,-0.00000,0.00000,26.00,0.00,0.00,-0.3171,0.0000,0.0000,0.0000,0,0
2026-08-25 17:27:38.929884,903,franka,0.45776,0.02782,0.34141,-0.00000,-0.01500,-0.00000,0.00000,26.00,0.00,0.00,-0.3314,0.0000,0.0000,0.0000,0,0
2026-08-25 17:27:38.983564,904,franka,0.45776,0.02707,0.34141,-0.00000,-0.01500,-0.00000,0.00000,26.00,0.00,0.00,-0.3286,0.0000,0.0000,0.0000,0,0
2026-08-25 17:27:39.037592,905,franka,0.45776,0.02632,0.34141,-0.00000,-0.01500,-0.00000,0.00000,26.00,0.00,0.00,-0.3371,0.0000,0.0000,0.0000,0,0
2026-08-25 17:27:39.091377,906,franka,0.45776,0.02482,0.34141,-0.00000,-0.01500,-0.00000,0.00000,26.00,0.00,0.00,-0.3429,0.0000,0.0000,0.0000,0,0
2026-08-25 17:27:39.144823,907,franka,0.45776,0.02405,0.34140,-0.00000,-0.01500,-0.00000,0.00000,26.00,0.00,0.00,-0.3371,0.0000,0.0000,0.0000,0,0
2026-08-25 17:27:39.198378,908,franka,0.45776,0.02328,0.34141,-0.00000,-0.01500,-0.00000,0.00000,26.00,0.00,0.00,-0.3343,0.0000,-0.0057,0.0000,0,0
2026-08-25 17:27:39.251886,909,franka,0.45776,0.02253,0.34140,-0.00000,-0.01500,-0.00000,0.00000,26.00,0.00,0.00,-0.3343,0.0000,-0.0057,0.0000,0,0
2026-08-25 17:27:39.305355,910,franka,0.45776,0.02178,0.34140,-0.00000,-0.01500,-0.00000,0.00000,26.00,0.00,0.00,-0.3371,0.0000,0.0000,0.0000,0,0
2026-08-25 17:27:39.359052,911,franka,0.45776,0.02103,0.34140,-0.00000,-0.01500,-0.00000,0.00000,26.00,0.00,0.00,-0.3371,0.0000,-0.0029,0.0000,0,0
2026-08-25 17:27:39.412791,912,franka,0.45776,0.02027,0.34140,-0.00000,-0.01500,-0.00000,0.00000,26.00,0.00,0.00,-0.3343,0.0000,0.0000,0.0000,0,0
2026-08-25 17:27:39.466409,913,franka,0.45776,0.01951,0.34140,-0.00000,-0.01500,-0.00000,0.00000,26.00,0.00,0.00,-0.3314,0.0000,0.0000,0.0000,0,0
2026-08-25 17:27:39.520356,914,franka,0.45776,0.01874,0.34140,-0.00000,-0.01500,-0.00000,0.00000,26.00,0.00,0.00,-0.3257,0.0000,-0.0029,0.0000,0,0
2026-08-25 17:27:39.573968,915,franka,0.45776,0.01799,0.34140,-0.00000,-0.01500,-0.00000,0.00000,26.00,0.00,0.00,-0.3257,0.0000,-0.0057,0.0000,0,0
2026-08-25 17:27:39.627703,916,franka,0.45776,0.01724,0.34140,-0.00000,-0.01500,-0.00000,0.00000,26.00,0.00,0.00,-0.3257,0.0000,-0.0029,0.0000,0,0
2026-08-25 17:27:39.681069,917,franka,0.45776,0.01647,0.34140,-0.00000,-0.01500,-0.00000,0.00000,26.00,0.00,0.00,-0.3314,0.0000,-0.0029,0.0000,0,0
2026-08-25 17:27:39.734696,918,franka,0.45776,0.01571,0.34140,-0.00000,-0.01500,-0.00000,0.00000,26.00,0.00,0.00,-0.3400,0.0000,0.0000,0.0000,0,0
2026-08-25 17:27:39.787960,919,franka,0.45776,0.01496,0.34140,-0.00000,-0.01500,-0.00000,0.00000,26.00,0.00,0.00,-0.3457,0.0000,0.0000,0.0000,0,0
2026-08-25 17:27:39.841348,920,franka,0.45776,0.01420,0.34139,-0.00000,-0.01500,-0.00000,0.00000,26.00,0.00,0.00,-0.3400,0.0000,-0.0029,0.0000,0,0
2026-08-25 17:27:39.896032,921,franka,0.45776,0.01343,0.34140,-0.00000,-0.01500,-0.00000,0.00000,26.00,0.00,0.00,-0.3457,0.0000,0.0000,0.0000,0,0
2026-08-25 17:27:39.945465,922,franka,0.45776,0.01269,0.34140,-0.00000,-0.01500,-0.00000,0.00000,26.00,0.00,0.00,-0.3400,0.0000,-0.0057,0.0000,0,0
2026-08-25 17:27:39.999059,923,franka,0.45776,0.01116,0.34140,-0.00000,-0.01500,-0.00000,0.00000,26.00,0.00,0.00,-0.3429,0.0000,-0.0029,0.0000,0,0
2026-08-25 17:27:40.052596,924,franka,0.45776,0.01040,0.34140,-0.00000,-0.01500,-0.00000,0.00000,26.00,0.00,0.00,-0.3457,0.0000,-0.0057,0.0000,0,0
2026-08-25 17:27:40.106125,925,franka,0.45776,0.00965,0.34140,-0.00000,-0.01500,-0.00000,0.00000,26.00,0.00,0.00,-0.3514,0.0000,-0.0029,0.0000,0,0
2026-08-25 17:27:40.159647,926,franka,0.45776,0.00889,0.34140,-0.00000,-0.01500,-0.00000,0.00000,26.00,0.00,0.00,-0.3514,0.0000,0.0000,0.0000,0,0
2026-08-25 17:27:40.213463,927,franka,0.45776,0.00813,0.34140,-0.00000,-0.01500,-0.00000,0.00000,26.00,0.00,0.00,-0.3486,0.0000,-0.0086,0.0000,0,0
2026-08-25 17:27:40.266899,928,franka,0.45776,0.00737,0.34140,-0.00000,-0.01500,-0.00000,0.00000,26.00,0.00,0.00,-0.3543,0.0000,-0.0057,0.0000,0,0
2026-08-25 17:27:40.320311,929,franka,0.45776,0.00661,0.34140,-0.00000,-0.01500,-0.00000,0.00000,26.00,0.00,0.00,-0.3543,0.0000,-0.0114,0.0000,0,0
2026-08-25 17:27:40.374219,930,franka,0.45776,0.00584,0.34140,-0.00000,-0.01500,-0.00000,0.00000,26.00,0.00,0.00,-0.3571,0.0000,-0.0086,0.0000,0,0
2026-08-25 17:27:40.427639,931,franka,0.45776,0.00507,0.34140,-0.00000,-0.01500,-0.00000,0.00000,26.00,0.00,0.00,-0.3629,0.0000,-0.0114,0.0000,0,0
2026-08-25 17:27:40.481099,932,franka,0.45775,0.00432,0.34140,-0.00000,-0.01500,-0.00000,0.00000,26.00,0.00,0.00,-0.3657,0.0000,-0.0143,0.0000,0,0
2026-08-25 17:27:40.535877,933,franka,0.45775,0.00357,0.34140,-0.00000,-0.01500,-0.00000,0.00000,26.00,0.00,0.00,-0.3657,0.0000,-0.0114,0.0000,0,0
2026-08-25 17:27:40.589692,934,franka,0.45775,0.00281,0.34139,-0.00000,-0.01500,-0.00000,0.00000,26.00,0.00,0.00,-0.3629,0.0000,-0.0114,0.0000,0,0
2026-08-25 17:27:40.643503,935,franka,0.45775,0.00206,0.34139,-0.00000,-0.01500,-0.00000,0.00000,26.00,0.00,0.00,-0.3600,0.0000,-0.0114,0.0000,0,0
2026-08-25 17:27:40.697072,936,franka,0.45775,0.00130,0.34139,-0.00000,-0.01500,-0.00000,0.00000,26.00,0.00,0.00,-0.3543,0.0000,-0.0171,0.0000,0,0
2026-08-25 17:27:40.756523,937,franka,0.45775,0.00055,0.34139,-0.00000,-0.01500,-0.00000,0.00000,26.00,0.00,0.00,-0.3543,0.0000,-0.0171,0.0000,0,0
2026-08-25 17:27:40.805207,938,franka,0.45775,-0.00020,0.34139,-0.00000,-0.01500,-0.00000,0.00000,26.00,0.00,0.00,-0.3543,0.0000,-0.0171,0.0000,0,0
2026-08-25 17:27:40.859012,939,franka,0.45775,-0.00173,0.34139,-0.00000,-0.01500,-0.00000,0.00000,26.00,0.00,0.00,-0.3571,0.0000,-0.0114,0.0000,0,0
2026-08-25 17:27:40.912791,940,franka,0.45775,-0.00248,0.34140,-0.00000,-0.01500,-0.00000,0.00000,26.00,0.00,0.00,-0.3600,0.0000,-0.0143,0.0000,0,0
2026-08-25 17:27:40.966409,941,franka,0.45775,-0.00322,0.34140,-0.00000,-0.01500,-0.00000,0.00000,26.00,0.00,0.00,-0.3686,0.0000,-0.0114,0.0000,0,0
2026-08-25 17:27:41.020012,942,franka,0.45775,-0.00397,0.34140,-0.00000,-0.01500,-0.00000,0.00000,26.00,0.00,0.00,-0.3657,0.0000,-0.0171,0.0000,0,0
2026-08-25 17:27:41.073588,943,franka,0.45775,-0.00472,0.34140,-0.00000,-0.01500,-0.00000,0.00000,26.00,0.00,0.00,-0.3686,0.0000,-0.0143,0.0000,0,0
2026-08-25 17:27:41.127086,944,franka,0.45775,-0.00548,0.34140,-0.00000,-0.01500,-0.00000,0.00000,26.00,0.00,0.00,-0.3657,0.0000,-0.0114,0.0000,0,0
2026-08-25 17:27:41.180614,945,franka,0.45774,-0.00625,0.34140,-0.00000,-0.01500,-0.00000,0.00000,26.00,0.00,0.00,-0.3686,0.0000,-0.0143,0.0000,0,0
2026-08-25 17:27:41.233886,946,franka,0.45774,-0.00702,0.34140,-0.00000,-0.01500,-0.00000,0.00000,26.00,0.00,0.00,-0.3829,0.0000,-0.0057,0.0000,0,0
2026-08-25 17:27:41.287245,947,franka,0.45773,-0.00777,0.34140,-0.00000,-0.01500,-0.00000,0.00000,26.00,0.00,0.00,-0.3829,0.0000,-0.0057,0.0000,0,0
2026-08-25 17:27:41.341141,948,franka,0.45773,-0.00852,0.34140,-0.00000,-0.01500,-0.00000,0.00000,26.00,0.00,0.00,-0.3800,0.0000,-0.0057,0.0000,0,0
2026-08-25 17:27:41.395617,949,franka,0.45773,-0.00928,0.34140,-0.00000,-0.01500,-0.00000,0.00000,26.00,0.00,0.00,-0.3771,0.0000,-0.0086,0.0000,0,0
2026-08-25 17:27:41.449275,950,franka,0.45772,-0.01004,0.34140,-0.00000,-0.01500,-0.00000,0.00000,26.00,0.00,0.00,-0.3743,0.0000,-0.0114,0.0000,0,0
2026-08-25 17:27:41.503125,951,franka,0.45772,-0.01080,0.34139,-0.00000,-0.01500,-0.00000,0.00000,26.00,0.00,0.00,-0.3743,0.0000,-0.0171,0.0000,0,0
2026-08-25 17:27:41.556753,952,franka,0.45772,-0.01156,0.34138,-0.00000,-0.01500,-0.00000,0.00000,26.00,0.00,0.00,-0.3714,0.0000,-0.0086,0.0000,0,0
2026-08-25 17:27:41.610324,953,franka,0.45772,-0.01231,0.34139,-0.00000,-0.01500,-0.00000,0.00000,26.00,0.00,0.00,-0.3714,0.0000,-0.0029,0.0000,0,0
2026-08-25 17:27:41.664354,954,franka,0.45772,-0.01383,0.34139,-0.00000,-0.01500,-0.00000,0.00000,26.00,0.00,0.00,-0.3829,0.0000,-0.0029,0.0000,0,0
2026-08-25 17:27:41.718369,955,franka,0.45772,-0.01459,0.34139,-0.00000,-0.01500,-0.00000,0.00000,26.00,0.00,0.00,-0.3771,0.0000,-0.0029,0.0000,0,0
2026-08-25 17:27:41.772632,956,franka,0.45772,-0.01536,0.34140,-0.00000,-0.01500,-0.00000,0.00000,26.00,0.00,0.00,-0.3743,0.0000,-0.0171,0.0000,0,0
2026-08-25 17:27:41.826486,957,franka,0.45772,-0.01610,0.34139,-0.00000,-0.01500,-0.00000,0.00000,26.00,0.00,0.00,-0.3771,0.0000,-0.0171,0.0000,0,0
2026-08-25 17:27:41.880108,958,franka,0.45772,-0.01685,0.34140,-0.00000,-0.01500,-0.00000,0.00000,26.00,0.00,0.00,-0.3771,0.0000,-0.0200,0.0000,0,0
2026-08-25 17:27:41.933707,959,franka,0.45772,-0.01762,0.34140,-0.00000,-0.01500,-0.00000,0.00000,26.00,0.00,0.00,-0.3800,0.0000,-0.0171,0.0000,0,0
2026-08-25 17:27:41.987286,960,franka,0.45772,-0.01839,0.34140,-0.00000,-0.01500,-0.00000,0.00000,26.00,0.00,0.00,-0.3829,0.0000,-0.0171,0.0000,0,0
2026-08-25 17:27:42.040997,961,franka,0.45772,-0.01915,0.34140,-0.00000,-0.01500,-0.00000,0.00000,26.00,0.00,0.00,-0.3800,0.0000,-0.0200,0.0000,0,0
2026-08-25 17:27:42.094695,962,franka,0.45772,-0.01991,0.34140,-0.00000,-0.01500,-0.00000,0.00000,26.00,0.00,0.00,-0.3857,0.0000,-0.0229,0.0000,0,0
2026-08-25 17:27:42.148400,963,franka,0.45772,-0.02067,0.34140,-0.00000,-0.01500,-0.00000,0.00000,26.00,0.00,0.00,-0.3971,0.0000,-0.0143,0.0000,0,0
2026-08-25 17:27:42.202232,964,franka,0.45772,-0.02141,0.34139,-0.00000,-0.01500,-0.00000,0.00000,26.00,0.00,0.00,-0.3971,0.0000,-0.0200,0.0000,0,0
2026-08-25 17:27:42.256097,965,franka,0.45772,-0.02218,0.34140,-0.00000,-0.01500,-0.00000,0.00000,26.00,0.00,0.00,-0.3971,0.0000,-0.0314,0.0000,0,0
2026-08-25 17:27:42.309943,966,franka,0.45772,-0.02294,0.34140,-0.00000,-0.01500,-0.00000,0.00000,26.00,0.00,0.00,-0.3829,0.0000,-0.0457,0.0000,0,0
2026-08-25 17:27:42.364523,967,franka,0.45772,-0.02369,0.34140,-0.00000,-0.01500,-0.00000,0.00000,26.00,0.00,0.00,-0.3857,0.0000,-0.0286,0.0000,0,0
2026-08-25 17:27:42.417948,968,franka,0.45772,-0.02444,0.34139,-0.00000,-0.01500,-0.00000,0.00000,26.00,0.00,0.00,-0.3886,0.0000,-0.0429,0.0000,0,0
2026-08-25 17:27:42.471409,969,franka,0.45772,-0.02521,0.34140,-0.00000,-0.01500,-0.00000,0.00000,26.00,0.00,0.00,-0.4029,0.0000,-0.0486,0.0000,0,0
2026-08-25 17:27:42.524829,970,franka,0.45772,-0.02671,0.34140,-0.00000,-0.01500,-0.00000,0.00000,26.00,0.00,0.00,-0.3914,0.0000,-0.0486,0.0000,0,0
2026-08-25 17:27:42.578131,971,franka,0.45772,-0.02746,0.34140,-0.00000,-0.01500,-0.00000,0.00000,26.00,0.00,0.00,-0.3514,0.0000,-0.0343,0.0000,0,0
2026-08-25 17:27:42.632052,972,franka,0.45772,-0.02822,0.34140,-0.00000,-0.01500,-0.00000,0.00000,26.00,0.00,0.00,-0.2571,0.0000,-0.0171,0.0000,0,0
2026-08-25 17:27:42.685474,973,franka,0.45772,-0.02897,0.34140,-0.00000,-0.01500,-0.00000,0.00000,26.00,0.00,0.00,-0.2457,0.0000,-0.0429,0.0000,0,0
2026-08-25 17:27:42.738913,974,franka,0.45772,-0.02972,0.34140,-0.00000,-0.01500,-0.00000,0.00000,26.00,0.00,0.00,-0.2829,0.0000,-0.0486,0.0000,0,0
2026-08-25 17:27:42.792344,975,franka,0.45772,-0.03049,0.34140,-0.00000,-0.01500,-0.00000,0.00000,26.00,0.00,0.00,-0.3371,0.0000,-0.0286,0.0000,0,0
2026-08-25 17:27:42.845619,976,franka,0.45772,-0.03125,0.34140,-0.00000,-0.01500,-0.00000,0.00000,26.00,0.00,0.00,-0.3571,0.0000,-0.0143,0.0000,0,0
2026-08-25 17:27:42.899147,977,franka,0.45772,-0.03200,0.34140,-0.00000,-0.01500,-0.00000,0.00000,26.00,0.00,0.00,-0.3886,0.0000,-0.0171,0.0000,0,0
2026-08-25 17:27:42.952743,978,franka,0.45772,-0.03275,0.34140,-0.00000,-0.01500,-0.00000,0.00000,26.00,0.00,0.00,-0.3600,0.0000,-0.0629,0.0000,0,0
2026-08-25 17:27:43.006102,979,franka,0.45772,-0.03350,0.34140,-0.00000,-0.01500,-0.00000,0.00000,26.00,0.00,0.00,-0.3429,0.0000,-0.0371,0.0000,0,0
2026-08-25 17:27:43.060090,980,franka,0.45772,-0.03424,0.34141,-0.00000,-0.01500,-0.00000,0.00000,26.00,0.00,0.00,-0.2743,0.0000,-0.0200,0.0000,0,0
2026-08-25 17:27:43.114325,981,franka,0.45772,-0.03501,0.34141,-0.00000,-0.01500,-0.00000,0.00000,26.00,0.00,0.00,-0.1857,0.0000,-0.0086,0.0000,0,0
2026-08-25 17:27:43.167818,982,franka,0.45772,-0.03576,0.34141,-0.00000,-0.01494,-0.00000,0.00000,26.00,0.00,0.00,-0.1571,0.0000,0.0000,0.0000,0,0
2026-08-25 17:27:43.221821,983,franka,0.45772,-0.03605,0.34141,-0.00000,-0.00000,-0.00000,0.00000,26.00,0.00,0.00,-0.1686,0.0000,0.0000,0.0000,0,0
2026-08-25 17:27:43.275290,984,franka,0.45773,-0.03597,0.34140,-0.00000,0.00000,-0.00000,0.00000,26.00,0.00,0.00,-0.1629,0.0000,0.0000,0.0000,0,0
2026-08-25 17:27:43.328928,985,franka,0.45773,-0.03598,0.34141,-0.00000,0.00000,-0.00000,0.00000,26.00,0.00,0.00,-0.1057,0.0000,0.0000,0.0000,0,0
2026-08-25 17:27:43.382464,986,franka,0.45773,-0.03598,0.34141,-0.00000,0.00000,-0.00000,0.00000,26.00,0.00,0.00,0.0000,0.0029,0.0000,0.0000,0,0
2026-08-25 17:27:43.436218,987,franka,0.45773,-0.03600,0.34141,-0.00000,0.00000,-0.00000,0.00000,26.00,0.00,0.00,0.0000,0.0400,0.0000,0.0000,0,0
2026-08-25 17:27:43.489648,988,franka,0.45773,-0.03600,0.34141,-0.00000,0.00000,-0.00000,0.00000,26.00,0.00,0.00,0.0000,0.0000,0.0000,0.0000,0,0
2026-08-25 17:27:43.543328,989,franka,0.45773,-0.03600,0.34141,-0.00000,0.00000,-0.00000,0.00000,26.00,0.00,0.00,0.0000,0.0000,0.0000,0.0000,0,0
2026-08-25 17:27:43.596880,990,franka,0.45773,-0.03600,0.34141,-0.00000,0.00000,-0.00000,0.00000,26.00,0.00,0.00,0.0000,0.0000,0.0000,0.0000,0,0
2026-08-25 17:27:43.650317,991,franka,0.45773,-0.03600,0.34141,-0.00000,0.00000,-0.00000,0.00000,26.00,0.00,0.00,0.0000,0.0000,0.0000,0.0000,0,0
2026-08-25 17:27:43.703789,992,franka,0.45773,-0.03600,0.34141,-0.00000,0.00000,-0.00000,0.00000,26.00,0.00,0.00,0.0000,0.0000,0.0000,0.0000,0,0
2026-08-25 17:27:43.757561,993,franka,0.45773,-0.03600,0.34141,-0.00000,0.00000,-0.00000,0.00000,26.00,0.00,0.00,0.0000,0.0000,0.0000,0.0000,0,0
2026-08-25 17:27:43.811729,994,franka,0.45773,-0.03600,0.34141,-0.00000,0.00000,-0.00000,0.00000,26.00,0.00,0.00,0.0000,0.0257,0.0000,0.0000,0,0
2026-08-25 17:27:43.865421,995,franka,0.45773,-0.03600,0.34141,-0.00000,0.00000,-0.00000,0.00000,26.00,0.00,0.00,0.0000,0.1000,0.0000,0.0457,0,0
2026-08-25 17:27:43.919085,996,franka,0.45773,-0.03600,0.34141,-0.00000,0.00000,-0.00000,0.00000,26.00,0.00,0.00,0.0000,0.1029,0.0000,0.0657,0,0
2026-08-25 17:27:43.972580,997,franka,0.45773,-0.03600,0.34141,-0.00000,0.00000,-0.00000,0.00000,26.00,0.00,0.00,0.0000,0.0971,0.0000,0.0686,0,0
2026-08-25 17:27:44.026497,998,franka,0.45773,-0.03599,0.34141,-0.00000,0.00000,-0.00000,0.00000,26.00,0.00,0.00,0.0000,0.0229,0.0000,0.0286,0,0
2026-08-25 17:27:44.080076,999,franka,0.45773,-0.03600,0.34141,-0.00000,0.00000,-0.00000,0.00000,26.00,0.00,0.00,0.0000,0.0000,0.0000,0.0029,0,0
2026-08-25 17:27:44.133711,1000,franka,0.45773,-0.03600,0.34141,-0.00000,0.00000,-0.00000,0.00000,26.00,0.00,0.00,0.0000,0.0000,0.0000,0.0000,0,0
2026-08-25 17:27:44.184184,1001,franka,0.45773,-0.03600,0.34141,-0.00000,0.00000,-0.00000,0.00000,26.00,0.00,0.00,0.0000,0.0000,0.0000,0.0000,1,0
2026-08-25 17:27:44.238839,1002,flowbot,0.45773,-0.03600,0.34141,-0.00000,0.00000,-0.00000,0.00000,26.00,0.00,0.00,0.0000,0.0000,0.0000,0.0000,1,0
2026-08-25 17:27:44.294306,1003,flowbot,0.45773,-0.03600,0.34141,-0.00000,0.00000,-0.00000,0.00000,26.00,0.00,0.00,0.0000,0.0000,0.0000,0.0000,1,0
2026-08-25 17:27:44.344653,1004,flowbot,0.45773,-0.03600,0.34141,-0.00000,0.00000,-0.00000,0.00000,26.00,0.00,0.00,0.0000,0.0000,0.0000,0.0000,1,0
2026-08-25 17:27:44.397333,1005,flowbot,0.45773,-0.03600,0.34141,-0.00000,0.00000,-0.00000,0.00000,26.00,0.00,0.00,0.0000,0.0000,0.0000,0.0000,1,0
2026-08-25 17:27:44.446299,1006,flowbot,0.45773,-0.03600,0.34141,-0.00000,0.00000,-0.00000,0.00000,26.00,0.00,0.00,0.0000,0.0000,0.0000,0.0000,1,0
2026-08-25 17:27:44.501815,1007,flowbot,0.45773,-0.03600,0.34141,-0.00000,0.00000,-0.00000,0.00000,26.00,0.00,0.00,0.0000,0.0000,0.0000,0.0000,1,0
2026-08-25 17:27:44.556018,1008,flowbot,0.45773,-0.03600,0.34141,-0.00000,0.00000,-0.00000,0.00000,26.00,0.00,0.00,0.0000,0.0000,0.0000,0.0000,1,0
2026-08-25 17:27:44.606194,1009,flowbot,0.45773,-0.03600,0.34141,-0.00000,0.00000,-0.00000,0.00000,26.00,0.00,0.00,0.0000,0.0000,0.0000,0.0000,1,0
2026-08-25 17:27:44.667743,1010,flowbot,0.45773,-0.03600,0.34141,-0.00000,0.00000,-0.00000,0.00000,26.00,0.00,0.00,0.0000,0.0000,0.0000,0.0000,0,0
2026-08-25 17:27:44.712050,1011,flowbot,0.45773,-0.03600,0.34141,-0.00000,0.00000,-0.00000,0.00000,26.00,0.00,0.00,0.0000,0.0000,0.0000,0.0000,0,0
2026-08-25 17:27:44.765685,1012,flowbot,0.45773,-0.03600,0.34141,-0.00000,0.00000,-0.00000,0.00000,26.00,0.00,0.00,0.0000,0.0000,0.0000,0.0000,0,0
2026-08-25 17:27:44.820711,1013,flowbot,0.45773,-0.03600,0.34141,-0.00000,0.00000,-0.00000,0.00000,26.00,0.00,0.00,0.0000,0.0000,0.0000,0.0000,0,0
2026-08-25 17:27:44.876972,1014,flowbot,0.45773,-0.03600,0.34141,-0.00000,0.00000,-0.00000,0.00000,26.00,0.00,0.00,0.0000,0.0000,0.0000,0.0000,0,0
2026-08-25 17:27:44.932584,1015,flowbot,0.45773,-0.03600,0.34141,-0.00000,0.00000,-0.00000,0.00000,26.00,0.00,0.00,0.0000,0.0000,0.0000,0.0000,0,0
2026-08-25 17:27:44.984311,1016,flowbot,0.45773,-0.03600,0.34141,-0.00000,0.00000,-0.00000,0.00000,26.00,0.00,0.00,0.0000,0.0000,0.0000,0.0000,0,0
2026-08-25 17:27:45.035585,1017,flowbot,0.45773,-0.03600,0.34141,-0.00000,0.00000,-0.00000,0.00000,26.00,0.00,0.00,0.0000,0.0000,0.0000,0.0000,0,0
2026-08-25 17:27:45.091624,1018,flowbot,0.45773,-0.03600,0.34141,-0.00000,0.00000,-0.00000,0.00000,26.00,0.00,0.00,0.0000,0.0000,0.0000,0.0000,0,0
2026-08-25 17:27:45.140267,1019,flowbot,0.45773,-0.03600,0.34141,-0.00000,0.00000,-0.00000,0.00000,26.00,0.00,0.00,0.0000,0.0000,0.0000,0.0000,0,0
2026-08-25 17:27:45.193379,1020,flowbot,0.45773,-0.03600,0.34141,-0.00000,0.00000,-0.00000,0.00000,26.00,0.00,0.00,0.0000,0.0000,0.0000,0.0000,0,0
2026-08-25 17:27:45.242485,1021,flowbot,0.45773,-0.03600,0.34141,-0.00000,0.00000,-0.00000,0.00000,26.00,0.00,0.00,0.0000,0.0000,0.0000,0.0000,0,0
2026-08-25 17:27:45.299368,1022,flowbot,0.45773,-0.03600,0.34141,-0.00000,0.00000,-0.00000,0.00000,26.00,0.00,0.00,0.0000,0.0000,0.0000,0.0000,0,0
2026-08-25 17:27:45.350792,1023,flowbot,0.45773,-0.03600,0.34141,-0.00000,0.00000,-0.00000,0.00000,26.00,0.00,0.00,0.0000,0.0000,0.0000,0.0000,0,0
2026-08-25 17:27:45.406283,1024,flowbot,0.45773,-0.03600,0.34141,-0.00000,0.00000,-0.00000,0.00000,26.00,0.00,0.00,0.0000,0.0000,0.0000,0.0000,0,0
2026-08-25 17:27:45.460712,1025,flowbot,0.45773,-0.03600,0.34141,-0.00000,0.00000,-0.00000,0.00000,26.00,0.00,0.00,0.0000,0.0000,0.0000,0.0000,0,0
2026-08-25 17:27:45.511480,1026,flowbot,0.45773,-0.03600,0.34141,-0.00000,0.00000,-0.00000,0.00000,26.00,0.00,0.00,0.0000,0.0000,0.0000,0.0000,0,0
2026-08-25 17:27:45.564991,1027,flowbot,0.45773,-0.03600,0.34141,-0.00000,0.00000,-0.00000,0.00000,26.00,0.00,0.00,0.0000,0.0000,0.0000,0.0000,0,0
2026-08-25 17:27:45.623812,1028,flowbot,0.45773,-0.03600,0.34141,-0.00000,0.00000,-0.00000,0.00000,26.00,0.00,0.00,0.0000,0.0000,0.0000,0.0000,0,0
2026-08-25 17:27:45.670040,1029,flowbot,0.45773,-0.03600,0.34141,-0.00000,0.00000,-0.00000,0.00000,26.00,0.00,0.00,0.0000,0.0000,0.0000,0.0000,0,0
2026-08-25 17:27:45.726703,1030,flowbot,0.45773,-0.03600,0.34141,-0.00000,0.00000,-0.00000,0.00000,26.00,0.00,0.00,0.0000,0.0000,0.0000,0.0000,0,0
2026-08-25 17:27:45.780338,1031,flowbot,0.45773,-0.03600,0.34141,-0.00000,0.00000,-0.00000,0.00000,26.00,0.00,0.00,0.0000,0.0000,0.0000,0.0000,0,0
2026-08-25 17:27:45.833283,1032,flowbot,0.45773,-0.03600,0.34141,-0.00000,0.00000,-0.00000,0.00000,26.00,0.00,0.00,0.0000,0.0000,0.0000,0.0000,0,0
2026-08-25 17:27:45.886569,1033,flowbot,0.45773,-0.03600,0.34141,-0.00000,0.00000,-0.00000,0.00000,26.00,0.00,0.00,0.0000,0.0000,0.0000,0.0000,0,0
2026-08-25 17:27:45.941640,1034,flowbot,0.45773,-0.03600,0.34141,-0.00000,0.00000,-0.00000,0.00000,26.00,0.00,0.00,0.0000,0.0000,0.0000,0.0000,0,0
2026-08-25 17:27:45.996992,1035,flowbot,0.45773,-0.03600,0.34141,-0.00000,0.00000,-0.00000,0.00000,26.00,0.00,0.00,0.0000,0.0000,0.0000,0.0000,0,0
2026-08-25 17:27:46.050827,1036,flowbot,0.45773,-0.03600,0.34141,-0.00000,0.00000,-0.00000,0.00000,26.00,0.00,0.00,0.0000,0.0000,0.0000,0.0000,0,0
2026-08-25 17:27:46.101780,1037,flowbot,0.45773,-0.03600,0.34141,-0.00000,0.00000,-0.00000,0.00000,26.00,0.00,0.00,0.0000,0.0000,0.0000,0.0000,0,0
2026-08-25 17:27:46.157221,1038,flowbot,0.45773,-0.03600,0.34141,-0.00000,0.00000,-0.00000,0.00000,26.00,0.00,0.00,0.0000,0.0000,0.0000,0.0000,0,0
2026-08-25 17:27:46.208924,1039,flowbot,0.45773,-0.03600,0.34141,-0.00000,0.00000,-0.00000,0.00000,26.00,0.00,0.00,0.0000,0.0000,0.0000,0.0000,0,0
2026-08-25 17:27:46.260418,1040,flowbot,0.45773,-0.03600,0.34141,-0.00000,0.00000,-0.00000,0.00000,26.00,0.00,0.00,0.0000,0.0000,0.0000,0.0000,0,0
2026-08-25 17:27:46.311418,1041,flowbot,0.45773,-0.03600,0.34141,-0.00000,0.00000,-0.00000,0.00000,26.00,0.00,0.00,0.0000,0.0000,0.0000,0.0000,0,0
2026-08-25 17:27:46.363828,1042,flowbot,0.45773,-0.03600,0.34141,-0.00000,0.00000,-0.00000,0.00000,26.00,0.00,0.00,0.0000,0.0000,0.0000,0.0000,0,0
2026-08-25 17:27:46.418657,1043,flowbot,0.45773,-0.03600,0.34141,-0.00000,0.00000,-0.00000,0.00000,26.00,0.00,0.00,0.0000,0.0000,0.0000,0.0000,0,0
2026-08-25 17:27:46.473482,1044,flowbot,0.45773,-0.03600,0.34141,-0.00000,0.00000,-0.00000,0.00000,26.00,0.00,0.00,0.0000,0.0000,0.0000,0.0000,0,0
2026-08-25 17:27:46.524705,1045,flowbot,0.45773,-0.03600,0.34141,-0.00000,0.00000,-0.00000,0.00000,26.00,0.00,0.00,0.0000,0.0000,0.0000,0.0000,0,0
2026-08-25 17:27:46.577151,1046,flowbot,0.45773,-0.03600,0.34141,-0.00000,0.00000,-0.00000,0.00000,26.00,0.00,0.00,0.0000,0.0000,0.0000,0.0000,0,0
2026-08-25 17:27:46.629321,1047,flowbot,0.45773,-0.03600,0.34141,-0.00000,0.00000,-0.00000,0.00000,26.00,0.00,0.00,0.0000,0.0000,0.0000,0.0000,0,0
2026-08-25 17:27:46.683674,1048,flowbot,0.45773,-0.03600,0.34141,-0.00000,0.00000,-0.00000,0.00000,26.00,0.00,0.00,0.0000,0.0000,0.0000,0.0000,0,0
2026-08-25 17:27:46.744858,1049,flowbot,0.45773,-0.03600,0.34141,-0.00000,0.00000,-0.00000,0.00000,26.00,0.00,0.00,0.0000,0.0000,0.0000,0.0000,0,0
2026-08-25 17:27:46.800774,1050,flowbot,0.45773,-0.03600,0.34141,-0.00000,0.00000,-0.00000,0.00000,26.00,0.00,0.00,0.0000,0.0000,0.0000,0.0000,0,0
2026-08-25 17:27:46.852978,1051,flowbot,0.45773,-0.03600,0.34141,-0.00000,0.00000,-0.00000,0.00000,26.00,0.00,0.00,0.0000,0.0000,0.0000,0.0000,0,0
2026-08-25 17:27:46.900864,1052,flowbot,0.45773,-0.03600,0.34141,-0.00000,0.00000,-0.00000,0.00000,26.00,0.00,0.00,0.0000,0.0000,0.0000,0.0000,0,0
2026-08-25 17:27:46.951901,1053,flowbot,0.45773,-0.03600,0.34141,-0.00000,0.00000,-0.00000,0.00000,20.00,20.00,20.00,0.0000,0.0000,0.0000,0.0000,0,1
2026-08-25 17:27:47.006983,1054,flowbot,0.45773,-0.03600,0.34141,-0.00000,0.00000,-0.00000,0.00000,20.00,20.00,20.00,0.0000,0.0000,0.0000,0.0000,0,1
2026-08-25 17:27:47.062621,1055,flowbot,0.45773,-0.03600,0.34141,-0.00000,0.00000,-0.00000,0.00000,20.00,20.00,20.00,0.0000,0.0000,0.0000,0.0000,0,1
2026-08-25 17:27:47.115809,1056,flowbot,0.45773,-0.03600,0.34141,-0.00000,0.00000,-0.00000,0.00000,20.00,20.00,20.00,0.0000,0.0000,0.0000,0.0000,0,1
2026-08-25 17:27:47.171430,1057,flowbot,0.45773,-0.03600,0.34141,-0.00000,0.00000,-0.00000,0.00000,20.00,20.00,20.00,0.0000,0.0000,0.0000,0.0000,0,1
2026-08-25 17:27:47.221952,1058,flowbot,0.45773,-0.03600,0.34141,-0.00000,0.00000,-0.00000,0.00000,20.00,20.00,20.00,0.0000,0.0000,0.0000,0.0000,0,1
2026-08-25 17:27:47.275446,1059,flowbot,0.45773,-0.03600,0.34141,-0.00000,0.00000,-0.00000,0.00000,20.00,20.00,20.00,0.0000,0.0000,0.0000,0.0000,0,1
2026-08-25 17:27:47.334662,1060,flowbot,0.45773,-0.03600,0.34141,-0.00000,0.00000,-0.00000,0.00000,20.00,20.00,20.00,0.0000,0.0000,0.0000,0.0000,0,0
2026-08-25 17:27:47.377128,1061,flowbot,0.45773,-0.03600,0.34141,-0.00000,0.00000,-0.00000,0.00000,20.00,20.00,20.00,0.0000,0.0000,0.0000,0.0000,0,0
2026-08-25 17:27:47.431886,1062,flowbot,0.45773,-0.03600,0.34141,-0.00000,0.00000,-0.00000,0.00000,20.00,20.00,20.00,0.0000,0.0000,0.0000,0.0000,0,0
2026-08-25 17:27:47.482443,1063,flowbot,0.45773,-0.03600,0.34141,-0.00000,0.00000,-0.00000,0.00000,20.00,20.00,20.00,0.0000,0.0000,0.0000,0.0000,0,0
2026-08-25 17:27:47.532841,1064,flowbot,0.45773,-0.03600,0.34141,-0.00000,0.00000,-0.00000,0.00000,20.00,20.00,20.00,0.0000,0.0000,0.0000,0.0000,0,0
2026-08-25 17:27:47.586980,1065,flowbot,0.45773,-0.03600,0.34141,-0.00000,0.00000,-0.00000,0.00000,20.00,20.00,20.00,0.0000,0.0000,0.0000,0.0000,0,0
2026-08-25 17:27:47.637387,1066,flowbot,0.45773,-0.03600,0.34141,-0.00000,0.00000,-0.00000,0.00000,20.00,20.00,20.00,0.0000,0.0000,0.0000,0.0000,0,0
2026-08-25 17:27:47.692791,1067,flowbot,0.45773,-0.03600,0.34141,-0.00000,0.00000,-0.00000,0.00000,20.00,20.00,20.00,0.0000,0.0000,0.0000,0.0000,0,0
2026-08-25 17:27:47.741823,1068,flowbot,0.45773,-0.03600,0.34141,-0.00000,0.00000,-0.00000,0.00000,20.00,20.00,20.00,0.0000,0.0000,0.0000,0.0000,0,0
2026-08-25 17:27:47.795276,1069,flowbot,0.45773,-0.03600,0.34141,-0.00000,0.00000,-0.00000,0.00000,20.00,20.00,20.00,0.0000,0.0000,0.0000,0.0000,0,0
2026-08-25 17:27:47.853636,1070,flowbot,0.45773,-0.03600,0.34141,-0.00000,0.00000,-0.00000,0.00000,20.00,20.00,20.00,0.0000,0.0000,0.0000,0.0000,0,0
2026-08-25 17:27:47.901832,1071,flowbot,0.45773,-0.03600,0.34141,-0.00000,0.00000,-0.00000,0.00000,20.00,20.00,20.00,0.0000,0.0000,0.0000,0.0000,0,0
2026-08-25 17:27:47.964218,1072,flowbot,0.45773,-0.03600,0.34141,-0.00000,0.00000,-0.00000,0.00000,20.00,20.00,20.00,0.0000,0.0000,0.0000,0.0000,0,0
2026-08-25 17:27:48.008456,1073,flowbot,0.45773,-0.03600,0.34141,-0.00000,0.00000,-0.00000,0.00000,20.00,20.00,20.00,0.0000,0.0000,0.0000,0.0000,0,0
2026-08-25 17:27:48.060782,1074,flowbot,0.45773,-0.03600,0.34141,-0.00000,0.00000,-0.00000,0.00000,20.00,20.00,20.00,0.0000,0.0000,0.0000,0.0000,0,0
2026-08-25 17:27:48.114779,1075,flowbot,0.45773,-0.03600,0.34141,-0.00000,0.00000,-0.00000,0.00000,20.00,20.00,20.00,0.0000,0.0000,0.0000,0.0000,0,0
2026-08-25 17:27:48.170759,1076,flowbot,0.45773,-0.03600,0.34141,-0.00000,0.00000,-0.00000,0.00000,20.00,20.00,20.00,0.0000,0.0000,0.0000,0.0000,0,0
2026-08-25 17:27:48.226758,1077,flowbot,0.45773,-0.03600,0.34141,-0.00000,0.00000,-0.00000,0.00000,20.00,20.00,20.00,0.0000,0.0000,0.0000,0.0000,0,0
2026-08-25 17:27:48.277691,1078,flowbot,0.45773,-0.03600,0.34141,-0.00000,0.00000,-0.00000,0.00000,20.00,20.00,20.00,0.0000,0.0000,0.0000,0.0000,0,0
2026-08-25 17:27:48.328585,1079,flowbot,0.45773,-0.03600,0.34141,-0.00000,0.00000,-0.00000,0.00000,20.00,20.00,20.00,0.0000,0.0000,0.0000,0.0000,0,0
2026-08-25 17:27:48.383974,1080,flowbot,0.45773,-0.03600,0.34141,-0.00000,0.00000,-0.00000,0.00000,20.00,20.00,20.00,0.0000,0.0000,0.0000,0.0000,0,0
2026-08-25 17:27:48.437231,1081,flowbot,0.45773,-0.03600,0.34141,-0.00000,0.00000,-0.00000,0.00000,20.00,20.00,20.00,0.0000,0.0000,0.0000,0.0000,0,0
2026-08-25 17:27:48.487436,1082,flowbot,0.45773,-0.03600,0.34141,-0.00000,0.00000,-0.00000,0.00000,20.00,20.00,20.00,0.0000,0.0000,0.0000,0.0000,0,0
2026-08-25 17:27:48.536799,1083,flowbot,0.45773,-0.03600,0.34141,-0.00000,0.00000,-0.00000,0.00000,20.00,20.00,20.00,0.0000,0.0000,0.0000,0.0000,0,0
2026-08-25 17:27:48.588404,1084,flowbot,0.45773,-0.03600,0.34141,-0.00000,0.00000,-0.00000,0.00000,20.00,20.00,20.00,0.0000,0.0000,0.0000,0.0000,0,0
2026-08-25 17:27:48.643888,1085,flowbot,0.45773,-0.03600,0.34141,-0.00000,0.00000,-0.00000,0.00000,20.00,20.00,20.00,0.0000,0.0000,0.0000,0.0000,0,0
2026-08-25 17:27:48.698449,1086,flowbot,0.45773,-0.03600,0.34141,-0.00000,0.00000,-0.00000,0.00000,20.00,20.00,20.00,0.0000,0.0000,0.0000,0.0000,0,0
2026-08-25 17:27:48.749825,1087,flowbot,0.45773,-0.03600,0.34141,-0.00000,0.00000,-0.00000,0.00000,20.00,20.00,20.00,0.0000,0.0000,0.0000,0.0000,0,0
2026-08-25 17:27:48.803038,1088,flowbot,0.45773,-0.03600,0.34141,-0.00000,0.00000,-0.00000,0.00000,20.00,20.00,20.00,0.0000,0.0000,0.0000,0.0000,0,0
2026-08-25 17:27:48.858862,1089,flowbot,0.45773,-0.03600,0.34141,-0.00000,0.00000,-0.00000,0.00000,20.00,20.00,20.00,0.0000,0.0000,0.0000,0.0000,0,0
2026-08-25 17:27:48.907854,1090,flowbot,0.45773,-0.03600,0.34141,-0.00000,0.00000,-0.00000,0.00000,20.00,20.00,20.00,0.0000,0.0000,0.0000,0.0000,0,0
2026-08-25 17:27:48.958720,1091,flowbot,0.45773,-0.03600,0.34141,-0.00000,0.00000,-0.00000,0.00000,20.00,20.00,20.00,0.0000,0.0000,0.0000,0.0000,0,0
2026-08-25 17:27:49.011931,1092,flowbot,0.45773,-0.03600,0.34141,-0.00000,0.00000,-0.00000,0.00000,20.00,20.00,20.00,0.0000,0.0000,0.0000,0.0000,0,0
2026-08-25 17:27:49.063968,1093,flowbot,0.45773,-0.03600,0.34141,-0.00000,0.00000,-0.00000,0.00000,20.00,20.00,20.00,0.0000,0.0000,0.0000,0.0000,0,0
2026-08-25 17:27:49.113800,1094,flowbot,0.45773,-0.03600,0.34141,-0.00000,0.00000,-0.00000,0.00000,20.00,20.00,20.00,0.0000,0.0000,0.0000,0.0000,0,0
2026-08-25 17:27:49.164574,1095,flowbot,0.45773,-0.03600,0.34141,-0.00000,0.00000,-0.00000,0.00000,20.00,20.00,20.00,0.0000,0.0000,0.0000,0.0000,0,0
2026-08-25 17:27:49.220911,1096,flowbot,0.45773,-0.03600,0.34141,-0.00000,0.00000,-0.00000,0.00000,20.00,20.00,20.00,0.0000,0.0000,0.0000,0.0000,0,0
2026-08-25 17:27:49.276057,1097,flowbot,0.45773,-0.03600,0.34141,-0.00000,0.00000,-0.00000,0.00000,20.00,20.00,20.00,0.0000,0.0000,0.0000,0.0000,0,0
2026-08-25 17:27:49.325472,1098,flowbot,0.45773,-0.03600,0.34141,-0.00000,0.00000,-0.00000,0.00000,20.00,20.00,20.00,0.0000,0.0000,0.0000,0.0000,0,0
2026-08-25 17:27:49.377541,1099,flowbot,0.45773,-0.03600,0.34141,-0.00000,0.00000,-0.00000,0.00000,20.00,20.00,20.00,0.0000,0.0000,0.0000,0.0000,0,0
2026-08-25 17:27:49.430818,1100,flowbot,0.45773,-0.03600,0.34141,-0.00000,0.00000,-0.00000,0.00000,20.00,20.00,20.00,0.0000,0.0000,0.0000,0.0000,0,0
2026-08-25 17:27:49.482633,1101,flowbot,0.45773,-0.03600,0.34141,-0.00000,0.00000,-0.00000,0.00000,20.00,20.00,20.00,0.0000,0.0000,0.0000,0.0000,0,0
2026-08-25 17:27:49.538938,1102,flowbot,0.45773,-0.03600,0.34141,-0.00000,0.00000,-0.00000,0.00000,20.00,20.00,20.00,0.0000,0.0000,0.0000,0.0000,0,0
2026-08-25 17:27:49.588603,1103,flowbot,0.45773,-0.03600,0.34141,-0.00000,0.00000,-0.00000,0.00000,20.00,20.00,20.00,0.0000,0.0000,0.0000,0.0000,0,0
2026-08-25 17:27:49.640341,1104,flowbot,0.45773,-0.03600,0.34141,-0.00000,0.00000,-0.00000,0.00000,20.00,20.00,20.00,0.0000,0.0000,0.0000,0.0000,0,0
2026-08-25 17:27:49.694016,1105,flowbot,0.45773,-0.03600,0.34141,-0.00000,0.00000,-0.00000,0.00000,20.00,20.00,20.00,0.0000,0.0000,0.0000,0.0000,0,0
2026-08-25 17:27:49.746167,1106,flowbot,0.45773,-0.03600,0.34141,-0.00000,0.00000,-0.00000,0.00000,20.00,20.00,20.00,0.0000,0.0000,0.0000,0.0000,0,0
2026-08-25 17:27:49.797710,1107,flowbot,0.45773,-0.03600,0.34141,-0.00000,0.00000,-0.00000,0.00000,20.00,20.00,20.00,0.0000,0.0000,0.0000,0.0000,0,0
2026-08-25 17:27:49.857691,1108,flowbot,0.45773,-0.03600,0.34141,-0.00000,0.00000,-0.00000,0.00000,20.00,20.00,20.00,0.0000,0.0000,0.0000,0.0000,0,0
2026-08-25 17:27:49.903421,1109,flowbot,0.45773,-0.03600,0.34141,-0.00000,0.00000,-0.00000,0.00000,20.00,20.00,20.00,0.0000,0.0000,0.0000,0.0000,0,0
2026-08-25 17:27:49.958110,1110,flowbot,0.45773,-0.03600,0.34141,-0.00000,0.00000,-0.00000,0.00000,20.00,20.00,20.00,0.0000,0.0000,0.0000,0.0000,0,0
2026-08-25 17:27:50.008018,1111,flowbot,0.45773,-0.03600,0.34141,-0.00000,0.00000,-0.00000,0.00000,20.00,20.00,20.00,0.0000,0.0000,0.0000,0.0000,0,0
2026-08-25 17:27:50.063803,1112,flowbot,0.45773,-0.03600,0.34141,-0.00000,0.00000,-0.00000,0.00000,20.00,20.00,20.00,0.0000,0.0000,0.0000,0.0000,0,0
2026-08-25 17:27:50.113253,1113,flowbot,0.45773,-0.03600,0.34141,-0.00000,0.00000,-0.00000,0.00000,20.00,20.00,20.00,0.0000,0.0000,0.0000,0.0000,0,0
2026-08-25 17:27:50.163331,1114,flowbot,0.45773,-0.03600,0.34141,-0.00000,0.00000,-0.00000,0.00000,20.00,20.00,20.00,0.0000,0.0000,0.0000,0.0000,0,0
2026-08-25 17:27:50.212472,1115,flowbot,0.45773,-0.03600,0.34141,-0.00000,0.00000,-0.00000,0.00000,20.00,20.00,20.00,0.0000,0.0000,0.0000,0.0000,0,0
2026-08-25 17:27:50.268328,1116,flowbot,0.45773,-0.03600,0.34141,-0.00000,0.00000,-0.00000,0.00000,20.00,20.00,20.00,0.0000,0.0000,0.0000,0.0000,0,0
2026-08-25 17:27:50.321636,1117,flowbot,0.45773,-0.03600,0.34141,-0.00000,0.00000,-0.00000,0.00000,20.00,20.00,20.00,0.0000,0.0000,0.0000,0.0000,0,0
2026-08-25 17:27:50.376260,1118,flowbot,0.45773,-0.03600,0.34141,-0.00000,0.00000,-0.00000,0.00000,20.00,20.00,20.00,0.0000,0.0000,0.0000,0.0000,0,0
2026-08-25 17:27:50.424032,1119,flowbot,0.45773,-0.03600,0.34141,-0.00000,0.00000,-0.00000,0.00000,20.00,20.00,20.00,0.0000,0.0000,0.0000,0.0000,0,0
2026-08-25 17:27:50.481755,1120,flowbot,0.45773,-0.03600,0.34141,-0.00000,0.00000,-0.00000,0.00000,20.00,20.00,20.00,0.0000,0.0000,0.0000,0.0000,0,0
2026-08-25 17:27:50.534689,1121,flowbot,0.45773,-0.03600,0.34141,-0.00000,0.00000,-0.00000,0.00000,20.00,20.00,20.00,0.0000,0.0000,0.0000,0.0000,0,0
2026-08-25 17:27:50.588642,1122,flowbot,0.45773,-0.03600,0.34141,-0.00000,0.00000,-0.00000,0.00000,20.00,20.00,20.00,0.0000,0.0000,0.0000,0.0000,0,0
2026-08-25 17:27:50.646504,1123,flowbot,0.45773,-0.03600,0.34141,-0.00000,0.00000,-0.00000,0.00000,20.00,20.00,20.00,0.0000,0.0000,0.0000,0.0000,0,0
2026-08-25 17:27:50.691749,1124,flowbot,0.45773,-0.03600,0.34141,-0.00000,0.00000,-0.00000,0.00000,20.00,20.00,20.00,0.0000,0.0000,0.0000,0.0000,0,0
2026-08-25 17:27:50.744411,1125,flowbot,0.45773,-0.03600,0.34141,-0.00000,0.00000,-0.00000,0.00000,20.00,20.00,20.00,0.0000,0.0000,0.0000,0.0000,0,0
2026-08-25 17:27:50.799038,1126,flowbot,0.45773,-0.03600,0.34141,-0.00000,0.00000,-0.00000,0.00000,20.00,20.00,20.00,0.0000,0.0000,0.0000,0.0000,0,0
2026-08-25 17:27:50.856049,1127,flowbot,0.45773,-0.03600,0.34141,-0.00000,0.00000,-0.00000,0.00000,20.00,20.00,20.00,0.0000,0.0000,0.0000,0.0000,0,0
2026-08-25 17:27:50.903390,1128,flowbot,0.45773,-0.03600,0.34141,-0.00000,0.00000,-0.00000,0.00000,20.00,20.00,20.00,0.0000,0.0000,0.0000,0.0000,0,0
2026-08-25 17:27:50.966190,1129,flowbot,0.45773,-0.03600,0.34141,-0.00000,0.00000,-0.00000,0.00000,20.00,20.00,20.00,0.0000,0.0000,0.0000,0.0000,0,0
2026-08-25 17:27:51.018844,1130,flowbot,0.45773,-0.03600,0.34141,-0.00000,0.00000,-0.00000,0.00000,20.00,20.00,20.00,0.0000,0.0000,-0.1029,0.0000,0,0
2026-08-25 17:27:51.073654,1131,flowbot,0.45773,-0.03600,0.34141,-0.00000,0.00000,-0.00000,0.00000,20.00,20.00,20.00,0.0000,0.0000,-0.1029,0.0000,0,0
2026-08-25 17:27:51.128910,1132,flowbot,0.45773,-0.03600,0.34141,-0.00000,0.00000,-0.00000,0.00000,20.00,20.00,20.00,0.0000,0.0000,-0.1029,0.0000,0,0
2026-08-25 17:27:51.184864,1133,flowbot,0.45773,-0.03600,0.34141,-0.00000,0.00000,-0.00000,0.00000,20.00,20.00,20.00,0.0000,0.0000,-0.1029,0.0000,0,0
2026-08-25 17:27:51.238956,1134,flowbot,0.45773,-0.03600,0.34141,-0.00000,0.00000,-0.00000,0.00000,20.00,20.00,20.00,0.0000,0.0000,0.0000,0.0000,0,0
2026-08-25 17:27:51.290852,1135,flowbot,0.45773,-0.03600,0.34141,-0.00000,0.00000,-0.00000,0.00000,20.00,20.00,20.00,0.0000,0.0000,0.0000,0.0000,0,0
2026-08-25 17:27:51.345242,1136,flowbot,0.45773,-0.03600,0.34141,-0.00000,0.00000,-0.00000,0.00000,20.00,20.00,20.00,0.0000,0.0000,0.0000,0.0000,0,0
2026-08-25 17:27:51.399477,1137,flowbot,0.45773,-0.03600,0.34141,-0.00000,0.00000,-0.00000,0.00000,20.00,20.00,20.00,0.0000,0.0000,0.0000,0.0000,0,0
2026-08-25 17:27:51.450849,1138,flowbot,0.45773,-0.03600,0.34141,-0.00000,0.00000,-0.00000,0.00000,20.00,20.00,20.00,0.0000,0.0000,0.0000,0.0000,0,0
2026-08-25 17:27:51.504413,1139,flowbot,0.45773,-0.03600,0.34141,-0.00000,0.00000,-0.00000,0.00000,20.00,20.00,20.00,0.0000,0.0000,0.0000,0.0000,0,0
2026-08-25 17:27:51.559092,1140,flowbot,0.45773,-0.03600,0.34141,-0.00000,0.00000,-0.00000,0.00000,20.00,20.00,20.00,0.0000,0.0000,0.0000,0.0000,0,0
2026-08-25 17:27:51.612618,1141,flowbot,0.45773,-0.03600,0.34141,-0.00000,0.00000,-0.00000,0.00000,20.00,20.00,20.00,0.0000,0.0000,0.0000,0.0000,0,0
2026-08-25 17:27:51.664433,1142,flowbot,0.45773,-0.03600,0.34141,-0.00000,0.00000,-0.00000,0.00000,20.00,20.00,20.00,0.0000,0.0000,0.0000,0.0000,0,0
2026-08-25 17:27:51.719801,1143,flowbot,0.45773,-0.03600,0.34141,-0.00000,0.00000,-0.00000,0.00000,20.00,20.00,20.00,0.0000,0.0000,0.0000,0.0000,0,0
2026-08-25 17:27:51.773354,1144,flowbot,0.45773,-0.03600,0.34141,-0.00000,0.00000,-0.00000,0.00000,20.00,20.00,20.00,0.0000,0.0000,0.0000,0.0000,0,0
2026-08-25 17:27:51.828320,1145,flowbot,0.45773,-0.03600,0.34141,-0.00000,0.00000,-0.00000,0.00000,20.00,20.00,20.00,0.0000,0.0000,0.0000,0.0000,0,0
2026-08-25 17:27:51.882655,1146,flowbot,0.45773,-0.03600,0.34141,-0.00000,0.00000,-0.00000,0.00000,20.00,20.00,20.00,0.0000,0.0000,0.0000,0.0000,0,0
2026-08-25 17:27:51.936705,1147,flowbot,0.45773,-0.03600,0.34141,-0.00000,0.00000,-0.00000,0.00000,20.00,20.00,20.00,0.0000,0.0000,0.0000,0.0000,0,0
2026-08-25 17:27:51.991422,1148,flowbot,0.45773,-0.03600,0.34141,-0.00000,0.00000,-0.00000,0.00000,20.00,20.00,20.00,0.0000,0.0000,0.0000,0.0000,0,0
2026-08-25 17:27:52.038894,1149,flowbot,0.45773,-0.03600,0.34141,-0.00000,0.00000,-0.00000,0.00000,20.00,20.00,20.00,0.0000,0.0000,0.0000,0.0000,0,0
2026-08-25 17:27:52.094082,1150,franka,0.45773,-0.03600,0.34141,-0.00000,0.00000,-0.00000,0.00000,20.00,20.00,20.00,0.0000,0.0000,0.0000,0.0000,1,0
2026-08-25 17:27:52.142992,1151,franka,0.45773,-0.03600,0.34141,-0.00000,0.00000,-0.00000,0.00000,20.00,20.00,20.00,0.0000,0.0000,0.0000,0.0000,0,0
2026-08-25 17:27:52.197070,1152,franka,0.45772,-0.03601,0.34141,0.00000,0.00000,0.00000,0.00000,20.00,20.00,20.00,0.0000,0.0000,0.0000,0.0000,0,0
2026-08-25 17:27:52.247724,1153,franka,0.45772,-0.03600,0.34141,0.00000,0.00000,0.00000,0.00000,20.00,20.00,20.00,0.0000,0.0000,0.0000,0.0000,0,0
2026-08-25 17:27:52.297669,1154,franka,0.45772,-0.03601,0.34141,0.00000,0.00000,0.00000,0.00000,20.00,20.00,20.00,0.0000,0.0000,0.0000,0.0000,0,0
2026-08-25 17:27:52.351427,1155,franka,0.45772,-0.03601,0.34141,0.00000,0.00000,0.00000,0.00000,20.00,20.00,20.00,0.0000,0.0000,0.0000,0.0000,0,0
2026-08-25 17:27:52.405181,1156,franka,0.45772,-0.03601,0.34141,0.00000,0.00000,0.00000,0.00000,20.00,20.00,20.00,0.0000,0.0000,0.0000,0.0000,0,0
2026-08-25 17:27:52.459800,1157,franka,0.45772,-0.03601,0.34141,0.00000,0.00000,0.00000,0.00000,20.00,20.00,20.00,0.0000,-0.0029,0.0000,-0.0171,0,0
2026-08-25 17:27:52.513541,1158,franka,0.45772,-0.03601,0.34141,0.00000,0.00000,0.00000,0.00000,20.00,20.00,20.00,0.0000,0.0000,0.0000,0.0000,0,0
2026-08-25 17:27:52.567192,1159,franka,0.45772,-0.03601,0.34141,0.00000,0.00000,0.00000,0.00000,20.00,20.00,20.00,0.0000,0.0000,0.0000,0.0000,0,0
2026-08-25 17:27:52.620769,1160,franka,0.45772,-0.03601,0.34141,0.00000,0.00000,0.00000,0.00000,20.00,20.00,20.00,0.0000,0.0000,0.0000,0.0000,0,0
2026-08-25 17:27:52.674173,1161,franka,0.45772,-0.03601,0.34141,0.00000,0.00000,0.00000,0.00000,20.00,20.00,20.00,0.0000,0.0000,0.0000,0.0000,0,0
2026-08-25 17:27:52.727683,1162,franka,0.45772,-0.03601,0.34141,0.00000,0.00000,0.00000,0.00000,20.00,20.00,20.00,0.0000,0.0000,0.0000,0.0000,0,0
2026-08-25 17:27:52.778942,1163,franka,0.45772,-0.03601,0.34141,0.00000,0.00000,0.00000,0.00000,20.00,20.00,20.00,0.0000,0.0000,0.0000,0.0000,0,0
2026-08-25 17:27:52.832785,1164,franka,0.45772,-0.03601,0.34141,0.00000,0.00000,0.00000,0.00000,20.00,20.00,20.00,0.0000,0.0000,0.0000,0.0000,0,0
2026-08-25 17:27:52.886314,1165,franka,0.45772,-0.03601,0.34141,0.00000,0.00000,0.00000,0.00000,20.00,20.00,20.00,0.0000,0.0000,0.0000,0.0000,0,0
2026-08-25 17:27:52.939921,1166,franka,0.45772,-0.03601,0.34141,0.00000,0.00000,0.00000,0.00000,20.00,20.00,20.00,0.0000,0.0000,0.0000,0.0000,0,0
2026-08-25 17:27:52.993537,1167,franka,0.45772,-0.03601,0.34141,0.00000,0.00000,0.00000,0.00000,20.00,20.00,20.00,0.0000,0.0000,0.0000,0.0000,0,0
2026-08-25 17:27:53.047097,1168,franka,0.45772,-0.03601,0.34141,0.00000,0.00000,0.00000,0.00000,20.00,20.00,20.00,0.0000,0.0000,0.0000,0.0000,0,0
2026-08-25 17:27:53.100610,1169,franka,0.45772,-0.03601,0.34141,0.00000,0.00000,0.00000,0.00000,20.00,20.00,20.00,0.0000,0.0000,0.0000,0.0000,0,0
2026-08-25 17:27:53.154853,1170,franka,0.45772,-0.03601,0.34141,0.00000,0.00000,0.00000,0.00000,20.00,20.00,20.00,0.0000,0.0000,0.0000,0.0000,0,0
2026-08-25 17:27:53.208935,1171,franka,0.45772,-0.03601,0.34141,0.00000,0.00000,0.00000,0.00000,20.00,20.00,20.00,0.0000,0.0000,0.0000,0.0000,0,0
2026-08-25 17:27:53.262443,1172,franka,0.45772,-0.03601,0.34141,0.00000,0.00000,0.00000,0.00000,20.00,20.00,20.00,0.0000,0.0000,0.0000,0.0000,0,0
2026-08-25 17:27:53.316144,1173,franka,0.45771,-0.03601,0.34141,0.00000,0.00000,0.00000,0.00000,20.00,20.00,20.00,0.0000,0.0000,0.0000,0.0000,0,0
2026-08-25 17:27:53.371352,1174,franka,0.45772,-0.03601,0.34141,0.00000,0.00000,0.00000,0.00000,20.00,20.00,20.00,0.0000,0.0000,0.0000,0.0000,0,0
2026-08-25 17:27:53.425104,1175,franka,0.45772,-0.03601,0.34141,0.00000,0.00000,0.00000,0.00000,20.00,20.00,20.00,0.0000,0.0000,0.0143,0.0000,0,0
2026-08-25 17:27:53.478716,1176,franka,0.45772,-0.03601,0.34141,0.00000,0.00000,0.00000,0.00000,20.00,20.00,20.00,0.0000,0.0000,0.0257,0.0000,0,0
2026-08-25 17:27:53.532525,1177,franka,0.45772,-0.03601,0.34141,0.00000,0.00000,0.00000,0.00000,20.00,20.00,20.00,0.0000,0.0000,0.0457,0.0000,0,0
2026-08-25 17:27:53.586086,1178,franka,0.45772,-0.03601,0.34141,0.00000,0.00000,0.00000,0.00000,20.00,20.00,20.00,0.0000,0.0000,0.0114,0.0000,0,0
2026-08-25 17:27:53.639955,1179,franka,0.45772,-0.03601,0.34141,0.00000,0.00000,0.00000,0.00000,20.00,20.00,20.00,0.0000,0.0000,0.0086,0.0000,0,0
2026-08-25 17:27:53.693429,1180,franka,0.45772,-0.03601,0.34141,0.00000,0.00000,0.00000,0.00000,20.00,20.00,20.00,0.0000,0.0000,0.0314,0.0000,0,0
2026-08-25 17:27:53.746754,1181,franka,0.45772,-0.03601,0.34141,0.00000,0.00000,0.00000,0.00000,20.00,20.00,20.00,0.0000,0.0000,0.0714,0.0000,0,0
2026-08-25 17:27:53.800855,1182,franka,0.45772,-0.03601,0.34141,0.00000,0.00000,0.00000,0.00000,20.00,20.00,20.00,0.0000,0.0000,0.0914,0.0000,0,0
2026-08-25 17:27:53.854578,1183,franka,0.45772,-0.03601,0.34141,0.00000,0.00000,0.00000,0.00000,20.00,20.00,20.00,0.0000,0.0000,0.0914,0.0000,0,0
2026-08-25 17:27:53.908024,1184,franka,0.45772,-0.03601,0.34141,0.00000,0.00000,0.00000,0.00000,20.00,20.00,20.00,0.0000,0.0000,0.1114,0.0000,0,0
2026-08-25 17:27:53.961560,1185,franka,0.45772,-0.03601,0.34141,0.00000,0.00000,0.00000,0.00000,20.00,20.00,20.00,0.0000,0.0000,0.1143,0.0000,0,0
2026-08-25 17:27:54.015248,1186,franka,0.45772,-0.03601,0.34141,0.00000,0.00000,0.00000,0.00000,20.00,20.00,20.00,0.0000,0.0000,0.1400,0.0000,0,0
2026-08-25 17:27:54.068839,1187,franka,0.45771,-0.03601,0.34141,0.00000,0.00000,0.00000,0.00000,20.00,20.00,20.00,0.0000,0.0000,0.1714,0.0000,0,0
2026-08-25 17:27:54.122445,1188,franka,0.45772,-0.03601,0.34142,0.00000,0.00000,0.00419,0.00000,20.00,20.00,20.00,0.0000,0.0000,0.2286,0.0000,0,0
2026-08-25 17:27:54.176289,1189,franka,0.45769,-0.03600,0.34225,0.00000,0.00000,0.03000,0.00000,20.00,20.00,20.00,0.0000,0.0114,0.2629,0.0029,0,0
2026-08-25 17:27:54.229909,1190,franka,0.45772,-0.03598,0.34384,0.00000,0.00000,0.03000,0.00000,20.00,20.00,20.00,0.0000,0.0200,0.3286,0.0200,0,0
2026-08-25 17:27:54.283863,1191,franka,0.45769,-0.03599,0.34529,0.00000,0.00000,0.03000,0.00000,20.00,20.00,20.00,0.0000,0.0286,0.3886,0.0114,0,0
2026-08-25 17:27:54.337698,1192,franka,0.45771,-0.03599,0.34684,0.00000,0.00000,0.03000,0.00000,20.00,20.00,20.00,0.0000,0.0257,0.4229,0.0229,0,0
2026-08-25 17:27:54.391635,1193,franka,0.45770,-0.03598,0.34831,0.00000,0.00000,0.03000,0.00000,20.00,20.00,20.00,0.0000,0.0229,0.4657,0.0229,0,0
2026-08-25 17:27:54.445247,1194,franka,0.45772,-0.03600,0.34989,0.00000,0.00000,0.03000,0.00000,20.00,20.00,20.00,0.0000,0.0114,0.4771,0.0257,0,0
2026-08-25 17:27:54.499269,1195,franka,0.45770,-0.03599,0.35138,0.00000,0.00000,0.03000,0.00000,20.00,20.00,20.00,0.0000,0.0086,0.5057,0.0486,0,0
2026-08-25 17:27:54.552741,1196,franka,0.45770,-0.03600,0.35289,0.00000,0.00000,0.03000,0.00000,20.00,20.00,20.00,0.0000,0.0000,0.5086,0.0486,0,0
2026-08-25 17:27:54.606588,1197,franka,0.45770,-0.03599,0.35444,0.00000,0.00000,0.03000,0.00000,20.00,20.00,20.00,0.0000,0.0000,0.4971,0.0457,0,0
2026-08-25 17:27:54.660502,1198,franka,0.45771,-0.03600,0.35600,0.00000,0.00000,0.03000,0.00000,20.00,20.00,20.00,0.0000,0.0000,0.4914,0.0429,0,0
2026-08-25 17:27:54.714003,1199,franka,0.45770,-0.03599,0.35746,0.00000,0.00000,0.03000,0.00000,20.00,20.00,20.00,0.0000,0.0000,0.4829,0.0429,0,0
2026-08-25 17:27:54.768281,1200,franka,0.45770,-0.03600,0.35897,0.00000,0.00000,0.03000,0.00000,20.00,20.00,20.00,0.0000,0.0000,0.4886,0.0486,0,0
2026-08-25 17:27:54.821958,1201,franka,0.45770,-0.03600,0.36050,0.00000,0.00000,0.03000,0.00000,20.00,20.00,20.00,0.0000,0.0000,0.4771,0.0486,0,0
2026-08-25 17:27:54.875455,1202,franka,0.45771,-0.03599,0.36353,0.00000,0.00000,0.03000,0.00000,20.00,20.00,20.00,0.0000,0.0000,0.4771,0.0514,0,0
2026-08-25 17:27:54.928999,1203,franka,0.45771,-0.03600,0.36506,0.00000,0.00000,0.03000,0.00000,20.00,20.00,20.00,0.0000,0.0000,0.4886,0.0600,0,0
2026-08-25 17:27:54.982507,1204,franka,0.45770,-0.03600,0.36655,0.00000,0.00000,0.03000,0.00000,20.00,20.00,20.00,0.0000,0.0000,0.4971,0.0600,0,0
2026-08-25 17:27:55.036238,1205,franka,0.45770,-0.03599,0.36804,0.00000,0.00000,0.03000,0.00000,20.00,20.00,20.00,0.0000,0.0000,0.5000,0.0600,0,0
2026-08-25 17:27:55.089892,1206,franka,0.45771,-0.03600,0.36959,0.00000,0.00000,0.03000,0.00000,20.00,20.00,20.00,0.0000,0.0000,0.4914,0.0629,0,0
2026-08-25 17:27:55.143662,1207,franka,0.45771,-0.03600,0.37108,0.00000,0.00000,0.03000,0.00000,20.00,20.00,20.00,0.0000,0.0000,0.5000,0.0629,0,0
2026-08-25 17:27:55.197895,1208,franka,0.45771,-0.03600,0.37258,0.00000,0.00000,0.03000,0.00000,20.00,20.00,20.00,0.0000,0.0000,0.4914,0.0600,0,0
2026-08-25 17:27:55.252411,1209,franka,0.45770,-0.03600,0.37411,0.00000,0.00000,0.03000,0.00000,20.00,20.00,20.00,0.0000,0.0000,0.4914,0.0600,0,0
2026-08-25 17:27:55.306531,1210,franka,0.45771,-0.03600,0.37566,0.00000,0.00000,0.03000,0.00000,20.00,20.00,20.00,0.0000,0.0029,0.4886,0.0657,0,0
2026-08-25 17:27:55.360562,1211,franka,0.45771,-0.03600,0.37715,0.00000,0.00000,0.03000,0.00000,20.00,20.00,20.00,0.0000,0.0057,0.4857,0.0657,0,0
2026-08-25 17:27:55.414508,1212,franka,0.45771,-0.03600,0.37867,0.00000,0.00000,0.03000,0.00000,20.00,20.00,20.00,0.0000,0.0000,0.4886,0.0686,0,0
2026-08-25 17:27:55.468252,1213,franka,0.45770,-0.03600,0.38015,0.00000,0.00000,0.03000,0.00000,20.00,20.00,20.00,0.0000,0.0057,0.4857,0.0686,0,0
2026-08-25 17:27:55.521926,1214,franka,0.45771,-0.03600,0.38168,0.00000,0.00000,0.03000,0.00000,20.00,20.00,20.00,0.0000,0.0029,0.4943,0.0714,0,0
2026-08-25 17:27:55.575748,1215,franka,0.45771,-0.03600,0.38320,0.00000,0.00000,0.03000,0.00000,20.00,20.00,20.00,0.0000,0.0029,0.4914,0.0686,0,0
2026-08-25 17:27:55.629574,1216,franka,0.45771,-0.03600,0.38472,0.00000,0.00000,0.03000,0.00000,20.00,20.00,20.00,0.0000,0.0086,0.4943,0.0686,0,0
2026-08-25 17:27:55.683250,1217,franka,0.45772,-0.03600,0.38776,0.00000,0.00000,0.03000,0.00000,20.00,20.00,20.00,0.0000,0.0171,0.4971,0.0686,0,0
2026-08-25 17:27:55.737400,1218,franka,0.45772,-0.03600,0.38926,0.00000,0.00000,0.03000,0.00000,20.00,20.00,20.00,0.0000,0.0171,0.5057,0.0743,0,0
2026-08-25 17:27:55.791006,1219,franka,0.45771,-0.03600,0.39078,0.00000,0.00000,0.03000,0.00000,20.00,20.00,20.00,0.0000,0.0200,0.5000,0.0743,0,0
2026-08-25 17:27:55.844489,1220,franka,0.45771,-0.03599,0.39230,0.00000,0.00000,0.03000,0.00000,20.00,20.00,20.00,0.0000,0.0200,0.4943,0.0743,0,0
2026-08-25 17:27:55.898294,1221,franka,0.45771,-0.03600,0.39381,0.00000,0.00000,0.03000,0.00000,20.00,20.00,20.00,0.0000,0.0171,0.4971,0.0714,0,0
2026-08-25 17:27:55.951748,1222,franka,0.45772,-0.03600,0.39533,0.00000,0.00000,0.03000,0.00000,20.00,20.00,20.00,0.0000,0.0086,0.4971,0.0686,0,0
2026-08-25 17:27:56.005803,1223,franka,0.45771,-0.03600,0.39684,0.00000,0.00000,0.03000,0.00000,20.00,20.00,20.00,0.0000,0.0000,0.4943,0.0629,0,0
2026-08-25 17:27:56.059444,1224,franka,0.45771,-0.03600,0.39834,0.00000,0.00000,0.03000,0.00000,20.00,20.00,20.00,0.0000,0.0086,0.4886,0.0629,0,0
2026-08-25 17:27:56.112962,1225,franka,0.45772,-0.03600,0.39988,0.00000,0.00000,0.03000,0.00000,20.00,20.00,20.00,0.0000,0.0000,0.4886,0.0600,0,0
2026-08-25 17:27:56.166682,1226,franka,0.45772,-0.03600,0.40139,0.00000,0.00000,0.03000,0.00000,20.00,20.00,20.00,0.0000,0.0086,0.4857,0.0600,0,0
2026-08-25 17:27:56.220436,1227,franka,0.45771,-0.03600,0.40287,0.00000,0.00000,0.03000,0.00000,20.00,20.00,20.00,0.0000,0.0086,0.4829,0.0600,0,0
2026-08-25 17:27:56.274052,1228,franka,0.45771,-0.03600,0.40436,0.00000,0.00000,0.03000,0.00000,20.00,20.00,20.00,0.0000,0.0114,0.4771,0.0600,0,0
2026-08-25 17:27:56.327978,1229,franka,0.45771,-0.03600,0.40591,0.00000,0.00000,0.03000,0.00000,20.00,20.00,20.00,0.0000,0.0086,0.4857,0.0600,0,0
2026-08-25 17:27:56.381630,1230,franka,0.45772,-0.03600,0.40742,0.00000,0.00000,0.03000,0.00000,20.00,20.00,20.00,0.0000,0.0143,0.4771,0.0629,0,0
2026-08-25 17:27:56.435458,1231,franka,0.45771,-0.03600,0.40889,0.00000,0.00000,0.03000,0.00000,20.00,20.00,20.00,0.0000,0.0229,0.4686,0.0629,0,0
2026-08-25 17:27:56.489621,1232,franka,0.45772,-0.03600,0.41197,0.00000,0.00000,0.03000,0.00000,20.00,20.00,20.00,0.0000,0.0114,0.4714,0.0629,0,0
2026-08-25 17:27:56.544054,1233,franka,0.45772,-0.03600,0.41350,0.00000,0.00000,0.03000,0.00000,20.00,20.00,20.00,0.0000,0.0114,0.4629,0.0629,0,0
2026-08-25 17:27:56.597731,1234,franka,0.45771,-0.03600,0.41500,0.00000,0.00000,0.03000,0.00000,20.00,20.00,20.00,0.0000,0.0171,0.4629,0.0629,0,0
2026-08-25 17:27:56.651595,1235,franka,0.45771,-0.03600,0.41655,0.00000,0.00000,0.03000,0.00000,20.00,20.00,20.00,0.0000,0.0200,0.4571,0.0629,0,0
2026-08-25 17:27:56.705131,1236,franka,0.45772,-0.03600,0.41806,0.00000,0.00000,0.03000,0.00000,20.00,20.00,20.00,0.0000,0.0171,0.4600,0.0657,0,0
2026-08-25 17:27:56.758832,1237,franka,0.45772,-0.03600,0.41958,0.00000,0.00000,0.03000,0.00000,20.00,20.00,20.00,0.0000,0.0200,0.4543,0.0686,0,0
2026-08-25 17:27:56.812403,1238,franka,0.45771,-0.03600,0.42110,0.00000,0.00000,0.03000,0.00000,20.00,20.00,20.00,0.0000,0.0171,0.4543,0.0657,0,0
2026-08-25 17:27:56.866321,1239,franka,0.45772,-0.03600,0.42261,0.00000,0.00000,0.03000,0.00000,20.00,20.00,20.00,0.0000,0.0171,0.4600,0.0657,0,0
2026-08-25 17:27:56.920565,1240,franka,0.45772,-0.03600,0.42415,0.00000,0.00000,0.03000,0.00000,20.00,20.00,20.00,0.0000,0.0114,0.4543,0.0629,0,0
2026-08-25 17:27:56.974539,1241,franka,0.45772,-0.03600,0.42563,0.00000,0.00000,0.03000,0.00000,20.00,20.00,20.00,0.0000,0.0200,0.4571,0.0629,0,0
2026-08-25 17:27:57.028456,1242,franka,0.45771,-0.03600,0.42715,0.00000,0.00000,0.03000,0.00000,20.00,20.00,20.00,0.0000,0.0286,0.4429,0.0629,0,0
2026-08-25 17:27:57.082465,1243,franka,0.45772,-0.03600,0.42868,0.00000,0.00000,0.03000,0.00000,20.00,20.00,20.00,0.0000,0.0314,0.4514,0.0629,0,0
2026-08-25 17:27:57.136851,1244,franka,0.45772,-0.03600,0.43020,0.00000,0.00000,0.03000,0.00000,20.00,20.00,20.00,0.0000,0.0286,0.4457,0.0629,0,0
2026-08-25 17:27:57.190678,1245,franka,0.45772,-0.03599,0.43168,0.00000,0.00000,0.03000,0.00000,20.00,20.00,20.00,0.0000,0.0371,0.4257,0.0629,0,0
2026-08-25 17:27:57.245971,1246,franka,0.45772,-0.03600,0.43322,0.00000,0.00000,0.03000,0.00000,20.00,20.00,20.00,0.0000,0.0200,0.3714,0.0543,0,0
2026-08-25 17:27:57.295042,1247,franka,0.45772,-0.03599,0.43474,0.00000,0.00000,0.03000,0.00000,20.00,20.00,20.00,-0.0257,0.0143,0.1629,0.0286,0,0
2026-08-25 17:27:57.349348,1248,franka,0.45772,-0.03600,0.43625,0.00000,0.00000,0.03000,0.00000,20.00,20.00,20.00,0.0000,0.0000,0.0000,0.0000,0,0
2026-08-25 17:27:57.403108,1249,franka,0.45771,-0.03601,0.43764,0.00000,0.00000,0.00000,0.00000,20.00,20.00,20.00,0.0000,0.0000,0.0000,0.0000,0,0
2026-08-25 17:27:57.456731,1250,franka,0.45771,-0.03601,0.43765,0.00000,0.00000,0.00000,0.00000,20.00,20.00,20.00,0.0000,0.0000,0.0000,0.0000,0,0
2026-08-25 17:27:57.510274,1251,franka,0.45772,-0.03601,0.43763,0.00000,0.00000,0.00000,0.00000,20.00,20.00,20.00,0.0000,0.0000,0.0000,0.0000,0,0
2026-08-25 17:27:57.563768,1252,franka,0.45771,-0.03601,0.43767,0.00000,0.00000,0.00000,0.00000,20.00,20.00,20.00,0.0029,0.0000,0.0000,0.0000,0,0
2026-08-25 17:27:57.617589,1253,franka,0.45771,-0.03601,0.43764,0.00000,0.00000,0.00000,0.00000,20.00,20.00,20.00,0.0000,0.0000,0.0000,0.0000,0,0
2026-08-25 17:27:57.671545,1254,franka,0.45771,-0.03601,0.43765,0.00000,0.00000,0.00000,0.00000,20.00,20.00,20.00,0.0000,0.0000,0.0000,0.0000,0,0
2026-08-25 17:27:57.725097,1255,franka,0.45771,-0.03601,0.43765,0.00000,0.00000,0.00000,0.00000,20.00,20.00,20.00,0.0229,0.0000,0.0000,0.0000,0,0
2026-08-25 17:27:57.779626,1256,franka,0.45771,-0.03601,0.43766,0.00000,0.00000,0.00000,0.00000,20.00,20.00,20.00,0.2086,0.0000,0.0000,0.0000,0,0
2026-08-25 17:27:57.833187,1257,franka,0.45771,-0.03601,0.43765,0.00000,0.00000,0.00000,0.00000,20.00,20.00,20.00,0.2914,0.0000,0.0000,0.0000,0,0
2026-08-25 17:27:57.887293,1258,franka,0.45773,-0.03575,0.43765,0.00000,0.02042,0.00000,0.00000,20.00,20.00,20.00,0.3714,-0.0086,0.0000,0.0000,0,0
2026-08-25 17:27:57.940748,1259,franka,0.45773,-0.03444,0.43768,0.00000,0.03000,0.00000,0.00000,20.00,20.00,20.00,0.4286,-0.0343,0.0000,0.0000,0,0
2026-08-25 17:27:57.995352,1260,franka,0.45774,-0.03277,0.43767,0.00000,0.03000,0.00000,0.00000,20.00,20.00,20.00,0.4657,-0.0314,0.0000,0.0000,0,0
2026-08-25 17:27:58.049095,1261,franka,0.45774,-0.03133,0.43767,0.00000,0.03000,0.00000,0.00000,20.00,20.00,20.00,0.4771,-0.0257,0.0000,0.0000,0,0
2026-08-25 17:27:58.102906,1262,franka,0.45773,-0.02987,0.43767,0.00000,0.03000,0.00000,0.00000,20.00,20.00,20.00,0.4943,-0.0171,0.0000,0.0000,0,0
2026-08-25 17:27:58.157496,1263,franka,0.45775,-0.02823,0.43770,0.00000,0.03000,0.00000,0.00000,20.00,20.00,20.00,0.5000,-0.0171,0.0000,0.0000,0,0
2026-08-25 17:27:58.212123,1264,franka,0.45774,-0.02527,0.43768,0.00000,0.03000,0.00000,0.00000,20.00,20.00,20.00,0.4971,-0.0143,0.0000,0.0000,0,0
2026-08-25 17:27:58.265663,1265,franka,0.45774,-0.02376,0.43769,0.00000,0.03000,0.00000,0.00000,20.00,20.00,20.00,0.5000,-0.0143,0.0000,0.0000,0,0
2026-08-25 17:27:58.319267,1266,franka,0.45775,-0.02222,0.43770,0.00000,0.03000,0.00000,0.00000,20.00,20.00,20.00,0.4857,-0.0200,0.0000,0.0000,0,0
2026-08-25 17:27:58.373388,1267,franka,0.45774,-0.02071,0.43769,0.00000,0.03000,0.00000,0.00000,20.00,20.00,20.00,0.4829,-0.0200,0.0000,0.0000,0,0
2026-08-25 17:27:58.427028,1268,franka,0.45774,-0.01918,0.43770,0.00000,0.03000,0.00000,0.00000,20.00,20.00,20.00,0.4829,-0.0171,0.0000,0.0000,0,0
2026-08-25 17:27:58.480591,1269,franka,0.45775,-0.01767,0.43770,0.00000,0.03000,0.00000,0.00000,20.00,20.00,20.00,0.4800,-0.0143,0.0000,0.0000,0,0
2026-08-25 17:27:58.534436,1270,franka,0.45775,-0.01616,0.43769,0.00000,0.03000,0.00000,0.00000,20.00,20.00,20.00,0.4714,-0.0114,0.0000,0.0000,0,0
2026-08-25 17:27:58.588013,1271,franka,0.45774,-0.01465,0.43770,0.00000,0.03000,0.00000,0.00000,20.00,20.00,20.00,0.4629,-0.0143,0.0000,0.0000,0,0
2026-08-25 17:27:58.641601,1272,franka,0.45775,-0.01313,0.43770,0.00000,0.03000,0.00000,0.00000,20.00,20.00,20.00,0.4543,-0.0171,0.0000,0.0000,0,0
2026-08-25 17:27:58.695190,1273,franka,0.45775,-0.01161,0.43769,0.00000,0.03000,0.00000,0.00000,20.00,20.00,20.00,0.4400,-0.0229,0.0000,0.0000,0,0
2026-08-25 17:27:58.748790,1274,franka,0.45775,-0.01008,0.43769,0.00000,0.03000,0.00000,0.00000,20.00,20.00,20.00,0.4400,-0.0200,0.0000,0.0000,0,0
2026-08-25 17:27:58.802529,1275,franka,0.45775,-0.00855,0.43771,0.00000,0.03000,0.00000,0.00000,20.00,20.00,20.00,0.4400,-0.0143,0.0000,0.0000,0,0
2026-08-25 17:27:58.856472,1276,franka,0.45775,-0.00706,0.43770,0.00000,0.03000,0.00000,0.00000,20.00,20.00,20.00,0.4400,-0.0143,0.0000,0.0000,0,0
2026-08-25 17:27:58.910152,1277,franka,0.45775,-0.00551,0.43769,0.00000,0.03000,0.00000,0.00000,20.00,20.00,20.00,0.4286,-0.0143,0.0000,0.0000,0,0
2026-08-25 17:27:58.964487,1278,franka,0.45775,-0.00400,0.43771,0.00000,0.03000,0.00000,0.00000,20.00,20.00,20.00,0.4200,-0.0143,0.0000,0.0000,0,0
2026-08-25 17:27:59.018124,1279,franka,0.45774,-0.00249,0.43770,0.00000,0.03000,0.00000,0.00000,20.00,20.00,20.00,0.4086,-0.0229,0.0000,0.0000,0,0
2026-08-25 17:27:59.071988,1280,franka,0.45773,0.00058,0.43770,0.00000,0.03000,0.00000,0.00000,20.00,20.00,20.00,0.4114,-0.0257,0.0000,0.0000,0,0
2026-08-25 17:27:59.125755,1281,franka,0.45772,0.00211,0.43770,0.00000,0.03000,0.00000,0.00000,20.00,20.00,20.00,0.4057,-0.0800,0.0000,0.0000,0,0
2026-08-25 17:27:59.179338,1282,franka,0.45772,0.00363,0.43769,0.00000,0.03000,0.00000,0.00000,20.00,20.00,20.00,0.4029,-0.0771,0.0000,0.0000,0,0
2026-08-25 17:27:59.233156,1283,franka,0.45772,0.00513,0.43770,0.00000,0.03000,0.00000,0.00000,20.00,20.00,20.00,0.3571,-0.0714,0.0000,0.0000,0,0
2026-08-25 17:27:59.287571,1284,franka,0.45772,0.00664,0.43770,0.00000,0.03000,0.00000,0.00000,20.00,20.00,20.00,0.3114,-0.0771,0.0000,0.0000,0,0
2026-08-25 17:27:59.341060,1285,franka,0.45772,0.00814,0.43770,0.00000,0.03000,0.00000,0.00000,20.00,20.00,20.00,0.2429,-0.0343,0.0000,0.0000,0,0
2026-08-25 17:27:59.394487,1286,franka,0.45772,0.00966,0.43770,0.00000,0.03000,0.00000,0.00000,20.00,20.00,20.00,0.1486,0.0000,0.0000,0.0000,0,0
2026-08-25 17:27:59.448508,1287,franka,0.45772,0.01062,0.43771,0.00000,0.00118,0.00000,0.00000,20.00,20.00,20.00,0.1200,0.0000,0.0000,0.0000,0,0
2026-08-25 17:27:59.502727,1288,franka,0.45772,0.01064,0.43771,0.00000,0.00000,0.00000,0.00000,20.00,20.00,20.00,0.0571,0.0000,0.0000,0.0000,0,0
2026-08-25 17:27:59.556822,1289,franka,0.45772,0.01054,0.43771,0.00000,0.00000,0.00000,0.00000,20.00,20.00,20.00,0.0000,0.0000,0.0086,0.0629,0,0
2026-08-25 17:27:59.610435,1290,franka,0.45772,0.01064,0.43771,0.00000,0.00000,0.00000,0.00000,20.00,20.00,20.00,0.0000,0.0000,0.0000,0.0000,0,0
2026-08-25 17:27:59.664335,1291,franka,0.45772,0.01062,0.43770,0.00000,0.00000,0.00000,0.00000,20.00,20.00,20.00,0.0000,0.0000,0.0000,0.0000,0,0
2026-08-25 17:27:59.718291,1292,franka,0.45772,0.01060,0.43770,0.00000,0.00000,0.00000,0.00000,20.00,20.00,20.00,0.0000,0.0000,0.0000,0.0000,0,0
2026-08-25 17:27:59.772088,1293,franka,0.45772,0.01063,0.43770,0.00000,0.00000,0.00000,0.00000,20.00,20.00,20.00,0.0000,0.0000,0.0000,0.0000,0,0
2026-08-25 17:27:59.825687,1294,franka,0.45772,0.01061,0.43770,0.00000,0.00000,0.00000,0.00000,20.00,20.00,20.00,0.0000,0.0000,0.0000,0.0000,0,0
2026-08-25 17:27:59.881022,1295,franka,0.45772,0.01061,0.43770,0.00000,0.00000,0.00000,0.00000,20.00,20.00,20.00,0.0000,0.0000,0.0000,0.0000,0,0
2026-08-25 17:27:59.935047,1296,franka,0.45772,0.01062,0.43770,0.00000,0.00000,0.00000,0.00000,20.00,20.00,20.00,0.0000,0.0000,0.0000,0.0000,0,0
2026-08-25 17:27:59.988868,1297,flowbot,0.45772,0.01062,0.43770,0.00000,0.00000,0.00000,0.00000,20.00,20.00,20.00,0.0000,0.0000,0.0000,0.0000,1,0
2026-08-25 17:28:00.042659,1298,flowbot,0.45772,0.01062,0.43770,0.00000,0.00000,0.00000,0.00000,20.00,20.00,20.00,0.0000,0.0000,0.0000,0.0000,1,0
2026-08-25 17:28:00.097620,1299,flowbot,0.45772,0.01062,0.43770,0.00000,0.00000,0.00000,0.00000,20.00,20.00,20.00,0.0000,0.0000,0.0000,0.0000,1,0
2026-08-25 17:28:00.150425,1300,flowbot,0.45772,0.01062,0.43770,0.00000,0.00000,0.00000,0.00000,20.00,20.00,20.00,0.0000,0.0000,0.0000,0.0000,1,0
2026-08-25 17:28:00.199852,1301,flowbot,0.45772,0.01062,0.43770,0.00000,0.00000,0.00000,0.00000,20.00,20.00,20.00,0.0000,0.0000,0.0000,0.0000,1,0
2026-08-25 17:28:00.250987,1302,flowbot,0.45772,0.01062,0.43770,0.00000,0.00000,0.00000,0.00000,20.00,20.00,20.00,0.0000,0.0000,0.0000,0.0000,1,0
2026-08-25 17:28:00.310361,1303,flowbot,0.45772,0.01062,0.43770,0.00000,0.00000,0.00000,0.00000,20.00,20.00,20.00,0.0000,0.0000,0.0000,0.0000,1,0
2026-08-25 17:28:00.362818,1304,flowbot,0.45772,0.01062,0.43770,0.00000,0.00000,0.00000,0.00000,20.00,20.00,20.00,0.0000,0.0000,0.0000,0.0000,1,0
2026-08-25 17:28:00.415312,1305,flowbot,0.45772,0.01062,0.43770,0.00000,0.00000,0.00000,0.00000,20.00,20.00,20.00,0.0000,0.0000,0.0000,0.0000,1,0
2026-08-25 17:28:00.468716,1306,flowbot,0.45772,0.01062,0.43770,0.00000,0.00000,0.00000,0.00000,20.00,20.00,20.00,0.0000,0.0000,0.0000,0.0000,0,0
2026-08-25 17:28:00.527334,1307,flowbot,0.45772,0.01062,0.43770,0.00000,0.00000,0.00000,0.00000,20.00,20.00,20.00,0.0000,0.0000,0.0000,0.0000,0,0
2026-08-25 17:28:00.579901,1308,flowbot,0.45772,0.01062,0.43770,0.00000,0.00000,0.00000,0.00000,20.00,20.00,20.00,0.0000,0.0000,0.0000,0.0000,0,0
2026-08-25 17:28:00.633450,1309,flowbot,0.45772,0.01062,0.43770,0.00000,0.00000,0.00000,0.00000,20.00,20.00,20.00,0.0000,0.0000,0.0000,0.0000,0,0
2026-08-25 17:28:00.684682,1310,flowbot,0.45772,0.01062,0.43770,0.00000,0.00000,0.00000,0.00000,20.00,20.00,20.00,0.0000,0.0000,0.0000,0.0000,0,0
2026-08-25 17:28:00.735916,1311,flowbot,0.45772,0.01062,0.43770,0.00000,0.00000,0.00000,0.00000,20.00,20.00,20.00,0.0000,0.0000,0.0000,0.0000,0,0
2026-08-25 17:28:00.790408,1312,flowbot,0.45772,0.01062,0.43770,0.00000,0.00000,0.00000,0.00000,20.00,20.00,20.00,0.0000,0.0000,0.0000,0.0000,0,0
2026-08-25 17:28:00.842539,1313,flowbot,0.45772,0.01062,0.43770,0.00000,0.00000,0.00000,0.00000,20.00,20.00,20.00,0.0000,0.0000,0.0000,0.0000,0,0
2026-08-25 17:28:00.898132,1314,flowbot,0.45772,0.01062,0.43770,0.00000,0.00000,0.00000,0.00000,20.00,20.00,20.00,0.0000,0.0000,0.0000,0.0000,0,0
2026-08-25 17:28:00.950124,1315,flowbot,0.45772,0.01062,0.43770,0.00000,0.00000,0.00000,0.00000,20.00,20.00,20.00,0.0000,0.0000,0.0000,0.0000,0,0
2026-08-25 17:28:01.004053,1316,flowbot,0.45772,0.01062,0.43770,0.00000,0.00000,0.00000,0.00000,20.00,20.00,20.00,0.0000,0.0000,0.0000,0.0000,0,0
2026-08-25 17:28:01.054798,1317,flowbot,0.45772,0.01062,0.43770,0.00000,0.00000,0.00000,0.00000,20.00,20.00,20.00,0.0000,0.0000,0.0000,0.0000,0,0
2026-08-25 17:28:01.107843,1318,flowbot,0.45772,0.01062,0.43770,0.00000,0.00000,0.00000,0.00000,20.00,20.00,20.00,0.0000,0.0000,0.0000,0.0000,0,0
2026-08-25 17:28:01.159257,1319,flowbot,0.45772,0.01062,0.43770,0.00000,0.00000,0.00000,0.00000,20.00,20.00,20.00,0.0000,0.0000,0.0000,0.0000,0,0
2026-08-25 17:28:01.212501,1320,flowbot,0.45772,0.01062,0.43770,0.00000,0.00000,0.00000,0.00000,20.00,20.00,20.00,0.0000,0.0000,0.0000,0.0000,0,0
2026-08-25 17:28:01.263707,1321,flowbot,0.45772,0.01062,0.43770,0.00000,0.00000,0.00000,0.00000,20.00,20.00,20.00,0.0000,0.0000,0.0000,0.0000,0,0
2026-08-25 17:28:01.316775,1322,flowbot,0.45772,0.01062,0.43770,0.00000,0.00000,0.00000,0.00000,20.00,20.00,20.00,0.0000,0.0000,0.0000,0.0000,0,0
2026-08-25 17:28:01.367774,1323,flowbot,0.45772,0.01062,0.43770,0.00000,0.00000,0.00000,0.00000,20.00,20.00,20.00,0.0000,0.0000,0.0000,0.0000,0,0
2026-08-25 17:28:01.418519,1324,flowbot,0.45772,0.01062,0.43770,0.00000,0.00000,0.00000,0.00000,20.00,20.00,20.00,0.0000,0.0000,0.0000,0.0000,0,0
2026-08-25 17:28:01.470688,1325,flowbot,0.45772,0.01062,0.43770,0.00000,0.00000,0.00000,0.00000,20.00,20.00,20.00,0.0000,0.0000,0.0000,0.0000,0,0
2026-08-25 17:28:01.524122,1326,flowbot,0.45772,0.01062,0.43770,0.00000,0.00000,0.00000,0.00000,20.00,20.00,20.00,0.0000,0.0000,0.0000,0.0000,0,0
2026-08-25 17:28:01.578153,1327,flowbot,0.45772,0.01062,0.43770,0.00000,0.00000,0.00000,0.00000,20.00,20.00,20.00,0.0000,0.0000,0.0000,0.0000,0,0
2026-08-25 17:28:01.631722,1328,flowbot,0.45772,0.01062,0.43770,0.00000,0.00000,0.00000,0.00000,20.00,20.00,20.00,0.0000,0.0000,0.0000,0.0000,0,0
2026-08-25 17:28:01.680135,1329,flowbot,0.45772,0.01062,0.43770,0.00000,0.00000,0.00000,0.00000,20.00,20.00,20.00,0.0000,0.0000,0.0000,0.0000,0,0
2026-08-25 17:28:01.736536,1330,flowbot,0.45772,0.01062,0.43770,0.00000,0.00000,0.00000,0.00000,20.00,20.00,20.00,0.5429,0.0000,0.0000,0.0000,0,0
2026-08-25 17:28:01.788868,1331,flowbot,0.45772,0.01062,0.43770,0.00000,0.00000,0.00000,0.00000,20.00,20.00,20.00,0.5429,0.0000,0.0000,0.0000,0,0
2026-08-25 17:28:01.843828,1332,flowbot,0.45772,0.01062,0.43770,0.00000,0.00000,0.00000,0.00000,20.00,20.00,20.00,0.5429,0.0000,0.0000,0.0000,0,0
2026-08-25 17:28:01.893877,1333,flowbot,0.45772,0.01062,0.43770,0.00000,0.00000,0.00000,0.00000,20.00,20.00,20.00,0.5429,0.0000,0.0000,0.0000,0,0
2026-08-25 17:28:01.943429,1334,flowbot,0.45772,0.01062,0.43770,0.00000,0.00000,0.00000,0.00000,21.00,19.00,19.00,0.9086,0.0000,0.0000,0.0000,0,0
2026-08-25 17:28:01.995736,1335,flowbot,0.45772,0.01062,0.43770,0.00000,0.00000,0.00000,0.00000,21.00,19.00,19.00,0.9086,0.0000,0.0000,0.0000,0,0
2026-08-25 17:28:02.048009,1336,flowbot,0.45772,0.01062,0.43770,0.00000,0.00000,0.00000,0.00000,21.00,19.00,19.00,0.9086,0.0000,0.0000,0.0000,0,0
2026-08-25 17:28:02.099368,1337,flowbot,0.45772,0.01062,0.43770,0.00000,0.00000,0.00000,0.00000,21.00,19.00,19.00,0.9086,0.0000,0.0000,0.0000,0,0
2026-08-25 17:28:02.153768,1338,flowbot,0.45772,0.01062,0.43770,0.00000,0.00000,0.00000,0.00000,21.00,19.00,19.00,0.9771,0.0000,0.0000,0.0000,0,0
2026-08-25 17:28:02.207725,1339,flowbot,0.45772,0.01062,0.43770,0.00000,0.00000,0.00000,0.00000,21.00,19.00,19.00,0.9771,0.0000,0.0000,0.0000,0,0
2026-08-25 17:28:02.258214,1340,flowbot,0.45772,0.01062,0.43770,0.00000,0.00000,0.00000,0.00000,21.00,19.00,19.00,0.9771,0.0000,0.0000,0.0000,0,0
2026-08-25 17:28:02.312502,1341,flowbot,0.45772,0.01062,0.43770,0.00000,0.00000,0.00000,0.00000,22.00,19.00,19.00,0.9857,0.0000,0.0000,0.0000,0,0
2026-08-25 17:28:02.364582,1342,flowbot,0.45772,0.01062,0.43770,0.00000,0.00000,0.00000,0.00000,22.00,19.00,19.00,0.9857,0.0000,0.0000,0.0000,0,0
2026-08-25 17:28:02.414691,1343,flowbot,0.45772,0.01062,0.43770,0.00000,0.00000,0.00000,0.00000,22.00,19.00,19.00,0.9857,0.0000,0.0000,0.0000,0,0
2026-08-25 17:28:02.467033,1344,flowbot,0.45772,0.01062,0.43770,0.00000,0.00000,0.00000,0.00000,22.00,19.00,19.00,0.9857,0.0000,0.0000,0.0000,0,0
2026-08-25 17:28:02.519425,1345,flowbot,0.45772,0.01062,0.43770,0.00000,0.00000,0.00000,0.00000,23.00,19.00,19.00,0.9000,0.0000,0.0000,0.0000,0,0
2026-08-25 17:28:02.572623,1346,flowbot,0.45772,0.01062,0.43770,0.00000,0.00000,0.00000,0.00000,23.00,19.00,19.00,0.9000,0.0000,0.0000,0.0000,0,0
2026-08-25 17:28:02.622566,1347,flowbot,0.45772,0.01062,0.43770,0.00000,0.00000,0.00000,0.00000,23.00,19.00,19.00,0.9000,0.0000,0.0000,0.0000,0,0
2026-08-25 17:28:02.674683,1348,flowbot,0.45772,0.01062,0.43770,0.00000,0.00000,0.00000,0.00000,23.00,19.00,19.00,0.9000,0.0000,0.0000,0.0000,0,0
2026-08-25 17:28:02.724125,1349,flowbot,0.45772,0.01062,0.43770,0.00000,0.00000,0.00000,0.00000,23.00,19.00,19.00,0.6143,0.0000,0.0000,0.0000,0,0
2026-08-25 17:28:02.775701,1350,flowbot,0.45772,0.01062,0.43770,0.00000,0.00000,0.00000,0.00000,23.00,19.00,19.00,0.6143,0.0000,0.0000,0.0000,0,0
2026-08-25 17:28:02.828958,1351,flowbot,0.45772,0.01062,0.43770,0.00000,0.00000,0.00000,0.00000,23.00,19.00,19.00,0.6143,0.0000,0.0000,0.0000,0,0
2026-08-25 17:28:02.881920,1352,flowbot,0.45772,0.01062,0.43770,0.00000,0.00000,0.00000,0.00000,23.00,19.00,19.00,0.6143,0.0000,0.0000,0.0000,0,0
2026-08-25 17:28:02.938656,1353,flowbot,0.45772,0.01062,0.43770,0.00000,0.00000,0.00000,0.00000,23.00,19.00,19.00,0.0000,0.0000,0.0000,0.0000,0,0
2026-08-25 17:28:02.987038,1354,flowbot,0.45772,0.01062,0.43770,0.00000,0.00000,0.00000,0.00000,23.00,19.00,19.00,0.0000,0.0000,0.0000,0.0000,0,0
2026-08-25 17:28:03.039446,1355,flowbot,0.45772,0.01062,0.43770,0.00000,0.00000,0.00000,0.00000,23.00,19.00,19.00,0.0000,0.0000,0.0000,0.0000,0,0
2026-08-25 17:28:03.088773,1356,flowbot,0.45772,0.01062,0.43770,0.00000,0.00000,0.00000,0.00000,23.00,18.00,18.00,0.1829,0.0000,-0.5229,0.0000,0,0
2026-08-25 17:28:03.140912,1357,flowbot,0.45772,0.01062,0.43770,0.00000,0.00000,0.00000,0.00000,23.00,18.00,18.00,0.1829,0.0000,-0.5229,0.0000,0,0
2026-08-25 17:28:03.196405,1358,flowbot,0.45772,0.01062,0.43770,0.00000,0.00000,0.00000,0.00000,23.00,18.00,18.00,0.1829,0.0000,-0.5229,0.0000,0,0
2026-08-25 17:28:03.251009,1359,flowbot,0.45772,0.01062,0.43770,0.00000,0.00000,0.00000,0.00000,23.00,18.00,18.00,0.1829,0.0000,-0.5229,0.0000,0,0
2026-08-25 17:28:03.300541,1360,flowbot,0.45772,0.01062,0.43770,0.00000,0.00000,0.00000,0.00000,22.00,17.00,17.00,0.4314,0.0000,-0.3114,0.0000,0,0
2026-08-25 17:28:03.355326,1361,flowbot,0.45772,0.01062,0.43770,0.00000,0.00000,0.00000,0.00000,22.00,17.00,17.00,0.4314,0.0000,-0.3114,0.0000,0,0
2026-08-25 17:28:03.406301,1362,flowbot,0.45772,0.01062,0.43770,0.00000,0.00000,0.00000,0.00000,22.00,17.00,17.00,0.4314,0.0000,-0.3114,0.0000,0,0
2026-08-25 17:28:03.457857,1363,flowbot,0.45772,0.01062,0.43770,0.00000,0.00000,0.00000,0.00000,22.00,17.00,17.00,0.4314,0.0000,-0.3114,0.0000,0,0
2026-08-25 17:28:03.511411,1364,flowbot,0.45772,0.01062,0.43770,0.00000,0.00000,0.00000,0.00000,23.00,17.00,17.00,1.0571,0.0000,0.0000,0.0000,0,0
2026-08-25 17:28:03.565262,1365,flowbot,0.45772,0.01062,0.43770,0.00000,0.00000,0.00000,0.00000,23.00,17.00,17.00,1.0571,0.0000,0.0000,0.0000,0,0
2026-08-25 17:28:03.615305,1366,flowbot,0.45772,0.01062,0.43770,0.00000,0.00000,0.00000,0.00000,23.00,17.00,17.00,1.0571,0.0000,0.0000,0.0000,0,0
2026-08-25 17:28:03.670956,1367,flowbot,0.45772,0.01062,0.43770,0.00000,0.00000,0.00000,0.00000,23.00,17.00,17.00,1.0571,0.0000,0.0000,0.0000,0,0
2026-08-25 17:28:03.720952,1368,flowbot,0.45772,0.01062,0.43770,0.00000,0.00000,0.00000,0.00000,24.00,17.00,17.00,1.1914,0.0000,0.0000,0.0000,0,0
2026-08-25 17:28:03.773484,1369,flowbot,0.45772,0.01062,0.43770,0.00000,0.00000,0.00000,0.00000,24.00,17.00,17.00,1.1914,0.0000,0.0000,0.0000,0,0
2026-08-25 17:28:03.824507,1370,flowbot,0.45772,0.01062,0.43770,0.00000,0.00000,0.00000,0.00000,24.00,17.00,17.00,1.1914,0.0000,0.0000,0.0000,0,0
2026-08-25 17:28:03.875804,1371,flowbot,0.45772,0.01062,0.43770,0.00000,0.00000,0.00000,0.00000,24.00,17.00,17.00,1.1914,0.0000,0.0000,0.0000,0,0
2026-08-25 17:28:03.928364,1372,flowbot,0.45772,0.01062,0.43770,0.00000,0.00000,0.00000,0.00000,25.00,17.00,17.00,1.2229,0.0000,0.1571,0.0000,0,0
2026-08-25 17:28:03.980568,1373,flowbot,0.45772,0.01062,0.43770,0.00000,0.00000,0.00000,0.00000,25.00,17.00,17.00,1.2229,0.0000,0.1571,0.0000,0,0
2026-08-25 17:28:04.040289,1374,flowbot,0.45772,0.01062,0.43770,0.00000,0.00000,0.00000,0.00000,25.00,17.00,17.00,1.2229,0.0000,0.1571,0.0000,0,0
2026-08-25 17:28:04.088586,1375,flowbot,0.45772,0.01062,0.43770,0.00000,0.00000,0.00000,0.00000,25.00,17.00,17.00,1.2229,0.0000,0.1571,0.0000,0,0
2026-08-25 17:28:04.141117,1376,flowbot,0.45772,0.01062,0.43770,0.00000,0.00000,0.00000,0.00000,26.00,17.00,17.00,0.9486,0.0000,0.0000,0.0000,0,0
2026-08-25 17:28:04.193490,1377,flowbot,0.45772,0.01062,0.43770,0.00000,0.00000,0.00000,0.00000,26.00,17.00,17.00,0.9486,0.0000,0.0000,0.0000,0,0
2026-08-25 17:28:04.244798,1378,flowbot,0.45772,0.01062,0.43770,0.00000,0.00000,0.00000,0.00000,26.00,17.00,17.00,0.9486,0.0000,0.0000,0.0000,0,0
2026-08-25 17:28:04.300414,1379,flowbot,0.45772,0.01062,0.43770,0.00000,0.00000,0.00000,0.00000,26.00,17.00,17.00,0.9486,0.0000,0.0000,0.0000,0,0
2026-08-25 17:28:04.350615,1380,flowbot,0.45772,0.01062,0.43770,0.00000,0.00000,0.00000,0.00000,26.00,17.00,17.00,0.1857,0.0000,-0.3571,0.0000,0,0
2026-08-25 17:28:04.405758,1381,flowbot,0.45772,0.01062,0.43770,0.00000,0.00000,0.00000,0.00000,26.00,17.00,17.00,0.1857,0.0000,-0.3571,0.0000,0,0
2026-08-25 17:28:04.458524,1382,flowbot,0.45772,0.01062,0.43770,0.00000,0.00000,0.00000,0.00000,26.00,17.00,17.00,0.1857,0.0000,-0.3571,0.0000,0,0
2026-08-25 17:28:04.511642,1383,flowbot,0.45772,0.01062,0.43770,0.00000,0.00000,0.00000,0.00000,26.00,17.00,17.00,0.1857,0.0000,-0.3571,0.0000,0,0
2026-08-25 17:28:04.561364,1384,flowbot,0.45772,0.01062,0.43770,0.00000,0.00000,0.00000,0.00000,25.00,15.00,15.00,0.1143,0.0000,-0.7371,0.0000,0,0
2026-08-25 17:28:04.613366,1385,flowbot,0.45772,0.01062,0.43770,0.00000,0.00000,0.00000,0.00000,25.00,15.00,15.00,0.1143,0.0000,-0.7371,0.0000,0,0
2026-08-25 17:28:04.666041,1386,flowbot,0.45772,0.01062,0.43770,0.00000,0.00000,0.00000,0.00000,25.00,15.00,15.00,0.1143,0.0000,-0.7371,0.0000,0,0
2026-08-25 17:28:04.718211,1387,flowbot,0.45772,0.01062,0.43770,0.00000,0.00000,0.00000,0.00000,25.00,15.00,15.00,0.1143,0.0000,-0.7371,0.0000,0,0
2026-08-25 17:28:04.772772,1388,flowbot,0.45772,0.01062,0.43770,0.00000,0.00000,0.00000,0.00000,24.00,14.00,14.00,0.2143,0.0000,-0.7886,0.0000,0,0
2026-08-25 17:28:04.824468,1389,flowbot,0.45772,0.01062,0.43770,0.00000,0.00000,0.00000,0.00000,24.00,14.00,14.00,0.2143,0.0000,-0.7886,0.0000,0,0
2026-08-25 17:28:04.874097,1390,flowbot,0.45772,0.01062,0.43770,0.00000,0.00000,0.00000,0.00000,24.00,14.00,14.00,0.2143,0.0000,-0.7886,0.0000,0,0
2026-08-25 17:28:04.924891,1391,flowbot,0.45772,0.01062,0.43770,0.00000,0.00000,0.00000,0.00000,24.00,14.00,14.00,0.2143,0.0000,-0.7886,0.0000,0,0
2026-08-25 17:28:04.979025,1392,flowbot,0.45772,0.01062,0.43770,0.00000,0.00000,0.00000,0.00000,24.00,14.00,14.00,0.5429,0.0000,-0.2714,0.0000,0,0
2026-08-25 17:28:05.031291,1393,flowbot,0.45772,0.01062,0.43770,0.00000,0.00000,0.00000,0.00000,24.00,14.00,14.00,0.5429,0.0000,-0.2714,0.0000,0,0
2026-08-25 17:28:05.085347,1394,flowbot,0.45772,0.01062,0.43770,0.00000,0.00000,0.00000,0.00000,24.00,14.00,14.00,0.5429,0.0000,-0.2714,0.0000,0,0
2026-08-25 17:28:05.134934,1395,flowbot,0.45772,0.01062,0.43770,0.00000,0.00000,0.00000,0.00000,24.00,14.00,14.00,0.5429,0.0000,-0.2714,0.0000,0,0
2026-08-25 17:28:05.185890,1396,flowbot,0.45772,0.01062,0.43770,0.00000,0.00000,0.00000,0.00000,25.00,14.00,14.00,1.0286,0.0000,0.0000,0.0000,0,0
2026-08-25 17:28:05.240743,1397,flowbot,0.45772,0.01062,0.43770,0.00000,0.00000,0.00000,0.00000,25.00,14.00,14.00,1.0286,0.0000,0.0000,0.0000,0,0
2026-08-25 17:28:05.291384,1398,flowbot,0.45772,0.01062,0.43770,0.00000,0.00000,0.00000,0.00000,25.00,14.00,14.00,1.0286,0.0000,0.0000,0.0000,0,0
2026-08-25 17:28:05.341500,1399,flowbot,0.45772,0.01062,0.43770,0.00000,0.00000,0.00000,0.00000,25.00,14.00,14.00,1.0286,0.0000,0.0000,0.0000,0,0
2026-08-25 17:28:05.393793,1400,flowbot,0.45772,0.01062,0.43770,0.00000,0.00000,0.00000,0.00000,26.00,14.00,14.00,1.0400,0.0000,0.0000,0.0000,0,0
2026-08-25 17:28:05.446604,1401,flowbot,0.45772,0.01062,0.43770,0.00000,0.00000,0.00000,0.00000,26.00,14.00,14.00,1.0400,0.0000,0.0000,0.0000,0,0
2026-08-25 17:28:05.497512,1402,flowbot,0.45772,0.01062,0.43770,0.00000,0.00000,0.00000,0.00000,26.00,14.00,14.00,1.0400,0.0000,0.0000,0.0000,0,0
2026-08-25 17:28:05.551235,1403,flowbot,0.45772,0.01062,0.43770,0.00000,0.00000,0.00000,0.00000,26.00,14.00,14.00,1.0400,0.0000,0.0000,0.0000,0,0
2026-08-25 17:28:05.600807,1404,flowbot,0.45772,0.01062,0.43770,0.00000,0.00000,0.00000,0.00000,26.00,13.00,13.00,0.5286,0.0000,-0.3657,0.0000,0,0
2026-08-25 17:28:05.654948,1405,flowbot,0.45772,0.01062,0.43770,0.00000,0.00000,0.00000,0.00000,26.00,13.00,13.00,0.5286,0.0000,-0.3657,0.0000,0,0
2026-08-25 17:28:05.703902,1406,flowbot,0.45772,0.01062,0.43770,0.00000,0.00000,0.00000,0.00000,26.00,13.00,13.00,0.5286,0.0000,-0.3657,0.0000,0,0
2026-08-25 17:28:05.755803,1407,flowbot,0.45772,0.01062,0.43770,0.00000,0.00000,0.00000,0.00000,26.00,13.00,13.00,0.5286,0.0000,-0.3657,0.0000,0,0
2026-08-25 17:28:05.807219,1408,flowbot,0.45772,0.01062,0.43770,0.00000,0.00000,0.00000,0.00000,26.00,13.00,13.00,0.5286,0.0000,-0.3657,0.0000,0,0
2026-08-25 17:28:05.862972,1409,flowbot,0.45772,0.01062,0.43770,0.00000,0.00000,0.00000,0.00000,25.00,12.00,12.00,0.1657,0.1143,-0.8086,0.0000,0,0
2026-08-25 17:28:05.918193,1410,flowbot,0.45772,0.01062,0.43770,0.00000,0.00000,0.00000,0.00000,25.00,12.00,12.00,0.1657,0.1143,-0.8086,0.0000,0,0
2026-08-25 17:28:05.968981,1411,flowbot,0.45772,0.01062,0.43770,0.00000,0.00000,0.00000,0.00000,25.00,12.00,12.00,0.1657,0.1143,-0.8086,0.0000,0,0
2026-08-25 17:28:06.021164,1412,flowbot,0.45772,0.01062,0.43770,0.00000,0.00000,0.00000,0.00000,25.00,12.00,12.00,0.1657,0.1143,-0.8086,0.0000,0,0
2026-08-25 17:28:06.077397,1413,flowbot,0.45772,0.01062,0.43770,0.00000,0.00000,0.00000,0.00000,24.00,11.00,11.00,0.2686,0.0000,-0.8914,0.0000,0,0
2026-08-25 17:28:06.128666,1414,flowbot,0.45772,0.01062,0.43770,0.00000,0.00000,0.00000,0.00000,24.00,11.00,11.00,0.2686,0.0000,-0.8914,0.0000,0,0
2026-08-25 17:28:06.182837,1415,flowbot,0.45772,0.01062,0.43770,0.00000,0.00000,0.00000,0.00000,24.00,11.00,11.00,0.2686,0.0000,-0.8914,0.0000,0,0
2026-08-25 17:28:06.235577,1416,flowbot,0.45772,0.01062,0.43770,0.00000,0.00000,0.00000,0.00000,24.00,10.00,10.00,0.3943,0.0000,-0.5114,0.0000,0,0
2026-08-25 17:28:06.286699,1417,flowbot,0.45772,0.01062,0.43770,0.00000,0.00000,0.00000,0.00000,24.00,10.00,10.00,0.3943,0.0000,-0.5114,0.0000,0,0
2026-08-25 17:28:06.340542,1418,flowbot,0.45772,0.01062,0.43770,0.00000,0.00000,0.00000,0.00000,24.00,10.00,10.00,0.3943,0.0000,-0.5114,0.0000,0,0
2026-08-25 17:28:06.395431,1419,flowbot,0.45772,0.01062,0.43770,0.00000,0.00000,0.00000,0.00000,24.00,10.00,10.00,0.3943,0.0000,-0.5114,0.0000,0,0
2026-08-25 17:28:06.442719,1420,flowbot,0.45772,0.01062,0.43770,0.00000,0.00000,0.00000,0.00000,24.00,10.00,10.00,0.3943,0.0000,-0.5114,0.0000,0,0
2026-08-25 17:28:06.497481,1421,flowbot,0.45772,0.01062,0.43770,0.00000,0.00000,0.00000,0.00000,25.00,10.00,10.00,0.9571,-0.1171,-0.1143,0.0000,0,0
2026-08-25 17:28:06.547157,1422,flowbot,0.45772,0.01062,0.43770,0.00000,0.00000,0.00000,0.00000,25.00,10.00,10.00,0.9571,-0.1171,-0.1143,0.0000,0,0
2026-08-25 17:28:06.603576,1423,flowbot,0.45772,0.01062,0.43770,0.00000,0.00000,0.00000,0.00000,25.00,10.00,10.00,0.9571,-0.1171,-0.1143,0.0000,0,0
2026-08-25 17:28:06.660388,1424,flowbot,0.45772,0.01062,0.43770,0.00000,0.00000,0.00000,0.00000,25.00,10.00,10.00,0.9571,-0.1171,-0.1143,0.0000,0,0
2026-08-25 17:28:06.717535,1425,flowbot,0.45772,0.01062,0.43770,0.00000,0.00000,0.00000,0.00000,26.00,10.00,10.00,1.0514,0.0000,0.0000,0.0000,0,0
2026-08-25 17:28:06.767713,1426,flowbot,0.45772,0.01062,0.43770,0.00000,0.00000,0.00000,0.00000,26.00,10.00,10.00,1.0514,0.0000,0.0000,0.0000,0,0
2026-08-25 17:28:06.821439,1427,flowbot,0.45772,0.01062,0.43770,0.00000,0.00000,0.00000,0.00000,26.00,10.00,10.00,1.0514,0.0000,0.0000,0.0000,0,0
2026-08-25 17:28:06.876877,1428,flowbot,0.45772,0.01062,0.43770,0.00000,0.00000,0.00000,0.00000,26.00,10.00,10.00,1.0514,0.0000,0.0000,0.0000,0,0
2026-08-25 17:28:06.934318,1429,flowbot,0.45772,0.01062,0.43770,0.00000,0.00000,0.00000,0.00000,26.00,10.00,10.00,0.3943,0.0000,0.0000,0.0000,0,0
2026-08-25 17:28:06.980045,1430,flowbot,0.45772,0.01062,0.43770,0.00000,0.00000,0.00000,0.00000,26.00,10.00,10.00,0.3943,0.0000,0.0000,0.0000,0,0
2026-08-25 17:28:07.036319,1431,flowbot,0.45772,0.01062,0.43770,0.00000,0.00000,0.00000,0.00000,26.00,10.00,10.00,0.3943,0.0000,0.0000,0.0000,0,0
2026-08-25 17:28:07.091563,1432,flowbot,0.45772,0.01062,0.43770,0.00000,0.00000,0.00000,0.00000,26.00,10.00,10.00,0.3943,0.0000,0.0000,0.0000,0,0
2026-08-25 17:28:07.151205,1433,flowbot,0.45772,0.01062,0.43770,0.00000,0.00000,0.00000,0.00000,25.00,9.00,9.00,0.2057,0.1086,-0.7971,0.0000,0,0
2026-08-25 17:28:07.199350,1434,flowbot,0.45772,0.01062,0.43770,0.00000,0.00000,0.00000,0.00000,25.00,9.00,9.00,0.2057,0.1086,-0.7971,0.0000,0,0
2026-08-25 17:28:07.249846,1435,flowbot,0.45772,0.01062,0.43770,0.00000,0.00000,0.00000,0.00000,25.00,9.00,9.00,0.2057,0.1086,-0.7971,0.0000,0,0
2026-08-25 17:28:07.306742,1436,flowbot,0.45772,0.01062,0.43770,0.00000,0.00000,0.00000,0.00000,25.00,9.00,9.00,0.2057,0.1086,-0.7971,0.0000,0,0
2026-08-25 17:28:07.360400,1437,flowbot,0.45772,0.01062,0.43770,0.00000,0.00000,0.00000,0.00000,24.00,8.00,7.00,0.2286,0.0000,-0.8629,0.0000,0,0
2026-08-25 17:28:07.416965,1438,flowbot,0.45772,0.01062,0.43770,0.00000,0.00000,0.00000,0.00000,24.00,8.00,7.00,0.2286,0.0000,-0.8629,0.0000,0,0
2026-08-25 17:28:07.469291,1439,flowbot,0.45772,0.01062,0.43770,0.00000,0.00000,0.00000,0.00000,24.00,8.00,7.00,0.2286,0.0000,-0.8629,0.0000,0,0
2026-08-25 17:28:07.523677,1440,flowbot,0.45772,0.01062,0.43770,0.00000,0.00000,0.00000,0.00000,24.00,8.00,7.00,0.2286,0.0000,-0.8629,0.0000,0,0
2026-08-25 17:28:07.582314,1441,flowbot,0.45772,0.01062,0.43770,0.00000,0.00000,0.00000,0.00000,24.00,6.00,6.00,0.2400,0.0000,-0.8657,0.0000,0,0
2026-08-25 17:28:07.637500,1442,flowbot,0.45772,0.01062,0.43770,0.00000,0.00000,0.00000,0.00000,24.00,6.00,6.00,0.2400,0.0000,-0.8657,0.0000,0,0
2026-08-25 17:28:07.689415,1443,flowbot,0.45772,0.01062,0.43770,0.00000,0.00000,0.00000,0.00000,24.00,6.00,6.00,0.2400,0.0000,-0.8657,0.0000,0,0
2026-08-25 17:28:07.741280,1444,flowbot,0.45772,0.01062,0.43770,0.00000,0.00000,0.00000,0.00000,24.00,6.00,6.00,0.2400,0.0000,-0.8657,0.0000,0,0
2026-08-25 17:28:07.795213,1445,flowbot,0.45772,0.01062,0.43770,0.00000,0.00000,0.00000,0.00000,24.00,6.00,5.00,0.6714,0.0000,-0.5800,0.0000,0,0
2026-08-25 17:28:07.848842,1446,flowbot,0.45772,0.01062,0.43770,0.00000,0.00000,0.00000,0.00000,24.00,6.00,5.00,0.6714,0.0000,-0.5800,0.0000,0,0
2026-08-25 17:28:07.900312,1447,flowbot,0.45772,0.01062,0.43770,0.00000,0.00000,0.00000,0.00000,24.00,6.00,5.00,0.6714,0.0000,-0.5800,0.0000,0,0
2026-08-25 17:28:07.952258,1448,flowbot,0.45772,0.01062,0.43770,0.00000,0.00000,0.00000,0.00000,24.00,5.00,5.00,0.8886,0.0000,-0.2657,0.0000,0,0
2026-08-25 17:28:08.005792,1449,flowbot,0.45772,0.01062,0.43770,0.00000,0.00000,0.00000,0.00000,24.00,5.00,5.00,0.8886,0.0000,-0.2657,0.0000,0,0
2026-08-25 17:28:08.056298,1450,flowbot,0.45772,0.01062,0.43770,0.00000,0.00000,0.00000,0.00000,24.00,5.00,5.00,0.8886,0.0000,-0.2657,0.0000,0,0
2026-08-25 17:28:08.114085,1451,flowbot,0.45772,0.01062,0.43770,0.00000,0.00000,0.00000,0.00000,24.00,5.00,5.00,0.8886,0.0000,-0.2657,0.0000,0,0
2026-08-25 17:28:08.162869,1452,flowbot,0.45772,0.01062,0.43770,0.00000,0.00000,0.00000,0.00000,25.00,5.00,5.00,0.6400,0.0000,-0.3943,0.0000,0,0
2026-08-25 17:28:08.216139,1453,flowbot,0.45772,0.01062,0.43770,0.00000,0.00000,0.00000,0.00000,25.00,5.00,5.00,0.6400,0.0000,-0.3943,0.0000,0,0
2026-08-25 17:28:08.271239,1454,flowbot,0.45772,0.01062,0.43770,0.00000,0.00000,0.00000,0.00000,25.00,5.00,5.00,0.6400,0.0000,-0.3943,0.0000,0,0
2026-08-25 17:28:08.326145,1455,flowbot,0.45772,0.01062,0.43770,0.00000,0.00000,0.00000,0.00000,25.00,5.00,5.00,0.6400,0.0000,-0.3943,0.0000,0,0
2026-08-25 17:28:08.377801,1456,flowbot,0.45772,0.01062,0.43770,0.00000,0.00000,0.00000,0.00000,24.00,4.00,4.00,0.1343,0.0000,-0.3143,0.0000,0,0
2026-08-25 17:28:08.434910,1457,flowbot,0.45772,0.01062,0.43770,0.00000,0.00000,0.00000,0.00000,24.00,4.00,4.00,0.1343,0.0000,-0.3143,0.0000,0,0
2026-08-25 17:28:08.486684,1458,flowbot,0.45772,0.01062,0.43770,0.00000,0.00000,0.00000,0.00000,24.00,4.00,4.00,0.1343,0.0000,-0.3143,0.0000,0,0
2026-08-25 17:28:08.541240,1459,flowbot,0.45772,0.01062,0.43770,0.00000,0.00000,0.00000,0.00000,24.00,4.00,4.00,0.1343,0.0000,-0.3143,0.0000,0,0
2026-08-25 17:28:08.594056,1460,flowbot,0.45772,0.01062,0.43770,0.00000,0.00000,0.00000,0.00000,24.00,3.00,3.00,0.2600,0.0000,-0.7286,0.0000,0,0
2026-08-25 17:28:08.648965,1461,flowbot,0.45772,0.01062,0.43770,0.00000,0.00000,0.00000,0.00000,24.00,3.00,3.00,0.2600,0.0000,-0.7286,0.0000,0,0
2026-08-25 17:28:08.699160,1462,flowbot,0.45772,0.01062,0.43770,0.00000,0.00000,0.00000,0.00000,24.00,3.00,3.00,0.2600,0.0000,-0.7286,0.0000,0,0
2026-08-25 17:28:08.752514,1463,flowbot,0.45772,0.01062,0.43770,0.00000,0.00000,0.00000,0.00000,24.00,3.00,3.00,0.2600,0.0000,-0.7286,0.0000,0,0
2026-08-25 17:28:08.803376,1464,flowbot,0.45772,0.01062,0.43770,0.00000,0.00000,0.00000,0.00000,23.00,2.00,2.00,0.1771,0.0000,-0.9600,0.0000,0,0
2026-08-25 17:28:08.859235,1465,flowbot,0.45772,0.01062,0.43770,0.00000,0.00000,0.00000,0.00000,23.00,2.00,2.00,0.1771,0.0000,-0.9600,0.0000,0,0
2026-08-25 17:28:08.910531,1466,flowbot,0.45772,0.01062,0.43770,0.00000,0.00000,0.00000,0.00000,23.00,2.00,2.00,0.1771,0.0000,-0.9600,0.0000,0,0
2026-08-25 17:28:08.962964,1467,flowbot,0.45772,0.01062,0.43770,0.00000,0.00000,0.00000,0.00000,23.00,2.00,2.00,0.1771,0.0000,-0.9600,0.0000,0,0
2026-08-25 17:28:09.012547,1468,flowbot,0.45772,0.01062,0.43770,0.00000,0.00000,0.00000,0.00000,22.00,1.00,1.00,0.4029,0.0000,-0.7857,0.0000,0,0
2026-08-25 17:28:09.064483,1469,flowbot,0.45772,0.01062,0.43770,0.00000,0.00000,0.00000,0.00000,22.00,1.00,1.00,0.4029,0.0000,-0.7857,0.0000,0,0
2026-08-25 17:28:09.117579,1470,flowbot,0.45772,0.01062,0.43770,0.00000,0.00000,0.00000,0.00000,22.00,1.00,1.00,0.4029,0.0000,-0.7857,0.0000,0,0
2026-08-25 17:28:09.170573,1471,flowbot,0.45772,0.01062,0.43770,0.00000,0.00000,0.00000,0.00000,22.00,1.00,1.00,0.4029,0.0000,-0.7857,0.0000,0,0
2026-08-25 17:28:09.222410,1472,flowbot,0.45772,0.01062,0.43770,0.00000,0.00000,0.00000,0.00000,23.00,0.00,0.00,0.6886,-0.1714,-0.5857,0.0000,0,0
2026-08-25 17:28:09.281440,1473,flowbot,0.45772,0.01062,0.43770,0.00000,0.00000,0.00000,0.00000,23.00,0.00,0.00,0.6886,-0.1714,-0.5857,0.0000,0,0
2026-08-25 17:28:09.334532,1474,flowbot,0.45772,0.01062,0.43770,0.00000,0.00000,0.00000,0.00000,23.00,0.00,0.00,0.6886,-0.1714,-0.5857,0.0000,0,0
2026-08-25 17:28:09.385411,1475,flowbot,0.45772,0.01062,0.43770,0.00000,0.00000,0.00000,0.00000,23.00,0.00,0.00,0.6886,-0.1714,-0.5857,0.0000,0,0
2026-08-25 17:28:09.435089,1476,flowbot,0.45772,0.01062,0.43770,0.00000,0.00000,0.00000,0.00000,23.00,0.00,0.00,0.8057,-0.1543,-0.3686,0.0000,0,0
2026-08-25 17:28:09.489817,1477,flowbot,0.45772,0.01062,0.43770,0.00000,0.00000,0.00000,0.00000,23.00,0.00,0.00,0.8057,-0.1543,-0.3686,0.0000,0,0
2026-08-25 17:28:09.543932,1478,flowbot,0.45772,0.01062,0.43770,0.00000,0.00000,0.00000,0.00000,23.00,0.00,0.00,0.8057,-0.1543,-0.3686,0.0000,0,0
2026-08-25 17:28:09.597993,1479,flowbot,0.45772,0.01062,0.43770,0.00000,0.00000,0.00000,0.00000,23.00,0.00,0.00,0.8057,-0.1543,-0.3686,0.0000,0,0
2026-08-25 17:28:09.648596,1480,flowbot,0.45772,0.01062,0.43770,0.00000,0.00000,0.00000,0.00000,24.00,0.00,0.00,0.7000,-0.1714,-0.3029,0.0000,0,0
2026-08-25 17:28:09.704732,1481,flowbot,0.45772,0.01062,0.43770,0.00000,0.00000,0.00000,0.00000,24.00,0.00,0.00,0.7000,-0.1714,-0.3029,0.0000,0,0
2026-08-25 17:28:09.756186,1482,flowbot,0.45772,0.01062,0.43770,0.00000,0.00000,0.00000,0.00000,24.00,0.00,0.00,0.7000,-0.1714,-0.3029,0.0000,0,0
2026-08-25 17:28:09.809299,1483,flowbot,0.45772,0.01062,0.43770,0.00000,0.00000,0.00000,0.00000,24.00,0.00,0.00,0.7000,-0.1714,-0.3029,0.0000,0,0
2026-08-25 17:28:09.862821,1484,flowbot,0.45772,0.01062,0.43770,0.00000,0.00000,0.00000,0.00000,24.00,0.00,0.00,0.5914,0.0000,-0.2257,0.0000,0,0
2026-08-25 17:28:09.916021,1485,flowbot,0.45772,0.01062,0.43770,0.00000,0.00000,0.00000,0.00000,24.00,0.00,0.00,0.5914,0.0000,-0.2257,0.0000,0,0
2026-08-25 17:28:09.970027,1486,flowbot,0.45772,0.01062,0.43770,0.00000,0.00000,0.00000,0.00000,24.00,0.00,0.00,0.5914,0.0000,-0.2257,0.0000,0,0
2026-08-25 17:28:10.022939,1487,flowbot,0.45772,0.01062,0.43770,0.00000,0.00000,0.00000,0.00000,24.00,0.00,0.00,0.5914,0.0000,-0.2257,0.0000,0,0
2026-08-25 17:28:10.076294,1488,flowbot,0.45772,0.01062,0.43770,0.00000,0.00000,0.00000,0.00000,25.00,0.00,0.00,0.3714,0.0000,0.0000,0.0000,0,0
2026-08-25 17:28:10.128443,1489,flowbot,0.45772,0.01062,0.43770,0.00000,0.00000,0.00000,0.00000,25.00,0.00,0.00,0.3714,0.0000,0.0000,0.0000,0,0
2026-08-25 17:28:10.182624,1490,flowbot,0.45772,0.01062,0.43770,0.00000,0.00000,0.00000,0.00000,25.00,0.00,0.00,0.3714,0.0000,0.0000,0.0000,0,0
2026-08-25 17:28:10.236264,1491,flowbot,0.45772,0.01062,0.43770,0.00000,0.00000,0.00000,0.00000,25.00,0.00,0.00,0.3714,0.0000,0.0000,0.0000,0,0
2026-08-25 17:28:10.289621,1492,flowbot,0.45772,0.01062,0.43770,0.00000,0.00000,0.00000,0.00000,25.00,0.00,0.00,0.0000,0.0000,0.0000,0.0000,0,0
2026-08-25 17:28:10.344079,1493,flowbot,0.45772,0.01062,0.43770,0.00000,0.00000,0.00000,0.00000,25.00,0.00,0.00,0.0000,0.0000,0.0000,0.0000,0,0
2026-08-25 17:28:10.396710,1494,flowbot,0.45772,0.01062,0.43770,0.00000,0.00000,0.00000,0.00000,25.00,0.00,0.00,0.0000,0.0000,0.0000,0.0000,0,0
2026-08-25 17:28:10.451639,1495,flowbot,0.45772,0.01062,0.43770,0.00000,0.00000,0.00000,0.00000,25.00,0.00,0.00,0.0000,0.0000,0.0000,0.0000,0,0
2026-08-25 17:28:10.501813,1496,flowbot,0.45772,0.01062,0.43770,0.00000,0.00000,0.00000,0.00000,24.00,0.00,0.00,0.2029,0.0000,-0.6543,0.0000,0,0
2026-08-25 17:28:10.556603,1497,flowbot,0.45772,0.01062,0.43770,0.00000,0.00000,0.00000,0.00000,24.00,0.00,0.00,0.2029,0.0000,-0.6543,0.0000,0,0
2026-08-25 17:28:10.609053,1498,flowbot,0.45772,0.01062,0.43770,0.00000,0.00000,0.00000,0.00000,24.00,0.00,0.00,0.2029,0.0000,-0.6543,0.0000,0,0
2026-08-25 17:28:10.661589,1499,flowbot,0.45772,0.01062,0.43770,0.00000,0.00000,0.00000,0.00000,24.00,0.00,0.00,0.2029,0.0000,-0.6543,0.0000,0,0
2026-08-25 17:28:10.711519,1500,flowbot,0.45772,0.01062,0.43770,0.00000,0.00000,0.00000,0.00000,24.00,0.00,0.00,0.2600,0.0000,-0.8857,0.0000,0,0
2026-08-25 17:28:10.765247,1501,flowbot,0.45772,0.01062,0.43770,0.00000,0.00000,0.00000,0.00000,24.00,0.00,0.00,0.2600,0.0000,-0.8857,0.0000,0,0
2026-08-25 17:28:10.820986,1502,flowbot,0.45772,0.01062,0.43770,0.00000,0.00000,0.00000,0.00000,24.00,0.00,0.00,0.2600,0.0000,-0.8857,0.0000,0,0
2026-08-25 17:28:10.869018,1503,flowbot,0.45772,0.01062,0.43770,0.00000,0.00000,0.00000,0.00000,24.00,0.00,0.00,0.2600,0.0000,-0.8857,0.0000,0,0
2026-08-25 17:28:10.919319,1504,flowbot,0.45772,0.01062,0.43770,0.00000,0.00000,0.00000,0.00000,25.00,0.00,0.00,0.7543,-0.1743,-0.3771,0.0000,0,0
2026-08-25 17:28:10.974560,1505,flowbot,0.45772,0.01062,0.43770,0.00000,0.00000,0.00000,0.00000,25.00,0.00,0.00,0.7543,-0.1743,-0.3771,0.0000,0,0
2026-08-25 17:28:11.025166,1506,flowbot,0.45772,0.01062,0.43770,0.00000,0.00000,0.00000,0.00000,25.00,0.00,0.00,0.7543,-0.1743,-0.3771,0.0000,0,0
2026-08-25 17:28:11.076913,1507,flowbot,0.45772,0.01062,0.43770,0.00000,0.00000,0.00000,0.00000,25.00,0.00,0.00,0.7543,-0.1743,-0.3771,0.0000,0,0
2026-08-25 17:28:11.128648,1508,flowbot,0.45772,0.01062,0.43770,0.00000,0.00000,0.00000,0.00000,26.00,0.00,0.00,0.9543,-0.1343,-0.1400,0.0000,0,0
2026-08-25 17:28:11.186641,1509,flowbot,0.45772,0.01062,0.43770,0.00000,0.00000,0.00000,0.00000,26.00,0.00,0.00,0.9543,-0.1343,-0.1400,0.0000,0,0
2026-08-25 17:28:11.238713,1510,flowbot,0.45772,0.01062,0.43770,0.00000,0.00000,0.00000,0.00000,26.00,0.00,0.00,0.9543,-0.1343,-0.1400,0.0000,0,0
2026-08-25 17:28:11.293155,1511,flowbot,0.45772,0.01062,0.43770,0.00000,0.00000,0.00000,0.00000,26.00,0.00,0.00,0.9543,-0.1343,-0.1400,0.0000,0,0
2026-08-25 17:28:11.348596,1512,flowbot,0.45772,0.01062,0.43770,0.00000,0.00000,0.00000,0.00000,26.00,0.00,0.00,0.5000,0.0000,0.0000,0.0000,0,0
2026-08-25 17:28:11.394995,1513,flowbot,0.45772,0.01062,0.43770,0.00000,0.00000,0.00000,0.00000,26.00,0.00,0.00,0.5000,0.0000,0.0000,0.0000,0,0
2026-08-25 17:28:11.450050,1514,flowbot,0.45772,0.01062,0.43770,0.00000,0.00000,0.00000,0.00000,26.00,0.00,0.00,0.5000,0.0000,0.0000,0.0000,0,0
2026-08-25 17:28:11.504003,1515,flowbot,0.45772,0.01062,0.43770,0.00000,0.00000,0.00000,0.00000,26.00,0.00,0.00,0.5000,0.0000,0.0000,0.0000,0,0
2026-08-25 17:28:11.552862,1516,flowbot,0.45772,0.01062,0.43770,0.00000,0.00000,0.00000,0.00000,26.00,0.00,0.00,0.0000,0.0000,0.0000,0.0000,0,0
2026-08-25 17:28:11.614163,1517,flowbot,0.45772,0.01062,0.43770,0.00000,0.00000,0.00000,0.00000,26.00,0.00,0.00,0.0000,0.0000,0.0000,0.0000,0,0
2026-08-25 17:28:11.662632,1518,flowbot,0.45772,0.01062,0.43770,0.00000,0.00000,0.00000,0.00000,26.00,0.00,0.00,0.0000,0.0000,0.0000,0.0000,0,0
2026-08-25 17:28:11.719550,1519,flowbot,0.45772,0.01062,0.43770,0.00000,0.00000,0.00000,0.00000,26.00,0.00,0.00,0.0000,0.0000,0.0000,0.0000,0,0
2026-08-25 17:28:11.769233,1520,flowbot,0.45772,0.01062,0.43770,0.00000,0.00000,0.00000,0.00000,26.00,0.00,0.00,0.0000,0.0000,0.0000,0.0000,0,0
2026-08-25 17:28:11.824783,1521,flowbot,0.45772,0.01062,0.43770,0.00000,0.00000,0.00000,0.00000,26.00,0.00,0.00,0.0000,0.0000,0.0000,0.0000,0,0
2026-08-25 17:28:11.872329,1522,flowbot,0.45772,0.01062,0.43770,0.00000,0.00000,0.00000,0.00000,26.00,0.00,0.00,0.0000,0.0000,0.0000,0.0000,0,0
2026-08-25 17:28:11.929064,1523,flowbot,0.45772,0.01062,0.43770,0.00000,0.00000,0.00000,0.00000,26.00,0.00,0.00,0.0000,0.0000,0.0000,0.0000,0,0
2026-08-25 17:28:11.986292,1524,flowbot,0.45772,0.01062,0.43770,0.00000,0.00000,0.00000,0.00000,26.00,0.00,0.00,0.0000,0.0000,0.0000,0.0000,0,0
2026-08-25 17:28:12.041236,1525,flowbot,0.45772,0.01062,0.43770,0.00000,0.00000,0.00000,0.00000,26.00,0.00,0.00,0.0000,0.0000,0.0000,0.0000,0,0
2026-08-25 17:28:12.094924,1526,flowbot,0.45772,0.01062,0.43770,0.00000,0.00000,0.00000,0.00000,26.00,0.00,0.00,0.0000,0.0000,0.0000,0.0000,0,0
2026-08-25 17:28:12.141978,1527,flowbot,0.45772,0.01062,0.43770,0.00000,0.00000,0.00000,0.00000,26.00,0.00,0.00,0.0000,0.0000,0.0000,0.0000,0,0
2026-08-25 17:28:12.197387,1528,flowbot,0.45772,0.01062,0.43770,0.00000,0.00000,0.00000,0.00000,26.00,0.00,0.00,0.0000,0.0000,0.0000,0.0000,0,0
2026-08-25 17:28:12.253272,1529,flowbot,0.45772,0.01062,0.43770,0.00000,0.00000,0.00000,0.00000,26.00,0.00,0.00,0.0000,0.0000,0.0000,0.0000,0,0
2026-08-25 17:28:12.306603,1530,flowbot,0.45772,0.01062,0.43770,0.00000,0.00000,0.00000,0.00000,26.00,0.00,0.00,0.0000,0.0000,0.0000,0.0000,0,0
2026-08-25 17:28:12.355566,1531,flowbot,0.45772,0.01062,0.43770,0.00000,0.00000,0.00000,0.00000,26.00,0.00,0.00,0.0000,0.0000,0.0000,0.0000,0,0
2026-08-25 17:28:12.411037,1532,flowbot,0.45772,0.01062,0.43770,0.00000,0.00000,0.00000,0.00000,26.00,0.00,0.00,0.0000,0.0000,0.0000,0.0000,0,0
2026-08-25 17:28:12.464262,1533,flowbot,0.45772,0.01062,0.43770,0.00000,0.00000,0.00000,0.00000,26.00,0.00,0.00,0.0000,0.0000,0.0000,0.0000,0,0
2026-08-25 17:28:12.522351,1534,flowbot,0.45772,0.01062,0.43770,0.00000,0.00000,0.00000,0.00000,26.00,0.00,0.00,0.0000,0.0000,0.0000,0.0000,0,0
2026-08-25 17:28:12.571247,1535,flowbot,0.45772,0.01062,0.43770,0.00000,0.00000,0.00000,0.00000,26.00,0.00,0.00,0.0000,0.0000,0.0000,0.0000,0,0
2026-08-25 17:28:12.626491,1536,flowbot,0.45772,0.01062,0.43770,0.00000,0.00000,0.00000,0.00000,26.00,0.00,0.00,0.0000,0.3400,0.0000,0.0000,0,0
2026-08-25 17:28:12.676902,1537,flowbot,0.45772,0.01062,0.43770,0.00000,0.00000,0.00000,0.00000,26.00,0.00,0.00,0.0000,0.3400,0.0000,0.0000,0,0
2026-08-25 17:28:12.735864,1538,flowbot,0.45772,0.01062,0.43770,0.00000,0.00000,0.00000,0.00000,26.00,0.00,0.00,0.0000,0.3400,0.0000,0.0000,0,0
2026-08-25 17:28:12.781152,1539,flowbot,0.45772,0.01062,0.43770,0.00000,0.00000,0.00000,0.00000,26.00,0.00,0.00,0.0000,0.3400,0.0000,0.0000,0,0
2026-08-25 17:28:12.836642,1540,flowbot,0.45772,0.01062,0.43770,0.00000,0.00000,0.00000,0.00000,26.00,0.00,0.00,0.0000,0.0000,0.0000,0.0000,0,0
2026-08-25 17:28:12.893356,1541,flowbot,0.45772,0.01062,0.43770,0.00000,0.00000,0.00000,0.00000,26.00,0.00,0.00,0.0000,0.0000,0.0000,0.0000,0,0
2026-08-25 17:28:12.945588,1542,flowbot,0.45772,0.01062,0.43770,0.00000,0.00000,0.00000,0.00000,26.00,0.00,0.00,0.0000,0.0000,0.0000,0.0000,0,0
2026-08-25 17:28:12.995499,1543,flowbot,0.45772,0.01062,0.43770,0.00000,0.00000,0.00000,0.00000,26.00,0.00,0.00,0.0000,0.0000,0.0000,0.0000,0,0
2026-08-25 17:28:13.047594,1544,flowbot,0.45772,0.01062,0.43770,0.00000,0.00000,0.00000,0.00000,26.00,0.00,0.00,0.0000,0.0000,0.0000,0.0000,0,0
2026-08-25 17:28:13.100207,1545,flowbot,0.45772,0.01062,0.43770,0.00000,0.00000,0.00000,0.00000,26.00,0.00,0.00,0.0000,0.0000,0.0000,0.0000,0,0
2026-08-25 17:28:13.152174,1546,flowbot,0.45772,0.01062,0.43770,0.00000,0.00000,0.00000,0.00000,26.00,0.00,0.00,0.0000,0.0000,0.0000,0.0000,0,0
2026-08-25 17:28:13.203481,1547,franka,0.45772,0.01062,0.43770,0.00000,0.00000,0.00000,0.00000,26.00,0.00,0.00,0.0000,0.0000,0.0000,0.0000,1,0
2026-08-25 17:28:13.257375,1548,franka,0.45772,0.01061,0.43770,0.00000,0.00000,0.00000,0.00000,26.00,0.00,0.00,0.0200,0.0000,0.0000,0.0000,0,0
2026-08-25 17:28:13.311287,1549,franka,0.45771,0.01061,0.43770,0.00000,0.00000,0.00000,0.00000,26.00,0.00,0.00,0.0257,0.0000,0.0000,0.0000,0,0
2026-08-25 17:28:13.364873,1550,franka,0.45772,0.01061,0.43770,0.00000,0.00000,0.00000,0.00000,26.00,0.00,0.00,0.0229,0.0000,0.0000,0.0000,0,0
2026-08-25 17:28:13.419719,1551,franka,0.45772,0.01061,0.43770,0.00000,0.00000,0.00000,0.00000,26.00,0.00,0.00,0.0257,0.0000,0.0000,0.0000,0,0
2026-08-25 17:28:13.473677,1552,franka,0.45772,0.01061,0.43769,0.00000,0.00000,0.00000,0.00000,26.00,0.00,0.00,0.0114,0.0000,0.0000,0.0000,0,0
2026-08-25 17:28:13.527611,1553,franka,0.45772,0.01061,0.43770,0.00000,0.00000,0.00000,0.00000,26.00,0.00,0.00,0.0000,0.0000,0.0000,0.0000,0,0
2026-08-25 17:28:13.581359,1554,franka,0.45772,0.01061,0.43769,0.00000,0.00000,0.00000,0.00000,26.00,0.00,0.00,0.0000,0.0000,0.0000,0.0000,0,0
2026-08-25 17:28:13.635160,1555,franka,0.45772,0.01061,0.43769,0.00000,0.00000,0.00000,0.00000,26.00,0.00,0.00,0.0000,0.0000,0.0000,0.0000,0,0
2026-08-25 17:28:13.688876,1556,franka,0.45772,0.01061,0.43770,0.00000,0.00000,0.00000,0.00000,26.00,0.00,0.00,0.0000,0.0000,0.0000,0.0000,0,0
2026-08-25 17:28:13.742304,1557,franka,0.45772,0.01061,0.43770,0.00000,0.00000,0.00000,0.00000,26.00,0.00,0.00,0.0000,0.0000,0.0000,0.0000,0,0
2026-08-25 17:28:13.795748,1558,franka,0.45772,0.01061,0.43769,0.00000,0.00000,0.00000,0.00000,26.00,0.00,0.00,0.0000,0.0000,0.0000,0.0000,0,0
2026-08-25 17:28:13.850762,1559,franka,0.45772,0.01061,0.43770,0.00000,0.00000,0.00000,0.00000,26.00,0.00,0.00,0.0000,0.0000,0.0000,0.0000,0,0
2026-08-25 17:28:13.904341,1560,franka,0.45771,0.01061,0.43769,0.00000,0.00000,0.00000,0.00000,26.00,0.00,0.00,0.0000,0.0000,0.0000,0.0000,0,0
2026-08-25 17:28:13.958102,1561,franka,0.45771,0.01061,0.43769,0.00000,0.00000,0.00000,0.00000,26.00,0.00,0.00,0.0000,0.0000,0.0000,0.0000,0,0
2026-08-25 17:28:14.011842,1562,franka,0.45772,0.01061,0.43769,0.00000,0.00000,0.00000,0.00000,26.00,0.00,0.00,0.0000,0.0000,0.0000,0.0000,0,0
2026-08-25 17:28:14.065439,1563,franka,0.45772,0.01061,0.43769,0.00000,0.00000,0.00000,0.00000,26.00,0.00,0.00,0.0000,0.0000,0.0000,0.0000,0,0
2026-08-25 17:28:14.119774,1564,franka,0.45771,0.01061,0.43769,0.00000,0.00000,0.00000,0.00000,26.00,0.00,0.00,0.0000,0.0000,0.0000,0.0000,0,0
2026-08-25 17:28:14.173476,1565,franka,0.45772,0.01061,0.43769,0.00000,0.00000,0.00000,0.00000,26.00,0.00,0.00,0.0000,0.0000,0.0000,0.0000,0,0
2026-08-25 17:28:14.226949,1566,franka,0.45771,0.01061,0.43769,0.00000,0.00000,0.00000,0.00000,26.00,0.00,0.00,0.0000,0.0000,0.0000,0.0000,0,0
2026-08-25 17:28:14.280361,1567,franka,0.45771,0.01061,0.43769,0.00000,0.00000,0.00000,0.00000,26.00,0.00,0.00,0.0000,0.0000,0.0000,0.0000,0,0
2026-08-25 17:28:14.334635,1568,franka,0.45772,0.01061,0.43769,0.00000,0.00000,0.00000,0.00000,26.00,0.00,0.00,0.0000,0.0000,0.0000,0.0000,0,0
2026-08-25 17:28:14.388503,1569,franka,0.45772,0.01061,0.43769,0.00000,0.00000,0.00000,0.00000,26.00,0.00,0.00,0.0000,0.0000,0.0000,0.0000,0,0
2026-08-25 17:28:14.441965,1570,franka,0.45772,0.01061,0.43769,0.00000,0.00000,0.00000,0.00000,26.00,0.00,0.00,0.0000,0.0000,0.0000,0.0000,0,0
2026-08-25 17:28:14.495636,1571,franka,0.45771,0.01061,0.43769,0.00000,0.00000,0.00000,0.00000,26.00,0.00,0.00,0.0000,0.0000,0.0000,0.0000,0,0
2026-08-25 17:28:14.549158,1572,franka,0.45771,0.01061,0.43769,0.00000,0.00000,0.00000,0.00000,26.00,0.00,0.00,0.0000,0.0000,0.0000,0.0000,0,0
2026-08-25 17:28:14.602751,1573,franka,0.45771,0.01061,0.43769,0.00000,0.00000,0.00000,0.00000,26.00,0.00,0.00,0.0000,0.0000,0.0000,0.0000,0,0
2026-08-25 17:28:14.656568,1574,franka,0.45772,0.01061,0.43769,0.00000,0.00000,0.00000,0.00000,26.00,0.00,0.00,0.0000,0.0000,0.0000,0.0000,0,0
2026-08-25 17:28:14.710141,1575,franka,0.45771,0.01061,0.43769,0.00000,0.00000,0.00000,0.00000,26.00,0.00,0.00,0.0000,0.0000,0.0000,0.0000,0,0
2026-08-25 17:28:14.763741,1576,franka,0.45772,0.01061,0.43769,0.00000,0.00000,0.00000,0.00000,26.00,0.00,0.00,0.0000,0.0000,0.0000,0.0000,0,0
2026-08-25 17:28:14.817246,1577,franka,0.45772,0.01061,0.43769,0.00000,0.00000,0.00000,0.00000,26.00,0.00,0.00,0.0000,0.0000,0.0000,0.0000,0,0
2026-08-25 17:28:14.870866,1578,franka,0.45772,0.01061,0.43769,0.00000,0.00000,0.00000,0.00000,26.00,0.00,0.00,0.0000,0.0000,0.0000,0.0000,0,0
2026-08-25 17:28:14.925204,1579,franka,0.45772,0.01061,0.43769,0.00000,0.00000,0.00000,0.00000,26.00,0.00,0.00,0.0000,0.0000,0.0000,0.0000,0,0
2026-08-25 17:28:14.978918,1580,franka,0.45771,0.01061,0.43769,0.00000,0.00000,0.00000,0.00000,26.00,0.00,0.00,0.0000,0.0000,0.0000,0.0000,0,0
2026-08-25 17:28:15.032532,1581,franka,0.45772,0.01061,0.43769,0.00000,0.00000,0.00000,0.00000,26.00,0.00,0.00,0.0000,0.0000,0.0000,0.0000,0,0
2026-08-25 17:28:15.086384,1582,franka,0.45771,0.01061,0.43769,0.00000,0.00000,0.00000,0.00000,26.00,0.00,0.00,0.0000,0.0000,0.0000,0.0000,0,1
2026-08-25 17:28:15.139972,1583,franka,0.45772,0.01061,0.43769,0.00000,0.00000,0.00000,0.00000,26.00,0.00,0.00,0.0000,0.0000,0.0000,0.0000,0,1
2026-08-25 17:28:15.193823,1584,franka,0.45772,0.01061,0.43769,0.00000,0.00000,0.00000,0.00000,26.00,0.00,0.00,0.0000,0.0000,0.0000,0.0000,0,1
2026-08-25 17:28:15.247737,1585,franka,0.45772,0.01061,0.43769,0.00000,0.00000,0.00000,0.00000,26.00,0.00,0.00,0.0000,0.0000,0.0000,0.0000,0,0
2026-08-25 17:28:15.301609,1586,franka,0.45772,0.01061,0.43769,0.00000,0.00000,0.00000,0.00000,26.00,0.00,0.00,0.0000,0.0000,0.0000,0.0000,0,0
2026-08-25 17:28:15.355545,1587,franka,0.45771,0.01061,0.43769,0.00000,0.00000,0.00000,0.00000,26.00,0.00,0.00,0.0000,0.0000,0.0000,0.0000,0,0
2026-08-25 17:28:15.409336,1588,franka,0.45771,0.01061,0.43769,0.00000,0.00000,0.00000,0.00000,26.00,0.00,0.00,0.0000,0.0000,0.0000,0.0000,0,0
2026-08-25 17:28:15.463500,1589,franka,0.45771,0.01061,0.43769,0.00000,0.00000,0.00000,0.00000,26.00,0.00,0.00,0.0000,0.0000,0.0000,0.0000,0,0
2026-08-25 17:28:15.517365,1590,franka,0.45771,0.01061,0.43769,0.00000,0.00000,0.00000,0.00000,26.00,0.00,0.00,0.0000,0.0000,0.0000,0.0000,0,0
2026-08-25 17:28:15.571847,1591,franka,0.45772,0.01061,0.43769,0.00000,0.00000,0.00000,0.00000,26.00,0.00,0.00,0.0000,0.0000,0.0000,0.0000,0,0
2026-08-25 17:28:15.625494,1592,franka,0.45772,0.01061,0.43769,0.00000,0.00000,0.00000,0.00000,26.00,0.00,0.00,0.0000,0.0000,0.0000,0.0000,0,0
2026-08-25 17:28:15.679315,1593,franka,0.45771,0.01061,0.43769,0.00000,0.00000,0.00000,0.00000,26.00,0.00,0.00,0.0000,0.0000,0.0000,0.0000,0,0
2026-08-25 17:28:15.733338,1594,franka,0.45771,0.01061,0.43769,0.00000,0.00000,0.00000,0.00000,26.00,0.00,0.00,0.0000,0.0000,0.0000,0.0000,0,0
2026-08-25 17:28:15.787668,1595,franka,0.45771,0.01061,0.43769,0.00000,0.00000,0.00000,0.00000,26.00,0.00,0.00,0.0000,0.0000,0.0000,0.0000,0,0
2026-08-25 17:28:15.841329,1596,franka,0.45771,0.01061,0.43769,0.00000,0.00000,0.00000,0.00000,26.00,0.00,0.00,0.0000,0.0000,0.0000,0.0000,0,0
2026-08-25 17:28:15.894943,1597,franka,0.45771,0.01061,0.43769,0.00000,0.00000,0.00000,0.00000,26.00,0.00,0.00,0.0000,0.0000,0.0000,0.0000,0,0
2026-08-25 17:28:15.951247,1598,franka,0.45771,0.01061,0.43769,0.00000,0.00000,0.00000,0.00000,26.00,0.00,0.00,0.0000,0.0000,0.0000,0.0000,0,0
2026-08-25 17:28:16.000478,1599,franka,0.45772,0.01061,0.43769,0.00000,0.00000,0.00000,0.00000,26.00,0.00,0.00,0.0000,0.0000,0.0000,0.0000,0,0
2026-08-25 17:28:16.054421,1600,franka,0.45771,0.01061,0.43769,0.00000,0.00000,0.00000,0.00000,26.00,0.00,0.00,0.0000,0.0000,0.0000,0.0000,0,0
2026-08-25 17:28:16.107889,1601,franka,0.45772,0.01061,0.43769,0.00000,0.00000,0.00000,0.00000,26.00,0.00,0.00,0.0000,0.0000,0.0000,0.0000,0,0
2026-08-25 17:28:16.162621,1602,franka,0.45771,0.01061,0.43769,0.00000,0.00000,0.00000,0.00000,26.00,0.00,0.00,0.0000,0.0000,0.0000,0.0000,0,0
2026-08-25 17:28:16.216241,1603,franka,0.45771,0.01061,0.43769,0.00000,0.00000,0.00000,0.00000,26.00,0.00,0.00,0.0000,0.0000,0.0000,0.0000,0,0
2026-08-25 17:28:16.269763,1604,franka,0.45771,0.01061,0.43769,0.00000,0.00000,0.00000,0.00000,26.00,0.00,0.00,0.0000,0.0000,0.0000,0.0000,0,0
2026-08-25 17:28:16.323202,1605,franka,0.45772,0.01060,0.43769,0.00000,0.00000,0.00000,0.00000,26.00,0.00,0.00,0.0000,0.0029,0.0000,0.0000,0,0
2026-08-25 17:28:16.377012,1606,franka,0.45772,0.01061,0.43769,0.00000,0.00000,0.00000,0.00000,26.00,0.00,0.00,0.0000,0.0000,0.0000,0.0000,0,0
2026-08-25 17:28:16.430389,1607,franka,0.45771,0.01061,0.43769,0.00000,0.00000,0.00000,0.00000,26.00,0.00,0.00,0.0000,0.0000,0.0000,0.0000,0,0
2026-08-25 17:28:16.484368,1608,franka,0.45771,0.01061,0.43769,0.00000,0.00000,0.00000,0.00000,26.00,0.00,0.00,0.0086,0.0000,0.0000,0.0000,0,0
2026-08-25 17:28:16.538052,1609,franka,0.45771,0.01061,0.43769,0.00000,0.00000,0.00000,0.00000,26.00,0.00,0.00,0.0114,0.0000,0.0000,0.0000,0,0
2026-08-25 17:28:16.591844,1610,franka,0.45771,0.01061,0.43769,0.00000,0.00000,0.00000,0.00000,26.00,0.00,0.00,0.0000,0.0000,0.0171,0.0000,0,0
2026-08-25 17:28:16.645637,1611,franka,0.45771,0.01061,0.43769,0.00000,0.00000,0.00000,0.00000,26.00,0.00,0.00,0.0057,0.0000,0.0000,0.0000,0,0
2026-08-25 17:28:16.699329,1612,franka,0.45771,0.01061,0.43769,0.00000,0.00000,0.00000,0.00000,26.00,0.00,0.00,0.0000,0.0000,0.0000,0.0000,0,0
2026-08-25 17:28:16.752707,1613,franka,0.45771,0.01061,0.43769,0.00000,0.00000,0.00000,0.00000,26.00,0.00,0.00,0.0000,0.0000,0.0000,0.0000,0,0
2026-08-25 17:28:16.806692,1614,franka,0.45771,0.01061,0.43769,0.00000,0.00000,0.00000,0.00000,26.00,0.00,0.00,0.0000,0.0000,0.0000,0.0000,0,0
2026-08-25 17:28:16.860427,1615,franka,0.45771,0.01061,0.43769,0.00000,0.00000,0.00000,0.00000,26.00,0.00,0.00,0.0000,0.0000,0.0000,0.0000,0,0
2026-08-25 17:28:16.914191,1616,franka,0.45771,0.01061,0.43769,0.00000,0.00000,0.00000,0.00000,26.00,0.00,0.00,0.0000,0.0000,0.0000,0.0000,0,0
2026-08-25 17:28:16.968975,1617,franka,0.45772,0.01061,0.43769,0.00000,0.00000,0.00000,0.00000,26.00,0.00,0.00,0.0000,0.0000,0.0000,0.0000,0,0
2026-08-25 17:28:17.019590,1618,franka,0.45771,0.01061,0.43769,0.00000,0.00000,0.00000,0.00000,26.00,0.00,0.00,0.0000,0.0000,0.0000,0.0000,0,0
2026-08-25 17:28:17.073420,1619,franka,0.45771,0.01061,0.43769,0.00000,0.00000,0.00000,0.00000,26.00,0.00,0.00,0.0029,0.0000,0.0000,0.0000,0,0
2026-08-25 17:28:17.127110,1620,franka,0.45772,0.01061,0.43769,0.00000,0.00000,0.00000,0.00000,26.00,0.00,0.00,0.0600,0.0000,0.0000,0.0000,0,0
2026-08-25 17:28:17.180776,1621,franka,0.45771,0.01061,0.43769,0.00000,0.00000,0.00000,0.00000,26.00,0.00,0.00,0.1200,0.0000,0.0286,0.0000,0,0
2026-08-25 17:28:17.234293,1622,franka,0.45772,0.01061,0.43769,0.00000,0.00000,0.00000,0.00000,26.00,0.00,0.00,0.1629,0.0000,0.0714,0.0000,0,0
2026-08-25 17:28:17.287869,1623,franka,0.45772,0.01061,0.43769,0.00000,0.00000,0.00000,0.00000,26.00,0.00,0.00,0.1886,0.0000,0.0400,0.0000,0,0
2026-08-25 17:28:17.341546,1624,franka,0.45771,0.01061,0.43769,0.00000,0.00000,0.00000,0.00000,26.00,0.00,0.00,0.2000,0.0000,0.0286,0.0000,0,0
2026-08-25 17:28:17.395456,1625,franka,0.45772,0.01063,0.43769,0.00000,0.00612,0.00000,0.00000,26.00,0.00,0.00,0.2514,0.0000,0.0457,0.0000,0,0
2026-08-25 17:28:17.449106,1626,franka,0.45771,0.01119,0.43768,0.00000,0.01500,0.00000,0.00000,26.00,0.00,0.00,0.2914,0.0000,0.0543,0.0000,0,0
2026-08-25 17:28:17.502589,1627,franka,0.45770,0.01204,0.43766,0.00000,0.01500,0.00000,0.00000,26.00,0.00,0.00,0.3057,0.0000,0.0571,0.0000,0,0
2026-08-25 17:28:17.556603,1628,franka,0.45771,0.01279,0.43767,0.00000,0.01500,0.00000,0.00000,26.00,0.00,0.00,0.3343,0.0000,0.0600,0.0000,0,0
2026-08-25 17:28:17.610211,1629,franka,0.45771,0.01433,0.43767,0.00000,0.01500,0.00000,0.00000,26.00,0.00,0.00,0.3543,-0.0057,0.0771,0.0000,0,0
2026-08-25 17:28:17.664121,1630,franka,0.45771,0.01506,0.43767,0.00000,0.01500,0.00000,0.00000,26.00,0.00,0.00,0.3514,0.0000,0.0800,0.0000,0,0
2026-08-25 17:28:17.718031,1631,franka,0.45771,0.01581,0.43767,0.00000,0.01500,0.00000,0.00000,26.00,0.00,0.00,0.3486,0.0000,0.0829,0.0000,0,0
2026-08-25 17:28:17.771962,1632,franka,0.45770,0.01660,0.43767,0.00000,0.01500,0.00000,0.00000,26.00,0.00,0.00,0.3429,0.0000,0.0886,0.0000,0,0
2026-08-25 17:28:17.825985,1633,franka,0.45771,0.01734,0.43767,0.00000,0.01500,0.00000,0.00000,26.00,0.00,0.00,0.3457,0.0000,0.0971,0.0000,0,0
2026-08-25 17:28:17.879790,1634,franka,0.45770,0.01809,0.43765,0.00000,0.01500,0.00000,0.00000,26.00,0.00,0.00,0.3514,0.0000,0.1314,0.0000,0,0
2026-08-25 17:28:17.933946,1635,franka,0.45770,0.01887,0.43766,0.00000,0.01500,0.00000,0.00000,26.00,0.00,0.00,0.3429,0.0000,0.1343,0.0000,0,0
2026-08-25 17:28:17.987991,1636,franka,0.45770,0.01960,0.43766,0.00000,0.01500,0.00000,0.00000,26.00,0.00,0.00,0.3086,0.0000,0.2000,0.0057,0,0
2026-08-25 17:28:18.041647,1637,franka,0.45771,0.02034,0.43769,0.00000,0.01224,0.00677,0.00000,26.00,0.00,0.00,0.2600,0.0000,0.2543,0.0314,0,0
2026-08-25 17:28:18.095064,1638,franka,0.45770,0.02092,0.43818,0.00000,0.01061,0.01061,0.00000,26.00,0.00,0.00,0.1429,0.0057,0.3457,0.0600,0,0
2026-08-25 17:28:18.148659,1639,franka,0.45770,0.02120,0.43883,0.00000,0.00000,0.01500,0.00000,26.00,0.00,0.00,0.0857,0.0257,0.4600,0.0971,0,0
2026-08-25 17:28:18.202472,1640,franka,0.45771,0.02121,0.43958,0.00000,0.00000,0.01500,0.00000,26.00,0.00,0.00,0.0486,0.0229,0.5029,0.1000,0,0
2026-08-25 17:28:18.256132,1641,franka,0.45771,0.02121,0.44029,0.00000,-0.00000,0.01500,0.00000,26.00,0.00,0.00,0.0486,0.0171,0.5086,0.1000,0,0
2026-08-25 17:28:18.309732,1642,franka,0.45771,0.02125,0.44106,0.00000,-0.00000,0.01500,0.00000,26.00,0.00,0.00,0.0514,0.0000,0.4514,0.0914,0,0
2026-08-25 17:28:18.363397,1643,franka,0.45771,0.02124,0.44181,0.00000,0.00000,0.01500,0.00000,26.00,0.00,0.00,0.0914,0.0000,0.3714,0.0829,0,0
2026-08-25 17:28:18.417032,1644,franka,0.45771,0.02126,0.44332,0.00000,0.00000,0.01500,0.00000,26.00,0.00,0.00,0.1400,0.0000,0.2743,0.0829,0,0
2026-08-25 17:28:18.470598,1645,franka,0.45771,0.02124,0.44409,0.00000,0.00000,0.01500,0.00000,26.00,0.00,0.00,0.2000,0.0000,0.2257,0.0714,0,0
2026-08-25 17:28:18.524120,1646,franka,0.45772,0.02137,0.44479,0.00000,0.01060,0.01061,0.00000,26.00,0.00,0.00,0.2629,0.0000,0.1914,0.0771,0,0
2026-08-25 17:28:18.577786,1647,franka,0.45772,0.02194,0.44517,0.00000,0.01500,0.00000,0.00000,26.00,0.00,0.00,0.3229,0.0000,0.1829,0.0857,0,0
2026-08-25 17:28:18.631569,1648,franka,0.45771,0.02275,0.44516,0.00000,0.01500,0.00000,0.00000,26.00,0.00,0.00,0.3543,0.0000,0.1686,0.0943,0,0
2026-08-25 17:28:18.685127,1649,franka,0.45771,0.02351,0.44516,0.00000,0.01500,-0.00000,0.00000,26.00,0.00,0.00,0.3771,0.0000,0.1257,0.0914,0,0
2026-08-25 17:28:18.738679,1650,franka,0.45770,0.02427,0.44516,0.00000,0.01500,-0.00000,0.00000,26.00,0.00,0.00,0.3886,0.0000,0.1143,0.0857,0,0
2026-08-25 17:28:18.792736,1651,franka,0.45770,0.02505,0.44517,0.00000,0.01500,0.00000,0.00000,26.00,0.00,0.00,0.4000,0.0000,0.1086,0.0829,0,0
2026-08-25 17:28:18.846107,1652,franka,0.45771,0.02580,0.44515,0.00000,0.01500,0.00000,0.00000,26.00,0.00,0.00,0.4057,0.0000,0.1143,0.0800,0,0
2026-08-25 17:28:18.900028,1653,franka,0.45771,0.02654,0.44516,0.00000,0.01500,0.00000,0.00000,26.00,0.00,0.00,0.4143,0.0000,0.1229,0.0800,0,0
2026-08-25 17:28:18.953897,1654,franka,0.45770,0.02732,0.44517,0.00000,0.01500,0.00000,0.00000,26.00,0.00,0.00,0.4171,0.0000,0.1286,0.0771,0,0
2026-08-25 17:28:19.007538,1655,franka,0.45771,0.02807,0.44516,0.00000,0.01500,0.00000,0.00000,26.00,0.00,0.00,0.4171,0.0000,0.1343,0.0714,0,0
2026-08-25 17:28:19.061915,1656,franka,0.45770,0.02883,0.44515,0.00000,0.01500,0.00000,0.00000,26.00,0.00,0.00,0.4200,0.0000,0.1457,0.0714,0,0
2026-08-25 17:28:19.115589,1657,franka,0.45771,0.02960,0.44516,0.00000,0.01500,0.00000,0.00000,26.00,0.00,0.00,0.4171,0.0000,0.1514,0.0686,0,0
2026-08-25 17:28:19.169473,1658,franka,0.45770,0.03034,0.44517,0.00000,0.01500,0.00000,0.00000,26.00,0.00,0.00,0.4257,0.0000,0.1686,0.0686,0,0
2026-08-25 17:28:19.223367,1659,franka,0.45771,0.03111,0.44516,0.00000,0.01500,0.00000,0.00000,26.00,0.00,0.00,0.4257,0.0000,0.1657,0.0686,0,0
2026-08-25 17:28:19.276930,1660,franka,0.45771,0.03187,0.44516,0.00000,0.01500,0.00000,0.00000,26.00,0.00,0.00,0.4286,0.0000,0.1829,0.0686,0,0
2026-08-25 17:28:19.331555,1661,franka,0.45771,0.03339,0.44517,0.00000,0.01500,0.00000,0.00000,26.00,0.00,0.00,0.4229,0.0000,0.1857,0.0686,0,0
2026-08-25 17:28:19.385236,1662,franka,0.45771,0.03414,0.44516,0.00000,0.01500,0.00000,0.00000,26.00,0.00,0.00,0.4200,0.0000,0.1914,0.0686,0,0
2026-08-25 17:28:19.439024,1663,franka,0.45771,0.03491,0.44517,0.00000,0.01500,0.00000,0.00000,26.00,0.00,0.00,0.4143,0.0000,0.1886,0.0657,0,0
2026-08-25 17:28:19.493092,1664,franka,0.45771,0.03566,0.44517,0.00000,0.01500,0.00000,0.00000,26.00,0.00,0.00,0.4143,0.0000,0.1829,0.0657,0,0
2026-08-25 17:28:19.546799,1665,franka,0.45771,0.03642,0.44517,0.00000,0.01500,0.00000,0.00000,26.00,0.00,0.00,0.4200,0.0000,0.1886,0.0629,0,0
2026-08-25 17:28:19.600893,1666,franka,0.45771,0.03717,0.44517,0.00000,0.01500,0.00000,0.00000,26.00,0.00,0.00,0.4200,0.0000,0.1886,0.0600,0,0
2026-08-25 17:28:19.654548,1667,franka,0.45771,0.03792,0.44517,0.00000,0.01500,0.00000,0.00000,26.00,0.00,0.00,0.4200,0.0000,0.1886,0.0600,0,0
2026-08-25 17:28:19.708526,1668,franka,0.45771,0.03867,0.44517,0.00000,0.01500,0.00000,0.00000,26.00,0.00,0.00,0.4143,0.0000,0.1943,0.0571,0,0
2026-08-25 17:28:19.762673,1669,franka,0.45771,0.03941,0.44517,0.00000,0.01500,0.00000,0.00000,26.00,0.00,0.00,0.4171,0.0000,0.2171,0.0571,0,0
2026-08-25 17:28:19.816381,1670,franka,0.45771,0.04006,0.44551,0.00000,0.01061,0.01061,0.00000,26.00,0.00,0.00,0.4086,0.0000,0.2143,0.0514,0,0
2026-08-25 17:28:19.869818,1671,franka,0.45771,0.04058,0.44607,0.00000,0.01061,0.01061,0.00000,26.00,0.00,0.00,0.4114,0.0000,0.2200,0.0486,0,0
2026-08-25 17:28:19.925902,1672,franka,0.45770,0.04111,0.44657,0.00000,0.01061,0.01061,0.00000,26.00,0.00,0.00,0.4000,0.0000,0.2171,0.0457,0,0
2026-08-25 17:28:19.975419,1673,franka,0.45770,0.04166,0.44711,0.00000,0.01061,0.01061,0.00000,26.00,0.00,0.00,0.3829,0.0000,0.1971,0.0400,0,0
2026-08-25 17:28:20.029364,1674,franka,0.45770,0.04220,0.44757,0.00000,0.01387,0.00254,0.00000,26.00,0.00,0.00,0.3486,-0.0257,0.1429,0.0200,0,0
2026-08-25 17:28:20.083034,1675,franka,0.45770,0.04289,0.44763,0.00000,0.01500,0.00000,0.00000,26.00,0.00,0.00,0.2029,-0.0886,0.0486,0.0000,0,0
2026-08-25 17:28:20.134843,1676,franka,0.45770,0.04407,0.44760,0.00000,0.00000,-0.00000,0.00000,26.00,0.00,0.00,0.0000,0.0000,0.0000,0.0000,0,0
2026-08-25 17:28:20.188571,1677,franka,0.45771,0.04401,0.44762,0.00000,0.00000,-0.00000,0.00000,26.00,0.00,0.00,0.0000,0.0000,0.0000,0.0000,0,0
2026-08-25 17:28:20.242376,1678,franka,0.45771,0.04401,0.44761,0.00000,0.00000,-0.00000,0.00000,26.00,0.00,0.00,0.0000,0.0000,0.0000,0.0000,0,0
2026-08-25 17:28:20.295742,1679,franka,0.45771,0.04405,0.44761,0.00000,-0.00000,-0.00000,0.00000,26.00,0.00,0.00,0.0000,0.0000,0.0000,0.0000,0,0
2026-08-25 17:28:20.349682,1680,franka,0.45771,0.04403,0.44761,0.00000,-0.00000,-0.00000,0.00000,26.00,0.00,0.00,0.0086,0.0000,0.0000,0.0000,0,0
2026-08-25 17:28:20.403319,1681,franka,0.45771,0.04403,0.44761,0.00000,-0.00000,-0.00000,0.00000,26.00,0.00,0.00,0.1914,0.0000,0.0000,-0.0514,0,0
2026-08-25 17:28:20.456931,1682,franka,0.45771,0.04404,0.44761,0.00000,-0.00000,0.00000,0.00000,26.00,0.00,0.00,0.3429,0.0000,0.0000,-0.1400,0,0
2026-08-25 17:28:20.510803,1683,franka,0.45771,0.04442,0.44760,0.00000,0.01500,0.00000,0.00000,26.00,0.00,0.00,0.4400,0.0000,0.0000,-0.1571,0,0
2026-08-25 17:28:20.564390,1684,franka,0.45770,0.04527,0.44761,0.00000,0.01500,0.00000,0.00000,26.00,0.00,0.00,0.4971,0.0000,0.0000,-0.1629,0,0
2026-08-25 17:28:20.618194,1685,franka,0.45770,0.04606,0.44761,0.00000,0.01500,0.00000,0.00000,26.00,0.00,0.00,0.5600,0.0000,0.0000,-0.1800,0,0
2026-08-25 17:28:20.671919,1686,franka,0.45771,0.04675,0.44761,0.00000,0.01500,0.00000,0.00000,26.00,0.00,0.00,0.5743,-0.0114,0.0000,-0.1914,0,0
2026-08-25 17:28:20.725873,1687,franka,0.45770,0.04757,0.44762,0.00000,0.01500,0.00000,0.00000,26.00,0.00,0.00,0.5714,-0.0229,0.0000,-0.2000,0,0
2026-08-25 17:28:20.779472,1688,franka,0.45770,0.04834,0.44762,0.00000,0.01500,0.00000,0.00000,26.00,0.00,0.00,0.5629,-0.0286,0.0000,-0.2000,0,0
2026-08-25 17:28:20.833601,1689,franka,0.45771,0.04907,0.44761,0.00000,0.01500,0.00000,0.00000,26.00,0.00,0.00,0.5600,-0.0514,0.0000,-0.2200,0,0
2026-08-25 17:28:20.887864,1690,franka,0.45770,0.04984,0.44761,0.00000,0.01500,0.00000,0.00000,26.00,0.00,0.00,0.5714,-0.0486,0.0000,-0.2229,0,0
2026-08-25 17:28:20.941630,1691,franka,0.45770,0.05059,0.44763,0.00000,0.01500,0.00000,0.00000,26.00,0.00,0.00,0.5743,-0.0486,0.0000,-0.2257,0,0
2026-08-25 17:28:20.995495,1692,franka,0.45771,0.05133,0.44761,0.00000,0.01500,0.00000,0.00000,26.00,0.00,0.00,0.5800,-0.0457,0.0000,-0.2257,0,0
2026-08-25 17:28:21.049129,1693,franka,0.45771,0.05286,0.44762,0.00000,0.01500,0.00000,0.00000,26.00,0.00,0.00,0.5771,-0.0429,0.0000,-0.2257,0,0
2026-08-25 17:28:21.102853,1694,franka,0.45771,0.05362,0.44762,0.00000,0.01500,0.00000,0.00000,26.00,0.00,0.00,0.5657,-0.0400,0.0000,-0.2229,0,0
2026-08-25 17:28:21.156436,1695,franka,0.45771,0.05438,0.44761,0.00000,0.01500,0.00000,0.00000,26.00,0.00,0.00,0.5514,-0.0400,0.0000,-0.2229,0,0
2026-08-25 17:28:21.210174,1696,franka,0.45771,0.05514,0.44762,0.00000,0.01500,0.00000,0.00000,26.00,0.00,0.00,0.5286,-0.0343,0.0000,-0.2171,0,0
2026-08-25 17:28:21.263811,1697,franka,0.45771,0.05589,0.44763,0.00000,0.01500,0.00000,0.00000,26.00,0.00,0.00,0.5314,-0.0314,0.0000,-0.2171,0,0
2026-08-25 17:28:21.317529,1698,franka,0.45771,0.05665,0.44762,0.00000,0.01500,0.00000,0.00000,26.00,0.00,0.00,0.4943,-0.0343,0.0000,-0.2143,0,0
2026-08-25 17:28:21.371417,1699,franka,0.45771,0.05740,0.44762,0.00000,0.01500,0.00000,0.00000,26.00,0.00,0.00,0.4743,-0.0314,0.0000,-0.2086,0,0
2026-08-25 17:28:21.425190,1700,franka,0.45771,0.05817,0.44762,0.00000,0.01500,0.00000,0.00000,26.00,0.00,0.00,0.4714,-0.0257,0.0000,-0.2057,0,0
2026-08-25 17:28:21.479863,1701,franka,0.45771,0.05892,0.44762,0.00000,0.01500,0.00000,0.00000,26.00,0.00,0.00,0.4943,-0.0229,0.0000,-0.2057,0,0
2026-08-25 17:28:21.533556,1702,franka,0.45771,0.05968,0.44762,0.00000,0.01500,0.00000,0.00000,26.00,0.00,0.00,0.5000,-0.0229,0.0000,-0.2057,0,0
2026-08-25 17:28:21.587306,1703,franka,0.45771,0.06044,0.44762,0.00000,0.01500,0.00000,0.00000,26.00,0.00,0.00,0.5029,-0.0200,0.0000,-0.2057,0,0
2026-08-25 17:28:21.641066,1704,franka,0.45771,0.06119,0.44762,0.00000,0.01500,0.00000,0.00000,26.00,0.00,0.00,0.4971,-0.0200,0.0000,-0.2057,0,0
2026-08-25 17:28:21.694735,1705,franka,0.45771,0.06195,0.44762,0.00000,0.01500,0.00000,0.00000,26.00,0.00,0.00,0.4971,-0.0200,0.0000,-0.2057,0,0
2026-08-25 17:28:21.748391,1706,franka,0.45771,0.06271,0.44762,0.00000,0.01500,0.00000,0.00000,26.00,0.00,0.00,0.4914,-0.0200,0.0000,-0.2057,0,0
2026-08-25 17:28:21.802069,1707,franka,0.45771,0.06346,0.44762,0.00000,0.01500,0.00000,0.00000,26.00,0.00,0.00,0.4943,-0.0171,0.0000,-0.2029,0,0
2026-08-25 17:28:21.855561,1708,franka,0.45771,0.06500,0.44762,0.00000,0.01500,0.00000,0.00000,26.00,0.00,0.00,0.5029,-0.0171,0.0000,-0.2029,0,0
2026-08-25 17:28:21.909352,1709,franka,0.45771,0.06575,0.44762,0.00000,0.01500,0.00000,0.00000,26.00,0.00,0.00,0.5029,-0.0143,0.0000,-0.2057,0,0
2026-08-25 17:28:21.963386,1710,franka,0.45771,0.06652,0.44761,0.00000,0.01500,0.00000,0.00000,26.00,0.00,0.00,0.5000,-0.0114,0.0000,-0.2029,0,0
2026-08-25 17:28:22.017030,1711,franka,0.45771,0.06728,0.44761,0.00000,0.01500,0.00000,0.00000,26.00,0.00,0.00,0.5029,-0.0114,0.0000,-0.2029,0,0
2026-08-25 17:28:22.071434,1712,franka,0.45771,0.06804,0.44761,0.00000,0.01500,0.00000,0.00000,26.00,0.00,0.00,0.5029,-0.0114,0.0000,-0.2029,0,0
2026-08-25 17:28:22.124869,1713,franka,0.45771,0.06878,0.44761,0.00000,0.01500,0.00000,0.00000,26.00,0.00,0.00,0.5086,-0.0114,0.0000,-0.2029,0,0
2026-08-25 17:28:22.179122,1714,franka,0.45771,0.06955,0.44760,0.00000,0.01500,0.00000,0.00000,26.00,0.00,0.00,0.5171,-0.0114,0.0000,-0.2057,0,0
2026-08-25 17:28:22.232705,1715,franka,0.45771,0.07032,0.44760,0.00000,0.01500,0.00000,0.00000,26.00,0.00,0.00,0.5257,-0.0114,0.0000,-0.2057,0,0
2026-08-25 17:28:22.287770,1716,franka,0.45771,0.07109,0.44761,0.00000,0.01500,0.00000,0.00000,26.00,0.00,0.00,0.5343,-0.0086,0.0000,-0.2057,0,0
2026-08-25 17:28:22.341630,1717,franka,0.45771,0.07183,0.44760,0.00000,0.01500,0.00000,0.00000,26.00,0.00,0.00,0.5343,-0.0086,0.0000,-0.2057,0,0
2026-08-25 17:28:22.395833,1718,franka,0.45770,0.07260,0.44760,0.00000,0.01500,0.00000,0.00000,26.00,0.00,0.00,0.5343,-0.0114,0.0000,-0.2057,0,0
2026-08-25 17:28:22.449583,1719,franka,0.45770,0.07335,0.44760,0.00000,0.01500,0.00000,0.00000,26.00,0.00,0.00,0.5286,-0.0143,0.0000,-0.2086,0,0
2026-08-25 17:28:22.503442,1720,franka,0.45771,0.07410,0.44760,0.00000,0.01500,0.00000,0.00000,26.00,0.00,0.00,0.5286,-0.0143,0.0000,-0.2086,0,0
2026-08-25 17:28:22.557067,1721,franka,0.45771,0.07486,0.44761,0.00000,0.01500,0.00000,0.00000,26.00,0.00,0.00,0.5343,-0.0143,0.0000,-0.2086,0,0
2026-08-25 17:28:22.610850,1722,franka,0.45771,0.07561,0.44761,0.00000,0.01500,0.00000,0.00000,26.00,0.00,0.00,0.5429,-0.0086,0.0000,-0.2086,0,0
2026-08-25 17:28:22.664499,1723,franka,0.45771,0.07713,0.44761,0.00000,0.01500,0.00000,0.00000,26.00,0.00,0.00,0.5629,0.0000,0.0000,-0.2057,0,0
2026-08-25 17:28:22.718266,1724,franka,0.45771,0.07790,0.44761,0.00000,0.01500,0.00000,0.00000,26.00,0.00,0.00,0.5714,-0.0086,0.0000,-0.2143,0,0
2026-08-25 17:28:22.772152,1725,franka,0.45771,0.07865,0.44761,0.00000,0.01500,0.00000,0.00000,26.00,0.00,0.00,0.5771,0.0000,0.0000,-0.2143,0,0
2026-08-25 17:28:22.826952,1726,franka,0.45771,0.07940,0.44762,0.00000,0.01500,0.00000,0.00000,26.00,0.00,0.00,0.5714,-0.0029,0.0000,-0.2171,0,0
2026-08-25 17:28:22.880716,1727,franka,0.45771,0.08016,0.44762,0.00000,0.01500,0.00000,0.00000,26.00,0.00,0.00,0.5657,0.0000,0.0000,-0.2171,0,0
2026-08-25 17:28:22.934645,1728,franka,0.45771,0.08092,0.44762,0.00000,0.01500,0.00000,0.00000,26.00,0.00,0.00,0.5743,-0.0029,0.0000,-0.2200,0,0
2026-08-25 17:28:22.988460,1729,franka,0.45771,0.08167,0.44762,0.00000,0.01500,0.00000,0.00000,26.00,0.00,0.00,0.5743,-0.0057,0.0000,-0.2200,0,0
2026-08-25 17:28:23.041989,1730,franka,0.45771,0.08244,0.44762,0.00000,0.01500,0.00000,0.00000,26.00,0.00,0.00,0.5743,-0.0057,0.0000,-0.2200,0,0
2026-08-25 17:28:23.095681,1731,franka,0.45771,0.08321,0.44762,0.00000,0.01500,0.00000,0.00000,26.00,0.00,0.00,0.5771,0.0000,0.0000,-0.2229,0,0
2026-08-25 17:28:23.149319,1732,franka,0.45771,0.08397,0.44762,0.00000,0.01500,0.00000,0.00000,26.00,0.00,0.00,0.5657,0.0000,0.0000,-0.2229,0,0
2026-08-25 17:28:23.203050,1733,franka,0.45771,0.08474,0.44763,0.00000,0.01500,0.00000,0.00000,26.00,0.00,0.00,0.5857,0.0000,0.0000,-0.2257,0,0
2026-08-25 17:28:23.254270,1734,franka,0.45771,0.08549,0.44762,0.00000,0.01500,0.00000,0.00000,26.00,0.00,0.00,0.5914,0.0000,0.0000,-0.2257,0,0
2026-08-25 17:28:23.308357,1735,franka,0.45771,0.08624,0.44763,0.00000,0.01500,0.00000,0.00000,26.00,0.00,0.00,0.5886,0.0000,0.0000,-0.2229,0,0
2026-08-25 17:28:23.361947,1736,franka,0.45771,0.08698,0.44763,0.00000,0.01500,0.00000,0.00000,26.00,0.00,0.00,0.5829,0.0000,0.0000,-0.2200,0,0
2026-08-25 17:28:23.415397,1737,franka,0.45771,0.08775,0.44762,0.00000,0.01500,0.00000,0.00000,26.00,0.00,0.00,0.5771,0.0000,0.0000,-0.2171,0,0
2026-08-25 17:28:23.469454,1738,franka,0.45771,0.08851,0.44762,0.00000,0.01500,0.00000,0.00000,26.00,0.00,0.00,0.5771,0.0000,0.0000,-0.2171,0,0
2026-08-25 17:28:23.523453,1739,franka,0.45771,0.08927,0.44761,0.00000,0.01500,0.00000,0.00000,26.00,0.00,0.00,0.5629,0.0000,0.0000,-0.2171,0,0
2026-08-25 17:28:23.577369,1740,franka,0.45771,0.09078,0.44761,0.00000,0.01500,0.00000,0.00000,26.00,0.00,0.00,0.5714,0.0000,0.0000,-0.2171,0,0
2026-08-25 17:28:23.631110,1741,franka,0.45771,0.09155,0.44761,0.00000,0.01500,0.00000,0.00000,26.00,0.00,0.00,0.5886,0.0000,0.0000,-0.2171,0,0
2026-08-25 17:28:23.684868,1742,franka,0.45771,0.09231,0.44761,0.00000,0.01500,0.00000,0.00000,26.00,0.00,0.00,0.6000,0.0000,0.0000,-0.2171,0,0
2026-08-25 17:28:23.738405,1743,franka,0.45771,0.09307,0.44761,0.00000,0.01500,0.00000,0.00000,26.00,0.00,0.00,0.6114,0.0000,0.0000,-0.2229,0,0
2026-08-25 17:28:23.792192,1744,franka,0.45770,0.09382,0.44761,0.00000,0.01500,0.00000,0.00000,26.00,0.00,0.00,0.5914,0.0000,0.0000,-0.2343,0,0
2026-08-25 17:28:23.845688,1745,franka,0.45771,0.09457,0.44761,0.00000,0.01500,0.00000,0.00000,26.00,0.00,0.00,0.5771,0.0000,0.0000,-0.2343,0,0
2026-08-25 17:28:23.897277,1746,franka,0.45770,0.09534,0.44761,0.00000,0.01500,0.00000,0.00000,26.00,0.00,0.00,0.5686,0.0000,0.0000,-0.2314,0,0
2026-08-25 17:28:23.950775,1747,franka,0.45770,0.09611,0.44760,0.00000,0.01500,0.00000,0.00000,26.00,0.00,0.00,0.5714,0.0000,0.0000,-0.2286,0,0
2026-08-25 17:28:24.005050,1748,franka,0.45770,0.09686,0.44760,0.00000,0.01500,0.00000,0.00000,26.00,0.00,0.00,0.4686,0.0000,0.0000,-0.1914,0,0
2026-08-25 17:28:24.058582,1749,franka,0.45770,0.09762,0.44761,0.00000,0.01500,0.00000,0.00000,26.00,0.00,0.00,0.2257,-0.0143,0.0000,-0.1714,0,0
2026-08-25 17:28:24.112369,1750,franka,0.45771,0.09837,0.44761,0.00000,0.01500,0.00000,0.00000,26.00,0.00,0.00,0.0000,0.0000,0.0000,0.0000,0,0
2026-08-25 17:28:24.165759,1751,franka,0.45771,0.09888,0.44763,0.00000,0.00001,0.00000,0.00000,26.00,0.00,0.00,0.0000,0.0000,0.0000,0.0000,0,0
2026-08-25 17:28:24.219215,1752,franka,0.45770,0.09890,0.44761,0.00000,0.00000,0.00000,0.00000,26.00,0.00,0.00,-0.0057,0.0000,0.0000,0.0000,0,0
2026-08-25 17:28:24.272781,1753,franka,0.45772,0.09884,0.44762,0.00000,-0.00000,0.00000,0.00000,26.00,0.00,0.00,0.0000,-0.0343,0.0000,0.0000,0,0
2026-08-25 17:28:24.326468,1754,franka,0.45771,0.09889,0.44761,0.00000,-0.00000,0.00000,0.00000,26.00,0.00,0.00,0.0000,-0.0286,0.0000,0.0000,0,0
2026-08-25 17:28:24.380094,1755,franka,0.45771,0.09888,0.44761,0.00000,-0.00000,0.00000,0.00000,26.00,0.00,0.00,0.0000,-0.0457,0.0000,0.0000,0,0
2026-08-25 17:28:24.434417,1756,franka,0.45771,0.09887,0.44761,0.00000,-0.00000,0.00000,0.00000,26.00,0.00,0.00,0.0286,-0.1057,0.0000,0.0257,0,0
2026-08-25 17:28:24.488262,1757,franka,0.45771,0.09888,0.44761,0.00000,-0.00000,0.00000,0.00000,26.00,0.00,0.00,0.0343,-0.1514,0.0000,0.0343,0,0
2026-08-25 17:28:24.542558,1758,franka,0.45771,0.09888,0.44761,0.00000,-0.00000,0.00000,0.00000,26.00,0.00,0.00,0.0514,-0.1829,0.0000,0.0543,0,0
2026-08-25 17:28:24.596383,1759,franka,0.45771,0.09888,0.44761,0.00000,-0.00000,0.00000,0.00000,26.00,0.00,0.00,0.0686,-0.2400,0.0000,0.0743,0,0
2026-08-25 17:28:24.650140,1760,franka,0.45799,0.09891,0.44758,0.01500,-0.00000,0.00000,0.00000,26.00,0.00,0.00,0.0886,-0.2914,-0.0114,0.0943,0,0
2026-08-25 17:28:24.704500,1761,franka,0.45874,0.09894,0.44764,0.01500,-0.00000,0.00000,0.00000,26.00,0.00,0.00,0.0914,-0.3171,-0.0143,0.1029,0,0
2026-08-25 17:28:24.756180,1762,franka,0.45950,0.09892,0.44760,0.01500,-0.00000,0.00000,0.00000,26.00,0.00,0.00,0.1086,-0.3657,-0.0229,0.1200,0,0
2026-08-25 17:28:24.810115,1763,franka,0.46026,0.09891,0.44759,0.01500,-0.00000,0.00000,0.00000,26.00,0.00,0.00,0.1114,-0.4143,-0.0257,0.1314,0,0
2026-08-25 17:28:24.864406,1764,franka,0.46102,0.09893,0.44765,0.01500,-0.00000,0.00000,0.00000,26.00,0.00,0.00,0.1229,-0.4514,-0.0343,0.1457,0,0
2026-08-25 17:28:24.918039,1765,franka,0.46177,0.09893,0.44759,0.01500,-0.00000,0.00000,0.00000,26.00,0.00,0.00,0.1229,-0.4943,-0.0343,0.1486,0,0
2026-08-25 17:28:24.972584,1766,franka,0.46254,0.09892,0.44758,0.01500,-0.00000,0.00000,0.00000,26.00,0.00,0.00,0.1257,-0.5000,-0.0343,0.1514,0,0
2026-08-25 17:28:25.026886,1767,franka,0.46329,0.09893,0.44763,0.01500,-0.00000,0.00000,0.00000,26.00,0.00,0.00,0.1257,-0.4829,-0.0314,0.1514,0,0
2026-08-25 17:28:25.080678,1768,franka,0.46405,0.09893,0.44764,0.01500,-0.00000,0.00000,0.00000,26.00,0.00,0.00,0.1229,-0.4657,-0.0314,0.1486,0,0
2026-08-25 17:28:25.134922,1769,franka,0.46480,0.09892,0.44759,0.01500,-0.00000,0.00000,0.00000,26.00,0.00,0.00,0.1143,-0.4457,-0.0286,0.1429,0,0
2026-08-25 17:28:25.189112,1770,franka,0.46556,0.09893,0.44760,0.01500,-0.00000,0.00000,0.00000,26.00,0.00,0.00,0.1143,-0.4657,-0.0286,0.1429,0,0
2026-08-25 17:28:25.243061,1771,franka,0.46632,0.09893,0.44762,0.01500,-0.00000,0.00000,0.00000,26.00,0.00,0.00,0.1200,-0.4714,-0.0286,0.1429,0,0
2026-08-25 17:28:25.296807,1772,franka,0.46785,0.09893,0.44761,0.01500,-0.00000,0.00000,0.00000,26.00,0.00,0.00,0.1229,-0.4800,-0.0314,0.1457,0,0
2026-08-25 17:28:25.350669,1773,franka,0.46860,0.09893,0.44762,0.01500,-0.00000,0.00000,0.00000,26.00,0.00,0.00,0.1229,-0.4714,-0.0314,0.1457,0,0
2026-08-25 17:28:25.404589,1774,franka,0.46936,0.09893,0.44763,0.01500,-0.00000,0.00000,0.00000,26.00,0.00,0.00,0.1057,-0.4171,-0.0286,0.1343,0,0
2026-08-25 17:28:25.458211,1775,franka,0.47011,0.09893,0.44759,0.01500,-0.00000,0.00000,0.00000,26.00,0.00,0.00,0.0543,-0.2257,0.0000,0.0657,0,0
2026-08-25 17:28:25.511964,1776,franka,0.47073,0.09893,0.44765,0.00070,-0.00000,0.00000,0.00000,26.00,0.00,0.00,0.0000,0.0000,0.0000,0.0000,0,0
2026-08-25 17:28:25.565756,1777,franka,0.47075,0.09892,0.44759,0.00000,-0.00000,0.00000,0.00000,26.00,0.00,0.00,0.0000,0.0000,0.0000,0.0000,0,0
2026-08-25 17:28:25.619291,1778,franka,0.47074,0.09892,0.44761,-0.00000,-0.00000,0.00000,0.00000,26.00,0.00,0.00,0.0000,0.0000,0.0000,0.0000,0,0
2026-08-25 17:28:25.672855,1779,franka,0.47074,0.09893,0.44763,-0.00000,-0.00000,0.00000,0.00000,26.00,0.00,0.00,0.0000,0.0000,0.0000,0.0000,0,0
2026-08-25 17:28:25.727053,1780,franka,0.47075,0.09891,0.44757,-0.00000,-0.00000,0.00000,0.00000,26.00,0.00,0.00,0.0000,0.0000,0.0000,0.0000,0,0
2026-08-25 17:28:25.780918,1781,franka,0.47075,0.09891,0.44761,-0.00000,-0.00000,0.00000,0.00000,26.00,0.00,0.00,0.0000,0.0000,0.0000,0.0000,0,0
2026-08-25 17:28:25.834425,1782,franka,0.47074,0.09891,0.44762,-0.00000,-0.00000,0.00000,0.00000,26.00,0.00,0.00,0.0000,0.0000,0.0000,0.0000,0,0
2026-08-25 17:28:25.888543,1783,franka,0.47075,0.09891,0.44759,-0.00000,-0.00000,0.00000,0.00000,26.00,0.00,0.00,0.0000,0.0000,0.0000,0.0000,0,0
2026-08-25 17:28:25.942339,1784,franka,0.47075,0.09891,0.44760,-0.00000,-0.00000,0.00000,0.00000,26.00,0.00,0.00,0.0000,0.0000,0.0000,0.0000,0,0
2026-08-25 17:28:25.995982,1785,franka,0.47075,0.09891,0.44762,-0.00000,-0.00000,0.00000,0.00000,26.00,0.00,0.00,0.0057,0.0000,0.0000,0.0000,0,0
2026-08-25 17:28:26.049688,1786,franka,0.47075,0.09891,0.44760,-0.00000,-0.00000,0.00000,0.00000,26.00,0.00,0.00,0.0200,0.0000,-0.0143,0.0000,0,0
2026-08-25 17:28:26.103143,1787,franka,0.47075,0.09891,0.44761,-0.00000,-0.00000,0.00000,0.00000,26.00,0.00,0.00,0.0314,0.0000,-0.0200,0.0000,0,0
2026-08-25 17:28:26.156862,1788,franka,0.47075,0.09891,0.44761,-0.00000,-0.00000,0.00000,0.00000,26.00,0.00,0.00,0.0314,0.0000,-0.0486,0.0000,0,0
2026-08-25 17:28:26.211853,1789,franka,0.47075,0.09891,0.44760,-0.00000,-0.00000,0.00000,0.00000,26.00,0.00,0.00,0.0257,0.0000,-0.0829,0.0000,0,0
2026-08-25 17:28:26.265797,1790,franka,0.47075,0.09891,0.44761,-0.00000,-0.00000,0.00000,0.00000,26.00,0.00,0.00,0.0457,0.0000,-0.0829,0.0000,0,0
2026-08-25 17:28:26.319404,1791,franka,0.47075,0.09891,0.44760,-0.00000,-0.00000,0.00000,0.00000,26.00,0.00,0.00,0.0486,0.0000,-0.0971,0.0000,0,0
2026-08-25 17:28:26.373084,1792,franka,0.47075,0.09891,0.44760,-0.00000,-0.00000,0.00000,0.00000,26.00,0.00,0.00,0.0686,0.0000,-0.0914,0.0000,0,0
2026-08-25 17:28:26.426581,1793,franka,0.47075,0.09891,0.44761,-0.00000,-0.00000,0.00000,0.00000,26.00,0.00,0.00,0.0686,0.0000,-0.1143,0.0000,0,0
2026-08-25 17:28:26.480822,1794,franka,0.47075,0.09891,0.44761,-0.00000,-0.00000,0.00000,0.00000,26.00,0.00,0.00,0.0743,0.0000,-0.1286,0.0000,0,0
2026-08-25 17:28:26.534742,1795,franka,0.47075,0.09891,0.44760,-0.00000,-0.00000,0.00000,0.00000,26.00,0.00,0.00,0.0657,0.0000,-0.1543,0.0000,0,0
2026-08-25 17:28:26.588412,1796,franka,0.47075,0.09891,0.44760,-0.00000,-0.00000,0.00000,0.00000,26.00,0.00,0.00,0.0686,0.0000,-0.1686,0.0000,0,0
2026-08-25 17:28:26.642303,1797,franka,0.47075,0.09891,0.44760,-0.00000,-0.00000,0.00000,0.00000,26.00,0.00,0.00,0.0686,0.0000,-0.1800,0.0000,0,0
2026-08-25 17:28:26.695929,1798,franka,0.47075,0.09891,0.44760,-0.00000,-0.00000,0.00000,0.00000,26.00,0.00,0.00,0.0686,0.0000,-0.1914,0.0000,0,0
2026-08-25 17:28:26.749688,1799,franka,0.47075,0.09891,0.44760,-0.00000,-0.00000,0.00000,0.00000,26.00,0.00,0.00,0.0600,0.0000,-0.1686,0.0000,0,0
2026-08-25 17:28:26.803762,1800,franka,0.47075,0.09891,0.44760,-0.00000,-0.00000,0.00000,0.00000,26.00,0.00,0.00,0.0600,0.0000,-0.1400,0.0000,0,0
2026-08-25 17:28:26.857651,1801,franka,0.47075,0.09891,0.44760,-0.00000,-0.00000,0.00000,0.00000,26.00,0.00,0.00,0.0286,0.0000,-0.0286,0.0000,0,0
2026-08-25 17:28:26.911666,1802,franka,0.47075,0.09891,0.44760,-0.00000,-0.00000,0.00000,0.00000,26.00,0.00,0.00,0.0000,0.0000,0.0000,0.0000,0,0
2026-08-25 17:28:26.965849,1803,franka,0.47075,0.09891,0.44761,-0.00000,-0.00000,0.00000,0.00000,26.00,0.00,0.00,0.0000,-0.0314,-0.1000,0.0000,0,0
2026-08-25 17:28:27.019668,1804,franka,0.47075,0.09891,0.44761,-0.00000,-0.00000,0.00000,0.00000,26.00,0.00,0.00,0.0000,-0.0200,-0.1829,0.0000,0,0
2026-08-25 17:28:27.073457,1805,franka,0.47075,0.09891,0.44760,-0.00000,-0.00000,-0.00068,0.00000,26.00,0.00,0.00,0.0000,-0.0314,-0.2086,0.0000,0,0
2026-08-25 17:28:27.126993,1806,franka,0.47076,0.09890,0.44708,-0.00000,-0.00000,-0.01500,0.00000,26.00,0.00,0.00,0.0000,-0.0543,-0.1857,0.0000,0,0
2026-08-25 17:28:27.180473,1807,franka,0.47076,0.09889,0.44663,-0.00000,-0.00000,-0.00000,0.00000,26.00,0.00,0.00,0.0000,-0.0371,-0.0829,0.0000,0,0
2026-08-25 17:28:27.233920,1808,franka,0.47076,0.09890,0.44667,-0.00000,-0.00000,-0.00000,0.00000,26.00,0.00,0.00,0.0000,0.0000,-0.0457,0.0000,0,0
2026-08-25 17:28:27.287890,1809,franka,0.47076,0.09889,0.44666,-0.00000,-0.00000,0.00000,0.00000,26.00,0.00,0.00,0.0000,0.0000,-0.0114,0.0000,0,0
2026-08-25 17:28:27.341259,1810,franka,0.47076,0.09891,0.44669,-0.00000,-0.00000,0.00000,0.00000,26.00,0.00,0.00,0.0000,0.0000,0.0000,0.0000,0,0
2026-08-25 17:28:27.394963,1811,franka,0.47076,0.09889,0.44664,-0.00000,-0.00000,0.00000,0.00000,26.00,0.00,0.00,0.0000,0.0000,0.0000,0.0000,0,0
2026-08-25 17:28:27.448504,1812,franka,0.47076,0.09890,0.44667,-0.00000,-0.00000,0.00000,0.00000,26.00,0.00,0.00,0.0000,0.0000,0.0000,0.0000,0,0
2026-08-25 17:28:27.502009,1813,franka,0.47076,0.09890,0.44667,-0.00000,-0.00000,0.00000,0.00000,26.00,0.00,0.00,0.0000,0.0000,0.0000,0.0000,0,0
2026-08-25 17:28:27.555859,1814,franka,0.47076,0.09889,0.44666,-0.00000,-0.00000,0.00000,0.00000,26.00,0.00,0.00,0.0000,0.0000,0.0000,0.0000,0,0
2026-08-25 17:28:27.609766,1815,franka,0.47076,0.09890,0.44665,-0.00000,-0.00000,0.00000,0.00000,26.00,0.00,0.00,0.0000,0.0000,0.0000,0.0000,0,0
2026-08-25 17:28:27.661567,1816,franka,0.47076,0.09890,0.44667,-0.00000,-0.00000,0.00000,0.00000,26.00,0.00,0.00,0.0000,0.0000,0.0000,0.0000,0,0
2026-08-25 17:28:27.714960,1817,franka,0.47076,0.09890,0.44666,-0.00000,-0.00000,0.00000,0.00000,26.00,0.00,0.00,0.0000,0.0943,0.0000,0.0886,0,0
2026-08-25 17:28:27.768551,1818,franka,0.47076,0.09890,0.44667,-0.00000,-0.00000,0.00000,0.00000,26.00,0.00,0.00,-0.0029,0.0743,0.0000,0.1000,0,0
2026-08-25 17:28:27.821875,1819,franka,0.47076,0.09890,0.44666,-0.00000,-0.00000,0.00000,0.00000,26.00,0.00,0.00,0.0000,0.0457,0.0000,0.0771,0,0
2026-08-25 17:28:27.875537,1820,franka,0.47076,0.09890,0.44666,-0.00000,-0.00000,0.00000,0.00000,26.00,0.00,0.00,0.0000,0.0057,0.0000,0.0371,0,0
2026-08-25 17:28:27.929096,1821,franka,0.47076,0.09890,0.44667,-0.00000,-0.00000,0.00000,0.00000,26.00,0.00,0.00,0.0000,0.0000,0.0000,0.0200,0,0
2026-08-25 17:28:27.982516,1822,franka,0.47076,0.09890,0.44667,-0.00000,-0.00000,0.00000,0.00000,26.00,0.00,0.00,0.0000,0.0000,0.0000,0.0171,0,0
2026-08-25 17:28:28.036075,1823,franka,0.47076,0.09890,0.44666,-0.00000,-0.00000,0.00000,0.00000,26.00,0.00,0.00,0.0000,0.0000,0.0000,0.0000,0,0
2026-08-25 17:28:28.090443,1824,franka,0.47076,0.09890,0.44666,-0.00000,-0.00000,0.00000,0.00000,26.00,0.00,0.00,0.0000,0.0000,0.0000,0.0000,0,0
2026-08-25 17:28:28.144109,1825,franka,0.47076,0.09890,0.44666,-0.00000,-0.00000,0.00000,0.00000,26.00,0.00,0.00,0.0000,0.0000,0.0000,0.0000,0,0
2026-08-25 17:28:28.197724,1826,franka,0.47076,0.09890,0.44666,-0.00000,-0.00000,0.00000,0.00000,26.00,0.00,0.00,0.0000,0.0000,0.0000,0.0000,0,0
2026-08-25 17:28:28.251497,1827,franka,0.47076,0.09890,0.44666,-0.00000,-0.00000,0.00000,0.00000,26.00,0.00,0.00,0.0000,0.0000,0.0000,0.0000,0,0
2026-08-25 17:28:28.306566,1828,franka,0.47076,0.09890,0.44666,-0.00000,-0.00000,0.00000,0.00000,26.00,0.00,0.00,0.0000,0.0000,0.0000,0.0000,0,0
2026-08-25 17:28:28.360499,1829,franka,0.47076,0.09890,0.44666,-0.00000,-0.00000,0.00000,0.00000,26.00,0.00,0.00,0.0000,0.0000,0.0000,0.0000,0,0
2026-08-25 17:28:28.414136,1830,franka,0.47076,0.09890,0.44666,-0.00000,-0.00000,0.00000,0.00000,26.00,0.00,0.00,0.0000,0.0000,0.0000,0.0000,1,0
2026-08-25 17:28:28.467964,1831,flowbot,0.47076,0.09890,0.44666,-0.00000,-0.00000,0.00000,0.00000,26.00,0.00,0.00,0.0000,0.0000,0.0000,0.0000,1,0
2026-08-25 17:28:28.521712,1832,flowbot,0.47076,0.09890,0.44666,-0.00000,-0.00000,0.00000,0.00000,26.00,0.00,0.00,0.0000,0.0000,0.0000,0.0000,1,0
2026-08-25 17:28:28.576122,1833,flowbot,0.47076,0.09890,0.44666,-0.00000,-0.00000,0.00000,0.00000,26.00,0.00,0.00,0.0000,0.0000,0.0000,0.0000,1,0
2026-08-25 17:28:28.631457,1834,flowbot,0.47076,0.09890,0.44666,-0.00000,-0.00000,0.00000,0.00000,26.00,0.00,0.00,0.0000,0.0000,0.0000,0.0000,1,0
2026-08-25 17:28:28.682271,1835,flowbot,0.47076,0.09890,0.44666,-0.00000,-0.00000,0.00000,0.00000,26.00,0.00,0.00,0.0000,0.0000,0.0000,0.0000,1,0
2026-08-25 17:28:28.737784,1836,flowbot,0.47076,0.09890,0.44666,-0.00000,-0.00000,0.00000,0.00000,26.00,0.00,0.00,0.0000,0.0000,0.0000,0.0000,1,0
2026-08-25 17:28:28.789040,1837,flowbot,0.47076,0.09890,0.44666,-0.00000,-0.00000,0.00000,0.00000,26.00,0.00,0.00,0.0000,0.0000,0.0000,0.0000,1,0
2026-08-25 17:28:28.846069,1838,flowbot,0.47076,0.09890,0.44666,-0.00000,-0.00000,0.00000,0.00000,26.00,0.00,0.00,0.0000,0.0000,0.0000,0.0000,1,0
2026-08-25 17:28:28.897531,1839,flowbot,0.47076,0.09890,0.44666,-0.00000,-0.00000,0.00000,0.00000,26.00,0.00,0.00,0.0000,0.0000,0.0000,0.0000,0,0
2026-08-25 17:28:28.953338,1840,flowbot,0.47076,0.09890,0.44666,-0.00000,-0.00000,0.00000,0.00000,26.00,0.00,0.00,0.0000,0.0000,0.0000,0.0000,0,0
2026-08-25 17:28:29.006210,1841,flowbot,0.47076,0.09890,0.44666,-0.00000,-0.00000,0.00000,0.00000,26.00,0.00,0.00,0.0000,0.0000,0.0000,0.0000,0,0
2026-08-25 17:28:29.060932,1842,flowbot,0.47076,0.09890,0.44666,-0.00000,-0.00000,0.00000,0.00000,26.00,0.00,0.00,0.0000,0.0000,0.0000,0.0000,0,0
2026-08-25 17:28:29.113057,1843,flowbot,0.47076,0.09890,0.44666,-0.00000,-0.00000,0.00000,0.00000,26.00,0.00,0.00,0.0000,0.0000,0.0000,0.0000,0,0
2026-08-25 17:28:29.168894,1844,flowbot,0.47076,0.09890,0.44666,-0.00000,-0.00000,0.00000,0.00000,26.00,0.00,0.00,0.0000,0.0000,0.0000,0.0000,0,0
2026-08-25 17:28:29.221753,1845,flowbot,0.47076,0.09890,0.44666,-0.00000,-0.00000,0.00000,0.00000,26.00,0.00,0.00,0.0000,0.0000,0.0000,0.0000,0,0
2026-08-25 17:28:29.272131,1846,flowbot,0.47076,0.09890,0.44666,-0.00000,-0.00000,0.00000,0.00000,26.00,0.00,0.00,0.0000,0.0000,0.0000,0.0000,0,0
2026-08-25 17:28:29.322936,1847,flowbot,0.47076,0.09890,0.44666,-0.00000,-0.00000,0.00000,0.00000,26.00,0.00,0.00,0.0000,0.0000,0.0000,0.0000,0,0
2026-08-25 17:28:29.379014,1848,flowbot,0.47076,0.09890,0.44666,-0.00000,-0.00000,0.00000,0.00000,26.00,0.00,0.00,0.0000,0.0000,0.0000,0.0000,0,0
2026-08-25 17:28:29.432295,1849,flowbot,0.47076,0.09890,0.44666,-0.00000,-0.00000,0.00000,0.00000,26.00,0.00,0.00,0.0000,0.0000,0.0000,0.0000,0,0
2026-08-25 17:28:29.484308,1850,flowbot,0.47076,0.09890,0.44666,-0.00000,-0.00000,0.00000,0.00000,26.00,0.00,0.00,0.0000,0.0000,0.0000,0.0000,0,0
2026-08-25 17:28:29.537380,1851,flowbot,0.47076,0.09890,0.44666,-0.00000,-0.00000,0.00000,0.00000,26.00,0.00,0.00,0.0000,0.0000,0.0000,0.0000,0,0
2026-08-25 17:28:29.593299,1852,flowbot,0.47076,0.09890,0.44666,-0.00000,-0.00000,0.00000,0.00000,26.00,0.00,0.00,0.0000,0.0000,0.0000,0.0000,0,0
2026-08-25 17:28:29.645834,1853,flowbot,0.47076,0.09890,0.44666,-0.00000,-0.00000,0.00000,0.00000,26.00,0.00,0.00,0.0000,0.0000,0.0000,0.0000,0,0
2026-08-25 17:28:29.698840,1854,flowbot,0.47076,0.09890,0.44666,-0.00000,-0.00000,0.00000,0.00000,26.00,0.00,0.00,0.0000,0.0000,0.0000,0.0000,0,0
2026-08-25 17:28:29.751570,1855,flowbot,0.47076,0.09890,0.44666,-0.00000,-0.00000,0.00000,0.00000,26.00,0.00,0.00,0.0000,0.0000,0.0000,0.0000,0,0
2026-08-25 17:28:29.807233,1856,flowbot,0.47076,0.09890,0.44666,-0.00000,-0.00000,0.00000,0.00000,26.00,0.00,0.00,0.0000,0.0000,0.0000,0.0000,0,0
2026-08-25 17:28:29.856415,1857,flowbot,0.47076,0.09890,0.44666,-0.00000,-0.00000,0.00000,0.00000,26.00,0.00,0.00,0.0000,0.0000,0.0000,0.0000,0,0
2026-08-25 17:28:29.911813,1858,flowbot,0.47076,0.09890,0.44666,-0.00000,-0.00000,0.00000,0.00000,26.00,0.00,0.00,0.0000,0.0000,0.0000,0.0000,0,0
2026-08-25 17:28:29.961561,1859,flowbot,0.47076,0.09890,0.44666,-0.00000,-0.00000,0.00000,0.00000,26.00,0.00,0.00,0.0000,0.0000,0.0000,0.0000,0,0
2026-08-25 17:28:30.019660,1860,flowbot,0.47076,0.09890,0.44666,-0.00000,-0.00000,0.00000,0.00000,26.00,0.00,0.00,0.0000,0.0000,0.0000,0.0000,0,0
2026-08-25 17:28:30.077310,1861,flowbot,0.47076,0.09890,0.44666,-0.00000,-0.00000,0.00000,0.00000,26.00,0.00,0.00,0.0000,0.0000,0.0000,0.0000,0,0
2026-08-25 17:28:30.135259,1862,flowbot,0.47076,0.09890,0.44666,-0.00000,-0.00000,0.00000,0.00000,26.00,0.00,0.00,0.0000,0.0000,0.0000,0.0000,0,0
2026-08-25 17:28:30.187351,1863,flowbot,0.47076,0.09890,0.44666,-0.00000,-0.00000,0.00000,0.00000,26.00,0.00,0.00,0.0000,0.0000,0.0000,0.0000,0,0
2026-08-25 17:28:30.241767,1864,flowbot,0.47076,0.09890,0.44666,-0.00000,-0.00000,0.00000,0.00000,26.00,0.00,0.00,0.0000,0.0000,0.0000,0.0000,0,0
2026-08-25 17:28:30.291948,1865,flowbot,0.47076,0.09890,0.44666,-0.00000,-0.00000,0.00000,0.00000,26.00,0.00,0.00,0.0000,0.0000,0.0000,0.0000,0,0
2026-08-25 17:28:30.345149,1866,flowbot,0.47076,0.09890,0.44666,-0.00000,-0.00000,0.00000,0.00000,26.00,0.00,0.00,0.0000,0.0000,0.0000,0.0000,0,0
2026-08-25 17:28:30.400621,1867,flowbot,0.47076,0.09890,0.44666,-0.00000,-0.00000,0.00000,0.00000,26.00,0.00,0.00,0.0000,0.0000,0.0000,0.0000,0,0
2026-08-25 17:28:30.452321,1868,flowbot,0.47076,0.09890,0.44666,-0.00000,-0.00000,0.00000,0.00000,26.00,0.00,0.00,0.0000,0.0000,0.0000,0.0000,0,0
2026-08-25 17:28:30.505040,1869,flowbot,0.47076,0.09890,0.44666,-0.00000,-0.00000,0.00000,0.00000,26.00,0.00,0.00,0.0000,0.0000,0.0000,0.0000,0,0
2026-08-25 17:28:30.560241,1870,flowbot,0.47076,0.09890,0.44666,-0.00000,-0.00000,0.00000,0.00000,26.00,0.00,0.00,0.0000,0.0000,0.0000,0.0000,0,0
2026-08-25 17:28:30.611900,1871,flowbot,0.47076,0.09890,0.44666,-0.00000,-0.00000,0.00000,0.00000,26.00,0.00,0.00,0.0000,0.0000,0.0000,0.0000,0,0
2026-08-25 17:28:30.665681,1872,flowbot,0.47076,0.09890,0.44666,-0.00000,-0.00000,0.00000,0.00000,26.00,0.00,0.00,0.0000,0.0000,0.0000,0.0000,0,0
2026-08-25 17:28:30.720067,1873,flowbot_release,0.47076,0.09890,0.44666,-0.00000,-0.00000,0.00000,0.00000,26.00,0.00,0.00,0.0000,0.0000,0.0000,0.0000,0,0
2026-08-25 17:28:30.779222,1874,flowbot_release,0.47076,0.09890,0.44666,-0.00000,-0.00000,0.00000,0.00000,26.00,0.00,0.00,0.0000,0.0000,0.0000,0.0000,0,0
2026-08-25 17:28:30.831538,1875,flowbot_release,0.47076,0.09890,0.44666,-0.00000,-0.00000,0.00000,0.00000,26.00,0.00,0.00,0.0000,0.0000,0.0000,0.0000,0,0
2026-08-25 17:28:30.881222,1876,flowbot_release,0.47076,0.09890,0.44666,-0.00000,-0.00000,0.00000,0.00000,26.00,0.00,0.00,0.0000,0.0000,0.0000,0.0000,0,0
2026-08-25 17:28:30.938605,1877,flowbot,0.47076,0.09890,0.44666,-0.00000,-0.00000,0.00000,0.00000,26.00,0.00,0.00,0.0000,0.0000,0.0000,0.0000,1,1
2026-08-25 17:28:30.991533,1878,flowbot,0.47076,0.09890,0.44666,-0.00000,-0.00000,0.00000,0.00000,26.00,0.00,0.00,0.0000,0.0000,0.0000,0.0000,1,1
2026-08-25 17:28:31.042559,1879,flowbot,0.47076,0.09890,0.44666,-0.00000,-0.00000,0.00000,0.00000,26.00,0.00,0.00,0.0000,0.0000,0.0000,0.0000,1,1
2026-08-25 17:28:31.092968,1880,flowbot,0.47076,0.09890,0.44666,-0.00000,-0.00000,0.00000,0.00000,26.00,0.00,0.00,0.0000,0.0000,0.0000,0.0000,1,1
2026-08-25 17:28:31.145237,1881,flowbot,0.47076,0.09890,0.44666,-0.00000,-0.00000,0.00000,0.00000,26.00,0.00,0.00,0.0000,0.0000,0.0000,0.0000,0,0
2026-08-25 17:28:31.197120,1882,flowbot,0.47076,0.09890,0.44666,-0.00000,-0.00000,0.00000,0.00000,26.00,0.00,0.00,0.0000,0.0000,0.0000,0.0000,0,0
2026-08-25 17:28:31.248379,1883,flowbot,0.47076,0.09890,0.44666,-0.00000,-0.00000,0.00000,0.00000,26.00,0.00,0.00,0.0000,0.0000,0.0000,0.0000,0,0
2026-08-25 17:28:31.300483,1884,flowbot,0.47076,0.09890,0.44666,-0.00000,-0.00000,0.00000,0.00000,26.00,0.00,0.00,0.0000,0.0000,0.0000,0.0000,0,0
2026-08-25 17:28:31.352288,1885,flowbot,0.47076,0.09890,0.44666,-0.00000,-0.00000,0.00000,0.00000,26.00,0.00,0.00,0.0000,0.0000,0.0000,0.0000,0,0
2026-08-25 17:28:31.403303,1886,flowbot,0.47076,0.09890,0.44666,-0.00000,-0.00000,0.00000,0.00000,26.00,0.00,0.00,0.0000,0.0000,0.0000,0.0000,0,0
2026-08-25 17:28:31.461973,1887,flowbot,0.47076,0.09890,0.44666,-0.00000,-0.00000,0.00000,0.00000,26.00,0.00,0.00,0.0000,0.0000,0.0000,0.0000,0,0
2026-08-25 17:28:31.508625,1888,flowbot,0.47076,0.09890,0.44666,-0.00000,-0.00000,0.00000,0.00000,26.00,0.00,0.00,0.0000,0.0000,0.0000,0.0000,0,0
2026-08-25 17:28:31.566992,1889,flowbot,0.47076,0.09890,0.44666,-0.00000,-0.00000,0.00000,0.00000,26.00,0.00,0.00,0.0000,0.0000,0.0000,0.0000,0,0
2026-08-25 17:28:31.613559,1890,flowbot,0.47076,0.09890,0.44666,-0.00000,-0.00000,0.00000,0.00000,26.00,0.00,0.00,0.0000,0.0000,0.0000,0.0000,0,0
2026-08-25 17:28:31.668141,1891,flowbot,0.47076,0.09890,0.44666,-0.00000,-0.00000,0.00000,0.00000,26.00,0.00,0.00,0.0000,0.0000,0.0000,0.0000,0,0
2026-08-25 17:28:31.722472,1892,flowbot,0.47076,0.09890,0.44666,-0.00000,-0.00000,0.00000,0.00000,26.00,0.00,0.00,0.0000,0.0000,0.0000,0.0000,0,0
2026-08-25 17:28:31.781905,1893,flowbot,0.47076,0.09890,0.44666,-0.00000,-0.00000,0.00000,0.00000,26.00,0.00,0.00,0.0000,0.0000,0.0000,0.0000,0,0
2026-08-25 17:28:31.826585,1894,flowbot,0.47076,0.09890,0.44666,-0.00000,-0.00000,0.00000,0.00000,26.00,0.00,0.00,0.0000,0.0000,0.0000,0.0000,0,0
2026-08-25 17:28:31.880605,1895,flowbot,0.47076,0.09890,0.44666,-0.00000,-0.00000,0.00000,0.00000,26.00,0.00,0.00,0.0000,0.0000,0.0000,0.0000,0,0
2026-08-25 17:28:31.934048,1896,flowbot,0.47076,0.09890,0.44666,-0.00000,-0.00000,0.00000,0.00000,26.00,0.00,0.00,0.0000,0.0000,0.0000,0.0000,0,0
2026-08-25 17:28:31.998328,1897,flowbot,0.47076,0.09890,0.44666,-0.00000,-0.00000,0.00000,0.00000,26.00,0.00,0.00,0.0000,0.0000,0.0000,0.0000,0,0
2026-08-25 17:28:32.044140,1898,flowbot,0.47076,0.09890,0.44666,-0.00000,-0.00000,0.00000,0.00000,26.00,0.00,0.00,0.0000,0.0000,0.0000,0.0000,0,0
2026-08-25 17:28:32.106980,1899,flowbot,0.47076,0.09890,0.44666,-0.00000,-0.00000,0.00000,0.00000,26.00,0.00,0.00,0.0000,0.0000,0.0000,0.0000,0,0
2026-08-25 17:28:32.151770,1900,flowbot,0.47076,0.09890,0.44666,-0.00000,-0.00000,0.00000,0.00000,26.00,0.00,0.00,0.0000,0.0000,0.0000,0.0000,0,0
2026-08-25 17:28:32.207621,1901,flowbot,0.47076,0.09890,0.44666,-0.00000,-0.00000,0.00000,0.00000,26.00,0.00,0.00,-0.1086,0.1371,0.0000,0.0000,0,0
2026-08-25 17:28:32.257896,1902,flowbot,0.47076,0.09890,0.44666,-0.00000,-0.00000,0.00000,0.00000,26.00,0.00,0.00,-0.1086,0.1371,0.0000,0.0000,0,0
2026-08-25 17:28:32.313475,1903,flowbot,0.47076,0.09890,0.44666,-0.00000,-0.00000,0.00000,0.00000,26.00,0.00,0.00,-0.1086,0.1371,0.0000,0.0000,0,0
2026-08-25 17:28:32.364554,1904,flowbot,0.47076,0.09890,0.44666,-0.00000,-0.00000,0.00000,0.00000,26.00,0.00,0.00,-0.1086,0.1371,0.0000,0.0000,0,0
2026-08-25 17:28:32.414563,1905,flowbot,0.47076,0.09890,0.44666,-0.00000,-0.00000,0.00000,0.00000,25.00,0.00,0.00,-0.2571,0.0000,0.0000,0.0000,0,0
2026-08-25 17:28:32.469737,1906,flowbot,0.47076,0.09890,0.44666,-0.00000,-0.00000,0.00000,0.00000,25.00,0.00,0.00,-0.2571,0.0000,0.0000,0.0000,0,0
2026-08-25 17:28:32.518585,1907,flowbot,0.47076,0.09890,0.44666,-0.00000,-0.00000,0.00000,0.00000,25.00,0.00,0.00,-0.2571,0.0000,0.0000,0.0000,0,0
2026-08-25 17:28:32.574044,1908,flowbot,0.47076,0.09890,0.44666,-0.00000,-0.00000,0.00000,0.00000,25.00,0.00,0.00,-0.2571,0.0000,0.0000,0.0000,0,0
2026-08-25 17:28:32.622854,1909,flowbot,0.47076,0.09890,0.44666,-0.00000,-0.00000,0.00000,0.00000,25.00,0.00,0.00,-0.5000,0.1314,0.1486,0.0000,0,0
2026-08-25 17:28:32.678904,1910,flowbot,0.47076,0.09890,0.44666,-0.00000,-0.00000,0.00000,0.00000,25.00,0.00,0.00,-0.5000,0.1314,0.1486,0.0000,0,0
2026-08-25 17:28:32.733942,1911,flowbot,0.47076,0.09890,0.44666,-0.00000,-0.00000,0.00000,0.00000,25.00,0.00,0.00,-0.5000,0.1314,0.1486,0.0000,0,0
2026-08-25 17:28:32.786892,1912,flowbot,0.47076,0.09890,0.44666,-0.00000,-0.00000,0.00000,0.00000,25.00,0.00,0.00,-0.5000,0.1314,0.1486,0.0000,0,0
2026-08-25 17:28:32.845928,1913,flowbot,0.47076,0.09890,0.44666,-0.00000,-0.00000,0.00000,0.00000,24.00,0.00,0.00,-0.5314,0.1229,0.1657,0.0000,0,0
2026-08-25 17:28:32.902284,1914,flowbot,0.47076,0.09890,0.44666,-0.00000,-0.00000,0.00000,0.00000,24.00,0.00,0.00,-0.5314,0.1229,0.1657,0.0000,0,0
2026-08-25 17:28:32.952655,1915,flowbot,0.47076,0.09890,0.44666,-0.00000,-0.00000,0.00000,0.00000,24.00,0.00,0.00,-0.5314,0.1229,0.1657,0.0000,0,0
2026-08-25 17:28:33.005585,1916,flowbot,0.47076,0.09890,0.44666,-0.00000,-0.00000,0.00000,0.00000,23.00,0.00,0.00,-0.7314,0.2229,0.1429,0.0000,0,0
2026-08-25 17:28:33.059445,1917,flowbot,0.47076,0.09890,0.44666,-0.00000,-0.00000,0.00000,0.00000,23.00,0.00,0.00,-0.7314,0.2229,0.1429,0.0000,0,0
2026-08-25 17:28:33.112371,1918,flowbot,0.47076,0.09890,0.44666,-0.00000,-0.00000,0.00000,0.00000,23.00,0.00,0.00,-0.7314,0.2229,0.1429,0.0000,0,0
2026-08-25 17:28:33.165944,1919,flowbot,0.47076,0.09890,0.44666,-0.00000,-0.00000,0.00000,0.00000,23.00,0.00,0.00,-0.7314,0.2229,0.1429,0.0000,0,0
2026-08-25 17:28:33.214466,1920,flowbot,0.47076,0.09890,0.44666,-0.00000,-0.00000,0.00000,0.00000,22.00,0.00,0.00,-0.7314,0.2229,0.1429,0.0000,0,0
2026-08-25 17:28:33.265963,1921,flowbot,0.47076,0.09890,0.44666,-0.00000,-0.00000,0.00000,0.00000,22.00,0.00,0.00,-0.7314,0.2229,0.1429,0.0000,0,0
2026-08-25 17:28:33.318682,1922,flowbot,0.47076,0.09890,0.44666,-0.00000,-0.00000,0.00000,0.00000,22.00,0.00,0.00,-0.7314,0.2229,0.1429,0.0000,0,0
2026-08-25 17:28:33.372809,1923,flowbot,0.47076,0.09890,0.44666,-0.00000,-0.00000,0.00000,0.00000,22.00,0.00,0.00,-0.7314,0.2229,0.1429,0.0000,0,0
2026-08-25 17:28:33.422199,1924,flowbot,0.47076,0.09890,0.44666,-0.00000,-0.00000,0.00000,0.00000,22.00,0.00,0.00,-0.7286,0.2171,0.1371,0.0000,0,0
2026-08-25 17:28:33.472661,1925,flowbot,0.47076,0.09890,0.44666,-0.00000,-0.00000,0.00000,0.00000,22.00,0.00,0.00,-0.7286,0.2171,0.1371,0.0000,0,0
2026-08-25 17:28:33.526942,1926,flowbot,0.47076,0.09890,0.44666,-0.00000,-0.00000,0.00000,0.00000,22.00,0.00,0.00,-0.7286,0.2171,0.1371,0.0000,0,0
2026-08-25 17:28:33.584330,1927,flowbot,0.47076,0.09890,0.44666,-0.00000,-0.00000,0.00000,0.00000,22.00,0.00,0.00,-0.7286,0.2171,0.1371,0.0000,0,0
2026-08-25 17:28:33.635487,1928,flowbot,0.47076,0.09890,0.44666,-0.00000,-0.00000,0.00000,0.00000,21.00,0.00,0.00,-0.7800,0.2514,0.1714,0.0000,0,0
2026-08-25 17:28:33.690275,1929,flowbot,0.47076,0.09890,0.44666,-0.00000,-0.00000,0.00000,0.00000,21.00,0.00,0.00,-0.7800,0.2514,0.1714,0.0000,0,0
2026-08-25 17:28:33.743472,1930,flowbot,0.47076,0.09890,0.44666,-0.00000,-0.00000,0.00000,0.00000,21.00,0.00,0.00,-0.7800,0.2514,0.1714,0.0000,0,0
2026-08-25 17:28:33.792843,1931,flowbot,0.47076,0.09890,0.44666,-0.00000,-0.00000,0.00000,0.00000,21.00,0.00,0.00,-0.7800,0.2514,0.1714,0.0000,0,0
2026-08-25 17:28:33.846094,1932,flowbot,0.47076,0.09890,0.44666,-0.00000,-0.00000,0.00000,0.00000,20.00,0.00,0.00,-0.7857,0.2429,0.1714,0.0000,0,0
2026-08-25 17:28:33.899785,1933,flowbot,0.47076,0.09890,0.44666,-0.00000,-0.00000,0.00000,0.00000,20.00,0.00,0.00,-0.7857,0.2429,0.1714,0.0000,0,0
2026-08-25 17:28:33.949754,1934,flowbot,0.47076,0.09890,0.44666,-0.00000,-0.00000,0.00000,0.00000,20.00,0.00,0.00,-0.7857,0.2429,0.1714,0.0000,0,0
2026-08-25 17:28:34.001844,1935,flowbot,0.47076,0.09890,0.44666,-0.00000,-0.00000,0.00000,0.00000,20.00,0.00,0.00,-0.7857,0.2429,0.1714,0.0000,0,0
2026-08-25 17:28:34.054239,1936,flowbot,0.47076,0.09890,0.44666,-0.00000,-0.00000,0.00000,0.00000,19.00,0.00,0.00,-0.7857,0.1771,0.1429,0.0000,0,0
2026-08-25 17:28:34.108441,1937,flowbot,0.47076,0.09890,0.44666,-0.00000,-0.00000,0.00000,0.00000,19.00,0.00,0.00,-0.7857,0.1771,0.1429,0.0000,0,0
2026-08-25 17:28:34.159080,1938,flowbot,0.47076,0.09890,0.44666,-0.00000,-0.00000,0.00000,0.00000,19.00,0.00,0.00,-0.7857,0.1771,0.1429,0.0000,0,0
2026-08-25 17:28:34.211893,1939,flowbot,0.47076,0.09890,0.44666,-0.00000,-0.00000,0.00000,0.00000,19.00,0.00,0.00,-0.7857,0.1771,0.1429,0.0000,0,0
2026-08-25 17:28:34.265844,1940,flowbot,0.47076,0.09890,0.44666,-0.00000,-0.00000,0.00000,0.00000,18.00,0.00,0.00,-0.8086,0.0000,0.1371,0.0000,0,0
2026-08-25 17:28:34.323257,1941,flowbot,0.47076,0.09890,0.44666,-0.00000,-0.00000,0.00000,0.00000,18.00,0.00,0.00,-0.8086,0.0000,0.1371,0.0000,0,0
2026-08-25 17:28:34.376183,1942,flowbot,0.47076,0.09890,0.44666,-0.00000,-0.00000,0.00000,0.00000,18.00,0.00,0.00,-0.8086,0.0000,0.1371,0.0000,0,0
2026-08-25 17:28:34.433774,1943,flowbot,0.47076,0.09890,0.44666,-0.00000,-0.00000,0.00000,0.00000,18.00,0.00,0.00,-0.8086,0.0000,0.1371,0.0000,0,0
2026-08-25 17:28:34.482147,1944,flowbot,0.47076,0.09890,0.44666,-0.00000,-0.00000,0.00000,0.00000,17.00,0.00,0.00,-0.8257,0.0000,0.1257,0.0000,0,0
2026-08-25 17:28:34.535418,1945,flowbot,0.47076,0.09890,0.44666,-0.00000,-0.00000,0.00000,0.00000,17.00,0.00,0.00,-0.8257,0.0000,0.1257,0.0000,0,0
2026-08-25 17:28:34.587331,1946,flowbot,0.47076,0.09890,0.44666,-0.00000,-0.00000,0.00000,0.00000,17.00,0.00,0.00,-0.8257,0.0000,0.1257,0.0000,0,0
2026-08-25 17:28:34.638683,1947,flowbot,0.47076,0.09890,0.44666,-0.00000,-0.00000,0.00000,0.00000,17.00,0.00,0.00,-0.8257,0.0000,0.1257,0.0000,0,0
2026-08-25 17:28:34.690741,1948,flowbot,0.47076,0.09890,0.44666,-0.00000,-0.00000,0.00000,0.00000,17.00,0.00,0.00,-0.2429,-0.3943,0.1914,0.0000,0,0
2026-08-25 17:28:34.743651,1949,flowbot,0.47076,0.09890,0.44666,-0.00000,-0.00000,0.00000,0.00000,17.00,0.00,0.00,-0.2429,-0.3943,0.1914,0.0000,0,0
2026-08-25 17:28:34.795737,1950,flowbot,0.47076,0.09890,0.44666,-0.00000,-0.00000,0.00000,0.00000,17.00,0.00,0.00,-0.2429,-0.3943,0.1914,0.0000,0,0
2026-08-25 17:28:34.848574,1951,flowbot,0.47076,0.09890,0.44666,-0.00000,-0.00000,0.00000,0.00000,17.00,0.00,0.00,-0.2429,-0.3943,0.1914,0.0000,0,0
2026-08-25 17:28:34.902269,1952,flowbot,0.47076,0.09890,0.44666,-0.00000,-0.00000,0.00000,0.00000,17.00,0.00,0.00,0.0000,0.0000,0.0000,0.0000,0,0
2026-08-25 17:28:34.953324,1953,flowbot,0.47076,0.09890,0.44666,-0.00000,-0.00000,0.00000,0.00000,17.00,0.00,0.00,0.0000,0.0000,0.0000,0.0000,0,0
2026-08-25 17:28:35.009666,1954,flowbot,0.47076,0.09890,0.44666,-0.00000,-0.00000,0.00000,0.00000,17.00,0.00,0.00,0.0000,0.0000,0.0000,0.0000,0,0
2026-08-25 17:28:35.064382,1955,flowbot,0.47076,0.09890,0.44666,-0.00000,-0.00000,0.00000,0.00000,17.00,0.00,0.00,0.0000,0.0000,0.0000,0.0000,0,0
2026-08-25 17:28:35.117820,1956,flowbot,0.47076,0.09890,0.44666,-0.00000,-0.00000,0.00000,0.00000,17.00,0.00,0.00,-0.2171,0.0000,0.0000,0.0000,0,0
2026-08-25 17:28:35.173194,1957,flowbot,0.47076,0.09890,0.44666,-0.00000,-0.00000,0.00000,0.00000,17.00,0.00,0.00,-0.2171,0.0000,0.0000,0.0000,0,0
2026-08-25 17:28:35.227500,1958,flowbot,0.47076,0.09890,0.44666,-0.00000,-0.00000,0.00000,0.00000,17.00,0.00,0.00,-0.2171,0.0000,0.0000,0.0000,0,0
2026-08-25 17:28:35.282539,1959,flowbot,0.47076,0.09890,0.44666,-0.00000,-0.00000,0.00000,0.00000,17.00,0.00,0.00,-0.2171,0.0000,0.0000,0.0000,0,0
2026-08-25 17:28:35.329318,1960,flowbot,0.47076,0.09890,0.44666,-0.00000,-0.00000,0.00000,0.00000,16.00,0.00,0.00,-0.7600,0.2629,0.1343,0.0000,0,0
2026-08-25 17:28:35.383678,1961,flowbot,0.47076,0.09890,0.44666,-0.00000,-0.00000,0.00000,0.00000,16.00,0.00,0.00,-0.7600,0.2629,0.1343,0.0000,0,0
2026-08-25 17:28:35.440146,1962,flowbot,0.47076,0.09890,0.44666,-0.00000,-0.00000,0.00000,0.00000,16.00,0.00,0.00,-0.7600,0.2629,0.1343,0.0000,0,0
2026-08-25 17:28:35.492944,1963,flowbot,0.47076,0.09890,0.44666,-0.00000,-0.00000,0.00000,0.00000,16.00,0.00,0.00,-0.7600,0.2629,0.1343,0.0000,0,0
2026-08-25 17:28:35.545086,1964,flowbot,0.47076,0.09890,0.44666,-0.00000,-0.00000,0.00000,0.00000,15.00,0.00,0.00,-0.8086,0.3029,0.1286,0.0000,0,0
2026-08-25 17:28:35.599296,1965,flowbot,0.47076,0.09890,0.44666,-0.00000,-0.00000,0.00000,0.00000,15.00,0.00,0.00,-0.8086,0.3029,0.1286,0.0000,0,0
2026-08-25 17:28:35.651009,1966,flowbot,0.47076,0.09890,0.44666,-0.00000,-0.00000,0.00000,0.00000,15.00,0.00,0.00,-0.8086,0.3029,0.1286,0.0000,0,0
2026-08-25 17:28:35.701085,1967,flowbot,0.47076,0.09890,0.44666,-0.00000,-0.00000,0.00000,0.00000,15.00,0.00,0.00,-0.8086,0.3029,0.1286,0.0000,0,0
2026-08-25 17:28:35.750746,1968,flowbot,0.47076,0.09890,0.44666,-0.00000,-0.00000,0.00000,0.00000,14.00,0.00,0.00,-0.9229,0.3371,0.0000,0.0000,0,0
2026-08-25 17:28:35.805200,1969,flowbot,0.47076,0.09890,0.44666,-0.00000,-0.00000,0.00000,0.00000,14.00,0.00,0.00,-0.9229,0.3371,0.0000,0.0000,0,0
2026-08-25 17:28:35.857713,1970,flowbot,0.47076,0.09890,0.44666,-0.00000,-0.00000,0.00000,0.00000,14.00,0.00,0.00,-0.9229,0.3371,0.0000,0.0000,0,0
2026-08-25 17:28:35.907047,1971,flowbot,0.47076,0.09890,0.44666,-0.00000,-0.00000,0.00000,0.00000,14.00,0.00,0.00,-0.9229,0.3371,0.0000,0.0000,0,0
2026-08-25 17:28:35.957289,1972,flowbot,0.47076,0.09890,0.44666,-0.00000,-0.00000,0.00000,0.00000,13.00,0.00,0.00,-0.8914,0.2457,0.1343,0.0000,0,0
2026-08-25 17:28:36.010615,1973,flowbot,0.47076,0.09890,0.44666,-0.00000,-0.00000,0.00000,0.00000,13.00,0.00,0.00,-0.8914,0.2457,0.1343,0.0000,0,0
2026-08-25 17:28:36.065438,1974,flowbot,0.47076,0.09890,0.44666,-0.00000,-0.00000,0.00000,0.00000,13.00,0.00,0.00,-0.8914,0.2457,0.1343,0.0000,0,0
2026-08-25 17:28:36.119154,1975,flowbot,0.47076,0.09890,0.44666,-0.00000,-0.00000,0.00000,0.00000,13.00,0.00,0.00,-0.8914,0.2457,0.1343,0.0000,0,0
2026-08-25 17:28:36.171361,1976,flowbot,0.47076,0.09890,0.44666,-0.00000,-0.00000,0.00000,0.00000,13.00,0.00,0.00,-0.4257,0.0000,0.0000,0.0000,0,0
2026-08-25 17:28:36.225245,1977,flowbot,0.47076,0.09890,0.44666,-0.00000,-0.00000,0.00000,0.00000,13.00,0.00,0.00,-0.4257,0.0000,0.0000,0.0000,0,0
2026-08-25 17:28:36.280992,1978,flowbot,0.47076,0.09890,0.44666,-0.00000,-0.00000,0.00000,0.00000,13.00,0.00,0.00,-0.4257,0.0000,0.0000,0.0000,0,0
2026-08-25 17:28:36.332654,1979,flowbot,0.47076,0.09890,0.44666,-0.00000,-0.00000,0.00000,0.00000,13.00,0.00,0.00,-0.4257,0.0000,0.0000,0.0000,0,0
2026-08-25 17:28:36.385893,1980,flowbot,0.47076,0.09890,0.44666,-0.00000,-0.00000,0.00000,0.00000,13.00,0.00,0.00,-0.4257,0.0000,0.0000,0.0000,0,0
2026-08-25 17:28:36.440850,1981,flowbot,0.47076,0.09890,0.44666,-0.00000,-0.00000,0.00000,0.00000,12.00,0.00,0.00,-0.4657,-0.3829,0.0000,0.0000,0,0
2026-08-25 17:28:36.496862,1982,flowbot,0.47076,0.09890,0.44666,-0.00000,-0.00000,0.00000,0.00000,12.00,0.00,0.00,-0.4657,-0.3829,0.0000,0.0000,0,0
2026-08-25 17:28:36.549141,1983,flowbot,0.47076,0.09890,0.44666,-0.00000,-0.00000,0.00000,0.00000,12.00,0.00,0.00,-0.4657,-0.3829,0.0000,0.0000,0,0
2026-08-25 17:28:36.601612,1984,flowbot,0.47076,0.09890,0.44666,-0.00000,-0.00000,0.00000,0.00000,11.00,0.00,0.00,-0.6629,0.0000,0.0000,0.0000,0,0
2026-08-25 17:28:36.655387,1985,flowbot,0.47076,0.09890,0.44666,-0.00000,-0.00000,0.00000,0.00000,11.00,0.00,0.00,-0.6629,0.0000,0.0000,0.0000,0,0
2026-08-25 17:28:36.707140,1986,flowbot,0.47076,0.09890,0.44666,-0.00000,-0.00000,0.00000,0.00000,11.00,0.00,0.00,-0.6629,0.0000,0.0000,0.0000,0,0
2026-08-25 17:28:36.760484,1987,flowbot,0.47076,0.09890,0.44666,-0.00000,-0.00000,0.00000,0.00000,11.00,0.00,0.00,-0.6629,0.0000,0.0000,0.0000,0,0
2026-08-25 17:28:36.807329,1988,flowbot,0.47076,0.09890,0.44666,-0.00000,-0.00000,0.00000,0.00000,11.00,0.00,0.00,-0.6629,0.0000,0.0000,0.0000,0,0
2026-08-25 17:28:36.860812,1989,flowbot,0.47076,0.09890,0.44666,-0.00000,-0.00000,0.00000,0.00000,11.00,0.00,0.00,-0.9000,0.0000,0.1343,0.0000,0,0
2026-08-25 17:28:36.919817,1990,flowbot,0.47076,0.09890,0.44666,-0.00000,-0.00000,0.00000,0.00000,11.00,0.00,0.00,-0.9000,0.0000,0.1343,0.0000,0,0
2026-08-25 17:28:36.971390,1991,flowbot,0.47076,0.09890,0.44666,-0.00000,-0.00000,0.00000,0.00000,11.00,0.00,0.00,-0.9000,0.0000,0.1343,0.0000,0,0
2026-08-25 17:28:37.019397,1992,flowbot,0.47076,0.09890,0.44666,-0.00000,-0.00000,0.00000,0.00000,11.00,0.00,0.00,-0.9000,0.0000,0.1343,0.0000,0,0
2026-08-25 17:28:37.074611,1993,flowbot,0.47076,0.09890,0.44666,-0.00000,-0.00000,0.00000,0.00000,11.00,0.00,0.00,0.0000,0.0000,0.0000,0.0000,0,0
2026-08-25 17:28:37.124623,1994,flowbot,0.47076,0.09890,0.44666,-0.00000,-0.00000,0.00000,0.00000,11.00,0.00,0.00,0.0000,0.0000,0.0000,0.0000,0,0
2026-08-25 17:28:37.185561,1995,flowbot,0.47076,0.09890,0.44666,-0.00000,-0.00000,0.00000,0.00000,11.00,0.00,0.00,0.0000,0.0000,0.0000,0.0000,0,0
2026-08-25 17:28:37.240069,1996,flowbot,0.47076,0.09890,0.44666,-0.00000,-0.00000,0.00000,0.00000,11.00,0.00,0.00,0.0000,0.0000,0.0000,0.0000,0,0
2026-08-25 17:28:37.296224,1997,flowbot,0.47076,0.09890,0.44666,-0.00000,-0.00000,0.00000,0.00000,11.00,0.00,0.00,0.0000,0.0000,0.0000,0.0000,0,0
2026-08-25 17:28:37.350899,1998,flowbot,0.47076,0.09890,0.44666,-0.00000,-0.00000,0.00000,0.00000,11.00,0.00,0.00,0.0000,0.0000,0.0000,0.0000,0,0
2026-08-25 17:28:37.406927,1999,flowbot,0.47076,0.09890,0.44666,-0.00000,-0.00000,0.00000,0.00000,11.00,0.00,0.00,0.0000,0.0000,0.0000,0.0000,0,0
2026-08-25 17:28:37.457279,2000,flowbot,0.47076,0.09890,0.44666,-0.00000,-0.00000,0.00000,0.00000,11.00,0.00,0.00,0.0000,0.0000,0.0000,0.0000,0,0
2026-08-25 17:28:37.511725,2001,flowbot,0.47076,0.09890,0.44666,-0.00000,-0.00000,0.00000,0.00000,11.00,0.00,0.00,0.0000,0.0000,0.0000,0.0000,0,0
2026-08-25 17:28:37.568325,2002,flowbot,0.47076,0.09890,0.44666,-0.00000,-0.00000,0.00000,0.00000,11.00,0.00,0.00,0.0000,0.0000,0.0000,0.0000,0,0
2026-08-25 17:28:37.623618,2003,flowbot,0.47076,0.09890,0.44666,-0.00000,-0.00000,0.00000,0.00000,11.00,0.00,0.00,0.0000,0.0000,0.0000,0.0000,0,0
2026-08-25 17:28:37.675606,2004,flowbot,0.47076,0.09890,0.44666,-0.00000,-0.00000,0.00000,0.00000,10.00,0.00,0.00,-0.7400,0.0000,0.0000,0.0000,0,0
2026-08-25 17:28:37.727247,2005,flowbot,0.47076,0.09890,0.44666,-0.00000,-0.00000,0.00000,0.00000,10.00,0.00,0.00,-0.7400,0.0000,0.0000,0.0000,0,0
2026-08-25 17:28:37.778464,2006,flowbot,0.47076,0.09890,0.44666,-0.00000,-0.00000,0.00000,0.00000,10.00,0.00,0.00,-0.7400,0.0000,0.0000,0.0000,0,0
2026-08-25 17:28:37.833015,2007,flowbot,0.47076,0.09890,0.44666,-0.00000,-0.00000,0.00000,0.00000,10.00,0.00,0.00,-0.7400,0.0000,0.0000,0.0000,0,0
2026-08-25 17:28:37.882118,2008,flowbot,0.47076,0.09890,0.44666,-0.00000,-0.00000,0.00000,0.00000,10.00,0.00,0.00,-0.7400,0.0000,0.0000,0.0000,0,0
2026-08-25 17:28:37.936390,2009,flowbot,0.47076,0.09890,0.44666,-0.00000,-0.00000,0.00000,0.00000,9.00,0.00,0.00,-0.9000,0.0000,0.1486,0.0000,0,0
2026-08-25 17:28:37.992769,2010,flowbot,0.47076,0.09890,0.44666,-0.00000,-0.00000,0.00000,0.00000,9.00,0.00,0.00,-0.9000,0.0000,0.1486,0.0000,0,0
2026-08-25 17:28:38.048321,2011,flowbot,0.47076,0.09890,0.44666,-0.00000,-0.00000,0.00000,0.00000,9.00,0.00,0.00,-0.9000,0.0000,0.1486,0.0000,0,0
2026-08-25 17:28:38.102116,2012,flowbot,0.47076,0.09890,0.44666,-0.00000,-0.00000,0.00000,0.00000,8.00,0.00,0.00,-0.9229,0.0000,0.1486,0.0000,0,0
2026-08-25 17:28:38.156045,2013,flowbot,0.47076,0.09890,0.44666,-0.00000,-0.00000,0.00000,0.00000,8.00,0.00,0.00,-0.9229,0.0000,0.1486,0.0000,0,0
2026-08-25 17:28:38.211380,2014,flowbot,0.47076,0.09890,0.44666,-0.00000,-0.00000,0.00000,0.00000,8.00,0.00,0.00,-0.9229,0.0000,0.1486,0.0000,0,0
2026-08-25 17:28:38.267730,2015,flowbot,0.47076,0.09890,0.44666,-0.00000,-0.00000,0.00000,0.00000,8.00,0.00,0.00,-0.9229,0.0000,0.1486,0.0000,0,0
2026-08-25 17:28:38.318446,2016,flowbot,0.47076,0.09890,0.44666,-0.00000,-0.00000,0.00000,0.00000,7.00,0.00,0.00,-0.9286,0.0000,0.1457,0.0000,0,0
2026-08-25 17:28:38.374708,2017,flowbot,0.47076,0.09890,0.44666,-0.00000,-0.00000,0.00000,0.00000,7.00,0.00,0.00,-0.9286,0.0000,0.1457,0.0000,0,0
2026-08-25 17:28:38.428738,2018,flowbot,0.47076,0.09890,0.44666,-0.00000,-0.00000,0.00000,0.00000,7.00,0.00,0.00,-0.9286,0.0000,0.1457,0.0000,0,0
2026-08-25 17:28:38.482041,2019,flowbot,0.47076,0.09890,0.44666,-0.00000,-0.00000,0.00000,0.00000,7.00,0.00,0.00,-0.9286,0.0000,0.1457,0.0000,0,0
2026-08-25 17:28:38.533235,2020,flowbot,0.47076,0.09890,0.44666,-0.00000,-0.00000,0.00000,0.00000,7.00,0.00,0.00,-0.9314,0.0000,0.1543,0.0000,0,0
2026-08-25 17:28:38.585088,2021,flowbot,0.47076,0.09890,0.44666,-0.00000,-0.00000,0.00000,0.00000,7.00,0.00,0.00,-0.9314,0.0000,0.1543,0.0000,0,0
2026-08-25 17:28:38.637882,2022,flowbot,0.47076,0.09890,0.44666,-0.00000,-0.00000,0.00000,0.00000,7.00,0.00,0.00,-0.9314,0.0000,0.1543,0.0000,0,0
2026-08-25 17:28:38.687224,2023,flowbot,0.47076,0.09890,0.44666,-0.00000,-0.00000,0.00000,0.00000,7.00,0.00,0.00,-0.9314,0.0000,0.1543,0.0000,0,0
2026-08-25 17:28:38.738014,2024,flowbot,0.47076,0.09890,0.44666,-0.00000,-0.00000,0.00000,0.00000,7.00,0.00,0.00,-0.9314,0.0000,0.1543,0.0000,0,0
2026-08-25 17:28:38.790906,2025,flowbot,0.47076,0.09890,0.44666,-0.00000,-0.00000,0.00000,0.00000,6.00,0.00,0.00,-0.9400,0.0000,0.1629,0.0000,0,0
2026-08-25 17:28:38.847300,2026,flowbot,0.47076,0.09890,0.44666,-0.00000,-0.00000,0.00000,0.00000,6.00,0.00,0.00,-0.9400,0.0000,0.1629,0.0000,0,0
2026-08-25 17:28:38.901412,2027,flowbot,0.47076,0.09890,0.44666,-0.00000,-0.00000,0.00000,0.00000,6.00,0.00,0.00,-0.9400,0.0000,0.1629,0.0000,0,0
2026-08-25 17:28:38.949995,2028,flowbot,0.47076,0.09890,0.44666,-0.00000,-0.00000,0.00000,0.00000,6.00,0.00,0.00,-0.9400,0.0000,0.1629,0.0000,0,0
2026-08-25 17:28:39.004342,2029,flowbot,0.47076,0.09890,0.44666,-0.00000,-0.00000,0.00000,0.00000,5.00,0.00,0.00,-0.7657,0.0000,0.0000,0.0000,0,0
2026-08-25 17:28:39.054666,2030,flowbot,0.47076,0.09890,0.44666,-0.00000,-0.00000,0.00000,0.00000,5.00,0.00,0.00,-0.7657,0.0000,0.0000,0.0000,0,0
2026-08-25 17:28:39.106205,2031,flowbot,0.47076,0.09890,0.44666,-0.00000,-0.00000,0.00000,0.00000,5.00,0.00,0.00,-0.7657,0.0000,0.0000,0.0000,0,0
2026-08-25 17:28:39.158132,2032,flowbot,0.47076,0.09890,0.44666,-0.00000,-0.00000,0.00000,0.00000,5.00,1.00,0.00,-0.8171,0.0000,0.1086,0.0000,0,0
2026-08-25 17:28:39.213926,2033,flowbot,0.47076,0.09890,0.44666,-0.00000,-0.00000,0.00000,0.00000,5.00,1.00,0.00,-0.8171,0.0000,0.1086,0.0000,0,0
2026-08-25 17:28:39.261612,2034,flowbot,0.47076,0.09890,0.44666,-0.00000,-0.00000,0.00000,0.00000,5.00,1.00,0.00,-0.8171,0.0000,0.1086,0.0000,0,0
2026-08-25 17:28:39.313975,2035,flowbot,0.47076,0.09890,0.44666,-0.00000,-0.00000,0.00000,0.00000,5.00,1.00,0.00,-0.8171,0.0000,0.1086,0.0000,0,0
2026-08-25 17:28:39.366305,2036,flowbot,0.47076,0.09890,0.44666,-0.00000,-0.00000,0.00000,0.00000,4.00,1.00,0.00,-0.8000,0.0000,0.1171,0.0000,0,0
2026-08-25 17:28:39.420495,2037,flowbot,0.47076,0.09890,0.44666,-0.00000,-0.00000,0.00000,0.00000,4.00,1.00,0.00,-0.8000,0.0000,0.1171,0.0000,0,0
2026-08-25 17:28:39.473275,2038,flowbot,0.47076,0.09890,0.44666,-0.00000,-0.00000,0.00000,0.00000,4.00,1.00,0.00,-0.8000,0.0000,0.1171,0.0000,0,0
2026-08-25 17:28:39.529123,2039,flowbot,0.47076,0.09890,0.44666,-0.00000,-0.00000,0.00000,0.00000,4.00,1.00,0.00,-0.8000,0.0000,0.1171,0.0000,0,0
2026-08-25 17:28:39.578511,2040,flowbot,0.47076,0.09890,0.44666,-0.00000,-0.00000,0.00000,0.00000,4.00,1.00,0.00,-0.7714,0.0000,0.1000,0.0000,0,0
2026-08-25 17:28:39.631278,2041,flowbot,0.47076,0.09890,0.44666,-0.00000,-0.00000,0.00000,0.00000,4.00,1.00,0.00,-0.7714,0.0000,0.1000,0.0000,0,0
2026-08-25 17:28:39.684820,2042,flowbot,0.47076,0.09890,0.44666,-0.00000,-0.00000,0.00000,0.00000,4.00,1.00,0.00,-0.7714,0.0000,0.1000,0.0000,0,0
2026-08-25 17:28:39.736935,2043,flowbot,0.47076,0.09890,0.44666,-0.00000,-0.00000,0.00000,0.00000,4.00,1.00,0.00,-0.7714,0.0000,0.1000,0.0000,0,0
2026-08-25 17:28:39.787510,2044,flowbot,0.47076,0.09890,0.44666,-0.00000,-0.00000,0.00000,0.00000,4.00,1.00,0.00,-0.7714,0.0000,0.1000,0.0000,0,0
2026-08-25 17:28:39.841720,2045,flowbot,0.47076,0.09890,0.44666,-0.00000,-0.00000,0.00000,0.00000,3.00,1.00,0.00,-0.2800,-0.1000,0.0000,0.0000,0,0
2026-08-25 17:28:39.896328,2046,flowbot,0.47076,0.09890,0.44666,-0.00000,-0.00000,0.00000,0.00000,3.00,1.00,0.00,-0.2800,-0.1000,0.0000,0.0000,0,0
2026-08-25 17:28:39.946257,2047,flowbot,0.47076,0.09890,0.44666,-0.00000,-0.00000,0.00000,0.00000,3.00,1.00,0.00,-0.2800,-0.1000,0.0000,0.0000,0,0
2026-08-25 17:28:39.999929,2048,flowbot,0.47076,0.09890,0.44666,-0.00000,-0.00000,0.00000,0.00000,3.00,1.00,0.00,-0.2086,0.0000,0.0000,0.0000,0,0
2026-08-25 17:28:40.051298,2049,flowbot,0.47076,0.09890,0.44666,-0.00000,-0.00000,0.00000,0.00000,3.00,1.00,0.00,-0.2086,0.0000,0.0000,0.0000,0,0
2026-08-25 17:28:40.109799,2050,flowbot,0.47076,0.09890,0.44666,-0.00000,-0.00000,0.00000,0.00000,3.00,1.00,0.00,-0.2086,0.0000,0.0000,0.0000,0,0
2026-08-25 17:28:40.164657,2051,flowbot,0.47076,0.09890,0.44666,-0.00000,-0.00000,0.00000,0.00000,3.00,1.00,0.00,-0.2086,0.0000,0.0000,0.0000,0,0
2026-08-25 17:28:40.214549,2052,flowbot,0.47076,0.09890,0.44666,-0.00000,-0.00000,0.00000,0.00000,3.00,1.00,0.00,-0.2086,0.0000,0.0000,0.0000,0,0
2026-08-25 17:28:40.268278,2053,flowbot,0.47076,0.09890,0.44666,-0.00000,-0.00000,0.00000,0.00000,3.00,1.00,0.00,0.0000,0.0000,0.0000,0.0000,0,0
2026-08-25 17:28:40.324795,2054,flowbot,0.47076,0.09890,0.44666,-0.00000,-0.00000,0.00000,0.00000,3.00,1.00,0.00,0.0000,0.0000,0.0000,0.0000,0,0
2026-08-25 17:28:40.382596,2055,flowbot,0.47076,0.09890,0.44666,-0.00000,-0.00000,0.00000,0.00000,3.00,1.00,0.00,0.0000,0.0000,0.0000,0.0000,0,0
2026-08-25 17:28:40.426649,2056,flowbot,0.47076,0.09890,0.44666,-0.00000,-0.00000,0.00000,0.00000,3.00,1.00,0.00,0.0000,0.0000,0.0000,0.0000,0,0
2026-08-25 17:28:40.485512,2057,flowbot,0.47076,0.09890,0.44666,-0.00000,-0.00000,0.00000,0.00000,3.00,2.00,0.00,-0.9029,0.0000,0.3486,0.0000,0,0
2026-08-25 17:28:40.541977,2058,flowbot,0.47076,0.09890,0.44666,-0.00000,-0.00000,0.00000,0.00000,3.00,2.00,0.00,-0.9029,0.0000,0.3486,0.0000,0,0
2026-08-25 17:28:40.593955,2059,flowbot,0.47076,0.09890,0.44666,-0.00000,-0.00000,0.00000,0.00000,3.00,2.00,0.00,-0.9029,0.0000,0.3486,0.0000,0,0
2026-08-25 17:28:40.646165,2060,flowbot,0.47076,0.09890,0.44666,-0.00000,-0.00000,0.00000,0.00000,3.00,2.00,0.00,-0.9029,0.0000,0.3486,0.0000,0,0
2026-08-25 17:28:40.700325,2061,flowbot,0.47076,0.09890,0.44666,-0.00000,-0.00000,0.00000,0.00000,3.00,2.00,0.00,-0.2829,0.0000,0.0000,0.0000,0,0
2026-08-25 17:28:40.753636,2062,flowbot,0.47076,0.09890,0.44666,-0.00000,-0.00000,0.00000,0.00000,3.00,2.00,0.00,-0.2829,0.0000,0.0000,0.0000,0,0
2026-08-25 17:28:40.805302,2063,flowbot,0.47076,0.09890,0.44666,-0.00000,-0.00000,0.00000,0.00000,3.00,2.00,0.00,-0.2829,0.0000,0.0000,0.0000,0,0
2026-08-25 17:28:40.858695,2064,flowbot,0.47076,0.09890,0.44666,-0.00000,-0.00000,0.00000,0.00000,3.00,2.00,0.00,0.0000,0.0000,0.0000,0.0000,0,0
2026-08-25 17:28:40.911979,2065,flowbot,0.47076,0.09890,0.44666,-0.00000,-0.00000,0.00000,0.00000,3.00,2.00,0.00,0.0000,0.0000,0.0000,0.0000,0,0
2026-08-25 17:28:40.969405,2066,flowbot,0.47076,0.09890,0.44666,-0.00000,-0.00000,0.00000,0.00000,3.00,2.00,0.00,0.0000,0.0000,0.0000,0.0000,0,0
2026-08-25 17:28:41.019792,2067,flowbot,0.47076,0.09890,0.44666,-0.00000,-0.00000,0.00000,0.00000,3.00,2.00,0.00,0.0000,0.0000,0.0000,0.0000,0,0
2026-08-25 17:28:41.068595,2068,flowbot,0.47076,0.09890,0.44666,-0.00000,-0.00000,0.00000,0.00000,3.00,2.00,0.00,-0.1314,-0.1571,0.0000,0.0000,0,0
2026-08-25 17:28:41.124080,2069,flowbot,0.47076,0.09890,0.44666,-0.00000,-0.00000,0.00000,0.00000,3.00,2.00,0.00,-0.1314,-0.1571,0.0000,0.0000,0,0
2026-08-25 17:28:41.176436,2070,flowbot,0.47076,0.09890,0.44666,-0.00000,-0.00000,0.00000,0.00000,3.00,2.00,0.00,-0.1314,-0.1571,0.0000,0.0000,0,0
2026-08-25 17:28:41.228900,2071,flowbot,0.47076,0.09890,0.44666,-0.00000,-0.00000,0.00000,0.00000,3.00,2.00,0.00,-0.1314,-0.1571,0.0000,0.0000,0,0
2026-08-25 17:28:41.280369,2072,flowbot,0.47076,0.09890,0.44666,-0.00000,-0.00000,0.00000,0.00000,1.00,1.00,0.00,0.0000,-0.2286,-0.9857,0.0000,0,0
2026-08-25 17:28:41.332693,2073,flowbot,0.47076,0.09890,0.44666,-0.00000,-0.00000,0.00000,0.00000,1.00,1.00,0.00,0.0000,-0.2286,-0.9857,0.0000,0,0
2026-08-25 17:28:41.389339,2074,flowbot,0.47076,0.09890,0.44666,-0.00000,-0.00000,0.00000,0.00000,1.00,1.00,0.00,0.0000,-0.2286,-0.9857,0.0000,0,0
2026-08-25 17:28:41.447102,2075,flowbot,0.47076,0.09890,0.44666,-0.00000,-0.00000,0.00000,0.00000,1.00,1.00,0.00,0.0000,-0.2286,-0.9857,0.0000,0,0
2026-08-25 17:28:41.492806,2076,flowbot,0.47076,0.09890,0.44666,-0.00000,-0.00000,0.00000,0.00000,1.00,1.00,0.00,0.0000,0.0000,0.0000,0.0000,0,0
2026-08-25 17:28:41.551707,2077,flowbot,0.47076,0.09890,0.44666,-0.00000,-0.00000,0.00000,0.00000,1.00,1.00,0.00,0.0000,0.0000,0.0000,0.0000,0,0
2026-08-25 17:28:41.604615,2078,flowbot,0.47076,0.09890,0.44666,-0.00000,-0.00000,0.00000,0.00000,1.00,1.00,0.00,0.0000,0.0000,0.0000,0.0000,0,0
2026-08-25 17:28:41.654915,2079,flowbot,0.47076,0.09890,0.44666,-0.00000,-0.00000,0.00000,0.00000,1.00,1.00,0.00,0.0000,0.0000,0.0000,0.0000,0,0
2026-08-25 17:28:41.708784,2080,flowbot,0.47076,0.09890,0.44666,-0.00000,-0.00000,0.00000,0.00000,1.00,1.00,0.00,-0.7200,-0.1486,0.1771,0.0000,0,0
2026-08-25 17:28:41.762156,2081,flowbot,0.47076,0.09890,0.44666,-0.00000,-0.00000,0.00000,0.00000,1.00,1.00,0.00,-0.7200,-0.1486,0.1771,0.0000,0,0
2026-08-25 17:28:41.817353,2082,flowbot,0.47076,0.09890,0.44666,-0.00000,-0.00000,0.00000,0.00000,1.00,1.00,0.00,-0.7200,-0.1486,0.1771,0.0000,0,0
2026-08-25 17:28:41.869227,2083,flowbot,0.47076,0.09890,0.44666,-0.00000,-0.00000,0.00000,0.00000,1.00,1.00,0.00,-0.7200,-0.1486,0.1771,0.0000,0,0
2026-08-25 17:28:41.921623,2084,flowbot,0.47076,0.09890,0.44666,-0.00000,-0.00000,0.00000,0.00000,1.00,1.00,0.00,0.0000,0.0000,0.0000,0.0000,0,0
2026-08-25 17:28:41.978869,2085,flowbot,0.47076,0.09890,0.44666,-0.00000,-0.00000,0.00000,0.00000,1.00,1.00,0.00,0.0000,0.0000,0.0000,0.0000,0,0
2026-08-25 17:28:42.030437,2086,flowbot,0.47076,0.09890,0.44666,-0.00000,-0.00000,0.00000,0.00000,1.00,1.00,0.00,0.0000,0.0000,0.0000,0.0000,0,0
2026-08-25 17:28:42.080410,2087,flowbot,0.47076,0.09890,0.44666,-0.00000,-0.00000,0.00000,0.00000,1.00,1.00,0.00,0.0000,0.0000,0.0000,0.0000,0,0
2026-08-25 17:28:42.134144,2088,flowbot,0.47076,0.09890,0.44666,-0.00000,-0.00000,0.00000,0.00000,1.00,1.00,0.00,0.0000,0.0000,0.0000,0.0000,0,0
2026-08-25 17:28:42.190921,2089,flowbot,0.47076,0.09890,0.44666,-0.00000,-0.00000,0.00000,0.00000,1.00,1.00,0.00,0.0000,0.0000,0.0000,0.0000,0,0
2026-08-25 17:28:42.245993,2090,flowbot,0.47076,0.09890,0.44666,-0.00000,-0.00000,0.00000,0.00000,1.00,1.00,0.00,0.0000,0.0000,0.0000,0.0000,0,0
2026-08-25 17:28:42.298638,2091,flowbot,0.47076,0.09890,0.44666,-0.00000,-0.00000,0.00000,0.00000,1.00,1.00,0.00,0.0000,0.0000,0.0000,0.0000,0,0
2026-08-25 17:28:42.349835,2092,flowbot,0.47076,0.09890,0.44666,-0.00000,-0.00000,0.00000,0.00000,1.00,1.00,0.00,-0.1771,0.0000,0.0000,0.0000,0,0
2026-08-25 17:28:42.407495,2093,flowbot,0.47076,0.09890,0.44666,-0.00000,-0.00000,0.00000,0.00000,1.00,1.00,0.00,-0.1771,0.0000,0.0000,0.0000,0,0
2026-08-25 17:28:42.456333,2094,flowbot,0.47076,0.09890,0.44666,-0.00000,-0.00000,0.00000,0.00000,1.00,1.00,0.00,-0.1771,0.0000,0.0000,0.0000,0,0
2026-08-25 17:28:42.507406,2095,flowbot,0.47076,0.09890,0.44666,-0.00000,-0.00000,0.00000,0.00000,1.00,1.00,0.00,-0.1771,0.0000,0.0000,0.0000,0,0
2026-08-25 17:28:42.560308,2096,flowbot,0.47076,0.09890,0.44666,-0.00000,-0.00000,0.00000,0.00000,1.00,2.00,0.00,-0.6857,0.0000,0.2114,0.0000,0,0
2026-08-25 17:28:42.611545,2097,flowbot,0.47076,0.09890,0.44666,-0.00000,-0.00000,0.00000,0.00000,1.00,2.00,0.00,-0.6857,0.0000,0.2114,0.0000,0,0
2026-08-25 17:28:42.662262,2098,flowbot,0.47076,0.09890,0.44666,-0.00000,-0.00000,0.00000,0.00000,1.00,2.00,0.00,-0.6857,0.0000,0.2114,0.0000,0,0
2026-08-25 17:28:42.712915,2099,flowbot,0.47076,0.09890,0.44666,-0.00000,-0.00000,0.00000,0.00000,1.00,2.00,0.00,-0.6857,0.0000,0.2114,0.0000,0,0
2026-08-25 17:28:42.763990,2100,flowbot,0.47076,0.09890,0.44666,-0.00000,-0.00000,0.00000,0.00000,1.00,2.00,0.00,0.0000,0.0000,0.0000,0.0000,0,0
2026-08-25 17:28:42.820402,2101,flowbot,0.47076,0.09890,0.44666,-0.00000,-0.00000,0.00000,0.00000,1.00,2.00,0.00,0.0000,0.0000,0.0000,0.0000,0,0
2026-08-25 17:28:42.875467,2102,flowbot,0.47076,0.09890,0.44666,-0.00000,-0.00000,0.00000,0.00000,1.00,2.00,0.00,0.0000,0.0000,0.0000,0.0000,0,0
2026-08-25 17:28:42.923985,2103,flowbot,0.47076,0.09890,0.44666,-0.00000,-0.00000,0.00000,0.00000,1.00,2.00,0.00,0.0000,0.0000,0.0000,0.0000,0,0
2026-08-25 17:28:42.978629,2104,flowbot,0.47076,0.09890,0.44666,-0.00000,-0.00000,0.00000,0.00000,1.00,2.00,0.00,0.0000,0.0000,0.0000,0.0000,0,0
2026-08-25 17:28:43.035123,2105,flowbot,0.47076,0.09890,0.44666,-0.00000,-0.00000,0.00000,0.00000,1.00,2.00,0.00,0.0000,0.0000,0.0000,0.0000,0,0
2026-08-25 17:28:43.085547,2106,flowbot,0.47076,0.09890,0.44666,-0.00000,-0.00000,0.00000,0.00000,1.00,2.00,0.00,0.0000,0.0000,0.0000,0.0000,0,0
2026-08-25 17:28:43.138214,2107,flowbot,0.47076,0.09890,0.44666,-0.00000,-0.00000,0.00000,0.00000,1.00,2.00,0.00,0.0000,0.0000,0.0000,0.0000,0,0
2026-08-25 17:28:43.190140,2108,flowbot,0.47076,0.09890,0.44666,-0.00000,-0.00000,0.00000,0.00000,0.00,1.00,0.00,0.0000,-0.1629,-0.6000,0.0000,0,0
2026-08-25 17:28:43.241161,2109,flowbot,0.47076,0.09890,0.44666,-0.00000,-0.00000,0.00000,0.00000,0.00,1.00,0.00,0.0000,-0.1629,-0.6000,0.0000,0,0
2026-08-25 17:28:43.296545,2110,flowbot,0.47076,0.09890,0.44666,-0.00000,-0.00000,0.00000,0.00000,0.00,1.00,0.00,0.0000,-0.1629,-0.6000,0.0000,0,0
2026-08-25 17:28:43.348105,2111,flowbot,0.47076,0.09890,0.44666,-0.00000,-0.00000,0.00000,0.00000,0.00,1.00,0.00,0.0000,-0.1629,-0.6000,0.0000,0,0
2026-08-25 17:28:43.397207,2112,flowbot,0.47076,0.09890,0.44666,-0.00000,-0.00000,0.00000,0.00000,0.00,1.00,0.00,0.0000,-0.1629,-0.6000,0.0000,0,0
2026-08-25 17:28:43.453525,2113,flowbot,0.47076,0.09890,0.44666,-0.00000,-0.00000,0.00000,0.00000,0.00,1.00,0.00,0.0000,0.0000,0.0000,0.0000,0,0
2026-08-25 17:28:43.507226,2114,flowbot,0.47076,0.09890,0.44666,-0.00000,-0.00000,0.00000,0.00000,0.00,1.00,0.00,0.0000,0.0000,0.0000,0.0000,0,0
2026-08-25 17:28:43.558740,2115,flowbot,0.47076,0.09890,0.44666,-0.00000,-0.00000,0.00000,0.00000,0.00,1.00,0.00,0.0000,0.0000,0.0000,0.0000,0,0
2026-08-25 17:28:43.612148,2116,flowbot,0.47076,0.09890,0.44666,-0.00000,-0.00000,0.00000,0.00000,0.00,1.00,0.00,-0.1000,0.0000,0.0000,0.0000,0,0
2026-08-25 17:28:43.664096,2117,flowbot,0.47076,0.09890,0.44666,-0.00000,-0.00000,0.00000,0.00000,0.00,1.00,0.00,-0.1000,0.0000,0.0000,0.0000,0,0
2026-08-25 17:28:43.714626,2118,flowbot,0.47076,0.09890,0.44666,-0.00000,-0.00000,0.00000,0.00000,0.00,1.00,0.00,-0.1000,0.0000,0.0000,0.0000,0,0
2026-08-25 17:28:43.766525,2119,flowbot,0.47076,0.09890,0.44666,-0.00000,-0.00000,0.00000,0.00000,0.00,1.00,0.00,-0.1000,0.0000,0.0000,0.0000,0,0
2026-08-25 17:28:43.819719,2120,flowbot,0.47076,0.09890,0.44666,-0.00000,-0.00000,0.00000,0.00000,0.00,1.00,0.00,-0.3600,0.0000,0.0000,0.0000,0,0
2026-08-25 17:28:43.870848,2121,flowbot,0.47076,0.09890,0.44666,-0.00000,-0.00000,0.00000,0.00000,0.00,1.00,0.00,-0.3600,0.0000,0.0000,0.0000,0,0
2026-08-25 17:28:43.923642,2122,flowbot,0.47076,0.09890,0.44666,-0.00000,-0.00000,0.00000,0.00000,0.00,1.00,0.00,-0.3600,0.0000,0.0000,0.0000,0,0
2026-08-25 17:28:43.978300,2123,flowbot,0.47076,0.09890,0.44666,-0.00000,-0.00000,0.00000,0.00000,0.00,1.00,0.00,-0.3600,0.0000,0.0000,0.0000,0,0
2026-08-25 17:28:44.030639,2124,flowbot,0.47076,0.09890,0.44666,-0.00000,-0.00000,0.00000,0.00000,0.00,1.00,0.00,0.0000,0.0000,0.0000,0.0000,0,0
2026-08-25 17:28:44.083986,2125,flowbot,0.47076,0.09890,0.44666,-0.00000,-0.00000,0.00000,0.00000,0.00,1.00,0.00,0.0000,0.0000,0.0000,0.0000,0,0
2026-08-25 17:28:44.138714,2126,flowbot,0.47076,0.09890,0.44666,-0.00000,-0.00000,0.00000,0.00000,0.00,1.00,0.00,0.0000,0.0000,0.0000,0.0000,0,0
2026-08-25 17:28:44.187826,2127,flowbot,0.47076,0.09890,0.44666,-0.00000,-0.00000,0.00000,0.00000,0.00,1.00,0.00,0.0000,0.0000,0.0000,0.0000,0,0
2026-08-25 17:28:44.240511,2128,flowbot,0.47076,0.09890,0.44666,-0.00000,-0.00000,0.00000,0.00000,0.00,1.00,0.00,0.0000,0.0000,0.0000,0.0000,0,0
2026-08-25 17:28:44.292975,2129,flowbot,0.47076,0.09890,0.44666,-0.00000,-0.00000,0.00000,0.00000,0.00,1.00,0.00,0.0000,0.0000,0.0000,0.0000,0,0
2026-08-25 17:28:44.343348,2130,flowbot,0.47076,0.09890,0.44666,-0.00000,-0.00000,0.00000,0.00000,0.00,1.00,0.00,0.0000,0.0000,0.0000,0.0000,0,0
2026-08-25 17:28:44.397091,2131,flowbot,0.47076,0.09890,0.44666,-0.00000,-0.00000,0.00000,0.00000,0.00,1.00,0.00,0.0000,0.0000,0.0000,0.0000,0,0
2026-08-25 17:28:44.452140,2132,flowbot,0.47076,0.09890,0.44666,-0.00000,-0.00000,0.00000,0.00000,0.00,0.00,0.00,0.0000,0.0000,-0.3886,0.0000,0,0
2026-08-25 17:28:44.505185,2133,flowbot,0.47076,0.09890,0.44666,-0.00000,-0.00000,0.00000,0.00000,0.00,0.00,0.00,0.0000,0.0000,-0.3886,0.0000,0,0
2026-08-25 17:28:44.560304,2134,flowbot,0.47076,0.09890,0.44666,-0.00000,-0.00000,0.00000,0.00000,0.00,0.00,0.00,0.0000,0.0000,-0.3886,0.0000,0,0
2026-08-25 17:28:44.616720,2135,flowbot,0.47076,0.09890,0.44666,-0.00000,-0.00000,0.00000,0.00000,0.00,0.00,0.00,0.0000,0.0000,-0.3886,0.0000,0,0
2026-08-25 17:28:44.669762,2136,flowbot,0.47076,0.09890,0.44666,-0.00000,-0.00000,0.00000,0.00000,0.00,0.00,0.00,0.0000,0.0000,-0.3886,0.0000,0,0
2026-08-25 17:28:44.724328,2137,flowbot,0.47076,0.09890,0.44666,-0.00000,-0.00000,0.00000,0.00000,0.00,0.00,0.00,0.2343,-0.9000,0.0000,0.0000,0,0
2026-08-25 17:28:44.776299,2138,flowbot,0.47076,0.09890,0.44666,-0.00000,-0.00000,0.00000,0.00000,0.00,0.00,0.00,0.2343,-0.9000,0.0000,0.0000,0,0
2026-08-25 17:28:44.828296,2139,flowbot,0.47076,0.09890,0.44666,-0.00000,-0.00000,0.00000,0.00000,0.00,0.00,0.00,0.2343,-0.9000,0.0000,0.0000,0,0
2026-08-25 17:28:44.879911,2140,flowbot,0.47076,0.09890,0.44666,-0.00000,-0.00000,0.00000,0.00000,0.00,0.00,0.00,0.0000,0.0000,0.0000,0.0000,0,0
2026-08-25 17:28:44.934386,2141,flowbot,0.47076,0.09890,0.44666,-0.00000,-0.00000,0.00000,0.00000,0.00,0.00,0.00,0.0000,0.0000,0.0000,0.0000,0,0
2026-08-25 17:28:44.988862,2142,flowbot,0.47076,0.09890,0.44666,-0.00000,-0.00000,0.00000,0.00000,0.00,0.00,0.00,0.0000,0.0000,0.0000,0.0000,0,0
2026-08-25 17:28:45.042513,2143,flowbot,0.47076,0.09890,0.44666,-0.00000,-0.00000,0.00000,0.00000,0.00,0.00,0.00,0.0000,0.0000,0.0000,0.0000,0,0
2026-08-25 17:28:45.096104,2144,flowbot,0.47076,0.09890,0.44666,-0.00000,-0.00000,0.00000,0.00000,0.00,0.00,0.00,0.0000,0.0000,0.0000,0.0000,0,0
2026-08-25 17:28:45.148183,2145,flowbot,0.47076,0.09890,0.44666,-0.00000,-0.00000,0.00000,0.00000,0.00,0.00,0.00,0.0000,0.0000,0.0000,0.0000,0,0
2026-08-25 17:28:45.201940,2146,flowbot,0.47076,0.09890,0.44666,-0.00000,-0.00000,0.00000,0.00000,0.00,0.00,0.00,0.0000,0.0000,0.0000,0.0000,0,0
2026-08-25 17:28:45.255624,2147,flowbot,0.47076,0.09890,0.44666,-0.00000,-0.00000,0.00000,0.00000,0.00,0.00,0.00,0.0000,0.0000,0.0000,0.0000,0,0
2026-08-25 17:28:45.303647,2148,flowbot,0.47076,0.09890,0.44666,-0.00000,-0.00000,0.00000,0.00000,0.00,0.00,0.00,0.0000,0.0000,0.0000,0.0000,0,0
2026-08-25 17:28:45.358494,2149,flowbot,0.47076,0.09890,0.44666,-0.00000,-0.00000,0.00000,0.00000,0.00,0.00,0.00,0.0000,0.0000,0.0000,0.0000,0,0
2026-08-25 17:28:45.410079,2150,flowbot,0.47076,0.09890,0.44666,-0.00000,-0.00000,0.00000,0.00000,0.00,0.00,0.00,0.0000,0.0000,0.0000,0.0000,0,0
2026-08-25 17:28:45.461968,2151,flowbot,0.47076,0.09890,0.44666,-0.00000,-0.00000,0.00000,0.00000,0.00,0.00,0.00,0.0000,0.0000,0.0000,0.0000,0,0
2026-08-25 17:28:45.514659,2152,flowbot,0.47076,0.09890,0.44666,-0.00000,-0.00000,0.00000,0.00000,0.00,0.00,0.00,0.0000,0.0000,0.0000,0.0000,0,0
2026-08-25 17:28:45.569141,2153,flowbot,0.47076,0.09890,0.44666,-0.00000,-0.00000,0.00000,0.00000,0.00,0.00,0.00,0.0000,0.0000,0.0000,0.0000,0,0
2026-08-25 17:28:45.623371,2154,flowbot,0.47076,0.09890,0.44666,-0.00000,-0.00000,0.00000,0.00000,0.00,0.00,0.00,0.0000,0.0000,0.0000,0.0000,0,0
2026-08-25 17:28:45.674270,2155,flowbot,0.47076,0.09890,0.44666,-0.00000,-0.00000,0.00000,0.00000,0.00,0.00,0.00,0.0000,0.0000,0.0000,0.0000,0,0
2026-08-25 17:28:45.724949,2156,flowbot,0.47076,0.09890,0.44666,-0.00000,-0.00000,0.00000,0.00000,0.00,0.00,0.00,0.0000,0.0000,0.0000,0.0000,0,0
2026-08-25 17:28:45.781653,2157,flowbot,0.47076,0.09890,0.44666,-0.00000,-0.00000,0.00000,0.00000,0.00,0.00,0.00,0.0000,0.0000,0.0000,0.0000,0,0
2026-08-25 17:28:45.834349,2158,flowbot,0.47076,0.09890,0.44666,-0.00000,-0.00000,0.00000,0.00000,0.00,0.00,0.00,0.0000,0.0000,0.0000,0.0000,0,0
2026-08-25 17:28:45.888612,2159,flowbot,0.47076,0.09890,0.44666,-0.00000,-0.00000,0.00000,0.00000,0.00,0.00,0.00,0.0000,0.0000,0.0000,0.0000,0,0
2026-08-25 17:28:45.934563,2160,flowbot,0.47076,0.09890,0.44666,-0.00000,-0.00000,0.00000,0.00000,0.00,0.00,0.00,0.0000,0.0000,0.0000,0.0000,0,0
2026-08-25 17:28:45.987888,2161,flowbot,0.47076,0.09890,0.44666,-0.00000,-0.00000,0.00000,0.00000,0.00,0.00,0.00,0.0000,0.0000,0.0000,0.0000,0,0
2026-08-25 17:28:46.040667,2162,flowbot,0.47076,0.09890,0.44666,-0.00000,-0.00000,0.00000,0.00000,0.00,0.00,0.00,0.0000,0.0000,0.0000,0.0000,0,0
2026-08-25 17:28:46.099135,2163,flowbot,0.47076,0.09890,0.44666,-0.00000,-0.00000,0.00000,0.00000,0.00,0.00,0.00,0.0000,0.0000,0.0000,0.0000,0,0
2026-08-25 17:28:46.147689,2164,flowbot,0.47076,0.09890,0.44666,-0.00000,-0.00000,0.00000,0.00000,0.00,0.00,0.00,0.0000,0.0000,0.0000,0.0000,0,0
2026-08-25 17:28:46.200841,2165,flowbot,0.47076,0.09890,0.44666,-0.00000,-0.00000,0.00000,0.00000,0.00,0.00,0.00,0.0000,0.0000,0.0000,0.0000,0,0
2026-08-25 17:28:46.259637,2166,flowbot,0.47076,0.09890,0.44666,-0.00000,-0.00000,0.00000,0.00000,0.00,0.00,0.00,0.0000,0.0000,0.0000,0.0000,0,0
2026-08-25 17:28:46.314099,2167,flowbot,0.47076,0.09890,0.44666,-0.00000,-0.00000,0.00000,0.00000,0.00,0.00,0.00,0.0000,0.0000,0.0000,0.0000,0,0
2026-08-25 17:28:46.367503,2168,flowbot,0.47076,0.09890,0.44666,-0.00000,-0.00000,0.00000,0.00000,0.00,0.00,0.00,0.0000,0.0000,0.0000,0.0000,0,0
2026-08-25 17:28:46.420403,2169,flowbot,0.47076,0.09890,0.44666,-0.00000,-0.00000,0.00000,0.00000,0.00,0.00,0.00,0.0000,0.0000,0.0000,0.0000,0,0
2026-08-25 17:28:46.471359,2170,flowbot,0.47076,0.09890,0.44666,-0.00000,-0.00000,0.00000,0.00000,0.00,0.00,0.00,0.0000,0.0000,0.0000,0.0000,0,0
2026-08-25 17:28:46.526343,2171,flowbot,0.47076,0.09890,0.44666,-0.00000,-0.00000,0.00000,0.00000,0.00,0.00,0.00,0.0000,0.0000,0.0000,0.0000,0,0
2026-08-25 17:28:46.576767,2172,flowbot,0.47076,0.09890,0.44666,-0.00000,-0.00000,0.00000,0.00000,0.00,0.00,0.00,0.0000,0.0000,0.0000,0.0000,0,0
2026-08-25 17:28:46.631515,2173,flowbot,0.47076,0.09890,0.44666,-0.00000,-0.00000,0.00000,0.00000,0.00,0.00,0.00,0.0000,0.0000,0.0000,0.0000,0,0
2026-08-25 17:28:46.688854,2174,flowbot,0.47076,0.09890,0.44666,-0.00000,-0.00000,0.00000,0.00000,0.00,0.00,0.00,0.0000,0.0000,0.0000,0.0000,0,0
2026-08-25 17:28:46.742276,2175,flowbot,0.47076,0.09890,0.44666,-0.00000,-0.00000,0.00000,0.00000,0.00,0.00,0.00,0.0000,0.0000,0.0000,0.0000,0,0
2026-08-25 17:28:46.792359,2176,flowbot,0.47076,0.09890,0.44666,-0.00000,-0.00000,0.00000,0.00000,0.00,0.00,0.00,0.0000,0.0000,0.0000,0.0000,0,0
2026-08-25 17:28:46.848993,2177,flowbot,0.47076,0.09890,0.44666,-0.00000,-0.00000,0.00000,0.00000,0.00,0.00,0.00,0.0000,0.0000,0.0000,0.0000,0,0
2026-08-25 17:28:46.902423,2178,flowbot,0.47076,0.09890,0.44666,-0.00000,-0.00000,0.00000,0.00000,0.00,0.00,0.00,0.0000,0.0000,0.0000,0.0000,0,0
2026-08-25 17:28:46.958196,2179,flowbot,0.47076,0.09890,0.44666,-0.00000,-0.00000,0.00000,0.00000,0.00,0.00,0.00,0.0000,0.0000,0.0000,0.0000,0,0
2026-08-25 17:28:47.008391,2180,flowbot,0.47076,0.09890,0.44666,-0.00000,-0.00000,0.00000,0.00000,0.00,0.00,0.00,0.0000,0.0000,0.0000,0.0000,0,0
2026-08-25 17:28:47.063920,2181,flowbot,0.47076,0.09890,0.44666,-0.00000,-0.00000,0.00000,0.00000,0.00,0.00,0.00,0.0000,0.0000,0.0000,0.0000,0,0
2026-08-25 17:28:47.120668,2182,flowbot,0.47076,0.09890,0.44666,-0.00000,-0.00000,0.00000,0.00000,0.00,0.00,0.00,0.0000,0.0000,0.0000,0.0000,0,0
2026-08-25 17:28:47.174404,2183,flowbot,0.47076,0.09890,0.44666,-0.00000,-0.00000,0.00000,0.00000,0.00,0.00,0.00,0.0000,0.0000,0.0000,0.0000,0,0
2026-08-25 17:28:47.228553,2184,flowbot,0.47076,0.09890,0.44666,-0.00000,-0.00000,0.00000,0.00000,0.00,0.00,0.00,0.0000,0.0000,0.0000,0.0000,0,0
2026-08-25 17:28:47.280073,2185,flowbot,0.47076,0.09890,0.44666,-0.00000,-0.00000,0.00000,0.00000,0.00,0.00,0.00,0.0000,0.0000,0.0000,0.0000,0,0
2026-08-25 17:28:47.337217,2186,flowbot,0.47076,0.09890,0.44666,-0.00000,-0.00000,0.00000,0.00000,0.00,0.00,0.00,0.0000,0.0000,0.0000,0.0000,0,0
2026-08-25 17:28:47.388641,2187,flowbot,0.47076,0.09890,0.44666,-0.00000,-0.00000,0.00000,0.00000,0.00,0.00,0.00,0.0000,0.0000,0.0000,0.0000,0,0
2026-08-25 17:28:47.442929,2188,franka,0.47076,0.09890,0.44666,-0.00000,-0.00000,0.00000,0.00000,0.00,0.00,0.00,0.0000,0.0000,0.0000,0.0000,0,0
2026-08-25 17:28:47.496812,2189,franka,0.47076,0.09888,0.44670,0.00000,0.00000,0.00000,0.00000,0.00,0.00,0.00,0.0000,0.0000,0.0000,0.0000,0,0
2026-08-25 17:28:47.550454,2190,franka,0.47076,0.09888,0.44670,0.00000,0.00000,0.00000,0.00000,0.00,0.00,0.00,0.0000,0.0000,0.0000,0.0000,0,0
2026-08-25 17:28:47.604440,2191,franka,0.47076,0.09888,0.44670,0.00000,0.00000,0.00000,0.00000,0.00,0.00,0.00,0.0000,0.0000,0.0000,0.0000,0,0
2026-08-25 17:28:47.659129,2192,franka,0.47076,0.09888,0.44670,0.00000,0.00000,0.00000,0.00000,0.00,0.00,0.00,0.0000,0.0000,0.0000,0.0000,0,0
2026-08-25 17:28:47.712733,2193,franka,0.47076,0.09888,0.44670,0.00000,0.00000,0.00000,0.00000,0.00,0.00,0.00,0.0000,0.0000,0.0000,0.0000,0,0
2026-08-25 17:28:47.768780,2194,franka,0.47076,0.09887,0.44670,0.00000,0.00000,0.00000,0.00000,0.00,0.00,0.00,0.0000,0.0000,0.0000,0.0000,0,0
2026-08-25 17:28:47.822422,2195,franka,0.47076,0.09888,0.44670,0.00000,0.00000,0.00000,0.00000,0.00,0.00,0.00,0.0000,0.0000,0.0000,0.0000,0,0
2026-08-25 17:28:47.876281,2196,franka,0.47076,0.09888,0.44670,0.00000,0.00000,0.00000,0.00000,0.00,0.00,0.00,0.0000,0.0000,0.0000,0.0000,0,0
2026-08-25 17:28:47.930299,2197,franka,0.47076,0.09888,0.44670,0.00000,0.00000,0.00000,0.00000,0.00,0.00,0.00,0.0000,0.0000,0.0000,0.0000,0,0
2026-08-25 17:28:47.983816,2198,franka,0.47076,0.09888,0.44670,0.00000,0.00000,0.00000,0.00000,0.00,0.00,0.00,0.0000,0.0000,0.0000,0.0000,0,0
2026-08-25 17:28:48.037348,2199,franka,0.47076,0.09888,0.44670,0.00000,0.00000,0.00000,0.00000,0.00,0.00,0.00,0.0000,0.0000,0.0000,0.0000,0,0
2026-08-25 17:28:48.091415,2200,franka,0.47076,0.09888,0.44670,0.00000,0.00000,0.00000,0.00000,0.00,0.00,0.00,0.0000,0.0000,0.0000,0.0000,0,0
2026-08-25 17:28:48.145273,2201,franka,0.47076,0.09888,0.44670,0.00000,0.00000,0.00000,0.00000,0.00,0.00,0.00,0.0000,0.0000,0.0000,0.0000,0,0
2026-08-25 17:28:48.199316,2202,franka,0.47076,0.09888,0.44670,0.00000,0.00000,0.00000,0.00000,0.00,0.00,0.00,0.0000,0.0000,0.0000,0.0000,0,0
2026-08-25 17:28:48.252845,2203,franka,0.47076,0.09888,0.44670,0.00000,0.00000,0.00000,0.00000,0.00,0.00,0.00,-0.0114,0.0000,0.0000,0.0000,0,0
2026-08-25 17:28:48.307189,2204,franka,0.47076,0.09887,0.44670,0.00000,0.00000,0.00000,0.00000,0.00,0.00,0.00,-0.1257,0.0086,0.0000,0.0000,0,0
2026-08-25 17:28:48.360756,2205,franka,0.47076,0.09888,0.44670,0.00000,0.00000,0.00000,0.00000,0.00,0.00,0.00,-0.1571,0.0000,0.0000,0.0000,0,0
2026-08-25 17:28:48.415224,2206,franka,0.47076,0.09888,0.44670,0.00000,0.00000,0.00000,0.00000,0.00,0.00,0.00,-0.2057,0.0000,0.0000,0.0000,0,0
2026-08-25 17:28:48.469549,2207,franka,0.47078,0.09867,0.44673,0.00000,-0.01717,0.00000,0.00000,0.00,0.00,0.00,-0.2457,0.0000,0.0000,0.0000,0,0
2026-08-25 17:28:48.524387,2208,franka,0.47074,0.09743,0.44669,0.00000,-0.03000,0.00000,0.00000,0.00,0.00,0.00,-0.2914,0.0029,0.0000,0.0000,0,0
2026-08-25 17:28:48.578059,2209,franka,0.47079,0.09575,0.44674,0.00000,-0.03000,0.00000,0.00000,0.00,0.00,0.00,-0.3229,0.0029,-0.0114,0.0000,0,0
2026-08-25 17:28:48.631907,2210,franka,0.47078,0.09427,0.44674,0.00000,-0.03000,0.00000,0.00000,0.00,0.00,0.00,-0.3229,0.0000,-0.0229,0.0000,0,0
2026-08-25 17:28:48.686576,2211,franka,0.47077,0.09280,0.44670,0.00000,-0.03000,0.00000,0.00000,0.00,0.00,0.00,-0.3257,0.0029,-0.0257,0.0000,0,0
2026-08-25 17:28:48.740318,2212,franka,0.47078,0.08978,0.44673,0.00000,-0.03000,0.00000,0.00000,0.00,0.00,0.00,-0.3200,0.0000,-0.0257,0.0000,0,0
2026-08-25 17:28:48.794132,2213,franka,0.47078,0.08826,0.44672,0.00000,-0.03000,0.00000,0.00000,0.00,0.00,0.00,-0.3086,0.0000,-0.0286,0.0000,0,0
2026-08-25 17:28:48.847810,2214,franka,0.47078,0.08670,0.44672,0.00000,-0.03000,0.00000,0.00000,0.00,0.00,0.00,-0.2971,0.0000,-0.0371,0.0000,0,0
2026-08-25 17:28:48.902314,2215,franka,0.47077,0.08522,0.44672,0.00000,-0.03000,0.00000,0.00000,0.00,0.00,0.00,-0.2914,0.0000,-0.0400,0.0000,0,0
2026-08-25 17:28:48.955895,2216,franka,0.47077,0.08370,0.44673,0.00000,-0.03000,0.00000,0.00000,0.00,0.00,0.00,-0.2829,0.0000,-0.0400,0.0000,0,0
2026-08-25 17:28:49.009623,2217,franka,0.47078,0.08215,0.44671,0.00000,-0.03000,0.00000,0.00000,0.00,0.00,0.00,-0.2629,0.0000,-0.0343,0.0000,0,0
2026-08-25 17:28:49.063447,2218,franka,0.47077,0.08068,0.44670,0.00000,-0.03000,0.00000,0.00000,0.00,0.00,0.00,-0.2714,0.0000,-0.0343,0.0000,0,0
2026-08-25 17:28:49.117300,2219,franka,0.47077,0.07913,0.44671,0.00000,-0.03000,0.00000,0.00000,0.00,0.00,0.00,-0.2714,0.0000,-0.0343,0.0000,0,0
2026-08-25 17:28:49.171025,2220,franka,0.47077,0.07765,0.44670,0.00000,-0.03000,0.00000,0.00000,0.00,0.00,0.00,-0.2829,0.0000,-0.0400,0.0000,0,0
2026-08-25 17:28:49.224670,2221,franka,0.47077,0.07611,0.44670,0.00000,-0.03000,0.00000,0.00000,0.00,0.00,0.00,-0.3000,0.0000,-0.0257,0.0000,0,0
2026-08-25 17:28:49.278056,2222,franka,0.47078,0.07457,0.44671,0.00000,-0.03000,0.00000,0.00000,0.00,0.00,0.00,-0.3086,0.0000,-0.0343,0.0000,0,0
2026-08-25 17:28:49.331976,2223,franka,0.47077,0.07309,0.44672,0.00000,-0.03000,0.00000,0.00000,0.00,0.00,0.00,-0.3171,0.0000,-0.0314,0.0000,0,0
2026-08-25 17:28:49.385466,2224,franka,0.47077,0.07159,0.44671,0.00000,-0.03000,0.00000,0.00000,0.00,0.00,0.00,-0.3057,0.0000,-0.0257,0.0000,0,0
2026-08-25 17:28:49.439506,2225,franka,0.47078,0.07005,0.44671,0.00000,-0.03000,0.00000,0.00000,0.00,0.00,0.00,-0.3000,0.0000,-0.0171,0.0000,0,0
2026-08-25 17:28:49.493722,2226,franka,0.47078,0.06853,0.44671,0.00000,-0.03000,0.00000,0.00000,0.00,0.00,0.00,-0.3000,0.0000,-0.0200,0.0000,0,0
2026-08-25 17:28:49.547666,2227,franka,0.47078,0.06699,0.44672,0.00000,-0.03000,0.00000,0.00000,0.00,0.00,0.00,-0.3000,0.0000,-0.0257,0.0000,0,0
2026-08-25 17:28:49.601469,2228,franka,0.47078,0.06397,0.44671,0.00000,-0.03000,0.00000,0.00000,0.00,0.00,0.00,-0.3057,0.0000,-0.0229,0.0000,0,0
2026-08-25 17:28:49.655221,2229,franka,0.47078,0.06243,0.44671,0.00000,-0.03000,0.00000,0.00000,0.00,0.00,0.00,-0.3029,0.0000,-0.0229,0.0000,0,0
2026-08-25 17:28:49.708830,2230,franka,0.47077,0.06091,0.44671,0.00000,-0.03000,0.00000,0.00000,0.00,0.00,0.00,-0.3029,0.0000,-0.0229,0.0000,0,0
2026-08-25 17:28:49.762412,2231,franka,0.47077,0.05938,0.44672,0.00000,-0.03000,0.00000,0.00000,0.00,0.00,0.00,-0.3029,0.0000,-0.0229,0.0000,0,0
2026-08-25 17:28:49.817122,2232,franka,0.47077,0.05787,0.44671,0.00000,-0.03000,0.00000,0.00000,0.00,0.00,0.00,-0.3057,0.0000,-0.0314,0.0000,0,0
2026-08-25 17:28:49.870988,2233,franka,0.47077,0.05635,0.44671,0.00000,-0.03000,0.00000,0.00000,0.00,0.00,0.00,-0.3057,0.0000,-0.0286,0.0000,0,0
2026-08-25 17:28:49.925632,2234,franka,0.47077,0.05482,0.44671,0.00000,-0.03000,0.00000,0.00000,0.00,0.00,0.00,-0.3057,0.0000,-0.0286,0.0000,0,0
2026-08-25 17:28:49.979795,2235,franka,0.47077,0.05332,0.44671,0.00000,-0.03000,0.00000,0.00000,0.00,0.00,0.00,-0.3029,0.0000,-0.0286,0.0000,0,0
2026-08-25 17:28:50.033589,2236,franka,0.47077,0.05179,0.44670,0.00000,-0.03000,0.00000,0.00000,0.00,0.00,0.00,-0.3000,0.0000,-0.0286,0.0000,0,0
2026-08-25 17:28:50.087338,2237,franka,0.47077,0.05028,0.44670,0.00000,-0.03000,0.00000,0.00000,0.00,0.00,0.00,-0.3000,0.0000,-0.0229,0.0000,0,0
2026-08-25 17:28:50.140892,2238,franka,0.47077,0.04876,0.44670,0.00000,-0.03000,0.00000,0.00000,0.00,0.00,0.00,-0.2914,0.0000,-0.0229,0.0000,0,0
2026-08-25 17:28:50.193259,2239,franka,0.47077,0.04727,0.44670,0.00000,-0.03000,0.00000,0.00000,0.00,0.00,0.00,-0.2943,0.0000,-0.0257,0.0000,0,0
2026-08-25 17:28:50.246846,2240,franka,0.47077,0.04572,0.44670,0.00000,-0.03000,0.00000,0.00000,0.00,0.00,0.00,-0.3000,0.0000,-0.0229,0.0000,0,0
2026-08-25 17:28:50.301369,2241,franka,0.47077,0.04423,0.44670,0.00000,-0.03000,0.00000,0.00000,0.00,0.00,0.00,-0.3000,0.0000,-0.0229,0.0000,0,0
2026-08-25 17:28:50.355147,2242,franka,0.47077,0.04270,0.44671,0.00000,-0.03000,0.00000,0.00000,0.00,0.00,0.00,-0.3057,0.0000,-0.0257,0.0000,0,0
2026-08-25 17:28:50.410790,2243,franka,0.47077,0.04121,0.44671,0.00000,-0.03000,0.00000,0.00000,0.00,0.00,0.00,-0.3057,0.0000,-0.0229,0.0000,0,0
2026-08-25 17:28:50.459618,2244,franka,0.47077,0.03970,0.44671,0.00000,-0.03000,0.00000,0.00000,0.00,0.00,0.00,-0.3029,0.0000,-0.0229,0.0000,0,0
2026-08-25 17:28:50.513879,2245,franka,0.47078,0.03670,0.44671,0.00000,-0.03000,0.00000,0.00000,0.00,0.00,0.00,-0.3029,0.0000,-0.0200,0.0000,0,0
2026-08-25 17:28:50.567682,2246,franka,0.47078,0.03518,0.44671,0.00000,-0.03000,0.00000,0.00000,0.00,0.00,0.00,-0.3029,0.0000,-0.0200,0.0000,0,0
2026-08-25 17:28:50.621321,2247,franka,0.47078,0.03367,0.44671,0.00000,-0.03000,0.00000,0.00000,0.00,0.00,0.00,-0.3029,0.0000,-0.0200,0.0000,0,0
2026-08-25 17:28:50.675055,2248,franka,0.47078,0.03217,0.44671,0.00000,-0.03000,0.00000,0.00000,0.00,0.00,0.00,-0.3086,0.0000,-0.0200,0.0000,0,0
2026-08-25 17:28:50.728676,2249,franka,0.47078,0.03065,0.44672,0.00000,-0.03000,0.00000,0.00000,0.00,0.00,0.00,-0.3143,0.0000,-0.0171,0.0000,0,0
2026-08-25 17:28:50.782614,2250,franka,0.47078,0.02915,0.44671,0.00000,-0.03000,0.00000,0.00000,0.00,0.00,0.00,-0.3171,0.0000,-0.0171,0.0000,0,0
2026-08-25 17:28:50.836622,2251,franka,0.47078,0.02764,0.44672,0.00000,-0.03000,0.00000,0.00000,0.00,0.00,0.00,-0.3143,0.0000,-0.0171,0.0000,0,0
2026-08-25 17:28:50.890198,2252,franka,0.47078,0.02613,0.44671,0.00000,-0.03000,0.00000,0.00000,0.00,0.00,0.00,-0.3171,0.0000,-0.0143,0.0000,0,0
2026-08-25 17:28:50.944135,2253,franka,0.47078,0.02461,0.44671,0.00000,-0.03000,0.00000,0.00000,0.00,0.00,0.00,-0.3171,0.0000,-0.0171,0.0000,0,0
2026-08-25 17:28:50.998493,2254,franka,0.47078,0.02312,0.44671,0.00000,-0.03000,0.00000,0.00000,0.00,0.00,0.00,-0.3200,0.0000,-0.0171,0.0000,0,0
2026-08-25 17:28:51.052862,2255,franka,0.47078,0.02161,0.44671,0.00000,-0.03000,0.00000,0.00000,0.00,0.00,0.00,-0.3171,0.0000,-0.0171,0.0000,0,0
2026-08-25 17:28:51.107119,2256,franka,0.47078,0.02008,0.44672,0.00000,-0.03000,0.00000,0.00000,0.00,0.00,0.00,-0.3114,0.0000,-0.0143,0.0000,0,0
2026-08-25 17:28:51.160778,2257,franka,0.47078,0.01855,0.44672,0.00000,-0.03000,0.00000,0.00000,0.00,0.00,0.00,-0.3086,0.0000,-0.0171,0.0000,0,0
2026-08-25 17:28:51.214621,2258,franka,0.47078,0.01706,0.44672,0.00000,-0.03000,0.00000,0.00000,0.00,0.00,0.00,-0.3143,0.0000,-0.0143,0.0000,0,0
2026-08-25 17:28:51.268265,2259,franka,0.47078,0.01401,0.44671,0.00000,-0.03000,0.00000,0.00000,0.00,0.00,0.00,-0.3114,0.0000,-0.0143,0.0000,0,0
2026-08-25 17:28:51.321897,2260,franka,0.47078,0.01249,0.44671,0.00000,-0.03000,0.00000,0.00000,0.00,0.00,0.00,-0.3143,0.0000,-0.0143,0.0000,0,0
2026-08-25 17:28:51.375775,2261,franka,0.47078,0.01097,0.44671,0.00000,-0.03000,0.00000,0.00000,0.00,0.00,0.00,-0.3143,0.0000,-0.0143,0.0000,0,0
2026-08-25 17:28:51.429901,2262,franka,0.47078,0.00943,0.44671,0.00000,-0.03000,0.00000,0.00000,0.00,0.00,0.00,-0.3114,0.0000,-0.0114,0.0000,0,0
2026-08-25 17:28:51.484223,2263,franka,0.47078,0.00793,0.44671,0.00000,-0.03000,0.00000,0.00000,0.00,0.00,0.00,-0.3143,0.0000,-0.0143,0.0000,0,0
2026-08-25 17:28:51.537810,2264,franka,0.47078,0.00641,0.44671,0.00000,-0.03000,0.00000,0.00000,0.00,0.00,0.00,-0.3143,0.0000,-0.0143,0.0000,0,0
2026-08-25 17:28:51.591630,2265,franka,0.47077,0.00491,0.44671,0.00000,-0.03000,0.00000,0.00000,0.00,0.00,0.00,-0.3143,0.0000,-0.0171,0.0000,0,0
2026-08-25 17:28:51.645221,2266,franka,0.47078,0.00337,0.44671,0.00000,-0.03000,0.00000,0.00000,0.00,0.00,0.00,-0.3114,0.0000,-0.0143,0.0000,0,0
2026-08-25 17:28:51.698946,2267,franka,0.47078,0.00186,0.44671,0.00000,-0.03000,0.00000,0.00000,0.00,0.00,0.00,-0.3143,0.0000,-0.0143,0.0000,0,0
2026-08-25 17:28:51.752757,2268,franka,0.47077,0.00034,0.44671,0.00000,-0.03000,0.00000,0.00000,0.00,0.00,0.00,-0.3143,0.0000,-0.0143,0.0000,0,0
2026-08-25 17:28:51.806350,2269,franka,0.47077,-0.00118,0.44671,0.00000,-0.03000,0.00000,0.00000,0.00,0.00,0.00,-0.3143,0.0000,-0.0171,0.0000,0,0
2026-08-25 17:28:51.859940,2270,franka,0.47077,-0.00272,0.44671,0.00000,-0.03000,0.00000,0.00000,0.00,0.00,0.00,-0.3171,0.0000,-0.0171,0.0000,0,0
2026-08-25 17:28:51.914658,2271,franka,0.47077,-0.00425,0.44671,0.00000,-0.03000,0.00000,0.00000,0.00,0.00,0.00,-0.3200,0.0000,-0.0200,0.0000,0,0
2026-08-25 17:28:51.968304,2272,franka,0.47077,-0.00578,0.44672,0.00000,-0.03000,0.00000,0.00000,0.00,0.00,0.00,-0.3114,0.0000,-0.0200,0.0000,0,0
2026-08-25 17:28:52.022056,2273,franka,0.47076,-0.00727,0.44671,0.00000,-0.03000,0.00000,0.00000,0.00,0.00,0.00,-0.2857,0.0000,-0.0143,0.0000,0,0
2026-08-25 17:28:52.076185,2274,franka,0.47074,-0.01028,0.44670,0.00000,-0.03000,0.00000,0.00000,0.00,0.00,0.00,-0.2086,0.0000,-0.0057,0.0000,0,0
2026-08-25 17:28:52.129990,2275,franka,0.47074,-0.01167,0.44670,0.00000,-0.01868,0.00000,0.00000,0.00,0.00,0.00,-0.1943,0.0000,-0.0086,0.0000,0,0
2026-08-25 17:28:52.183540,2276,franka,0.47075,-0.01210,0.44670,0.00000,-0.00000,0.00000,0.00000,0.00,0.00,0.00,-0.1943,0.0000,-0.0086,0.0000,0,0
2026-08-25 17:28:52.238613,2277,franka,0.47075,-0.01197,0.44669,0.00000,-0.00419,0.00000,0.00000,0.00,0.00,0.00,-0.2057,0.0000,-0.0057,0.0000,0,0
2026-08-25 17:28:52.292288,2278,franka,0.47075,-0.01280,0.44671,0.00000,-0.02619,0.00000,0.00000,0.00,0.00,0.00,-0.1714,0.0000,-0.0029,0.0000,0,0
2026-08-25 17:28:52.345961,2279,franka,0.47074,-0.01364,0.44669,0.00000,-0.00000,0.00000,0.00000,0.00,0.00,0.00,-0.0457,0.0000,0.0000,0.0000,0,0
2026-08-25 17:28:52.400531,2280,franka,0.47075,-0.01353,0.44670,0.00000,-0.00000,0.00000,0.00000,0.00,0.00,0.00,0.0000,0.0000,0.0000,0.0000,0,0
2026-08-25 17:28:52.455417,2281,franka,0.47075,-0.01344,0.44670,0.00000,-0.00000,0.00000,0.00000,0.00,0.00,0.00,0.0000,0.0000,0.0000,0.0000,0,0
2026-08-25 17:28:52.509695,2282,franka,0.47075,-0.01360,0.44669,0.00000,-0.00000,0.00000,0.00000,0.00,0.00,0.00,0.0000,0.0000,0.0000,0.0000,0,0
2026-08-25 17:28:52.563463,2283,franka,0.47075,-0.01349,0.44671,0.00000,-0.00000,0.00000,0.00000,0.00,0.00,0.00,0.0000,0.0000,0.0000,0.0000,0,0
2026-08-25 17:28:52.617244,2284,franka,0.47075,-0.01350,0.44670,0.00000,-0.00000,0.00000,0.00000,0.00,0.00,0.00,0.0000,0.0000,0.0000,0.0000,0,0
2026-08-25 17:28:52.671161,2285,franka,0.47075,-0.01360,0.44670,0.00000,0.00000,0.00000,0.00000,0.00,0.00,0.00,0.0000,0.0000,0.0000,0.0000,0,0
2026-08-25 17:28:52.725389,2286,franka,0.47075,-0.01351,0.44670,0.00000,0.00000,0.00000,0.00000,0.00,0.00,0.00,0.0000,0.0000,0.0000,0.0000,0,0
2026-08-25 17:28:52.778934,2287,franka,0.47075,-0.01352,0.44670,0.00000,0.00000,0.00000,0.00000,0.00,0.00,0.00,0.0000,0.0000,0.0000,0.0000,0,0
2026-08-25 17:28:52.832522,2288,franka,0.47075,-0.01354,0.44669,0.00000,0.00000,0.00000,0.00000,0.00,0.00,0.00,0.0000,0.0000,-0.0114,0.0000,0,0
2026-08-25 17:28:52.886553,2289,franka,0.47075,-0.01355,0.44670,0.00000,-0.00000,0.00000,0.00000,0.00,0.00,0.00,0.0000,0.0000,-0.0314,0.0000,0,0
2026-08-25 17:28:52.938408,2290,franka,0.47075,-0.01353,0.44670,0.00000,-0.00000,0.00000,0.00000,0.00,0.00,0.00,0.0000,0.0000,-0.0943,0.0000,0,0
2026-08-25 17:28:52.992427,2291,franka,0.47075,-0.01352,0.44667,0.00000,-0.00000,-0.00807,0.00000,0.00,0.00,0.00,0.0000,0.0000,-0.2371,0.0000,0,0
2026-08-25 17:28:53.046307,2292,franka,0.47076,-0.01357,0.44559,0.00000,-0.00000,-0.03000,0.00000,0.00,0.00,0.00,0.0000,0.0000,-0.3686,0.0000,0,0
2026-08-25 17:28:53.100008,2293,franka,0.47076,-0.01357,0.44402,0.00000,-0.00000,-0.03000,0.00000,0.00,0.00,0.00,0.0000,0.0000,-0.4200,0.0000,0,0
2026-08-25 17:28:53.153675,2294,franka,0.47077,-0.01357,0.44257,0.00000,-0.00000,-0.03000,0.00000,0.00,0.00,0.00,0.0000,0.0000,-0.4371,0.0000,0,0
2026-08-25 17:28:53.207731,2295,franka,0.47076,-0.01357,0.44103,0.00000,-0.00000,-0.03000,0.00000,0.00,0.00,0.00,0.0000,0.0000,-0.4229,0.0000,0,0
2026-08-25 17:28:53.261427,2296,franka,0.47076,-0.01356,0.43955,0.00000,-0.00000,-0.03000,0.00000,0.00,0.00,0.00,0.0000,0.0000,-0.3943,0.0000,0,0
2026-08-25 17:28:53.315068,2297,franka,0.47076,-0.01358,0.43798,0.00000,-0.00000,-0.03000,0.00000,0.00,0.00,0.00,0.0000,0.0000,-0.3943,0.0000,0,0
2026-08-25 17:28:53.369134,2298,franka,0.47077,-0.01358,0.43653,0.00000,-0.00000,-0.03000,0.00000,0.00,0.00,0.00,0.0000,0.0000,-0.4000,0.0000,0,0
2026-08-25 17:28:53.422660,2299,franka,0.47076,-0.01356,0.43501,0.00000,-0.00000,-0.03000,0.00000,0.00,0.00,0.00,0.0000,0.0000,-0.3914,0.0000,0,0
2026-08-25 17:28:53.476661,2300,franka,0.47076,-0.01357,0.43346,0.00000,-0.00000,-0.03000,0.00000,0.00,0.00,0.00,-0.0029,0.0000,-0.3971,0.0000,0,0
2026-08-25 17:28:53.530150,2301,franka,0.47076,-0.01356,0.43194,0.00000,-0.00000,-0.03000,0.00000,0.00,0.00,0.00,-0.0143,0.0000,-0.3914,0.0000,0,0
2026-08-25 17:28:53.584040,2302,franka,0.47076,-0.01357,0.43048,0.00000,-0.00000,-0.03000,0.00000,0.00,0.00,0.00,-0.0143,0.0000,-0.3886,0.0000,0,0
2026-08-25 17:28:53.638428,2303,franka,0.47076,-0.01357,0.42898,0.00000,-0.00000,-0.03000,0.00000,0.00,0.00,0.00,-0.0229,0.0000,-0.3886,0.0000,0,0
2026-08-25 17:28:53.693000,2304,franka,0.47077,-0.01357,0.42597,0.00000,-0.00000,-0.03000,0.00000,0.00,0.00,0.00,-0.0057,0.0000,-0.3971,0.0000,0,0
2026-08-25 17:28:53.746995,2305,franka,0.47077,-0.01357,0.42446,0.00000,-0.00000,-0.03000,0.00000,0.00,0.00,0.00,-0.0143,0.0000,-0.4000,0.0000,0,0
2026-08-25 17:28:53.800888,2306,franka,0.47076,-0.01356,0.42290,0.00000,-0.00000,-0.03000,0.00000,0.00,0.00,0.00,-0.0200,0.0000,-0.4086,0.0000,0,0
2026-08-25 17:28:53.854405,2307,franka,0.47076,-0.01356,0.42140,0.00000,-0.00000,-0.03000,0.00000,0.00,0.00,0.00,-0.0343,0.0000,-0.4057,0.0000,0,0
2026-08-25 17:28:53.907950,2308,franka,0.47077,-0.01356,0.41989,0.00000,-0.00000,-0.03000,0.00000,0.00,0.00,0.00,-0.0657,0.0000,-0.3971,0.0000,0,0
2026-08-25 17:28:53.962266,2309,franka,0.47076,-0.01357,0.41839,0.00000,-0.00000,-0.03000,0.00000,0.00,0.00,0.00,-0.0886,0.0000,-0.4286,0.0000,0,0
2026-08-25 17:28:54.015934,2310,franka,0.47076,-0.01356,0.41685,0.00000,-0.00000,-0.03000,0.00000,0.00,0.00,0.00,-0.0857,0.0000,-0.4371,0.0000,0,0
2026-08-25 17:28:54.069401,2311,franka,0.47077,-0.01356,0.41537,0.00000,-0.00000,-0.03000,0.00000,0.00,0.00,0.00,-0.0886,0.0000,-0.4257,0.0000,0,0
2026-08-25 17:28:54.122936,2312,franka,0.47077,-0.01356,0.41385,0.00000,-0.00000,-0.03000,0.00000,0.00,0.00,0.00,-0.0829,0.0000,-0.4286,0.0000,0,0
2026-08-25 17:28:54.173374,2313,franka,0.47076,-0.01356,0.41231,0.00000,-0.00000,-0.03000,0.00000,0.00,0.00,0.00,-0.0686,0.0000,-0.4229,0.0000,0,0
2026-08-25 17:28:54.227032,2314,franka,0.47077,-0.01357,0.41079,0.00000,-0.00000,-0.03000,0.00000,0.00,0.00,0.00,-0.0571,0.0000,-0.4086,0.0000,0,0
2026-08-25 17:28:54.280417,2315,franka,0.47077,-0.01357,0.40928,0.00000,-0.00000,-0.03000,0.00000,0.00,0.00,0.00,-0.0629,0.0000,-0.4086,0.0000,0,0
2026-08-25 17:28:54.334072,2316,franka,0.47077,-0.01356,0.40778,0.00000,-0.00000,-0.03000,0.00000,0.00,0.00,0.00,-0.0629,-0.0086,-0.4114,0.0000,0,0
2026-08-25 17:28:54.387544,2317,franka,0.47077,-0.01357,0.40627,0.00000,-0.00000,-0.03000,0.00000,0.00,0.00,0.00,-0.0600,-0.0143,-0.4114,0.0000,0,0
2026-08-25 17:28:54.441187,2318,franka,0.47077,-0.01357,0.40474,0.00000,-0.00000,-0.03000,0.00000,0.00,0.00,0.00,-0.0629,-0.0143,-0.4143,0.0000,0,0
2026-08-25 17:28:54.494658,2319,franka,0.47077,-0.01357,0.40326,0.00000,-0.00000,-0.03000,0.00000,0.00,0.00,0.00,-0.0714,-0.0229,-0.4171,0.0000,0,0
2026-08-25 17:28:54.548226,2320,franka,0.47077,-0.01357,0.40172,0.00000,-0.00000,-0.03000,0.00000,0.00,0.00,0.00,-0.0857,-0.0429,-0.4314,0.0000,0,0
2026-08-25 17:28:54.601887,2321,franka,0.47077,-0.01357,0.39868,0.00000,-0.00000,-0.03000,0.00000,0.00,0.00,0.00,-0.0714,-0.0486,-0.4171,0.0000,0,0
2026-08-25 17:28:54.655455,2322,franka,0.47077,-0.01357,0.39718,0.00000,-0.00000,-0.03000,0.00000,0.00,0.00,0.00,-0.0914,-0.0514,-0.3829,0.0000,0,0
2026-08-25 17:28:54.709205,2323,franka,0.47077,-0.01357,0.39566,0.00000,-0.00000,-0.03000,0.00000,0.00,0.00,0.00,-0.0914,-0.0114,-0.3229,0.0000,0,0
2026-08-25 17:28:54.763326,2324,franka,0.47076,-0.01357,0.39413,0.00000,-0.00000,-0.03000,0.00000,0.00,0.00,0.00,-0.0829,-0.0143,-0.3286,0.0000,0,0
2026-08-25 17:28:54.817058,2325,franka,0.47077,-0.01357,0.39264,0.00000,-0.00000,-0.03000,0.00000,0.00,0.00,0.00,-0.0829,-0.0257,-0.3686,0.0000,0,0
2026-08-25 17:28:54.870646,2326,franka,0.47077,-0.01357,0.39114,0.00000,-0.00000,-0.03000,0.00000,0.00,0.00,0.00,-0.0714,-0.0486,-0.3943,0.0000,0,0
2026-08-25 17:28:54.924101,2327,franka,0.47077,-0.01357,0.38964,0.00000,-0.00000,-0.03000,0.00000,0.00,0.00,0.00,-0.0714,-0.0371,-0.3829,0.0000,0,0
2026-08-25 17:28:54.978319,2328,franka,0.47077,-0.01357,0.38810,0.00000,-0.00000,-0.03000,0.00000,0.00,0.00,0.00,-0.0657,-0.0314,-0.3686,0.0000,0,0
2026-08-25 17:28:55.031919,2329,franka,0.47077,-0.01357,0.38657,0.00000,-0.00000,-0.03000,0.00000,0.00,0.00,0.00,-0.0657,-0.0343,-0.3800,0.0000,0,0
2026-08-25 17:28:55.085642,2330,franka,0.47078,-0.01358,0.38505,0.00000,-0.00000,-0.03000,0.00000,0.00,0.00,0.00,-0.0571,-0.0114,-0.3886,0.0000,0,0
2026-08-25 17:28:55.139235,2331,franka,0.47077,-0.01357,0.38355,0.00000,-0.00000,-0.03000,0.00000,0.00,0.00,0.00,-0.0343,-0.0286,-0.4114,0.0000,0,0
2026-08-25 17:28:55.195076,2332,franka,0.47077,-0.01357,0.38201,0.00000,-0.00000,-0.03000,0.00000,0.00,0.00,0.00,-0.0400,-0.0400,-0.4371,0.0000,0,0
2026-08-25 17:28:55.244368,2333,franka,0.47077,-0.01357,0.38051,0.00000,-0.00000,-0.03000,0.00000,0.00,0.00,0.00,-0.0857,-0.0657,-0.4600,0.0000,0,0
2026-08-25 17:28:55.298706,2334,franka,0.47078,-0.01357,0.37904,0.00000,-0.00000,-0.03000,0.00000,0.00,0.00,0.00,-0.1343,-0.0686,-0.4943,0.0000,0,0
2026-08-25 17:28:55.352494,2335,franka,0.47078,-0.01358,0.37750,0.00000,-0.00000,-0.03000,0.00000,0.00,0.00,0.00,-0.1000,-0.0171,-0.4971,0.0000,0,0
2026-08-25 17:28:55.407030,2336,franka,0.47077,-0.01357,0.37597,0.00000,-0.00000,-0.03000,0.00000,0.00,0.00,0.00,-0.1086,0.0000,-0.5029,0.0000,0,0
2026-08-25 17:28:55.460613,2337,franka,0.47078,-0.01357,0.37294,0.00000,-0.00000,-0.03000,0.00000,0.00,0.00,0.00,-0.1000,0.0000,-0.4800,0.0000,0,0
2026-08-25 17:28:55.514182,2338,franka,0.47078,-0.01358,0.37141,0.00000,-0.00000,-0.03000,0.00000,0.00,0.00,0.00,-0.0800,0.0000,-0.5086,0.0000,0,0
2026-08-25 17:28:55.568207,2339,franka,0.47078,-0.01358,0.36991,0.00000,-0.00000,-0.03000,0.00000,0.00,0.00,0.00,-0.0943,0.0000,-0.5086,0.0000,0,0
2026-08-25 17:28:55.621908,2340,franka,0.47077,-0.01357,0.36839,0.00000,-0.00000,-0.03000,0.00000,0.00,0.00,0.00,-0.0743,0.0000,-0.5314,0.0000,0,0
2026-08-25 17:28:55.675537,2341,franka,0.47078,-0.01358,0.36690,0.00000,-0.00000,-0.03000,0.00000,0.00,0.00,0.00,-0.0857,0.0000,-0.5171,0.0000,0,0
2026-08-25 17:28:55.730326,2342,franka,0.47078,-0.01358,0.36537,0.00000,-0.00000,-0.03000,0.00000,0.00,0.00,0.00,-0.0743,0.0000,-0.5143,0.0000,0,0
2026-08-25 17:28:55.783607,2343,franka,0.47078,-0.01358,0.36387,0.00000,-0.00000,-0.03000,0.00000,0.00,0.00,0.00,-0.0800,0.0000,-0.5114,0.0000,0,0
2026-08-25 17:28:55.837168,2344,franka,0.47078,-0.01358,0.36234,0.00000,-0.00000,-0.03000,0.00000,0.00,0.00,0.00,-0.0629,0.0000,-0.5029,0.0000,0,0
2026-08-25 17:28:55.890662,2345,franka,0.47077,-0.01358,0.36080,0.00000,-0.00000,-0.03000,0.00000,0.00,0.00,0.00,-0.0571,0.0000,-0.4943,0.0000,0,0
2026-08-25 17:28:55.944378,2346,franka,0.47078,-0.01357,0.35932,0.00000,-0.00000,-0.03000,0.00000,0.00,0.00,0.00,-0.0714,0.0000,-0.4800,0.0000,0,0
2026-08-25 17:28:55.998202,2347,franka,0.47078,-0.01358,0.35778,0.00000,-0.00000,-0.03000,0.00000,0.00,0.00,0.00,-0.0914,0.0000,-0.4543,0.0000,0,0
2026-08-25 17:28:56.052102,2348,franka,0.47078,-0.01358,0.35626,0.00000,-0.00000,-0.03000,0.00000,0.00,0.00,0.00,-0.1657,0.0000,-0.4486,0.0000,0,0
2026-08-25 17:28:56.105685,2349,franka,0.47078,-0.01358,0.35475,0.00000,-0.00000,-0.03000,0.00000,0.00,0.00,0.00,-0.1971,0.0000,-0.4257,0.0000,0,0
2026-08-25 17:28:56.159435,2350,franka,0.47078,-0.01357,0.35326,0.00000,-0.00000,-0.03000,0.00000,0.00,0.00,0.00,-0.2200,0.0000,-0.4114,0.0000,0,0
2026-08-25 17:28:56.213370,2351,franka,0.47079,-0.01410,0.35201,0.00000,-0.02121,-0.02121,0.00000,0.00,0.00,0.00,-0.2429,0.0000,-0.4171,0.0000,0,0
2026-08-25 17:28:56.267058,2352,franka,0.47078,-0.01633,0.34986,0.00000,-0.02121,-0.02121,0.00000,0.00,0.00,0.00,-0.2771,0.0000,-0.4257,0.0000,0,0
2026-08-25 17:28:56.321191,2353,franka,0.47079,-0.01733,0.34880,0.00000,-0.02121,-0.02121,0.00000,0.00,0.00,0.00,-0.2771,0.0000,-0.4229,0.0000,0,0
2026-08-25 17:28:56.375242,2354,franka,0.47077,-0.01847,0.34768,0.00000,-0.02121,-0.02121,0.00000,0.00,0.00,0.00,-0.2600,0.0000,-0.4057,0.0000,0,0
2026-08-25 17:28:56.428671,2355,franka,0.47078,-0.01952,0.34664,0.00000,-0.02121,-0.02121,0.00000,0.00,0.00,0.00,-0.2400,0.0000,-0.4114,0.0000,0,0
2026-08-25 17:28:56.482255,2356,franka,0.47079,-0.02057,0.34558,0.00000,-0.02121,-0.02121,0.00000,0.00,0.00,0.00,-0.2057,0.0000,-0.4200,0.0000,0,0
2026-08-25 17:28:56.535878,2357,franka,0.47079,-0.02149,0.34444,0.00000,-0.00535,-0.02771,0.00000,0.00,0.00,0.00,-0.1629,-0.0057,-0.4257,0.0000,0,0
2026-08-25 17:28:56.589447,2358,franka,0.47079,-0.02157,0.34294,0.00000,-0.00000,-0.03000,0.00000,0.00,0.00,0.00,-0.1457,-0.0029,-0.4571,0.0000,0,0
2026-08-25 17:28:56.642944,2359,franka,0.47078,-0.02148,0.34143,0.00000,-0.00000,-0.03000,0.00000,0.00,0.00,0.00,-0.1486,-0.0200,-0.4743,0.0000,0,0
2026-08-25 17:28:56.696485,2360,franka,0.47077,-0.02157,0.33987,0.00000,-0.00000,-0.03000,0.00000,0.00,0.00,0.00,-0.1371,-0.0257,-0.4800,0.0000,0,0
2026-08-25 17:28:56.750015,2361,franka,0.47079,-0.02156,0.33837,0.00000,-0.00000,-0.03000,0.00000,0.00,0.00,0.00,-0.1371,-0.0429,-0.4800,0.0000,0,0
2026-08-25 17:28:56.803636,2362,franka,0.47079,-0.02155,0.33685,0.00000,-0.00000,-0.03000,0.00000,0.00,0.00,0.00,-0.1600,-0.0400,-0.4743,0.0000,0,0
2026-08-25 17:28:56.857174,2363,franka,0.47079,-0.02160,0.33530,0.00000,-0.00000,-0.03000,0.00000,0.00,0.00,0.00,-0.1429,-0.0371,-0.4571,0.0000,0,0
2026-08-25 17:28:56.912843,2364,franka,0.47079,-0.02152,0.33381,0.00000,-0.00000,-0.03000,0.00000,0.00,0.00,0.00,-0.1343,-0.0371,-0.4571,0.0000,0,0
2026-08-25 17:28:56.966740,2365,franka,0.47078,-0.02157,0.33226,0.00000,-0.00000,-0.03000,0.00000,0.00,0.00,0.00,-0.1029,-0.0314,-0.4400,0.0000,0,0
2026-08-25 17:28:57.020686,2366,franka,0.47079,-0.02157,0.33076,0.00000,-0.00000,-0.03000,0.00000,0.00,0.00,0.00,-0.0886,-0.0257,-0.4314,0.0000,0,0
2026-08-25 17:28:57.074445,2367,franka,0.47079,-0.02155,0.32927,0.00000,-0.00000,-0.03000,0.00000,0.00,0.00,0.00,-0.0800,-0.0229,-0.4229,0.0000,0,0
2026-08-25 17:28:57.128362,2368,franka,0.47079,-0.02156,0.32621,0.00000,-0.00000,-0.03000,0.00000,0.00,0.00,0.00,-0.0800,-0.0200,-0.4343,0.0000,0,0
2026-08-25 17:28:57.181706,2369,franka,0.47079,-0.02156,0.32471,0.00000,-0.00000,-0.03000,0.00000,0.00,0.00,0.00,-0.0743,-0.0143,-0.4229,0.0000,0,0
2026-08-25 17:28:57.235382,2370,franka,0.47079,-0.02158,0.32322,0.00000,-0.00000,-0.03000,0.00000,0.00,0.00,0.00,-0.0914,-0.0114,-0.4314,0.0000,0,0
2026-08-25 17:28:57.288864,2371,franka,0.47080,-0.02156,0.32170,0.00000,-0.00000,-0.03000,0.00000,0.00,0.00,0.00,-0.1029,-0.0086,-0.4371,0.0000,0,0
2026-08-25 17:28:57.342811,2372,franka,0.47080,-0.02157,0.32019,0.00000,-0.00000,-0.03000,0.00000,0.00,0.00,0.00,-0.1029,0.0000,-0.4486,0.0000,0,0
2026-08-25 17:28:57.396536,2373,franka,0.47079,-0.02157,0.31869,0.00000,-0.00000,-0.03000,0.00000,0.00,0.00,0.00,-0.1086,0.0000,-0.4429,0.0000,0,0
2026-08-25 17:28:57.450174,2374,franka,0.47079,-0.02156,0.31719,0.00000,-0.00000,-0.03000,0.00000,0.00,0.00,0.00,-0.0971,0.0000,-0.4400,0.0000,0,0
2026-08-25 17:28:57.503948,2375,franka,0.47078,-0.02157,0.31568,0.00000,-0.00000,-0.03000,0.00000,0.00,0.00,0.00,-0.1257,0.0000,-0.4143,0.0000,0,0
2026-08-25 17:28:57.557662,2376,franka,0.47079,-0.02156,0.31419,0.00000,-0.00000,-0.03000,0.00000,0.00,0.00,0.00,-0.1314,0.0000,-0.3743,0.0000,0,0
2026-08-25 17:28:57.611515,2377,franka,0.47079,-0.02156,0.31266,0.00000,-0.00000,-0.03000,0.00000,0.00,0.00,0.00,-0.1800,0.0000,-0.3714,0.0000,0,0
2026-08-25 17:28:57.665095,2378,franka,0.47079,-0.02157,0.31116,0.00000,-0.00000,-0.03000,0.00000,0.00,0.00,0.00,-0.2000,0.0000,-0.3514,0.0000,0,0
2026-08-25 17:28:57.719036,2379,franka,0.47079,-0.02157,0.30962,0.00000,-0.00000,-0.03000,0.00000,0.00,0.00,0.00,-0.2343,0.0000,-0.3429,0.0000,0,0
2026-08-25 17:28:57.772814,2380,franka,0.47079,-0.02205,0.30835,0.00000,-0.02121,-0.02121,0.00000,0.00,0.00,0.00,-0.2571,0.0000,-0.3229,0.0000,0,0
2026-08-25 17:28:57.826719,2381,franka,0.47079,-0.02317,0.30729,0.00000,-0.02121,-0.02121,0.00000,0.00,0.00,0.00,-0.2657,0.0000,-0.3086,0.0000,0,0
2026-08-25 17:28:57.880257,2382,franka,0.47079,-0.02425,0.30622,0.00000,-0.02121,-0.02121,0.00000,0.00,0.00,0.00,-0.2971,0.0000,-0.3000,0.0000,0,0
2026-08-25 17:28:57.933892,2383,franka,0.47080,-0.02642,0.30406,0.00000,-0.02121,-0.02121,0.00000,0.00,0.00,0.00,-0.3257,0.0000,-0.2571,0.0000,0,0
2026-08-25 17:28:57.987219,2384,franka,0.47081,-0.02746,0.30303,0.00000,-0.02121,-0.02121,0.00000,0.00,0.00,0.00,-0.3171,0.0000,-0.2371,0.0000,0,0
2026-08-25 17:28:58.040652,2385,franka,0.47080,-0.02851,0.30195,0.00000,-0.02121,-0.02121,0.00000,0.00,0.00,0.00,-0.3143,0.0000,-0.2543,0.0000,0,0
2026-08-25 17:28:58.094102,2386,franka,0.47080,-0.02961,0.30089,0.00000,-0.02121,-0.02121,0.00000,0.00,0.00,0.00,-0.3171,0.0000,-0.2400,0.0000,0,0
2026-08-25 17:28:58.148099,2387,franka,0.47080,-0.03066,0.29980,0.00000,-0.02121,-0.02121,0.00000,0.00,0.00,0.00,-0.3486,0.0000,-0.2714,0.0000,0,0
2026-08-25 17:28:58.201709,2388,franka,0.47079,-0.03175,0.29872,0.00000,-0.02121,-0.02121,0.00000,0.00,0.00,0.00,-0.3629,0.0000,-0.2743,0.0000,0,0
2026-08-25 17:28:58.255641,2389,franka,0.47079,-0.03281,0.29764,0.00000,-0.02121,-0.02121,0.00000,0.00,0.00,0.00,-0.3371,0.0000,-0.2600,0.0000,0,0
2026-08-25 17:28:58.309246,2390,franka,0.47080,-0.03389,0.29658,0.00000,-0.02121,-0.02121,0.00000,0.00,0.00,0.00,-0.3371,0.0000,-0.2371,0.0000,0,0
2026-08-25 17:28:58.363150,2391,franka,0.47080,-0.03499,0.29550,0.00000,-0.02121,-0.02121,0.00000,0.00,0.00,0.00,-0.3400,0.0000,-0.2286,0.0000,0,0
2026-08-25 17:28:58.416583,2392,franka,0.47081,-0.03606,0.29442,0.00000,-0.02121,-0.02121,0.00000,0.00,0.00,0.00,-0.3371,0.0000,-0.2057,0.0000,0,0
2026-08-25 17:28:58.470069,2393,franka,0.47080,-0.03711,0.29336,0.00000,-0.02159,-0.02053,0.00000,0.00,0.00,0.00,-0.3343,0.0000,-0.1457,0.0000,0,0
2026-08-25 17:28:58.524117,2394,franka,0.47079,-0.03843,0.29296,0.00000,-0.03000,-0.00000,0.00000,0.00,0.00,0.00,-0.3143,0.0000,-0.1257,0.0000,0,0
2026-08-25 17:28:58.577756,2395,franka,0.47077,-0.03999,0.29296,0.00000,-0.03000,-0.00000,0.00000,0.00,0.00,0.00,-0.3400,0.0000,-0.1343,0.0000,0,0
2026-08-25 17:28:58.631205,2396,franka,0.47076,-0.04153,0.29295,0.00000,-0.03000,-0.00000,0.00000,0.00,0.00,0.00,-0.3514,0.0000,-0.1200,0.0000,0,0
2026-08-25 17:28:58.684877,2397,franka,0.47077,-0.04300,0.29294,0.00000,-0.03000,-0.00000,0.00000,0.00,0.00,0.00,-0.2343,0.0000,0.0000,0.0000,0,0
2026-08-25 17:28:58.738532,2398,franka,0.47076,-0.04454,0.29292,0.00000,-0.03000,-0.00000,0.00000,0.00,0.00,0.00,-0.1857,-0.0200,0.0000,0.0000,0,0
2026-08-25 17:28:58.792676,2399,franka,0.47077,-0.04600,0.29297,0.00000,-0.01998,-0.00000,0.00000,0.00,0.00,0.00,-0.1429,0.0000,0.0000,0.0000,0,0
2026-08-25 17:28:58.846548,2400,franka,0.47076,-0.04639,0.29292,0.00000,-0.00807,-0.00000,0.00000,0.00,0.00,0.00,-0.2029,0.0000,0.0000,0.0000,0,0
2026-08-25 17:28:58.900455,2401,franka,0.47077,-0.04741,0.29296,0.00000,-0.03000,-0.00000,0.00000,0.00,0.00,0.00,-0.2914,0.0000,0.0000,0.0000,0,0
2026-08-25 17:28:58.954223,2402,franka,0.47075,-0.04910,0.29293,0.00000,-0.03000,-0.00000,0.00000,0.00,0.00,0.00,-0.3286,0.0000,0.0000,0.0000,0,0
2026-08-25 17:28:59.008305,2403,franka,0.47076,-0.05050,0.29292,0.00000,-0.03000,-0.00000,0.00000,0.00,0.00,0.00,-0.3657,0.0000,0.0000,0.0000,0,0
2026-08-25 17:28:59.062711,2404,franka,0.47075,-0.05204,0.29294,0.00000,-0.03000,-0.00000,0.00000,0.00,0.00,0.00,-0.3829,0.0000,0.0000,0.0000,0,0
2026-08-25 17:28:59.116727,2405,franka,0.47073,-0.05365,0.29291,0.00000,-0.03000,-0.00000,0.00000,0.00,0.00,0.00,-0.3771,0.0000,0.0000,0.0000,0,0
2026-08-25 17:28:59.170653,2406,franka,0.47075,-0.05503,0.29292,0.00000,-0.03000,-0.00000,0.00000,0.00,0.00,0.00,-0.3771,0.0000,0.0000,0.0000,0,0
2026-08-25 17:28:59.224472,2407,franka,0.47075,-0.05660,0.29292,0.00000,-0.03000,-0.00000,0.00000,0.00,0.00,0.00,-0.3886,0.0000,-0.0057,0.0000,0,0
2026-08-25 17:28:59.278468,2408,franka,0.47074,-0.05814,0.29292,0.00000,-0.03000,-0.00000,0.00000,0.00,0.00,0.00,-0.3914,0.0000,-0.0114,0.0000,0,0
2026-08-25 17:28:59.332559,2409,franka,0.47074,-0.05960,0.29291,0.00000,-0.03000,-0.00000,0.00000,0.00,0.00,0.00,-0.3800,0.0000,-0.0114,0.0000,0,0
2026-08-25 17:28:59.386795,2410,franka,0.47074,-0.06115,0.29291,0.00000,-0.03000,-0.00000,0.00000,0.00,0.00,0.00,-0.3800,0.0000,-0.0200,0.0000,0,0
2026-08-25 17:28:59.438174,2411,franka,0.47075,-0.06262,0.29292,0.00000,-0.03000,-0.00000,0.00000,0.00,0.00,0.00,-0.3286,0.0000,-0.0286,0.0000,0,0
2026-08-25 17:28:59.492085,2412,franka,0.47075,-0.06413,0.29293,0.00000,-0.03000,-0.00000,0.00000,0.00,0.00,0.00,-0.3029,0.0000,-0.0229,0.0000,0,0
2026-08-25 17:28:59.546150,2413,franka,0.47074,-0.06567,0.29292,0.00000,-0.03000,-0.00000,0.00000,0.00,0.00,0.00,-0.1343,0.0000,-0.0029,0.0000,0,0
2026-08-25 17:28:59.600001,2414,franka,0.47074,-0.06775,0.29292,0.00000,-0.00000,-0.00000,0.00000,0.00,0.00,0.00,-0.0829,0.0000,0.0000,0.0000,0,0
2026-08-25 17:28:59.654984,2415,franka,0.47076,-0.06768,0.29292,0.00000,-0.00000,-0.00000,0.00000,0.00,0.00,0.00,0.0000,0.0000,0.0000,0.0000,0,0
2026-08-25 17:28:59.709967,2416,franka,0.47076,-0.06767,0.29292,0.00000,-0.00000,-0.00000,0.00000,0.00,0.00,0.00,0.0000,0.0000,0.0000,0.0000,0,0
2026-08-25 17:28:59.764695,2417,franka,0.47075,-0.06773,0.29292,0.00000,-0.00000,-0.00000,0.00000,0.00,0.00,0.00,0.0000,0.0000,0.0000,0.0000,0,0
2026-08-25 17:28:59.818468,2418,franka,0.47076,-0.06768,0.29293,0.00000,-0.00000,-0.00000,0.00000,0.00,0.00,0.00,0.0000,0.0000,0.0000,0.0000,0,0
2026-08-25 17:28:59.871954,2419,franka,0.47075,-0.06772,0.29292,0.00000,-0.00000,-0.00000,0.00000,0.00,0.00,0.00,0.0000,0.0000,0.0000,0.0000,0,0
2026-08-25 17:28:59.925494,2420,franka,0.47076,-0.06771,0.29292,0.00000,-0.00000,-0.00000,0.00000,0.00,0.00,0.00,0.0000,0.0000,0.0000,0.0000,0,0
2026-08-25 17:28:59.979044,2421,franka,0.47076,-0.06770,0.29292,0.00000,-0.00000,-0.00000,0.00000,0.00,0.00,0.00,0.0000,0.0000,0.0000,0.0000,0,0
2026-08-25 17:29:00.030488,2422,franka,0.47075,-0.06771,0.29292,0.00000,-0.00000,-0.00000,0.00000,0.00,0.00,0.00,0.0000,0.0000,0.0000,0.0000,0,0
2026-08-25 17:29:00.084547,2423,franka,0.47076,-0.06770,0.29292,0.00000,-0.00000,-0.00000,0.00000,0.00,0.00,0.00,0.0000,0.0000,0.0000,0.0000,0,0
2026-08-25 17:29:00.138776,2424,franka,0.47076,-0.06771,0.29292,0.00000,-0.00000,-0.00000,0.00000,0.00,0.00,0.00,0.0000,0.0000,0.0000,0.0000,0,0
2026-08-25 17:29:00.192422,2425,franka,0.47075,-0.06771,0.29292,0.00000,-0.00000,-0.00000,0.00000,0.00,0.00,0.00,0.0000,0.0000,0.0000,0.0000,0,0
2026-08-25 17:29:00.246223,2426,franka,0.47076,-0.06770,0.29292,0.00000,-0.00000,-0.00000,0.00000,0.00,0.00,0.00,0.0000,-0.1600,-0.0343,0.0200,0,0
2026-08-25 17:29:00.299994,2427,franka,0.47075,-0.06771,0.29292,0.00000,-0.00000,-0.00000,0.00000,0.00,0.00,0.00,0.0000,-0.2657,-0.0714,0.0343,0,0
2026-08-25 17:29:00.354474,2428,franka,0.47120,-0.06771,0.29292,0.02497,-0.00000,-0.00000,0.00000,0.00,0.00,0.00,0.0057,-0.3400,-0.0943,0.0857,0,0
2026-08-25 17:29:00.408139,2429,franka,0.47421,-0.06776,0.29291,0.03000,-0.00000,-0.00000,0.00000,0.00,0.00,0.00,0.0000,-0.3514,-0.0943,0.0829,0,0
2026-08-25 17:29:00.461704,2430,franka,0.47574,-0.06772,0.29292,0.03000,-0.00000,-0.00000,0.00000,0.00,0.00,0.00,0.0057,-0.3829,-0.1029,0.0943,0,0
2026-08-25 17:29:00.515259,2431,franka,0.47725,-0.06777,0.29298,0.03000,-0.00000,-0.00000,0.00000,0.00,0.00,0.00,0.0171,-0.4314,-0.1057,0.1200,0,0
2026-08-25 17:29:00.569174,2432,franka,0.47877,-0.06773,0.29292,0.03000,-0.00000,-0.00000,0.00000,0.00,0.00,0.00,0.0200,-0.4486,-0.1086,0.1286,0,0
2026-08-25 17:29:00.622698,2433,franka,0.48030,-0.06774,0.29291,0.03000,-0.00000,-0.00000,0.00000,0.00,0.00,0.00,0.0200,-0.4886,-0.1143,0.1457,0,0
2026-08-25 17:29:00.676245,2434,franka,0.48180,-0.06777,0.29295,0.03000,-0.00000,-0.00000,0.00000,0.00,0.00,0.00,0.0171,-0.5000,-0.1200,0.1514,0,0
2026-08-25 17:29:00.729921,2435,franka,0.48336,-0.06774,0.29298,0.03000,-0.00000,-0.00000,0.00000,0.00,0.00,0.00,0.0143,-0.5171,-0.1229,0.1514,0,0
2026-08-25 17:29:00.783334,2436,franka,0.48486,-0.06774,0.29291,0.03000,-0.00000,-0.00000,0.00000,0.00,0.00,0.00,0.0086,-0.5343,-0.1229,0.1514,0,0
2026-08-25 17:29:00.836824,2437,franka,0.48636,-0.06775,0.29293,0.03000,-0.00000,-0.00000,0.00000,0.00,0.00,0.00,0.0057,-0.5343,-0.1229,0.1514,0,0
2026-08-25 17:29:00.891624,2438,franka,0.48792,-0.06774,0.29298,0.03000,-0.00000,-0.00000,0.00000,0.00,0.00,0.00,0.0000,-0.5429,-0.1286,0.1429,0,0
2026-08-25 17:29:00.945712,2439,franka,0.48939,-0.06775,0.29291,0.03000,-0.00000,-0.00000,0.00000,0.00,0.00,0.00,0.0000,-0.5400,-0.1314,0.1429,0,0
2026-08-25 17:29:00.999091,2440,franka,0.49090,-0.06774,0.29294,0.03000,-0.00000,-0.00000,0.00000,0.00,0.00,0.00,0.0000,-0.5429,-0.1314,0.1429,0,0
2026-08-25 17:29:01.052708,2441,franka,0.49244,-0.06774,0.29297,0.03000,-0.00000,-0.00000,0.00000,0.00,0.00,0.00,0.0000,-0.5400,-0.1314,0.1429,0,0
2026-08-25 17:29:01.107043,2442,franka,0.49392,-0.06775,0.29293,0.03000,-0.00000,-0.00000,0.00000,0.00,0.00,0.00,0.0000,-0.5400,-0.1343,0.1429,0,0
2026-08-25 17:29:01.160645,2443,franka,0.49547,-0.06774,0.29295,0.03000,-0.00000,-0.00000,0.00000,0.00,0.00,0.00,0.0000,-0.5486,-0.1314,0.1429,0,0
2026-08-25 17:29:01.213966,2444,franka,0.49699,-0.06773,0.29295,0.03000,-0.00000,-0.00000,0.00000,0.00,0.00,0.00,0.0000,-0.5486,-0.1314,0.1429,0,0
2026-08-25 17:29:01.267286,2445,franka,0.49851,-0.06775,0.29294,0.03000,-0.00000,-0.00000,0.00000,0.00,0.00,0.00,0.0000,-0.5371,-0.1314,0.1400,0,0
2026-08-25 17:29:01.321235,2446,franka,0.50155,-0.06774,0.29295,0.03000,-0.00000,-0.00000,0.00000,0.00,0.00,0.00,0.0000,-0.5371,-0.1343,0.1400,0,0
2026-08-25 17:29:01.374604,2447,franka,0.50306,-0.06775,0.29298,0.03000,-0.00000,-0.00000,0.00000,0.00,0.00,0.00,0.0000,-0.5343,-0.1314,0.1400,0,0
2026-08-25 17:29:01.428061,2448,franka,0.50458,-0.06773,0.29293,0.03000,-0.00000,-0.00000,0.00000,0.00,0.00,0.00,0.0000,-0.5343,-0.1314,0.1400,0,0
2026-08-25 17:29:01.483729,2449,franka,0.50608,-0.06773,0.29294,0.03000,-0.00000,-0.00000,0.00000,0.00,0.00,0.00,0.0000,-0.5400,-0.1314,0.1400,0,0
2026-08-25 17:29:01.538599,2450,franka,0.50762,-0.06775,0.29298,0.03000,-0.00000,-0.00000,0.00000,0.00,0.00,0.00,0.0000,-0.5400,-0.1343,0.1400,0,0
2026-08-25 17:29:01.592215,2451,franka,0.50910,-0.06773,0.29291,0.03000,-0.00000,-0.00000,0.00000,0.00,0.00,0.00,0.0000,-0.5400,-0.1343,0.1400,0,0
2026-08-25 17:29:01.645860,2452,franka,0.51061,-0.06774,0.29296,0.03000,-0.00000,-0.00000,0.00000,0.00,0.00,0.00,0.0000,-0.5486,-0.1343,0.1400,0,0
2026-08-25 17:29:01.699450,2453,franka,0.51215,-0.06775,0.29298,0.03000,-0.00000,-0.00000,0.00000,0.00,0.00,0.00,0.0000,-0.5514,-0.1314,0.1400,0,0
2026-08-25 17:29:01.753046,2454,franka,0.51363,-0.06774,0.29292,0.03000,-0.00000,-0.00000,0.00000,0.00,0.00,0.00,0.0000,-0.5543,-0.1314,0.1400,0,0
2026-08-25 17:29:01.806573,2455,franka,0.51516,-0.06774,0.29297,0.03000,-0.00000,-0.00000,0.00000,0.00,0.00,0.00,0.0000,-0.5600,-0.1314,0.1400,0,0
2026-08-25 17:29:01.860203,2456,franka,0.51667,-0.06775,0.29295,0.03000,-0.00000,-0.00000,0.00000,0.00,0.00,0.00,0.0000,-0.5629,-0.1314,0.1400,0,0
2026-08-25 17:29:01.913661,2457,franka,0.51819,-0.06774,0.29293,0.03000,-0.00000,-0.00000,0.00000,0.00,0.00,0.00,0.0000,-0.5600,-0.1314,0.1400,0,0
2026-08-25 17:29:01.968286,2458,franka,0.51971,-0.06774,0.29298,0.03000,-0.00000,-0.00000,0.00000,0.00,0.00,0.00,0.0000,-0.5600,-0.1314,0.1400,0,0
2026-08-25 17:29:02.022052,2459,franka,0.52119,-0.06775,0.29295,0.03000,-0.00000,-0.00000,0.00000,0.00,0.00,0.00,0.0000,-0.5657,-0.1314,0.1400,0,0
2026-08-25 17:29:02.075993,2460,franka,0.52274,-0.06775,0.29296,0.03000,-0.00000,-0.00000,0.00000,0.00,0.00,0.00,0.0000,-0.5629,-0.1314,0.1400,0,0
2026-08-25 17:29:02.130443,2461,franka,0.52579,-0.06775,0.29295,0.03000,-0.00000,-0.00000,0.00000,0.00,0.00,0.00,0.0000,-0.5571,-0.1314,0.1400,0,0
2026-08-25 17:29:02.183937,2462,franka,0.52730,-0.06775,0.29296,0.03000,-0.00000,-0.00000,0.00000,0.00,0.00,0.00,0.0000,-0.5543,-0.1314,0.1400,0,0
2026-08-25 17:29:02.237982,2463,franka,0.52879,-0.06774,0.29295,0.03000,-0.00000,-0.00000,0.00000,0.00,0.00,0.00,0.0000,-0.5514,-0.1343,0.1400,0,0
2026-08-25 17:29:02.291855,2464,franka,0.53034,-0.06775,0.29300,0.03000,-0.00000,-0.00000,0.00000,0.00,0.00,0.00,0.0000,-0.5743,-0.1343,0.1486,0,0
2026-08-25 17:29:02.345460,2465,franka,0.53182,-0.06774,0.29294,0.03000,-0.00000,-0.00000,0.00000,0.00,0.00,0.00,0.0000,-0.6200,-0.1343,0.1743,0,0
2026-08-25 17:29:02.398922,2466,franka,0.53335,-0.06774,0.29296,0.03000,-0.00000,-0.00000,0.00000,0.00,0.00,0.00,0.0000,-0.6257,-0.1429,0.1771,0,0
2026-08-25 17:29:02.452400,2467,franka,0.53486,-0.06775,0.29299,0.03000,-0.00000,-0.00000,0.00000,0.00,0.00,0.00,0.0000,-0.4771,-0.1771,0.1571,0,0
2026-08-25 17:29:02.506477,2468,franka,0.53633,-0.06774,0.29291,0.03000,-0.00000,-0.00000,0.00000,0.00,0.00,0.00,0.0114,-0.2829,-0.1543,0.1114,0,0
2026-08-25 17:29:02.560431,2469,franka,0.53785,-0.06774,0.29303,0.02063,-0.00000,-0.00000,0.00000,0.00,0.00,0.00,0.0000,0.0000,0.0000,0.0171,0,0
2026-08-25 17:29:02.614800,2470,franka,0.53818,-0.06773,0.29292,0.00000,-0.00000,-0.00000,0.00000,0.00,0.00,0.00,0.0000,0.0000,0.0000,0.0000,0,0
2026-08-25 17:29:02.668793,2471,franka,0.53819,-0.06773,0.29295,0.00000,-0.00000,-0.00000,0.00000,0.00,0.00,0.00,0.0000,0.0000,0.0000,0.0000,0,0
2026-08-25 17:29:02.722790,2472,franka,0.53819,-0.06774,0.29299,0.00000,-0.00000,-0.00000,0.00000,0.00,0.00,0.00,0.0000,0.0000,0.0000,0.0000,0,0
2026-08-25 17:29:02.776672,2473,franka,0.53818,-0.06774,0.29293,0.00000,-0.00000,-0.00000,0.00000,0.00,0.00,0.00,0.0000,0.0000,0.0000,0.0000,0,0
2026-08-25 17:29:02.830052,2474,franka,0.53819,-0.06771,0.29294,0.00000,-0.00000,-0.00000,0.00000,0.00,0.00,0.00,0.0000,0.0000,0.0000,0.0000,0,0
2026-08-25 17:29:02.883609,2475,franka,0.53819,-0.06773,0.29295,0.00000,-0.00000,-0.00000,0.00000,0.00,0.00,0.00,0.0000,0.0000,0.0000,0.0000,0,0
2026-08-25 17:29:02.937443,2476,franka,0.53818,-0.06773,0.29293,0.00000,-0.00000,-0.00000,0.00000,0.00,0.00,0.00,0.0000,0.0000,0.0000,0.0000,0,0
2026-08-25 17:29:02.990944,2477,franka,0.53819,-0.06773,0.29296,0.00000,-0.00000,-0.00000,0.00000,0.00,0.00,0.00,0.0000,0.0000,0.0000,0.0000,0,0
2026-08-25 17:29:03.044563,2478,franka,0.53819,-0.06773,0.29296,0.00000,-0.00000,-0.00000,0.00000,0.00,0.00,0.00,0.0000,0.0000,0.0000,0.0000,0,0
2026-08-25 17:29:03.098029,2479,franka,0.53819,-0.06773,0.29294,0.00000,-0.00000,-0.00000,0.00000,0.00,0.00,0.00,0.0000,0.0000,0.0000,0.0000,0,0
2026-08-25 17:29:03.152909,2480,franka,0.53819,-0.06774,0.29296,0.00000,-0.00000,-0.00000,0.00000,0.00,0.00,0.00,0.0000,0.0000,0.0000,0.0000,0,0
2026-08-25 17:29:03.206573,2481,franka,0.53819,-0.06773,0.29295,0.00000,-0.00000,-0.00000,0.00000,0.00,0.00,0.00,0.0000,0.0000,0.0000,0.0000,0,0
2026-08-25 17:29:03.260365,2482,franka,0.53819,-0.06773,0.29295,0.00000,-0.00000,-0.00000,0.00000,0.00,0.00,0.00,0.0000,0.0000,0.0000,0.0000,0,0
2026-08-25 17:29:03.313757,2483,franka,0.53819,-0.06773,0.29296,0.00000,-0.00000,-0.00000,0.00000,0.00,0.00,0.00,0.0000,0.0000,0.0000,0.0000,0,0
2026-08-25 17:29:03.367273,2484,franka,0.53819,-0.06773,0.29296,0.00000,-0.00000,-0.00000,0.00000,0.00,0.00,0.00,0.0000,0.0000,0.0000,0.0000,0,0
2026-08-25 17:29:03.421895,2485,franka,0.53819,-0.06773,0.29295,0.00000,-0.00000,-0.00000,0.00000,0.00,0.00,0.00,0.0000,0.0000,0.0000,0.0000,0,0
2026-08-25 17:29:03.475522,2486,franka,0.53819,-0.06773,0.29295,0.00000,-0.00000,-0.00000,0.00000,0.00,0.00,0.00,0.0000,0.0000,0.0000,0.0000,0,0
2026-08-25 17:29:03.529847,2487,franka,0.53819,-0.06773,0.29295,0.00000,-0.00000,-0.00000,0.00000,0.00,0.00,0.00,0.0000,0.0000,0.0000,0.0000,0,0
2026-08-25 17:29:03.583442,2488,franka,0.53819,-0.06773,0.29295,0.00000,-0.00000,-0.00000,0.00000,0.00,0.00,0.00,0.0000,0.0000,0.0000,0.0000,0,0
2026-08-25 17:29:03.637279,2489,franka,0.53819,-0.06773,0.29295,0.00000,-0.00000,-0.00000,0.00000,0.00,0.00,0.00,0.0000,0.0000,0.0000,0.0000,0,0
2026-08-25 17:29:03.691194,2490,franka,0.53819,-0.06773,0.29295,0.00000,-0.00000,-0.00000,0.00000,0.00,0.00,0.00,0.0000,0.0000,0.0000,0.0000,0,0
2026-08-25 17:29:03.744786,2491,franka,0.53819,-0.06773,0.29295,0.00000,-0.00000,-0.00000,0.00000,0.00,0.00,0.00,0.0000,0.0000,0.0000,0.0000,0,0
2026-08-25 17:29:03.798663,2492,franka,0.53819,-0.06773,0.29295,0.00000,-0.00000,-0.00000,0.00000,0.00,0.00,0.00,0.0000,0.0000,-0.0143,0.0000,0,0
2026-08-25 17:29:03.852153,2493,franka,0.53819,-0.06773,0.29295,0.00000,-0.00000,-0.00000,0.00000,0.00,0.00,0.00,0.0000,0.0000,-0.0143,0.0000,0,0
2026-08-25 17:29:03.905829,2494,franka,0.53819,-0.06773,0.29295,0.00000,-0.00000,-0.00000,0.00000,0.00,0.00,0.00,0.0000,0.0000,-0.0143,0.0000,0,0
2026-08-25 17:29:03.959534,2495,franka,0.53819,-0.06773,0.29295,0.00000,-0.00000,-0.00000,0.00000,0.00,0.00,0.00,0.0000,0.0000,0.0000,0.0000,0,0
2026-08-25 17:29:04.013390,2496,franka,0.53819,-0.06773,0.29295,0.00000,-0.00000,-0.00000,0.00000,0.00,0.00,0.00,0.0000,0.0000,0.0000,0.0000,0,0
2026-08-25 17:29:04.067038,2497,franka,0.53819,-0.06773,0.29295,0.00000,-0.00000,-0.00000,0.00000,0.00,0.00,0.00,0.0000,-0.1114,0.0000,0.0000,0,0
2026-08-25 17:29:04.120636,2498,franka,0.53819,-0.06773,0.29295,0.00000,-0.00000,-0.00000,0.00000,0.00,0.00,0.00,0.0000,-0.2629,0.0000,0.0000,0,0
2026-08-25 17:29:04.173951,2499,franka,0.53880,-0.06775,0.29295,0.02927,-0.00000,-0.00000,0.00000,0.00,0.00,0.00,0.0143,-0.4429,-0.0029,0.0000,0,0
2026-08-25 17:29:04.228124,2500,franka,0.54033,-0.06778,0.29298,0.03000,-0.00000,-0.00000,0.00000,0.00,0.00,0.00,0.0886,-0.7600,-0.0343,0.0000,0,0
2026-08-25 17:29:04.281586,2501,franka,0.54186,-0.06777,0.29296,0.03000,-0.00000,-0.00000,0.00000,0.00,0.00,0.00,0.0171,-0.8571,-0.0571,0.0000,0,0
2026-08-25 17:29:04.335391,2502,franka,0.54333,-0.06774,0.29292,0.03000,-0.00000,-0.00000,0.00000,0.00,0.00,0.00,0.0000,-0.8286,-0.0543,-0.0514,0,0
2026-08-25 17:29:04.389321,2503,franka,0.54488,-0.06778,0.29303,0.03000,-0.00000,-0.00000,0.00000,0.00,0.00,0.00,0.0000,-0.7914,-0.0600,-0.0686,0,0
2026-08-25 17:29:04.443358,2504,franka,0.54640,-0.06774,0.29294,0.03000,-0.00000,-0.00000,0.00000,0.00,0.00,0.00,0.0000,-0.7714,-0.0600,-0.0571,0,0
2026-08-25 17:29:04.497133,2505,franka,0.54788,-0.06773,0.29292,0.03000,-0.00000,-0.00000,0.00000,0.00,0.00,0.00,0.0000,-0.7714,-0.0629,-0.0486,0,0
2026-08-25 17:29:04.551041,2506,franka,0.54945,-0.06777,0.29303,0.03000,-0.00000,-0.00000,0.00000,0.00,0.00,0.00,0.0000,-0.7800,-0.0657,-0.0486,0,0
2026-08-25 17:29:04.604842,2507,franka,0.55247,-0.06774,0.29297,0.03000,-0.00000,-0.00000,0.00000,0.00,0.00,0.00,0.0000,-0.7771,-0.0686,-0.0400,0,0
2026-08-25 17:29:04.658674,2508,franka,0.55398,-0.06776,0.29295,0.03000,-0.00000,-0.00000,0.00000,0.00,0.00,0.00,0.0000,-0.8086,-0.0743,-0.0371,0,0
2026-08-25 17:29:04.712864,2509,franka,0.55552,-0.06775,0.29298,0.03000,-0.00000,-0.00000,0.00000,0.00,0.00,0.00,0.0000,-0.8057,-0.0743,-0.0371,0,0
2026-08-25 17:29:04.766563,2510,franka,0.55703,-0.06775,0.29298,0.03000,-0.00000,-0.00000,0.00000,0.00,0.00,0.00,0.0000,-0.8000,-0.0743,-0.0371,0,0
2026-08-25 17:29:04.820196,2511,franka,0.55853,-0.06776,0.29293,0.03000,-0.00000,-0.00000,0.00000,0.00,0.00,0.00,0.0000,-0.7886,-0.0743,-0.0371,0,0
2026-08-25 17:29:04.874306,2512,franka,0.56010,-0.06776,0.29301,0.03000,-0.00000,-0.00000,0.00000,0.00,0.00,0.00,0.0000,-0.7743,-0.0743,-0.0343,0,0
2026-08-25 17:29:04.927864,2513,franka,0.56160,-0.06775,0.29294,0.03000,-0.00000,-0.00000,0.00000,0.00,0.00,0.00,0.0000,-0.7800,-0.0800,-0.0314,0,0
2026-08-25 17:29:04.981387,2514,franka,0.56315,-0.06777,0.29297,0.03000,-0.00000,-0.00000,0.00000,0.00,0.00,0.00,0.0000,-0.7743,-0.0800,-0.0314,0,0
2026-08-25 17:29:05.035850,2515,franka,0.56467,-0.06775,0.29297,0.03000,-0.00000,-0.00000,0.00000,0.00,0.00,0.00,0.0000,-0.7886,-0.0829,-0.0286,0,0
2026-08-25 17:29:05.089291,2516,franka,0.56617,-0.06775,0.29298,0.03000,-0.00000,-0.00000,0.00000,0.00,0.00,0.00,0.0000,-0.7629,-0.0829,-0.0371,0,0
2026-08-25 17:29:05.142904,2517,franka,0.56771,-0.06777,0.29298,0.03000,-0.00000,-0.00000,0.00000,0.00,0.00,0.00,0.0000,-0.7486,-0.0829,-0.0314,0,0
2026-08-25 17:29:05.196689,2518,franka,0.56918,-0.06775,0.29293,0.03000,-0.00000,-0.00000,0.00000,0.00,0.00,0.00,0.0000,-0.7486,-0.0829,-0.0314,0,0
2026-08-25 17:29:05.250859,2519,franka,0.57076,-0.06776,0.29304,0.03000,-0.00000,-0.00000,0.00000,0.00,0.00,0.00,0.0000,-0.7429,-0.0857,-0.0314,0,0
2026-08-25 17:29:05.302254,2520,franka,0.57224,-0.06776,0.29292,0.03000,-0.00000,-0.00000,0.00000,0.00,0.00,0.00,0.0000,-0.7429,-0.0857,-0.0400,0,0
2026-08-25 17:29:05.356213,2521,franka,0.57377,-0.06776,0.29298,0.03000,-0.00000,-0.00000,0.00000,0.00,0.00,0.00,0.0000,-0.7371,-0.0857,-0.0400,0,0
2026-08-25 17:29:05.409661,2522,franka,0.57526,-0.06775,0.29299,0.03000,-0.00000,-0.00000,0.00000,0.00,0.00,0.00,0.0000,-0.7229,-0.0857,-0.0343,0,0
2026-08-25 17:29:05.463386,2523,franka,0.57679,-0.06776,0.29298,0.03000,-0.00000,-0.00000,0.00000,0.00,0.00,0.00,0.0000,-0.7229,-0.0857,-0.0343,0,0
2026-08-25 17:29:05.518800,2524,franka,0.57978,-0.06775,0.29296,0.03000,-0.00000,-0.00000,0.00000,0.00,0.00,0.00,0.0000,-0.7314,-0.0829,-0.0400,0,0
2026-08-25 17:29:05.568033,2525,franka,0.58131,-0.06777,0.29302,0.03000,-0.00000,-0.00000,0.00000,0.00,0.00,0.00,0.0000,-0.7314,-0.0857,-0.0371,0,0
2026-08-25 17:29:05.621706,2526,franka,0.58280,-0.06774,0.29292,0.03000,-0.00000,-0.00000,0.00000,0.00,0.00,0.00,0.0000,-0.7343,-0.0857,-0.0371,0,0
2026-08-25 17:29:05.675123,2527,franka,0.58437,-0.06775,0.29304,0.03000,-0.00000,-0.00000,0.00000,0.00,0.00,0.00,0.0000,-0.7343,-0.0857,-0.0429,0,0
2026-08-25 17:29:05.729054,2528,franka,0.58584,-0.06776,0.29295,0.03000,-0.00000,-0.00000,0.00000,0.00,0.00,0.00,0.0000,-0.7429,-0.0886,-0.0486,0,0
2026-08-25 17:29:05.782395,2529,franka,0.58739,-0.06775,0.29298,0.03000,-0.00000,-0.00000,0.00000,0.00,0.00,0.00,0.0000,-0.7371,-0.0886,-0.0486,0,0
2026-08-25 17:29:05.835924,2530,franka,0.58888,-0.06774,0.29298,0.03000,-0.00000,-0.00000,0.00000,0.00,0.00,0.00,0.0000,-0.7257,-0.0857,-0.0486,0,0
2026-08-25 17:29:05.889584,2531,franka,0.59038,-0.06776,0.29298,0.03000,-0.00000,-0.00000,0.00000,0.00,0.00,0.00,0.0000,-0.7171,-0.0857,-0.0543,0,0
2026-08-25 17:29:05.943387,2532,franka,0.59191,-0.06775,0.29298,0.03000,-0.00000,-0.00000,0.00000,0.00,0.00,0.00,0.0000,-0.6971,-0.0829,-0.0543,0,0
2026-08-25 17:29:05.996814,2533,franka,0.59343,-0.06774,0.29296,0.03000,-0.00000,-0.00000,0.00000,0.00,0.00,0.00,0.0000,-0.7086,-0.0829,-0.0543,0,0
2026-08-25 17:29:06.050997,2534,franka,0.59499,-0.06776,0.29302,0.03000,-0.00000,-0.00000,0.00000,0.00,0.00,0.00,0.0000,-0.6971,-0.0829,-0.0514,0,0
2026-08-25 17:29:06.104359,2535,franka,0.59649,-0.06775,0.29293,0.03000,-0.00000,-0.00000,0.00000,0.00,0.00,0.00,0.0000,-0.6771,-0.0857,-0.0486,0,0
2026-08-25 17:29:06.158441,2536,franka,0.59805,-0.06775,0.29304,0.03000,-0.00000,-0.00000,0.00000,0.00,0.00,0.00,0.0000,-0.6314,-0.0714,-0.0486,0,0
2026-08-25 17:29:06.212177,2537,franka,0.59954,-0.06776,0.29292,0.03000,-0.00000,-0.00000,0.00000,0.00,0.00,0.00,0.0000,-0.6086,-0.0714,-0.0486,0,0
2026-08-25 17:29:06.266558,2538,franka,0.60108,-0.06776,0.29303,0.03000,-0.00000,-0.00000,0.00000,0.00,0.00,0.00,0.0000,-0.4686,-0.0229,-0.0486,0,0
2026-08-25 17:29:06.321004,2539,franka,0.60255,-0.06775,0.29297,0.03000,-0.00000,-0.00000,0.00000,0.00,0.00,0.00,0.0000,-0.1571,0.0000,-0.0600,0,0
2026-08-25 17:29:06.374667,2540,franka,0.60478,-0.06777,0.29296,0.00004,-0.00000,-0.00000,0.00000,0.00,0.00,0.00,0.0000,0.0000,0.0000,0.0000,0,0
2026-08-25 17:29:06.428145,2541,franka,0.60479,-0.06773,0.29296,0.00000,-0.00000,-0.00000,0.00000,0.00,0.00,0.00,0.0000,0.0000,0.0000,0.0000,0,0
2026-08-25 17:29:06.481734,2542,franka,0.60479,-0.06776,0.29301,0.00000,-0.00000,-0.00000,0.00000,0.00,0.00,0.00,0.0000,0.0000,0.0000,0.0000,0,0
2026-08-25 17:29:06.532512,2543,franka,0.60478,-0.06776,0.29296,0.00000,-0.00000,-0.00000,0.00000,0.00,0.00,0.00,0.0000,0.0000,0.0000,0.0000,0,0
2026-08-25 17:29:06.586072,2544,franka,0.60478,-0.06771,0.29293,0.00000,-0.00000,-0.00000,0.00000,0.00,0.00,0.00,0.0000,0.0000,0.0000,0.0000,0,0
2026-08-25 17:29:06.639835,2545,franka,0.60479,-0.06774,0.29299,0.00000,-0.00000,-0.00000,0.00000,0.00,0.00,0.00,0.0000,0.0000,0.0000,0.0000,0,0
2026-08-25 17:29:06.689775,2546,franka,0.60478,-0.06776,0.29297,0.00000,-0.00000,-0.00000,0.00000,0.00,0.00,0.00,0.0000,0.0000,0.0000,0.0000,0,0
2026-08-25 17:29:06.743157,2547,franka,0.60479,-0.06773,0.29295,0.00000,-0.00000,-0.00000,0.00000,0.00,0.00,0.00,0.0000,0.0000,0.0000,0.0000,0,0
2026-08-25 17:29:06.797222,2548,franka,0.60479,-0.06774,0.29298,0.00000,-0.00000,-0.00000,0.00000,0.00,0.00,0.00,0.0000,0.0000,0.0000,0.0000,0,0
2026-08-25 17:29:06.851100,2549,franka,0.60479,-0.06777,0.29298,0.00000,-0.00000,-0.00000,0.00000,0.00,0.00,0.00,0.0000,0.0000,0.0000,0.0000,0,0
2026-08-25 17:29:06.904687,2550,franka,0.60479,-0.06774,0.29296,0.00000,-0.00000,-0.00000,0.00000,0.00,0.00,0.00,0.0000,0.0000,0.0000,0.0000,0,0
2026-08-25 17:29:06.959852,2551,franka,0.60479,-0.06773,0.29297,0.00000,-0.00000,-0.00000,0.00000,0.00,0.00,0.00,0.0000,0.0000,0.0000,0.0000,0,0
2026-08-25 17:29:07.010173,2552,franka,0.60479,-0.06776,0.29298,0.00000,-0.00000,-0.00000,0.00000,0.00,0.00,0.00,0.0000,0.0000,0.0000,0.0000,0,0
2026-08-25 17:29:07.064037,2553,franka,0.60479,-0.06774,0.29296,0.00000,-0.00000,-0.00000,0.00000,0.00,0.00,0.00,0.0000,0.0000,0.0000,0.0000,0,0
2026-08-25 17:29:07.118523,2554,franka,0.60479,-0.06773,0.29296,0.00000,-0.00000,-0.00000,0.00000,0.00,0.00,0.00,0.0000,0.0000,0.0000,0.0000,0,0
2026-08-25 17:29:07.172945,2555,franka,0.60479,-0.06775,0.29297,0.00000,-0.00000,-0.00000,0.00000,0.00,0.00,0.00,0.0000,0.0000,0.0000,0.0000,0,0
2026-08-25 17:29:07.226776,2556,franka,0.60479,-0.06774,0.29297,0.00000,-0.00000,-0.00000,0.00000,0.00,0.00,0.00,0.0000,0.0000,0.0000,0.0000,0,0
2026-08-25 17:29:07.281182,2557,franka,0.60479,-0.06774,0.29296,0.00000,-0.00000,-0.00000,0.00000,0.00,0.00,0.00,0.0000,0.0000,0.0000,0.0000,0,0
2026-08-25 17:29:07.335324,2558,franka,0.60479,-0.06774,0.29296,0.00000,-0.00000,-0.00000,0.00000,0.00,0.00,0.00,0.0000,0.0000,0.0000,0.0000,0,0
2026-08-25 17:29:07.389091,2559,franka,0.60479,-0.06774,0.29297,0.00000,-0.00000,-0.00000,0.00000,0.00,0.00,0.00,0.0000,0.0000,0.0000,0.0000,0,0
2026-08-25 17:29:07.442603,2560,franka,0.60479,-0.06775,0.29297,0.00000,-0.00000,-0.00000,0.00000,0.00,0.00,0.00,0.0000,0.0000,0.0000,0.0000,0,0
2026-08-25 17:29:07.496946,2561,franka,0.60479,-0.06774,0.29296,0.00000,-0.00000,-0.00000,0.00000,0.00,0.00,0.00,0.0000,0.0000,0.0000,0.0000,0,0
2026-08-25 17:29:07.551495,2562,franka,0.60479,-0.06774,0.29297,0.00000,-0.00000,-0.00000,0.00000,0.00,0.00,0.00,0.0000,0.0000,0.0000,0.0000,0,0
2026-08-25 17:29:07.606047,2563,franka,0.60479,-0.06774,0.29297,0.00000,-0.00000,-0.00000,0.00000,0.00,0.00,0.00,0.0000,0.0000,0.0000,0.0000,0,0
2026-08-25 17:29:07.659469,2564,franka,0.60479,-0.06774,0.29297,0.00000,-0.00000,-0.00000,0.00000,0.00,0.00,0.00,0.0000,0.0000,0.0000,0.0000,0,0
2026-08-25 17:29:07.712753,2565,franka,0.60479,-0.06774,0.29297,0.00000,-0.00000,-0.00000,0.00000,0.00,0.00,0.00,0.0000,0.0000,0.0000,0.0000,0,0
2026-08-25 17:29:07.766821,2566,franka,0.60479,-0.06774,0.29297,0.00000,-0.00000,-0.00000,0.00000,0.00,0.00,0.00,0.0000,0.0000,0.0000,0.0000,0,0
2026-08-25 17:29:07.820402,2567,franka,0.60479,-0.06774,0.29297,0.00000,-0.00000,-0.00000,0.00000,0.00,0.00,0.00,0.0000,0.0000,0.0000,0.0000,0,0
2026-08-25 17:29:07.873886,2568,franka,0.60479,-0.06774,0.29297,0.00000,-0.00000,-0.00000,0.00000,0.00,0.00,0.00,0.0000,0.0000,0.0000,0.0000,0,0
2026-08-25 17:29:07.927427,2569,franka,0.60479,-0.06774,0.29297,0.00000,-0.00000,-0.00000,0.00000,0.00,0.00,0.00,0.0000,0.0000,0.0000,0.0000,0,0
2026-08-25 17:29:07.981155,2570,franka,0.60478,-0.06774,0.29297,0.00000,-0.00000,-0.00000,0.00000,0.00,0.00,0.00,0.0000,0.0000,0.0000,0.0000,0,0
2026-08-25 17:29:08.034792,2571,franka,0.60479,-0.06774,0.29297,0.00000,-0.00000,-0.00000,0.00000,0.00,0.00,0.00,0.0000,0.0000,0.0000,0.0000,0,0
2026-08-25 17:29:08.088325,2572,franka,0.60479,-0.06774,0.29297,0.00000,-0.00000,-0.00000,0.00000,0.00,0.00,0.00,0.0000,0.0000,0.0000,0.0000,0,0
2026-08-25 17:29:08.141771,2573,franka,0.60479,-0.06774,0.29297,0.00000,-0.00000,-0.00000,0.00000,0.00,0.00,0.00,0.0000,0.0000,0.0000,0.0000,0,0
2026-08-25 17:29:08.195270,2574,franka,0.60479,-0.06774,0.29297,0.00000,-0.00000,-0.00000,0.00000,0.00,0.00,0.00,0.0000,0.0000,0.0000,0.0000,0,0
2026-08-25 17:29:08.248923,2575,franka,0.60479,-0.06774,0.29297,0.00000,-0.00000,-0.00000,0.00000,0.00,0.00,0.00,0.0000,0.0000,0.0000,0.0000,0,0
2026-08-25 17:29:08.303234,2576,franka,0.60479,-0.06774,0.29297,0.00000,-0.00000,-0.00000,0.00000,0.00,0.00,0.00,0.0000,0.0000,0.0000,0.0000,0,0
2026-08-25 17:29:08.357786,2577,flowbot,0.60479,-0.06774,0.29297,0.00000,-0.00000,-0.00000,0.00000,0.00,0.00,0.00,0.0000,0.0000,0.0000,0.0000,1,0
2026-08-25 17:29:08.412658,2578,flowbot,0.60479,-0.06774,0.29297,0.00000,-0.00000,-0.00000,0.00000,0.00,0.00,0.00,0.0000,0.0000,0.0000,0.0000,1,0
2026-08-25 17:29:08.469973,2579,flowbot,0.60479,-0.06774,0.29297,0.00000,-0.00000,-0.00000,0.00000,0.00,0.00,0.00,0.0000,0.0000,0.0000,0.0000,1,0
2026-08-25 17:29:08.521243,2580,flowbot,0.60479,-0.06774,0.29297,0.00000,-0.00000,-0.00000,0.00000,0.00,0.00,0.00,0.0000,0.0000,0.0000,0.0000,1,0
2026-08-25 17:29:08.574660,2581,flowbot,0.60479,-0.06774,0.29297,0.00000,-0.00000,-0.00000,0.00000,0.00,0.00,0.00,0.0000,0.0000,0.0000,0.0000,1,0
2026-08-25 17:29:08.622765,2582,flowbot,0.60479,-0.06774,0.29297,0.00000,-0.00000,-0.00000,0.00000,0.00,0.00,0.00,0.0000,0.0000,0.0000,0.0000,1,0
2026-08-25 17:29:08.679931,2583,flowbot,0.60479,-0.06774,0.29297,0.00000,-0.00000,-0.00000,0.00000,0.00,0.00,0.00,0.0000,0.0000,0.0000,0.0000,1,0
2026-08-25 17:29:08.730175,2584,flowbot,0.60479,-0.06774,0.29297,0.00000,-0.00000,-0.00000,0.00000,0.00,0.00,0.00,0.0000,0.0000,0.0000,0.0000,1,0
2026-08-25 17:29:08.795197,2585,flowbot,0.60479,-0.06774,0.29297,0.00000,-0.00000,-0.00000,0.00000,0.00,0.00,0.00,0.0000,0.0000,0.0000,0.0000,1,0
2026-08-25 17:29:08.846993,2586,flowbot,0.60479,-0.06774,0.29297,0.00000,-0.00000,-0.00000,0.00000,0.00,0.00,0.00,0.0000,0.0000,0.0000,0.0000,1,0
2026-08-25 17:29:08.896283,2587,flowbot,0.60479,-0.06774,0.29297,0.00000,-0.00000,-0.00000,0.00000,0.00,0.00,0.00,0.0000,0.0000,0.0000,0.0000,0,0
2026-08-25 17:29:08.949749,2588,flowbot,0.60479,-0.06774,0.29297,0.00000,-0.00000,-0.00000,0.00000,0.00,0.00,0.00,0.0000,0.0000,0.0000,0.0000,0,0
2026-08-25 17:29:09.000443,2589,flowbot,0.60479,-0.06774,0.29297,0.00000,-0.00000,-0.00000,0.00000,0.00,0.00,0.00,0.0000,0.0000,0.0000,0.0000,0,0
2026-08-25 17:29:09.057850,2590,flowbot,0.60479,-0.06774,0.29297,0.00000,-0.00000,-0.00000,0.00000,0.00,0.00,0.00,0.0000,0.0000,0.0000,0.0000,0,0
2026-08-25 17:29:09.104840,2591,flowbot,0.60479,-0.06774,0.29297,0.00000,-0.00000,-0.00000,0.00000,0.00,0.00,0.00,0.0000,0.0000,0.0000,0.0000,0,0
2026-08-25 17:29:09.160515,2592,flowbot,0.60479,-0.06774,0.29297,0.00000,-0.00000,-0.00000,0.00000,0.00,0.00,0.00,0.0000,0.0000,0.0000,0.0000,0,0
2026-08-25 17:29:09.211629,2593,flowbot,0.60479,-0.06774,0.29297,0.00000,-0.00000,-0.00000,0.00000,0.00,0.00,0.00,0.0000,0.0000,0.0000,0.0000,0,0
2026-08-25 17:29:09.263899,2594,flowbot,0.60479,-0.06774,0.29297,0.00000,-0.00000,-0.00000,0.00000,0.00,0.00,0.00,0.0000,0.0000,0.0000,0.0000,0,0
2026-08-25 17:29:09.316107,2595,flowbot,0.60479,-0.06774,0.29297,0.00000,-0.00000,-0.00000,0.00000,0.00,0.00,0.00,0.0000,0.0000,0.0000,0.0000,0,0
2026-08-25 17:29:09.369765,2596,flowbot,0.60479,-0.06774,0.29297,0.00000,-0.00000,-0.00000,0.00000,0.00,0.00,0.00,0.0000,0.0000,0.0000,0.0000,0,0
2026-08-25 17:29:09.423316,2597,flowbot,0.60479,-0.06774,0.29297,0.00000,-0.00000,-0.00000,0.00000,0.00,0.00,0.00,0.0000,0.0000,0.0000,0.0000,0,0
2026-08-25 17:29:09.472184,2598,flowbot,0.60479,-0.06774,0.29297,0.00000,-0.00000,-0.00000,0.00000,0.00,0.00,0.00,0.0000,0.0000,0.0000,0.0000,0,0
2026-08-25 17:29:09.530220,2599,flowbot,0.60479,-0.06774,0.29297,0.00000,-0.00000,-0.00000,0.00000,0.00,0.00,0.00,0.0000,0.0000,0.0000,0.0000,0,0
2026-08-25 17:29:09.586490,2600,flowbot,0.60479,-0.06774,0.29297,0.00000,-0.00000,-0.00000,0.00000,0.00,0.00,0.00,0.1200,0.0000,0.0000,0.0000,0,0
2026-08-25 17:29:09.638056,2601,flowbot,0.60479,-0.06774,0.29297,0.00000,-0.00000,-0.00000,0.00000,0.00,0.00,0.00,0.1200,0.0000,0.0000,0.0000,0,0
2026-08-25 17:29:09.689243,2602,flowbot,0.60479,-0.06774,0.29297,0.00000,-0.00000,-0.00000,0.00000,0.00,0.00,0.00,0.1200,0.0000,0.0000,0.0000,0,0
2026-08-25 17:29:09.740821,2603,flowbot,0.60479,-0.06774,0.29297,0.00000,-0.00000,-0.00000,0.00000,0.00,0.00,0.00,0.1200,0.0000,0.0000,0.0000,0,0
2026-08-25 17:29:09.791597,2604,flowbot,0.60479,-0.06774,0.29297,0.00000,-0.00000,-0.00000,0.00000,0.00,0.00,0.00,0.9457,0.0000,0.0000,0.0000,0,0
2026-08-25 17:29:09.847198,2605,flowbot,0.60479,-0.06774,0.29297,0.00000,-0.00000,-0.00000,0.00000,0.00,0.00,0.00,0.9457,0.0000,0.0000,0.0000,0,0
2026-08-25 17:29:09.898898,2606,flowbot,0.60479,-0.06774,0.29297,0.00000,-0.00000,-0.00000,0.00000,0.00,0.00,0.00,0.9457,0.0000,0.0000,0.0000,0,0
2026-08-25 17:29:09.956558,2607,flowbot,0.60479,-0.06774,0.29297,0.00000,-0.00000,-0.00000,0.00000,0.00,0.00,0.00,0.9457,0.0000,0.0000,0.0000,0,0
2026-08-25 17:29:10.007405,2608,flowbot,0.60479,-0.06774,0.29297,0.00000,-0.00000,-0.00000,0.00000,1.00,0.00,0.00,1.1486,0.0000,0.1286,0.0000,0,0
2026-08-25 17:29:10.059329,2609,flowbot,0.60479,-0.06774,0.29297,0.00000,-0.00000,-0.00000,0.00000,1.00,0.00,0.00,1.1486,0.0000,0.1286,0.0000,0,0
2026-08-25 17:29:10.115808,2610,flowbot,0.60479,-0.06774,0.29297,0.00000,-0.00000,-0.00000,0.00000,1.00,0.00,0.00,1.1486,0.0000,0.1286,0.0000,0,0
2026-08-25 17:29:10.164405,2611,flowbot,0.60479,-0.06774,0.29297,0.00000,-0.00000,-0.00000,0.00000,1.00,0.00,0.00,1.1486,0.0000,0.1286,0.0000,0,0
2026-08-25 17:29:10.216959,2612,flowbot,0.60479,-0.06774,0.29297,0.00000,-0.00000,-0.00000,0.00000,2.00,0.00,0.00,1.2229,0.0000,0.1429,0.0000,0,0
2026-08-25 17:29:10.271704,2613,flowbot,0.60479,-0.06774,0.29297,0.00000,-0.00000,-0.00000,0.00000,2.00,0.00,0.00,1.2229,0.0000,0.1429,0.0000,0,0
2026-08-25 17:29:10.322648,2614,flowbot,0.60479,-0.06774,0.29297,0.00000,-0.00000,-0.00000,0.00000,2.00,0.00,0.00,1.2229,0.0000,0.1429,0.0000,0,0
2026-08-25 17:29:10.373798,2615,flowbot,0.60479,-0.06774,0.29297,0.00000,-0.00000,-0.00000,0.00000,2.00,0.00,0.00,1.2229,0.0000,0.1429,0.0000,0,0
2026-08-25 17:29:10.426969,2616,flowbot,0.60479,-0.06774,0.29297,0.00000,-0.00000,-0.00000,0.00000,2.00,0.00,0.00,1.2229,0.0000,0.1429,0.0000,0,0
2026-08-25 17:29:10.483025,2617,flowbot,0.60479,-0.06774,0.29297,0.00000,-0.00000,-0.00000,0.00000,3.00,0.00,0.00,1.2571,0.0000,0.1371,0.0000,0,0
2026-08-25 17:29:10.541007,2618,flowbot,0.60479,-0.06774,0.29297,0.00000,-0.00000,-0.00000,0.00000,3.00,0.00,0.00,1.2571,0.0000,0.1371,0.0000,0,0
2026-08-25 17:29:10.584138,2619,flowbot,0.60479,-0.06774,0.29297,0.00000,-0.00000,-0.00000,0.00000,3.00,0.00,0.00,1.2571,0.0000,0.1371,0.0000,0,0
2026-08-25 17:29:10.638478,2620,flowbot,0.60479,-0.06774,0.29297,0.00000,-0.00000,-0.00000,0.00000,3.00,0.00,0.00,1.2571,0.0000,0.1371,0.0000,0,0
2026-08-25 17:29:10.697570,2621,flowbot,0.60479,-0.06774,0.29297,0.00000,-0.00000,-0.00000,0.00000,4.00,0.00,0.00,1.2229,0.0000,0.0000,0.0000,0,0
2026-08-25 17:29:10.740235,2622,flowbot,0.60479,-0.06774,0.29297,0.00000,-0.00000,-0.00000,0.00000,4.00,0.00,0.00,1.2229,0.0000,0.0000,0.0000,0,0
2026-08-25 17:29:10.794845,2623,flowbot,0.60479,-0.06774,0.29297,0.00000,-0.00000,-0.00000,0.00000,4.00,0.00,0.00,1.2229,0.0000,0.0000,0.0000,0,0
2026-08-25 17:29:10.847608,2624,flowbot,0.60479,-0.06774,0.29297,0.00000,-0.00000,-0.00000,0.00000,4.00,0.00,0.00,1.2229,0.0000,0.0000,0.0000,0,0
2026-08-25 17:29:10.899060,2625,flowbot,0.60479,-0.06774,0.29297,0.00000,-0.00000,-0.00000,0.00000,6.00,0.00,0.00,1.2229,0.0000,0.0000,0.0000,0,0
2026-08-25 17:29:10.953900,2626,flowbot,0.60479,-0.06774,0.29297,0.00000,-0.00000,-0.00000,0.00000,6.00,0.00,0.00,1.2229,0.0000,0.0000,0.0000,0,0
2026-08-25 17:29:11.008091,2627,flowbot,0.60479,-0.06774,0.29297,0.00000,-0.00000,-0.00000,0.00000,6.00,0.00,0.00,1.2229,0.0000,0.0000,0.0000,0,0
2026-08-25 17:29:11.063093,2628,flowbot,0.60479,-0.06774,0.29297,0.00000,-0.00000,-0.00000,0.00000,6.00,0.00,0.00,1.2229,0.0000,0.0000,0.0000,0,0
2026-08-25 17:29:11.111165,2629,flowbot,0.60479,-0.06774,0.29297,0.00000,-0.00000,-0.00000,0.00000,7.00,0.00,0.00,1.2314,0.0000,0.0000,0.0000,0,0
2026-08-25 17:29:11.161033,2630,flowbot,0.60479,-0.06774,0.29297,0.00000,-0.00000,-0.00000,0.00000,7.00,0.00,0.00,1.2314,0.0000,0.0000,0.0000,0,0
2026-08-25 17:29:11.214184,2631,flowbot,0.60479,-0.06774,0.29297,0.00000,-0.00000,-0.00000,0.00000,7.00,0.00,0.00,1.2314,0.0000,0.0000,0.0000,0,0
2026-08-25 17:29:11.264327,2632,flowbot,0.60479,-0.06774,0.29297,0.00000,-0.00000,-0.00000,0.00000,7.00,0.00,0.00,1.2314,0.0000,0.0000,0.0000,0,0
2026-08-25 17:29:11.314793,2633,flowbot,0.60479,-0.06774,0.29297,0.00000,-0.00000,-0.00000,0.00000,7.00,0.00,0.00,1.2314,0.0000,0.0000,0.0000,0,0
2026-08-25 17:29:11.366049,2634,flowbot,0.60479,-0.06774,0.29297,0.00000,-0.00000,-0.00000,0.00000,8.00,0.00,0.00,1.2143,0.0000,0.0000,0.0000,0,0
2026-08-25 17:29:11.422961,2635,flowbot,0.60479,-0.06774,0.29297,0.00000,-0.00000,-0.00000,0.00000,8.00,0.00,0.00,1.2143,0.0000,0.0000,0.0000,0,0
2026-08-25 17:29:11.478224,2636,flowbot,0.60479,-0.06774,0.29297,0.00000,-0.00000,-0.00000,0.00000,8.00,0.00,0.00,1.2143,0.0000,0.0000,0.0000,0,0
2026-08-25 17:29:11.528863,2637,flowbot,0.60479,-0.06774,0.29297,0.00000,-0.00000,-0.00000,0.00000,8.00,0.00,0.00,1.2143,0.0000,0.0000,0.0000,0,0
2026-08-25 17:29:11.581995,2638,flowbot,0.60479,-0.06774,0.29297,0.00000,-0.00000,-0.00000,0.00000,9.00,0.00,0.00,1.1714,0.0000,0.0000,0.0000,0,0
2026-08-25 17:29:11.639611,2639,flowbot,0.60479,-0.06774,0.29297,0.00000,-0.00000,-0.00000,0.00000,9.00,0.00,0.00,1.1714,0.0000,0.0000,0.0000,0,0
2026-08-25 17:29:11.691444,2640,flowbot,0.60479,-0.06774,0.29297,0.00000,-0.00000,-0.00000,0.00000,9.00,0.00,0.00,1.1714,0.0000,0.0000,0.0000,0,0
2026-08-25 17:29:11.740178,2641,flowbot,0.60479,-0.06774,0.29297,0.00000,-0.00000,-0.00000,0.00000,9.00,0.00,0.00,1.1714,0.0000,0.0000,0.0000,0,0
2026-08-25 17:29:11.795844,2642,flowbot,0.60479,-0.06774,0.29297,0.00000,-0.00000,-0.00000,0.00000,10.00,0.00,0.00,0.6914,0.0000,-0.4714,0.0000,0,0
2026-08-25 17:29:11.844655,2643,flowbot,0.60479,-0.06774,0.29297,0.00000,-0.00000,-0.00000,0.00000,10.00,0.00,0.00,0.6914,0.0000,-0.4714,0.0000,0,0
2026-08-25 17:29:11.898229,2644,flowbot,0.60479,-0.06774,0.29297,0.00000,-0.00000,-0.00000,0.00000,10.00,0.00,0.00,0.6914,0.0000,-0.4714,0.0000,0,0
2026-08-25 17:29:11.957089,2645,flowbot,0.60479,-0.06774,0.29297,0.00000,-0.00000,-0.00000,0.00000,10.00,0.00,0.00,0.6914,0.0000,-0.4714,0.0000,0,0
2026-08-25 17:29:12.015874,2646,flowbot,0.60479,-0.06774,0.29297,0.00000,-0.00000,-0.00000,0.00000,9.00,0.00,0.00,0.5486,-0.1171,-0.6914,0.0000,0,0
2026-08-25 17:29:12.059484,2647,flowbot,0.60479,-0.06774,0.29297,0.00000,-0.00000,-0.00000,0.00000,9.00,0.00,0.00,0.5486,-0.1171,-0.6914,0.0000,0,0
2026-08-25 17:29:12.113869,2648,flowbot,0.60479,-0.06774,0.29297,0.00000,-0.00000,-0.00000,0.00000,9.00,0.00,0.00,0.5486,-0.1171,-0.6914,0.0000,0,0
2026-08-25 17:29:12.169015,2649,flowbot,0.60479,-0.06774,0.29297,0.00000,-0.00000,-0.00000,0.00000,9.00,0.00,0.00,0.5486,-0.1171,-0.6914,0.0000,0,0
2026-08-25 17:29:12.235251,2650,flowbot,0.60479,-0.06774,0.29297,0.00000,-0.00000,-0.00000,0.00000,9.00,0.00,0.00,0.4686,-0.1200,-0.7429,0.0000,0,0
2026-08-25 17:29:12.286086,2651,flowbot,0.60479,-0.06774,0.29297,0.00000,-0.00000,-0.00000,0.00000,9.00,0.00,0.00,0.4686,-0.1200,-0.7429,0.0000,0,0
2026-08-25 17:29:12.341851,2652,flowbot,0.60479,-0.06774,0.29297,0.00000,-0.00000,-0.00000,0.00000,9.00,0.00,0.00,0.4686,-0.1200,-0.7429,0.0000,0,0
2026-08-25 17:29:12.397760,2653,flowbot,0.60479,-0.06774,0.29297,0.00000,-0.00000,-0.00000,0.00000,9.00,0.00,0.00,0.4686,-0.1200,-0.7429,0.0000,0,0
2026-08-25 17:29:12.451085,2654,flowbot,0.60479,-0.06774,0.29297,0.00000,-0.00000,-0.00000,0.00000,10.00,0.00,0.00,0.8000,-0.2600,0.0000,0.0000,0,0
2026-08-25 17:29:12.498822,2655,flowbot,0.60479,-0.06774,0.29297,0.00000,-0.00000,-0.00000,0.00000,10.00,0.00,0.00,0.8000,-0.2600,0.0000,0.0000,0,0
2026-08-25 17:29:12.549725,2656,flowbot,0.60479,-0.06774,0.29297,0.00000,-0.00000,-0.00000,0.00000,10.00,0.00,0.00,0.8000,-0.2600,0.0000,0.0000,0,0
2026-08-25 17:29:12.602523,2657,flowbot,0.60479,-0.06774,0.29297,0.00000,-0.00000,-0.00000,0.00000,10.00,0.00,0.00,0.8000,-0.2600,0.0000,0.0000,0,0
2026-08-25 17:29:12.654178,2658,flowbot,0.60479,-0.06774,0.29297,0.00000,-0.00000,-0.00000,0.00000,11.00,0.00,0.00,1.0800,-0.3743,0.0000,0.0000,0,0
2026-08-25 17:29:12.707161,2659,flowbot,0.60479,-0.06774,0.29297,0.00000,-0.00000,-0.00000,0.00000,11.00,0.00,0.00,1.0800,-0.3743,0.0000,0.0000,0,0
2026-08-25 17:29:12.761818,2660,flowbot,0.60479,-0.06774,0.29297,0.00000,-0.00000,-0.00000,0.00000,11.00,0.00,0.00,1.0800,-0.3743,0.0000,0.0000,0,0
2026-08-25 17:29:12.812221,2661,flowbot,0.60479,-0.06774,0.29297,0.00000,-0.00000,-0.00000,0.00000,11.00,0.00,0.00,1.0800,-0.3743,0.0000,0.0000,0,0
2026-08-25 17:29:12.862127,2662,flowbot,0.60479,-0.06774,0.29297,0.00000,-0.00000,-0.00000,0.00000,12.00,0.00,0.00,1.0971,-0.3743,0.0000,0.0000,0,0
2026-08-25 17:29:12.917996,2663,flowbot,0.60479,-0.06774,0.29297,0.00000,-0.00000,-0.00000,0.00000,12.00,0.00,0.00,1.0971,-0.3743,0.0000,0.0000,0,0
2026-08-25 17:29:12.967341,2664,flowbot,0.60479,-0.06774,0.29297,0.00000,-0.00000,-0.00000,0.00000,12.00,0.00,0.00,1.0971,-0.3743,0.0000,0.0000,0,0
2026-08-25 17:29:13.019233,2665,flowbot,0.60479,-0.06774,0.29297,0.00000,-0.00000,-0.00000,0.00000,12.00,0.00,0.00,1.0971,-0.3743,0.0000,0.0000,0,0
2026-08-25 17:29:13.071027,2666,flowbot,0.60479,-0.06774,0.29297,0.00000,-0.00000,-0.00000,0.00000,12.00,0.00,0.00,1.0971,-0.3743,0.0000,0.0000,0,0
2026-08-25 17:29:13.123102,2667,flowbot,0.60479,-0.06774,0.29297,0.00000,-0.00000,-0.00000,0.00000,14.00,0.00,0.00,1.1171,-0.3629,0.0000,0.0000,0,0
2026-08-25 17:29:13.180093,2668,flowbot,0.60479,-0.06774,0.29297,0.00000,-0.00000,-0.00000,0.00000,14.00,0.00,0.00,1.1171,-0.3629,0.0000,0.0000,0,0
2026-08-25 17:29:13.231417,2669,flowbot,0.60479,-0.06774,0.29297,0.00000,-0.00000,-0.00000,0.00000,14.00,0.00,0.00,1.1171,-0.3629,0.0000,0.0000,0,0
2026-08-25 17:29:13.284944,2670,flowbot,0.60479,-0.06774,0.29297,0.00000,-0.00000,-0.00000,0.00000,15.00,0.00,0.00,1.1286,-0.3371,0.0000,0.0000,0,0
2026-08-25 17:29:13.336520,2671,flowbot,0.60479,-0.06774,0.29297,0.00000,-0.00000,-0.00000,0.00000,15.00,0.00,0.00,1.1286,-0.3371,0.0000,0.0000,0,0
2026-08-25 17:29:13.391074,2672,flowbot,0.60479,-0.06774,0.29297,0.00000,-0.00000,-0.00000,0.00000,15.00,0.00,0.00,1.1286,-0.3371,0.0000,0.0000,0,0
2026-08-25 17:29:13.447286,2673,flowbot,0.60479,-0.06774,0.29297,0.00000,-0.00000,-0.00000,0.00000,15.00,0.00,0.00,1.1286,-0.3371,0.0000,0.0000,0,0
2026-08-25 17:29:13.499779,2674,flowbot,0.60479,-0.06774,0.29297,0.00000,-0.00000,-0.00000,0.00000,15.00,0.00,0.00,1.1286,-0.3371,0.0000,0.0000,0,0
2026-08-25 17:29:13.553917,2675,flowbot,0.60479,-0.06774,0.29297,0.00000,-0.00000,-0.00000,0.00000,17.00,0.00,0.00,1.1371,-0.3200,0.0000,0.0000,0,0
2026-08-25 17:29:13.606380,2676,flowbot,0.60479,-0.06774,0.29297,0.00000,-0.00000,-0.00000,0.00000,17.00,0.00,0.00,1.1371,-0.3200,0.0000,0.0000,0,0
2026-08-25 17:29:13.661471,2677,flowbot,0.60479,-0.06774,0.29297,0.00000,-0.00000,-0.00000,0.00000,17.00,0.00,0.00,1.1371,-0.3200,0.0000,0.0000,0,0
2026-08-25 17:29:13.707727,2678,flowbot,0.60479,-0.06774,0.29297,0.00000,-0.00000,-0.00000,0.00000,17.00,0.00,0.00,1.1371,-0.3200,0.0000,0.0000,0,0
2026-08-25 17:29:13.764152,2679,flowbot,0.60479,-0.06774,0.29297,0.00000,-0.00000,-0.00000,0.00000,18.00,0.00,0.00,1.1171,-0.3057,0.0000,0.0000,0,0
2026-08-25 17:29:13.825650,2680,flowbot,0.60479,-0.06774,0.29297,0.00000,-0.00000,-0.00000,0.00000,18.00,0.00,0.00,1.1171,-0.3057,0.0000,0.0000,0,0
2026-08-25 17:29:13.879022,2681,flowbot,0.60479,-0.06774,0.29297,0.00000,-0.00000,-0.00000,0.00000,18.00,0.00,0.00,1.1171,-0.3057,0.0000,0.0000,0,0
2026-08-25 17:29:13.926299,2682,flowbot,0.60479,-0.06774,0.29297,0.00000,-0.00000,-0.00000,0.00000,18.00,0.00,0.00,1.1171,-0.3057,0.0000,0.0000,0,0
2026-08-25 17:29:13.981422,2683,flowbot,0.60479,-0.06774,0.29297,0.00000,-0.00000,-0.00000,0.00000,20.00,0.00,0.00,1.1257,-0.2971,0.0000,0.0000,0,0
2026-08-25 17:29:14.034116,2684,flowbot,0.60479,-0.06774,0.29297,0.00000,-0.00000,-0.00000,0.00000,20.00,0.00,0.00,1.1257,-0.2971,0.0000,0.0000,0,0
2026-08-25 17:29:14.089000,2685,flowbot,0.60479,-0.06774,0.29297,0.00000,-0.00000,-0.00000,0.00000,20.00,0.00,0.00,1.1257,-0.2971,0.0000,0.0000,0,0
2026-08-25 17:29:14.140655,2686,flowbot,0.60479,-0.06774,0.29297,0.00000,-0.00000,-0.00000,0.00000,20.00,0.00,0.00,1.1257,-0.2971,0.0000,0.0000,0,0
2026-08-25 17:29:14.193970,2687,flowbot,0.60479,-0.06774,0.29297,0.00000,-0.00000,-0.00000,0.00000,21.00,0.00,0.00,1.0629,-0.1629,0.0000,0.0000,0,0
2026-08-25 17:29:14.256606,2688,flowbot,0.60479,-0.06774,0.29297,0.00000,-0.00000,-0.00000,0.00000,21.00,0.00,0.00,1.0629,-0.1629,0.0000,0.0000,0,0
2026-08-25 17:29:14.307843,2689,flowbot,0.60479,-0.06774,0.29297,0.00000,-0.00000,-0.00000,0.00000,21.00,0.00,0.00,1.0629,-0.1629,0.0000,0.0000,0,0
2026-08-25 17:29:14.355674,2690,flowbot,0.60479,-0.06774,0.29297,0.00000,-0.00000,-0.00000,0.00000,21.00,0.00,0.00,1.0629,-0.1629,0.0000,0.0000,0,0
2026-08-25 17:29:14.409054,2691,flowbot,0.60479,-0.06774,0.29297,0.00000,-0.00000,-0.00000,0.00000,21.00,0.00,0.00,0.4629,0.0000,-0.7714,0.0000,0,0
2026-08-25 17:29:14.471267,2692,flowbot,0.60479,-0.06774,0.29297,0.00000,-0.00000,-0.00000,0.00000,21.00,0.00,0.00,0.4629,0.0000,-0.7714,0.0000,0,0
2026-08-25 17:29:14.524797,2693,flowbot,0.60479,-0.06774,0.29297,0.00000,-0.00000,-0.00000,0.00000,21.00,0.00,0.00,0.4629,0.0000,-0.7714,0.0000,0,0
2026-08-25 17:29:14.575626,2694,flowbot,0.60479,-0.06774,0.29297,0.00000,-0.00000,-0.00000,0.00000,21.00,0.00,0.00,0.4629,0.0000,-0.7714,0.0000,0,0
2026-08-25 17:29:14.629883,2695,flowbot,0.60479,-0.06774,0.29297,0.00000,-0.00000,-0.00000,0.00000,21.00,0.00,0.00,0.3714,0.0000,-0.6371,0.0000,0,0
2026-08-25 17:29:14.681375,2696,flowbot,0.60479,-0.06774,0.29297,0.00000,-0.00000,-0.00000,0.00000,21.00,0.00,0.00,0.3714,0.0000,-0.6371,0.0000,0,0
2026-08-25 17:29:14.738981,2697,flowbot,0.60479,-0.06774,0.29297,0.00000,-0.00000,-0.00000,0.00000,21.00,0.00,0.00,0.3714,0.0000,-0.6371,0.0000,0,0
2026-08-25 17:29:14.791379,2698,flowbot,0.60479,-0.06774,0.29297,0.00000,-0.00000,-0.00000,0.00000,21.00,0.00,0.00,0.3714,0.0000,-0.6171,0.0000,0,0
2026-08-25 17:29:14.845044,2699,flowbot,0.60479,-0.06774,0.29297,0.00000,-0.00000,-0.00000,0.00000,21.00,0.00,0.00,0.3714,0.0000,-0.6171,0.0000,0,0
2026-08-25 17:29:14.899739,2700,flowbot,0.60479,-0.06774,0.29297,0.00000,-0.00000,-0.00000,0.00000,21.00,0.00,0.00,0.3714,0.0000,-0.6171,0.0000,0,0
2026-08-25 17:29:14.951370,2701,flowbot,0.60479,-0.06774,0.29297,0.00000,-0.00000,-0.00000,0.00000,21.00,0.00,0.00,0.3714,0.0000,-0.6171,0.0000,0,0
2026-08-25 17:29:15.002117,2702,flowbot,0.60479,-0.06774,0.29297,0.00000,-0.00000,-0.00000,0.00000,21.00,0.00,0.00,0.3714,0.0000,-0.6171,0.0000,0,0
2026-08-25 17:29:15.053341,2703,flowbot,0.60479,-0.06774,0.29297,0.00000,-0.00000,-0.00000,0.00000,21.00,0.00,0.00,0.3943,-0.3286,-0.5486,0.0000,0,0
2026-08-25 17:29:15.109831,2704,flowbot,0.60479,-0.06774,0.29297,0.00000,-0.00000,-0.00000,0.00000,21.00,0.00,0.00,0.3943,-0.3286,-0.5486,0.0000,0,0
2026-08-25 17:29:15.164980,2705,flowbot,0.60479,-0.06774,0.29297,0.00000,-0.00000,-0.00000,0.00000,21.00,0.00,0.00,0.3943,-0.3286,-0.5486,0.0000,0,0
2026-08-25 17:29:15.213101,2706,flowbot,0.60479,-0.06774,0.29297,0.00000,-0.00000,-0.00000,0.00000,21.00,0.00,0.00,0.3943,-0.3286,-0.5486,0.0000,0,0
2026-08-25 17:29:15.267271,2707,flowbot,0.60479,-0.06774,0.29297,0.00000,-0.00000,-0.00000,0.00000,21.00,0.00,0.00,0.6229,-0.1486,-0.1086,0.0000,0,0
2026-08-25 17:29:15.323680,2708,flowbot,0.60479,-0.06774,0.29297,0.00000,-0.00000,-0.00000,0.00000,21.00,0.00,0.00,0.6229,-0.1486,-0.1086,0.0000,0,0
2026-08-25 17:29:15.380308,2709,flowbot,0.60479,-0.06774,0.29297,0.00000,-0.00000,-0.00000,0.00000,21.00,0.00,0.00,0.6229,-0.1486,-0.1086,0.0000,0,0
2026-08-25 17:29:15.423601,2710,flowbot,0.60479,-0.06774,0.29297,0.00000,-0.00000,-0.00000,0.00000,21.00,0.00,0.00,0.6229,-0.1486,-0.1086,0.0000,0,0
2026-08-25 17:29:15.479076,2711,flowbot,0.60479,-0.06774,0.29297,0.00000,-0.00000,-0.00000,0.00000,21.00,0.00,0.00,0.0000,0.0000,0.0000,0.0000,0,0
2026-08-25 17:29:15.527808,2712,flowbot,0.60479,-0.06774,0.29297,0.00000,-0.00000,-0.00000,0.00000,21.00,0.00,0.00,0.0000,0.0000,0.0000,0.0000,0,0
2026-08-25 17:29:15.579073,2713,flowbot,0.60479,-0.06774,0.29297,0.00000,-0.00000,-0.00000,0.00000,21.00,0.00,0.00,0.0000,0.0000,0.0000,0.0000,0,0
2026-08-25 17:29:15.630506,2714,flowbot,0.60479,-0.06774,0.29297,0.00000,-0.00000,-0.00000,0.00000,21.00,0.00,0.00,0.0000,0.0000,0.0000,0.0000,0,0
2026-08-25 17:29:15.679878,2715,flowbot,0.60479,-0.06774,0.29297,0.00000,-0.00000,-0.00000,0.00000,21.00,0.00,0.00,0.0000,0.2829,0.0000,0.0000,0,0
2026-08-25 17:29:15.732454,2716,flowbot,0.60479,-0.06774,0.29297,0.00000,-0.00000,-0.00000,0.00000,21.00,0.00,0.00,0.0000,0.2829,0.0000,0.0000,0,0
2026-08-25 17:29:15.789266,2717,flowbot,0.60479,-0.06774,0.29297,0.00000,-0.00000,-0.00000,0.00000,21.00,0.00,0.00,0.0000,0.2829,0.0000,0.0000,0,0
2026-08-25 17:29:15.842172,2718,flowbot,0.60479,-0.06774,0.29297,0.00000,-0.00000,-0.00000,0.00000,21.00,0.00,0.00,0.0000,0.2829,0.0000,0.0000,0,0
2026-08-25 17:29:15.893393,2719,flowbot,0.60479,-0.06774,0.29297,0.00000,-0.00000,-0.00000,0.00000,21.00,0.00,0.00,0.0000,0.4343,0.0000,0.0000,0,0
2026-08-25 17:29:15.949052,2720,flowbot,0.60479,-0.06774,0.29297,0.00000,-0.00000,-0.00000,0.00000,21.00,0.00,0.00,0.0000,0.4343,0.0000,0.0000,0,0
2026-08-25 17:29:16.002789,2721,flowbot,0.60479,-0.06774,0.29297,0.00000,-0.00000,-0.00000,0.00000,21.00,0.00,0.00,0.0000,0.4343,0.0000,0.0000,0,0
2026-08-25 17:29:16.052576,2722,flowbot,0.60479,-0.06774,0.29297,0.00000,-0.00000,-0.00000,0.00000,21.00,0.00,0.00,0.0000,0.4343,0.0000,0.0000,0,0
2026-08-25 17:29:16.106286,2723,flowbot,0.60479,-0.06774,0.29297,0.00000,-0.00000,-0.00000,0.00000,21.00,0.00,0.00,0.0000,0.0000,0.0000,0.0000,0,0
2026-08-25 17:29:16.162110,2724,flowbot,0.60479,-0.06774,0.29297,0.00000,-0.00000,-0.00000,0.00000,21.00,0.00,0.00,0.0000,0.0000,0.0000,0.0000,0,0
2026-08-25 17:29:16.213325,2725,flowbot,0.60479,-0.06774,0.29297,0.00000,-0.00000,-0.00000,0.00000,21.00,0.00,0.00,0.0000,0.0000,0.0000,0.0000,0,0
2026-08-25 17:29:16.264623,2726,flowbot,0.60479,-0.06774,0.29297,0.00000,-0.00000,-0.00000,0.00000,21.00,0.00,0.00,0.0000,0.0000,0.0000,0.0000,0,0
2026-08-25 17:29:16.317843,2727,flowbot,0.60479,-0.06774,0.29297,0.00000,-0.00000,-0.00000,0.00000,21.00,0.00,0.00,0.0000,0.0000,0.0000,0.0000,0,0
2026-08-25 17:29:16.373385,2728,flowbot,0.60479,-0.06774,0.29297,0.00000,-0.00000,-0.00000,0.00000,21.00,0.00,0.00,0.0000,0.6714,0.0000,0.0000,0,0
2026-08-25 17:29:16.429441,2729,flowbot,0.60479,-0.06774,0.29297,0.00000,-0.00000,-0.00000,0.00000,21.00,0.00,0.00,0.0000,0.6714,0.0000,0.0000,0,0
2026-08-25 17:29:16.481774,2730,flowbot,0.60479,-0.06774,0.29297,0.00000,-0.00000,-0.00000,0.00000,21.00,0.00,0.00,0.0000,0.6714,0.0000,0.0000,0,0
2026-08-25 17:29:16.531537,2731,flowbot,0.60479,-0.06774,0.29297,0.00000,-0.00000,-0.00000,0.00000,21.00,0.00,0.00,0.0000,0.6714,0.0000,0.0000,0,0
2026-08-25 17:29:16.586674,2732,flowbot,0.60479,-0.06774,0.29297,0.00000,-0.00000,-0.00000,0.00000,21.00,0.00,0.00,0.0000,0.0000,0.0000,0.0000,0,0
2026-08-25 17:29:16.645935,2733,flowbot,0.60479,-0.06774,0.29297,0.00000,-0.00000,-0.00000,0.00000,21.00,0.00,0.00,0.0000,0.0000,0.0000,0.0000,0,0
2026-08-25 17:29:16.687262,2734,flowbot,0.60479,-0.06774,0.29297,0.00000,-0.00000,-0.00000,0.00000,21.00,0.00,0.00,0.0000,0.0000,0.0000,0.0000,0,0
2026-08-25 17:29:16.742819,2735,flowbot,0.60479,-0.06774,0.29297,0.00000,-0.00000,-0.00000,0.00000,21.00,0.00,0.00,0.0000,0.0000,0.0000,0.0000,0,0
2026-08-25 17:29:16.800231,2736,flowbot,0.60479,-0.06774,0.29297,0.00000,-0.00000,-0.00000,0.00000,21.00,0.00,0.00,0.0000,0.6343,0.1286,0.0000,0,0
2026-08-25 17:29:16.846577,2737,flowbot,0.60479,-0.06774,0.29297,0.00000,-0.00000,-0.00000,0.00000,21.00,0.00,0.00,0.0000,0.6343,0.1286,0.0000,0,0
2026-08-25 17:29:16.901999,2738,flowbot,0.60479,-0.06774,0.29297,0.00000,-0.00000,-0.00000,0.00000,21.00,0.00,0.00,0.0000,0.6343,0.1286,0.0000,0,0
2026-08-25 17:29:16.955869,2739,flowbot,0.60479,-0.06774,0.29297,0.00000,-0.00000,-0.00000,0.00000,21.00,0.00,0.00,0.0000,0.6343,0.1286,0.0000,0,0
2026-08-25 17:29:17.014113,2740,flowbot,0.60479,-0.06774,0.29297,0.00000,-0.00000,-0.00000,0.00000,21.00,0.00,0.00,0.0000,0.0000,0.0000,0.0000,0,0
2026-08-25 17:29:17.063893,2741,flowbot,0.60479,-0.06774,0.29297,0.00000,-0.00000,-0.00000,0.00000,21.00,0.00,0.00,0.0000,0.0000,0.0000,0.0000,0,0
2026-08-25 17:29:17.120785,2742,flowbot,0.60479,-0.06774,0.29297,0.00000,-0.00000,-0.00000,0.00000,21.00,0.00,0.00,0.0000,0.0000,0.0000,0.0000,0,0
2026-08-25 17:29:17.171417,2743,flowbot,0.60479,-0.06774,0.29297,0.00000,-0.00000,-0.00000,0.00000,21.00,0.00,0.00,0.0000,0.0000,0.0000,0.0000,0,0
2026-08-25 17:29:17.221067,2744,flowbot,0.60479,-0.06774,0.29297,0.00000,-0.00000,-0.00000,0.00000,21.00,0.00,0.00,0.0000,0.5771,0.0000,0.0000,0,0
2026-08-25 17:29:17.272915,2745,flowbot,0.60479,-0.06774,0.29297,0.00000,-0.00000,-0.00000,0.00000,21.00,0.00,0.00,0.0000,0.5771,0.0000,0.0000,0,0
2026-08-25 17:29:17.329149,2746,flowbot,0.60479,-0.06774,0.29297,0.00000,-0.00000,-0.00000,0.00000,21.00,0.00,0.00,0.0000,0.5771,0.0000,0.0000,0,0
2026-08-25 17:29:17.378512,2747,flowbot,0.60479,-0.06774,0.29297,0.00000,-0.00000,-0.00000,0.00000,21.00,0.00,0.00,0.0000,0.5771,0.0000,0.0000,0,0
2026-08-25 17:29:17.427015,2748,flowbot,0.60479,-0.06774,0.29297,0.00000,-0.00000,-0.00000,0.00000,21.00,0.00,0.00,0.0000,0.0000,0.0000,0.0000,0,0
2026-08-25 17:29:17.485184,2749,flowbot,0.60479,-0.06774,0.29297,0.00000,-0.00000,-0.00000,0.00000,21.00,0.00,0.00,0.0000,0.0000,0.0000,0.0000,0,0
2026-08-25 17:29:17.535080,2750,flowbot,0.60479,-0.06774,0.29297,0.00000,-0.00000,-0.00000,0.00000,21.00,0.00,0.00,0.0000,0.0000,0.0000,0.0000,0,0
2026-08-25 17:29:17.588626,2751,flowbot,0.60479,-0.06774,0.29297,0.00000,-0.00000,-0.00000,0.00000,21.00,0.00,0.00,0.0000,0.0000,0.0000,0.0000,0,0
2026-08-25 17:29:17.639981,2752,flowbot,0.60479,-0.06774,0.29297,0.00000,-0.00000,-0.00000,0.00000,21.00,0.00,0.00,0.0000,0.0000,-0.1029,0.0000,0,0
2026-08-25 17:29:17.696161,2753,flowbot,0.60479,-0.06774,0.29297,0.00000,-0.00000,-0.00000,0.00000,21.00,0.00,0.00,0.0000,0.0000,-0.1029,0.0000,0,0
2026-08-25 17:29:17.751610,2754,flowbot,0.60479,-0.06774,0.29297,0.00000,-0.00000,-0.00000,0.00000,21.00,0.00,0.00,0.0000,0.0000,-0.1029,0.0000,0,0
2026-08-25 17:29:17.807301,2755,flowbot,0.60479,-0.06774,0.29297,0.00000,-0.00000,-0.00000,0.00000,21.00,0.00,0.00,0.0000,0.0000,-0.1029,0.0000,0,0
2026-08-25 17:29:17.855871,2756,flowbot,0.60479,-0.06774,0.29297,0.00000,-0.00000,-0.00000,0.00000,21.00,0.00,0.00,0.2143,-0.4714,-0.5229,0.0000,0,0
2026-08-25 17:29:17.911835,2757,flowbot,0.60479,-0.06774,0.29297,0.00000,-0.00000,-0.00000,0.00000,21.00,0.00,0.00,0.2143,-0.4714,-0.5229,0.0000,0,0
2026-08-25 17:29:17.965766,2758,flowbot,0.60479,-0.06774,0.29297,0.00000,-0.00000,-0.00000,0.00000,21.00,0.00,0.00,0.2143,-0.4714,-0.5229,0.0000,0,0
2026-08-25 17:29:18.021343,2759,flowbot,0.60479,-0.06774,0.29297,0.00000,-0.00000,-0.00000,0.00000,21.00,0.00,0.00,0.2143,-0.4714,-0.5229,0.0000,0,0
2026-08-25 17:29:18.068707,2760,flowbot,0.60479,-0.06774,0.29297,0.00000,-0.00000,-0.00000,0.00000,21.00,0.00,0.00,0.2143,-0.4714,-0.5229,0.0000,0,0
2026-08-25 17:29:18.123525,2761,flowbot,0.60479,-0.06774,0.29297,0.00000,-0.00000,-0.00000,0.00000,21.00,0.00,0.00,0.5486,-0.4714,0.0000,0.0000,0,0
2026-08-25 17:29:18.181826,2762,flowbot,0.60479,-0.06774,0.29297,0.00000,-0.00000,-0.00000,0.00000,21.00,0.00,0.00,0.5486,-0.4714,0.0000,0.0000,0,0
2026-08-25 17:29:18.234204,2763,flowbot,0.60479,-0.06774,0.29297,0.00000,-0.00000,-0.00000,0.00000,21.00,0.00,0.00,0.5486,-0.4714,0.0000,0.0000,0,0
2026-08-25 17:29:18.285237,2764,flowbot,0.60479,-0.06774,0.29297,0.00000,-0.00000,-0.00000,0.00000,22.00,0.00,0.00,0.2714,-0.2857,0.0000,0.0000,0,0
2026-08-25 17:29:18.340076,2765,flowbot,0.60479,-0.06774,0.29297,0.00000,-0.00000,-0.00000,0.00000,22.00,0.00,0.00,0.2714,-0.2857,0.0000,0.0000,0,0
2026-08-25 17:29:18.393942,2766,flowbot,0.60479,-0.06774,0.29297,0.00000,-0.00000,-0.00000,0.00000,22.00,0.00,0.00,0.2714,-0.2857,0.0000,0.0000,0,0
2026-08-25 17:29:18.446173,2767,flowbot,0.60479,-0.06774,0.29297,0.00000,-0.00000,-0.00000,0.00000,22.00,0.00,0.00,0.2714,-0.2857,0.0000,0.0000,0,0
2026-08-25 17:29:18.500381,2768,flowbot,0.60479,-0.06774,0.29297,0.00000,-0.00000,-0.00000,0.00000,22.00,0.00,0.00,0.0000,0.0000,0.0000,0.0000,0,0
2026-08-25 17:29:18.557477,2769,flowbot,0.60479,-0.06774,0.29297,0.00000,-0.00000,-0.00000,0.00000,22.00,0.00,0.00,0.0000,0.0000,0.0000,0.0000,0,0
2026-08-25 17:29:18.610517,2770,flowbot,0.60479,-0.06774,0.29297,0.00000,-0.00000,-0.00000,0.00000,22.00,0.00,0.00,0.0000,0.0000,0.0000,0.0000,0,0
2026-08-25 17:29:18.661089,2771,flowbot,0.60479,-0.06774,0.29297,0.00000,-0.00000,-0.00000,0.00000,22.00,0.00,0.00,0.0000,0.0000,0.0000,0.0000,0,0
2026-08-25 17:29:18.713662,2772,flowbot,0.60479,-0.06774,0.29297,0.00000,-0.00000,-0.00000,0.00000,22.00,0.00,0.00,0.0000,0.0000,0.0000,0.0000,0,0
2026-08-25 17:29:18.767909,2773,flowbot,0.60479,-0.06774,0.29297,0.00000,-0.00000,-0.00000,0.00000,22.00,0.00,0.00,0.0000,0.0000,0.0000,0.0000,0,0
2026-08-25 17:29:18.824088,2774,flowbot,0.60479,-0.06774,0.29297,0.00000,-0.00000,-0.00000,0.00000,22.00,0.00,0.00,0.0000,0.0000,0.0000,0.0000,0,0
2026-08-25 17:29:18.881756,2775,flowbot,0.60479,-0.06774,0.29297,0.00000,-0.00000,-0.00000,0.00000,22.00,0.00,0.00,0.0000,0.0000,0.0000,0.0000,0,0
2026-08-25 17:29:18.930564,2776,flowbot,0.60479,-0.06774,0.29297,0.00000,-0.00000,-0.00000,0.00000,22.00,0.00,0.00,0.4514,-0.3171,0.0000,0.0000,0,0
2026-08-25 17:29:18.983764,2777,flowbot,0.60479,-0.06774,0.29297,0.00000,-0.00000,-0.00000,0.00000,22.00,0.00,0.00,0.4514,-0.3171,0.0000,0.0000,0,0
2026-08-25 17:29:19.036009,2778,flowbot,0.60479,-0.06774,0.29297,0.00000,-0.00000,-0.00000,0.00000,22.00,0.00,0.00,0.4514,-0.3171,0.0000,0.0000,0,0
2026-08-25 17:29:19.092145,2779,flowbot,0.60479,-0.06774,0.29297,0.00000,-0.00000,-0.00000,0.00000,22.00,0.00,0.00,0.4514,-0.3171,0.0000,0.0000,0,0
2026-08-25 17:29:19.139189,2780,flowbot,0.60479,-0.06774,0.29297,0.00000,-0.00000,-0.00000,0.00000,22.00,0.00,0.00,0.1943,-0.2229,-0.5229,0.0000,0,0
2026-08-25 17:29:19.191975,2781,flowbot,0.60479,-0.06774,0.29297,0.00000,-0.00000,-0.00000,0.00000,22.00,0.00,0.00,0.1943,-0.2229,-0.5229,0.0000,0,0
2026-08-25 17:29:19.243777,2782,flowbot,0.60479,-0.06774,0.29297,0.00000,-0.00000,-0.00000,0.00000,22.00,0.00,0.00,0.1943,-0.2229,-0.5229,0.0000,0,0
2026-08-25 17:29:19.297139,2783,flowbot,0.60479,-0.06774,0.29297,0.00000,-0.00000,-0.00000,0.00000,22.00,0.00,0.00,0.1943,-0.2229,-0.5229,0.0000,0,0
2026-08-25 17:29:19.348333,2784,flowbot,0.60479,-0.06774,0.29297,0.00000,-0.00000,-0.00000,0.00000,22.00,0.00,0.00,0.1943,-0.2229,-0.5229,0.0000,0,0
2026-08-25 17:29:19.401337,2785,flowbot,0.60479,-0.06774,0.29297,0.00000,-0.00000,-0.00000,0.00000,22.00,0.00,0.00,0.0000,-0.2343,-0.6629,0.0000,0,0
2026-08-25 17:29:19.459300,2786,flowbot,0.60479,-0.06774,0.29297,0.00000,-0.00000,-0.00000,0.00000,22.00,0.00,0.00,0.0000,-0.2343,-0.6629,0.0000,0,0
2026-08-25 17:29:19.513354,2787,flowbot,0.60479,-0.06774,0.29297,0.00000,-0.00000,-0.00000,0.00000,22.00,0.00,0.00,0.0000,-0.2343,-0.6629,0.0000,0,0
2026-08-25 17:29:19.566311,2788,flowbot,0.60479,-0.06774,0.29297,0.00000,-0.00000,-0.00000,0.00000,22.00,0.00,0.00,0.0000,0.0000,-0.5143,0.0000,0,0
2026-08-25 17:29:19.621149,2789,flowbot,0.60479,-0.06774,0.29297,0.00000,-0.00000,-0.00000,0.00000,22.00,0.00,0.00,0.0000,0.0000,-0.5143,0.0000,0,0
2026-08-25 17:29:19.671616,2790,flowbot,0.60479,-0.06774,0.29297,0.00000,-0.00000,-0.00000,0.00000,22.00,0.00,0.00,0.0000,0.0000,-0.5143,0.0000,0,0
2026-08-25 17:29:19.729193,2791,flowbot,0.60479,-0.06774,0.29297,0.00000,-0.00000,-0.00000,0.00000,22.00,0.00,0.00,0.0000,0.0000,-0.5143,0.0000,0,0
2026-08-25 17:29:19.779694,2792,flowbot,0.60479,-0.06774,0.29297,0.00000,-0.00000,-0.00000,0.00000,22.00,0.00,0.00,0.1143,-0.1657,-0.7229,0.0000,0,0
2026-08-25 17:29:19.832220,2793,flowbot,0.60479,-0.06774,0.29297,0.00000,-0.00000,-0.00000,0.00000,22.00,0.00,0.00,0.1143,-0.1657,-0.7229,0.0000,0,0
2026-08-25 17:29:19.885551,2794,flowbot,0.60479,-0.06774,0.29297,0.00000,-0.00000,-0.00000,0.00000,22.00,0.00,0.00,0.1143,-0.1657,-0.7229,0.0000,0,0
2026-08-25 17:29:19.941039,2795,flowbot,0.60479,-0.06774,0.29297,0.00000,-0.00000,-0.00000,0.00000,22.00,0.00,0.00,0.1143,-0.1657,-0.7229,0.0000,0,0
2026-08-25 17:29:19.991071,2796,flowbot,0.60479,-0.06774,0.29297,0.00000,-0.00000,-0.00000,0.00000,22.00,0.00,0.00,0.1143,-0.1657,-0.7229,0.0000,0,0
2026-08-25 17:29:20.042947,2797,flowbot,0.60479,-0.06774,0.29297,0.00000,-0.00000,-0.00000,0.00000,22.00,0.00,0.00,0.6200,-0.1286,0.0000,0.0000,0,0
2026-08-25 17:29:20.101196,2798,flowbot,0.60479,-0.06774,0.29297,0.00000,-0.00000,-0.00000,0.00000,22.00,0.00,0.00,0.6200,-0.1286,0.0000,0.0000,0,0
2026-08-25 17:29:20.144223,2799,flowbot,0.60479,-0.06774,0.29297,0.00000,-0.00000,-0.00000,0.00000,22.00,0.00,0.00,0.6200,-0.1286,0.0000,0.0000,0,0
2026-08-25 17:29:20.197864,2800,flowbot,0.60479,-0.06774,0.29297,0.00000,-0.00000,-0.00000,0.00000,22.00,0.00,0.00,0.6200,-0.1286,0.0000,0.0000,0,0
2026-08-25 17:29:20.254102,2801,flowbot,0.60479,-0.06774,0.29297,0.00000,-0.00000,-0.00000,0.00000,22.00,0.00,0.00,0.0000,0.0000,0.0000,0.0000,0,0
2026-08-25 17:29:20.301289,2802,flowbot,0.60479,-0.06774,0.29297,0.00000,-0.00000,-0.00000,0.00000,22.00,0.00,0.00,0.0000,0.0000,0.0000,0.0000,0,0
2026-08-25 17:29:20.357836,2803,flowbot,0.60479,-0.06774,0.29297,0.00000,-0.00000,-0.00000,0.00000,22.00,0.00,0.00,0.0000,0.0000,0.0000,0.0000,0,0
2026-08-25 17:29:20.409705,2804,flowbot,0.60479,-0.06774,0.29297,0.00000,-0.00000,-0.00000,0.00000,22.00,0.00,0.00,0.0000,0.0000,0.0000,0.0000,0,0
2026-08-25 17:29:20.459090,2805,flowbot,0.60479,-0.06774,0.29297,0.00000,-0.00000,-0.00000,0.00000,22.00,0.00,0.00,0.0000,0.0000,0.0000,0.0000,0,0
2026-08-25 17:29:20.510595,2806,flowbot,0.60479,-0.06774,0.29297,0.00000,-0.00000,-0.00000,0.00000,22.00,0.00,0.00,0.0000,0.0000,0.0000,0.0000,0,0
2026-08-25 17:29:20.563664,2807,flowbot,0.60479,-0.06774,0.29297,0.00000,-0.00000,-0.00000,0.00000,22.00,0.00,0.00,0.0000,0.0000,0.0000,0.0000,0,0
2026-08-25 17:29:20.613780,2808,flowbot,0.60479,-0.06774,0.29297,0.00000,-0.00000,-0.00000,0.00000,22.00,0.00,0.00,0.0000,0.0000,0.0000,0.0000,0,0
2026-08-25 17:29:20.665113,2809,flowbot,0.60479,-0.06774,0.29297,0.00000,-0.00000,-0.00000,0.00000,22.00,0.00,0.00,0.0000,0.0000,-0.7571,0.0000,0,0
2026-08-25 17:29:20.721242,2810,flowbot,0.60479,-0.06774,0.29297,0.00000,-0.00000,-0.00000,0.00000,22.00,0.00,0.00,0.0000,0.0000,-0.7571,0.0000,0,0
2026-08-25 17:29:20.773591,2811,flowbot,0.60479,-0.06774,0.29297,0.00000,-0.00000,-0.00000,0.00000,22.00,0.00,0.00,0.0000,0.0000,-0.7571,0.0000,0,0
2026-08-25 17:29:20.827072,2812,flowbot,0.60479,-0.06774,0.29297,0.00000,-0.00000,-0.00000,0.00000,22.00,0.00,0.00,0.0000,0.0000,-0.7571,0.0000,0,0
2026-08-25 17:29:20.876773,2813,flowbot,0.60479,-0.06774,0.29297,0.00000,-0.00000,-0.00000,0.00000,22.00,0.00,0.00,0.1629,-0.1771,-0.5571,0.0000,0,0
2026-08-25 17:29:20.927874,2814,flowbot,0.60479,-0.06774,0.29297,0.00000,-0.00000,-0.00000,0.00000,22.00,0.00,0.00,0.1629,-0.1771,-0.5571,0.0000,0,0
2026-08-25 17:29:20.982816,2815,flowbot,0.60479,-0.06774,0.29297,0.00000,-0.00000,-0.00000,0.00000,22.00,0.00,0.00,0.1629,-0.1771,-0.5571,0.0000,0,0
2026-08-25 17:29:21.032821,2816,flowbot,0.60479,-0.06774,0.29297,0.00000,-0.00000,-0.00000,0.00000,22.00,0.00,0.00,0.1629,-0.1771,-0.5571,0.0000,0,0
2026-08-25 17:29:21.086803,2817,flowbot,0.60479,-0.06774,0.29297,0.00000,-0.00000,-0.00000,0.00000,22.00,0.00,0.00,0.7571,-0.2914,-0.1200,0.0000,0,0
2026-08-25 17:29:21.139329,2818,flowbot,0.60479,-0.06774,0.29297,0.00000,-0.00000,-0.00000,0.00000,22.00,0.00,0.00,0.7571,-0.2914,-0.1200,0.0000,0,0
2026-08-25 17:29:21.195286,2819,flowbot,0.60479,-0.06774,0.29297,0.00000,-0.00000,-0.00000,0.00000,22.00,0.00,0.00,0.7571,-0.2914,-0.1200,0.0000,0,0
2026-08-25 17:29:21.249332,2820,flowbot,0.60479,-0.06774,0.29297,0.00000,-0.00000,-0.00000,0.00000,22.00,0.00,0.00,0.7571,-0.2914,-0.1200,0.0000,0,0
2026-08-25 17:29:21.303243,2821,flowbot,0.60479,-0.06774,0.29297,0.00000,-0.00000,-0.00000,0.00000,22.00,0.00,0.00,0.9657,-0.4429,0.0000,0.0000,0,0
2026-08-25 17:29:21.357658,2822,flowbot,0.60479,-0.06774,0.29297,0.00000,-0.00000,-0.00000,0.00000,22.00,0.00,0.00,0.9657,-0.4429,0.0000,0.0000,0,0
2026-08-25 17:29:21.410381,2823,flowbot,0.60479,-0.06774,0.29297,0.00000,-0.00000,-0.00000,0.00000,22.00,0.00,0.00,0.9657,-0.4429,0.0000,0.0000,0,0
2026-08-25 17:29:21.462528,2824,flowbot,0.60479,-0.06774,0.29297,0.00000,-0.00000,-0.00000,0.00000,22.00,0.00,0.00,0.9657,-0.4429,0.0000,0.0000,0,0
2026-08-25 17:29:21.515606,2825,flowbot,0.60479,-0.06774,0.29297,0.00000,-0.00000,-0.00000,0.00000,22.00,0.00,0.00,0.9200,-0.4429,0.0000,0.0000,0,0
2026-08-25 17:29:21.570791,2826,flowbot,0.60479,-0.06774,0.29297,0.00000,-0.00000,-0.00000,0.00000,22.00,0.00,0.00,0.9200,-0.4429,0.0000,0.0000,0,0
2026-08-25 17:29:21.626919,2827,flowbot,0.60479,-0.06774,0.29297,0.00000,-0.00000,-0.00000,0.00000,22.00,0.00,0.00,0.9200,-0.4429,0.0000,0.0000,0,0
2026-08-25 17:29:21.674720,2828,flowbot,0.60479,-0.06774,0.29297,0.00000,-0.00000,-0.00000,0.00000,22.00,0.00,0.00,0.9200,-0.4429,0.0000,0.0000,0,0
2026-08-25 17:29:21.725233,2829,flowbot,0.60479,-0.06774,0.29297,0.00000,-0.00000,-0.00000,0.00000,22.00,0.00,0.00,0.9200,-0.4429,0.0000,0.0000,0,0
2026-08-25 17:29:21.777893,2830,flowbot,0.60479,-0.06774,0.29297,0.00000,-0.00000,-0.00000,0.00000,22.00,0.00,0.00,0.0000,-0.1943,0.1086,0.0000,0,0
2026-08-25 17:29:21.834539,2831,flowbot,0.60479,-0.06774,0.29297,0.00000,-0.00000,-0.00000,0.00000,22.00,0.00,0.00,0.0000,-0.1943,0.1086,0.0000,0,0
2026-08-25 17:29:21.885649,2832,flowbot,0.60479,-0.06774,0.29297,0.00000,-0.00000,-0.00000,0.00000,22.00,0.00,0.00,0.0000,-0.1943,0.1086,0.0000,0,0
2026-08-25 17:29:21.941020,2833,flowbot,0.60479,-0.06774,0.29297,0.00000,-0.00000,-0.00000,0.00000,22.00,0.00,0.00,0.0000,-0.1943,0.1086,0.0000,0,0
2026-08-25 17:29:21.992961,2834,flowbot,0.60479,-0.06774,0.29297,0.00000,-0.00000,-0.00000,0.00000,23.00,0.00,0.00,0.2714,0.0000,0.0000,0.0000,0,0
2026-08-25 17:29:22.049555,2835,flowbot,0.60479,-0.06774,0.29297,0.00000,-0.00000,-0.00000,0.00000,23.00,0.00,0.00,0.2714,0.0000,0.0000,0.0000,0,0
2026-08-25 17:29:22.100745,2836,flowbot,0.60479,-0.06774,0.29297,0.00000,-0.00000,-0.00000,0.00000,23.00,0.00,0.00,0.2714,0.0000,0.0000,0.0000,0,0
2026-08-25 17:29:22.153186,2837,flowbot,0.60479,-0.06774,0.29297,0.00000,-0.00000,-0.00000,0.00000,23.00,0.00,0.00,0.2714,0.0000,0.0000,0.0000,0,0
2026-08-25 17:29:22.201074,2838,flowbot,0.60479,-0.06774,0.29297,0.00000,-0.00000,-0.00000,0.00000,23.00,0.00,0.00,1.4286,0.0000,0.2486,0.0000,0,0
2026-08-25 17:29:22.254874,2839,flowbot,0.60479,-0.06774,0.29297,0.00000,-0.00000,-0.00000,0.00000,23.00,0.00,0.00,1.4286,0.0000,0.2486,0.0000,0,0
2026-08-25 17:29:22.307475,2840,flowbot,0.60479,-0.06774,0.29297,0.00000,-0.00000,-0.00000,0.00000,23.00,0.00,0.00,1.4286,0.0000,0.2486,0.0000,0,0
2026-08-25 17:29:22.359888,2841,flowbot,0.60479,-0.06774,0.29297,0.00000,-0.00000,-0.00000,0.00000,23.00,0.00,0.00,1.4286,0.0000,0.2486,0.0000,0,0
2026-08-25 17:29:22.410561,2842,flowbot,0.60479,-0.06774,0.29297,0.00000,-0.00000,-0.00000,0.00000,23.00,0.00,0.00,0.5200,0.0000,0.0000,0.0000,0,0
2026-08-25 17:29:22.462339,2843,flowbot,0.60479,-0.06774,0.29297,0.00000,-0.00000,-0.00000,0.00000,23.00,0.00,0.00,0.5200,0.0000,0.0000,0.0000,0,0
2026-08-25 17:29:22.518269,2844,flowbot,0.60479,-0.06774,0.29297,0.00000,-0.00000,-0.00000,0.00000,23.00,0.00,0.00,0.5200,0.0000,0.0000,0.0000,0,0
2026-08-25 17:29:22.574324,2845,flowbot,0.60479,-0.06774,0.29297,0.00000,-0.00000,-0.00000,0.00000,23.00,0.00,0.00,0.5200,0.0000,0.0000,0.0000,0,0
2026-08-25 17:29:22.624969,2846,flowbot,0.60479,-0.06774,0.29297,0.00000,-0.00000,-0.00000,0.00000,23.00,0.00,0.00,0.5200,0.0000,0.0000,0.0000,0,0
2026-08-25 17:29:22.682457,2847,flowbot,0.60479,-0.06774,0.29297,0.00000,-0.00000,-0.00000,0.00000,23.00,0.00,0.00,0.0000,0.0000,0.0000,0.0000,0,0
2026-08-25 17:29:22.735451,2848,flowbot,0.60479,-0.06774,0.29297,0.00000,-0.00000,-0.00000,0.00000,23.00,0.00,0.00,0.0000,0.0000,0.0000,0.0000,0,0
2026-08-25 17:29:22.786765,2849,flowbot,0.60479,-0.06774,0.29297,0.00000,-0.00000,-0.00000,0.00000,23.00,0.00,0.00,0.0000,0.0000,0.0000,0.0000,0,0
2026-08-25 17:29:22.836912,2850,flowbot,0.60479,-0.06774,0.29297,0.00000,-0.00000,-0.00000,0.00000,23.00,0.00,0.00,0.0000,0.0000,0.0000,0.0000,0,0
2026-08-25 17:29:22.891825,2851,flowbot,0.60479,-0.06774,0.29297,0.00000,-0.00000,-0.00000,0.00000,23.00,0.00,0.00,0.4143,-0.2400,0.0000,0.0000,0,0
2026-08-25 17:29:22.943583,2852,flowbot,0.60479,-0.06774,0.29297,0.00000,-0.00000,-0.00000,0.00000,23.00,0.00,0.00,0.4143,-0.2400,0.0000,0.0000,0,0
2026-08-25 17:29:22.996393,2853,flowbot,0.60479,-0.06774,0.29297,0.00000,-0.00000,-0.00000,0.00000,23.00,0.00,0.00,0.4143,-0.2400,0.0000,0.0000,0,0
2026-08-25 17:29:23.048600,2854,flowbot,0.60479,-0.06774,0.29297,0.00000,-0.00000,-0.00000,0.00000,23.00,0.00,0.00,0.4143,-0.2400,0.0000,0.0000,0,0
2026-08-25 17:29:23.106252,2855,flowbot,0.60479,-0.06774,0.29297,0.00000,-0.00000,-0.00000,0.00000,23.00,0.00,0.00,0.5571,-0.2057,0.0000,0.0000,0,0
2026-08-25 17:29:23.159306,2856,flowbot,0.60479,-0.06774,0.29297,0.00000,-0.00000,-0.00000,0.00000,23.00,0.00,0.00,0.5571,-0.2057,0.0000,0.0000,0,0
2026-08-25 17:29:23.211811,2857,flowbot,0.60479,-0.06774,0.29297,0.00000,-0.00000,-0.00000,0.00000,23.00,0.00,0.00,0.5571,-0.2057,0.0000,0.0000,0,0
2026-08-25 17:29:23.261977,2858,flowbot,0.60479,-0.06774,0.29297,0.00000,-0.00000,-0.00000,0.00000,23.00,0.00,0.00,0.5571,-0.2057,0.0000,0.0000,0,0
2026-08-25 17:29:23.315383,2859,flowbot,0.60479,-0.06774,0.29297,0.00000,-0.00000,-0.00000,0.00000,23.00,0.00,0.00,0.0000,0.0000,0.0000,0.0000,0,0
2026-08-25 17:29:23.368915,2860,flowbot,0.60479,-0.06774,0.29297,0.00000,-0.00000,-0.00000,0.00000,23.00,0.00,0.00,0.0000,0.0000,0.0000,0.0000,0,0
2026-08-25 17:29:23.430251,2861,flowbot,0.60479,-0.06774,0.29297,0.00000,-0.00000,-0.00000,0.00000,23.00,0.00,0.00,0.0000,0.0000,0.0000,0.0000,0,0
2026-08-25 17:29:23.480659,2862,flowbot,0.60479,-0.06774,0.29297,0.00000,-0.00000,-0.00000,0.00000,23.00,0.00,0.00,0.0000,0.0000,0.0000,0.0000,0,0
2026-08-25 17:29:23.536809,2863,flowbot,0.60479,-0.06774,0.29297,0.00000,-0.00000,-0.00000,0.00000,23.00,0.00,0.00,0.0000,0.0000,0.0000,0.0000,0,0
2026-08-25 17:29:23.593557,2864,flowbot,0.60479,-0.06774,0.29297,0.00000,-0.00000,-0.00000,0.00000,23.00,0.00,0.00,0.0000,0.0000,0.0000,0.0000,0,0
2026-08-25 17:29:23.640142,2865,flowbot,0.60479,-0.06774,0.29297,0.00000,-0.00000,-0.00000,0.00000,23.00,0.00,0.00,0.0000,0.0000,0.0000,0.0000,0,0
2026-08-25 17:29:23.697529,2866,flowbot,0.60479,-0.06774,0.29297,0.00000,-0.00000,-0.00000,0.00000,23.00,0.00,0.00,0.0000,0.0000,0.0000,0.0000,0,0
2026-08-25 17:29:23.757833,2867,flowbot,0.60479,-0.06774,0.29297,0.00000,-0.00000,-0.00000,0.00000,23.00,0.00,0.00,0.0000,0.0000,0.0000,0.0000,0,0
2026-08-25 17:29:23.801156,2868,flowbot,0.60479,-0.06774,0.29297,0.00000,-0.00000,-0.00000,0.00000,23.00,0.00,0.00,0.0000,0.0000,0.0000,0.0000,0,0
2026-08-25 17:29:23.854487,2869,flowbot,0.60479,-0.06774,0.29297,0.00000,-0.00000,-0.00000,0.00000,23.00,0.00,0.00,0.0000,0.0000,0.0000,0.0000,0,0
2026-08-25 17:29:23.906743,2870,flowbot,0.60479,-0.06774,0.29297,0.00000,-0.00000,-0.00000,0.00000,23.00,0.00,0.00,0.0000,0.0000,0.0000,0.0000,0,0
2026-08-25 17:29:23.957760,2871,flowbot,0.60479,-0.06774,0.29297,0.00000,-0.00000,-0.00000,0.00000,23.00,0.00,0.00,0.0000,0.0000,0.0000,0.0000,0,0
2026-08-25 17:29:24.011340,2872,flowbot,0.60479,-0.06774,0.29297,0.00000,-0.00000,-0.00000,0.00000,23.00,0.00,0.00,0.0000,0.0000,0.0000,0.0000,0,0
2026-08-25 17:29:24.063266,2873,flowbot,0.60479,-0.06774,0.29297,0.00000,-0.00000,-0.00000,0.00000,23.00,0.00,0.00,0.0000,0.0000,0.0000,0.0000,0,0
2026-08-25 17:29:24.117847,2874,flowbot,0.60479,-0.06774,0.29297,0.00000,-0.00000,-0.00000,0.00000,23.00,0.00,0.00,0.0000,0.0000,0.0000,0.0000,0,0
2026-08-25 17:29:24.171285,2875,flowbot,0.60479,-0.06774,0.29297,0.00000,-0.00000,-0.00000,0.00000,23.00,0.00,0.00,0.0000,0.0000,-0.6371,0.0000,0,0
2026-08-25 17:29:24.223609,2876,flowbot,0.60479,-0.06774,0.29297,0.00000,-0.00000,-0.00000,0.00000,23.00,0.00,0.00,0.0000,0.0000,-0.6371,0.0000,0,0
2026-08-25 17:29:24.279541,2877,flowbot,0.60479,-0.06774,0.29297,0.00000,-0.00000,-0.00000,0.00000,23.00,0.00,0.00,0.0000,0.0000,-0.6371,0.0000,0,0
2026-08-25 17:29:24.329100,2878,flowbot,0.60479,-0.06774,0.29297,0.00000,-0.00000,-0.00000,0.00000,23.00,0.00,0.00,0.0000,0.0000,-0.6371,0.0000,0,0
2026-08-25 17:29:24.381881,2879,flowbot,0.60479,-0.06774,0.29297,0.00000,-0.00000,-0.00000,0.00000,23.00,0.00,0.00,0.0000,0.0000,-0.9086,0.0000,0,0
2026-08-25 17:29:24.435013,2880,flowbot,0.60479,-0.06774,0.29297,0.00000,-0.00000,-0.00000,0.00000,23.00,0.00,0.00,0.0000,0.0000,-0.9086,0.0000,0,0
2026-08-25 17:29:24.486590,2881,flowbot,0.60479,-0.06774,0.29297,0.00000,-0.00000,-0.00000,0.00000,23.00,0.00,0.00,0.0000,0.0000,-0.9086,0.0000,0,0
2026-08-25 17:29:24.536213,2882,flowbot,0.60479,-0.06774,0.29297,0.00000,-0.00000,-0.00000,0.00000,23.00,0.00,0.00,0.0000,0.0000,-0.9086,0.0000,0,0
2026-08-25 17:29:24.589831,2883,flowbot,0.60479,-0.06774,0.29297,0.00000,-0.00000,-0.00000,0.00000,23.00,0.00,0.00,0.0000,0.0000,-0.9086,0.0000,0,0
2026-08-25 17:29:24.642433,2884,flowbot,0.60479,-0.06774,0.29297,0.00000,-0.00000,-0.00000,0.00000,23.00,0.00,0.00,0.0000,0.0000,0.0000,0.0000,0,0
2026-08-25 17:29:24.703171,2885,flowbot,0.60479,-0.06774,0.29297,0.00000,-0.00000,-0.00000,0.00000,23.00,0.00,0.00,0.0000,0.0000,0.0000,0.0000,0,0
2026-08-25 17:29:24.759704,2886,flowbot,0.60479,-0.06774,0.29297,0.00000,-0.00000,-0.00000,0.00000,23.00,0.00,0.00,0.0000,0.0000,0.0000,0.0000,0,0
2026-08-25 17:29:24.802952,2887,flowbot,0.60479,-0.06774,0.29297,0.00000,-0.00000,-0.00000,0.00000,23.00,0.00,0.00,0.0000,0.0000,0.0000,0.0000,0,0
2026-08-25 17:29:24.860480,2888,flowbot,0.60479,-0.06774,0.29297,0.00000,-0.00000,-0.00000,0.00000,23.00,0.00,0.00,0.0000,0.9771,0.0000,0.0000,0,0
2026-08-25 17:29:24.915538,2889,flowbot,0.60479,-0.06774,0.29297,0.00000,-0.00000,-0.00000,0.00000,23.00,0.00,0.00,0.0000,0.9771,0.0000,0.0000,0,0
2026-08-25 17:29:24.968586,2890,flowbot,0.60479,-0.06774,0.29297,0.00000,-0.00000,-0.00000,0.00000,23.00,0.00,0.00,0.0000,0.9771,0.0000,0.0000,0,0
2026-08-25 17:29:25.021749,2891,flowbot,0.60479,-0.06774,0.29297,0.00000,-0.00000,-0.00000,0.00000,23.00,0.00,0.00,0.0000,0.9771,0.0000,0.0000,0,0
2026-08-25 17:29:25.083386,2892,flowbot,0.60479,-0.06774,0.29297,0.00000,-0.00000,-0.00000,0.00000,23.00,0.00,0.00,0.0000,1.0143,0.1286,0.0000,0,0
2026-08-25 17:29:25.128328,2893,flowbot,0.60479,-0.06774,0.29297,0.00000,-0.00000,-0.00000,0.00000,23.00,0.00,0.00,0.0000,1.0143,0.1286,0.0000,0,0
2026-08-25 17:29:25.180313,2894,flowbot,0.60479,-0.06774,0.29297,0.00000,-0.00000,-0.00000,0.00000,23.00,0.00,0.00,0.0000,1.0143,0.1286,0.0000,0,0
2026-08-25 17:29:25.234149,2895,flowbot,0.60479,-0.06774,0.29297,0.00000,-0.00000,-0.00000,0.00000,23.00,0.00,0.00,0.0000,1.0143,0.1286,0.0000,0,0
2026-08-25 17:29:25.287294,2896,flowbot,0.60479,-0.06774,0.29297,0.00000,-0.00000,-0.00000,0.00000,23.00,0.00,0.00,0.0000,0.0000,0.0000,0.0000,0,0
2026-08-25 17:29:25.342983,2897,flowbot,0.60479,-0.06774,0.29297,0.00000,-0.00000,-0.00000,0.00000,23.00,0.00,0.00,0.0000,0.0000,0.0000,0.0000,0,0
2026-08-25 17:29:25.394005,2898,flowbot,0.60479,-0.06774,0.29297,0.00000,-0.00000,-0.00000,0.00000,23.00,0.00,0.00,0.0000,0.0000,0.0000,0.0000,0,0
2026-08-25 17:29:25.443042,2899,flowbot,0.60479,-0.06774,0.29297,0.00000,-0.00000,-0.00000,0.00000,23.00,0.00,0.00,0.0000,0.0000,0.0000,0.0000,0,0
2026-08-25 17:29:25.494925,2900,flowbot,0.60479,-0.06774,0.29297,0.00000,-0.00000,-0.00000,0.00000,23.00,0.00,0.00,0.0000,0.0000,0.0000,0.0000,0,0
2026-08-25 17:29:25.552186,2901,flowbot,0.60479,-0.06774,0.29297,0.00000,-0.00000,-0.00000,0.00000,23.00,0.00,0.00,0.0000,0.0000,0.0000,0.0000,0,0
2026-08-25 17:29:25.608031,2902,flowbot,0.60479,-0.06774,0.29297,0.00000,-0.00000,-0.00000,0.00000,23.00,0.00,0.00,0.0000,0.0000,0.0000,0.0000,0,0
2026-08-25 17:29:25.660128,2903,flowbot,0.60479,-0.06774,0.29297,0.00000,-0.00000,-0.00000,0.00000,23.00,0.00,0.00,0.0000,0.0000,0.0000,0.0000,0,0
2026-08-25 17:29:25.710941,2904,flowbot,0.60479,-0.06774,0.29297,0.00000,-0.00000,-0.00000,0.00000,23.00,0.00,0.00,0.2200,-0.4429,-0.6429,0.0000,0,0
2026-08-25 17:29:25.767696,2905,flowbot,0.60479,-0.06774,0.29297,0.00000,-0.00000,-0.00000,0.00000,23.00,0.00,0.00,0.2200,-0.4429,-0.6429,0.0000,0,0
2026-08-25 17:29:25.818229,2906,flowbot,0.60479,-0.06774,0.29297,0.00000,-0.00000,-0.00000,0.00000,23.00,0.00,0.00,0.2200,-0.4429,-0.6429,0.0000,0,0
2026-08-25 17:29:25.869419,2907,flowbot,0.60479,-0.06774,0.29297,0.00000,-0.00000,-0.00000,0.00000,23.00,0.00,0.00,0.2200,-0.4429,-0.6429,0.0000,0,0
2026-08-25 17:29:25.919358,2908,flowbot,0.60479,-0.06774,0.29297,0.00000,-0.00000,-0.00000,0.00000,23.00,0.00,0.00,0.4914,-0.6143,-0.2743,0.0000,0,0
2026-08-25 17:29:25.975335,2909,flowbot,0.60479,-0.06774,0.29297,0.00000,-0.00000,-0.00000,0.00000,23.00,0.00,0.00,0.4914,-0.6143,-0.2743,0.0000,0,0
2026-08-25 17:29:26.028737,2910,flowbot,0.60479,-0.06774,0.29297,0.00000,-0.00000,-0.00000,0.00000,23.00,0.00,0.00,0.4914,-0.6143,-0.2743,0.0000,0,0
2026-08-25 17:29:26.082598,2911,flowbot,0.60479,-0.06774,0.29297,0.00000,-0.00000,-0.00000,0.00000,23.00,0.00,0.00,0.4914,-0.6143,-0.2743,0.0000,0,0
2026-08-25 17:29:26.130358,2912,flowbot,0.60479,-0.06774,0.29297,0.00000,-0.00000,-0.00000,0.00000,23.00,0.00,0.00,0.4886,-0.5543,0.0000,0.0000,0,0
2026-08-25 17:29:26.186502,2913,flowbot,0.60479,-0.06774,0.29297,0.00000,-0.00000,-0.00000,0.00000,23.00,0.00,0.00,0.4886,-0.5543,0.0000,0.0000,0,0
2026-08-25 17:29:26.234742,2914,flowbot,0.60479,-0.06774,0.29297,0.00000,-0.00000,-0.00000,0.00000,23.00,0.00,0.00,0.4886,-0.5543,0.0000,0.0000,0,0
2026-08-25 17:29:26.287271,2915,flowbot,0.60479,-0.06774,0.29297,0.00000,-0.00000,-0.00000,0.00000,23.00,0.00,0.00,0.4886,-0.5543,0.0000,0.0000,0,0
2026-08-25 17:29:26.335700,2916,flowbot,0.60479,-0.06774,0.29297,0.00000,-0.00000,-0.00000,0.00000,23.00,0.00,0.00,0.0000,0.0000,0.0000,0.0000,0,0
2026-08-25 17:29:26.388199,2917,flowbot,0.60479,-0.06774,0.29297,0.00000,-0.00000,-0.00000,0.00000,23.00,0.00,0.00,0.0000,0.0000,0.0000,0.0000,0,0
2026-08-25 17:29:26.440543,2918,flowbot,0.60479,-0.06774,0.29297,0.00000,-0.00000,-0.00000,0.00000,23.00,0.00,0.00,0.0000,0.0000,0.0000,0.0000,0,0
2026-08-25 17:29:26.496990,2919,flowbot,0.60479,-0.06774,0.29297,0.00000,-0.00000,-0.00000,0.00000,23.00,0.00,0.00,0.0000,0.0000,0.0000,0.0000,0,0
2026-08-25 17:29:26.544808,2920,flowbot,0.60479,-0.06774,0.29297,0.00000,-0.00000,-0.00000,0.00000,23.00,0.00,0.00,0.0000,0.0000,0.0000,0.0000,0,0
2026-08-25 17:29:26.596689,2921,flowbot,0.60479,-0.06774,0.29297,0.00000,-0.00000,-0.00000,0.00000,25.00,0.00,0.00,1.0571,0.0000,0.0000,0.0000,0,0
2026-08-25 17:29:26.658944,2922,flowbot,0.60479,-0.06774,0.29297,0.00000,-0.00000,-0.00000,0.00000,25.00,0.00,0.00,1.0571,0.0000,0.0000,0.0000,0,0
2026-08-25 17:29:26.717024,2923,flowbot,0.60479,-0.06774,0.29297,0.00000,-0.00000,-0.00000,0.00000,25.00,0.00,0.00,1.0571,0.0000,0.0000,0.0000,0,0
2026-08-25 17:29:26.764138,2924,flowbot,0.60479,-0.06774,0.29297,0.00000,-0.00000,-0.00000,0.00000,25.00,0.00,0.00,1.0571,0.0000,0.0000,0.0000,0,0
2026-08-25 17:29:26.821706,2925,flowbot,0.60479,-0.06774,0.29297,0.00000,-0.00000,-0.00000,0.00000,25.00,0.00,0.00,1.2343,0.0000,0.0000,0.0000,0,0
2026-08-25 17:29:26.874955,2926,flowbot,0.60479,-0.06774,0.29297,0.00000,-0.00000,-0.00000,0.00000,25.00,0.00,0.00,1.2343,0.0000,0.0000,0.0000,0,0
2026-08-25 17:29:26.929703,2927,flowbot,0.60479,-0.06774,0.29297,0.00000,-0.00000,-0.00000,0.00000,25.00,0.00,0.00,1.2343,0.0000,0.0000,0.0000,0,0
2026-08-25 17:29:26.981376,2928,flowbot,0.60479,-0.06774,0.29297,0.00000,-0.00000,-0.00000,0.00000,25.00,0.00,0.00,1.2343,0.0000,0.0000,0.0000,0,0
2026-08-25 17:29:27.036212,2929,flowbot,0.60479,-0.06774,0.29297,0.00000,-0.00000,-0.00000,0.00000,25.00,0.00,0.00,0.0000,0.0000,0.0000,0.0000,0,0
2026-08-25 17:29:27.091542,2930,flowbot,0.60479,-0.06774,0.29297,0.00000,-0.00000,-0.00000,0.00000,25.00,0.00,0.00,0.0000,0.0000,0.0000,0.0000,0,0
2026-08-25 17:29:27.144740,2931,flowbot,0.60479,-0.06774,0.29297,0.00000,-0.00000,-0.00000,0.00000,25.00,0.00,0.00,0.0000,0.0000,0.0000,0.0000,0,0
2026-08-25 17:29:27.194032,2932,flowbot,0.60479,-0.06774,0.29297,0.00000,-0.00000,-0.00000,0.00000,25.00,0.00,0.00,0.0000,0.0000,0.0000,0.0000,0,0
2026-08-25 17:29:27.246783,2933,flowbot,0.60479,-0.06774,0.29297,0.00000,-0.00000,-0.00000,0.00000,25.00,0.00,0.00,0.0000,0.0000,0.0000,0.0000,0,0
2026-08-25 17:29:27.299655,2934,flowbot,0.60479,-0.06774,0.29297,0.00000,-0.00000,-0.00000,0.00000,25.00,0.00,0.00,0.0000,0.0000,0.0000,0.0000,0,0
2026-08-25 17:29:27.351755,2935,flowbot,0.60479,-0.06774,0.29297,0.00000,-0.00000,-0.00000,0.00000,25.00,0.00,0.00,0.0000,0.0000,0.0000,0.0000,0,0
2026-08-25 17:29:27.403334,2936,flowbot,0.60479,-0.06774,0.29297,0.00000,-0.00000,-0.00000,0.00000,25.00,0.00,0.00,0.0000,0.0000,0.0000,0.0000,0,0
2026-08-25 17:29:27.457484,2937,flowbot,0.60479,-0.06774,0.29297,0.00000,-0.00000,-0.00000,0.00000,25.00,0.00,0.00,0.0000,0.0000,0.0000,0.0000,0,0
2026-08-25 17:29:27.512735,2938,flowbot,0.60479,-0.06774,0.29297,0.00000,-0.00000,-0.00000,0.00000,25.00,0.00,0.00,0.0000,0.0000,0.0000,0.0000,0,0
2026-08-25 17:29:27.566563,2939,flowbot,0.60479,-0.06774,0.29297,0.00000,-0.00000,-0.00000,0.00000,25.00,0.00,0.00,0.0000,0.0000,0.0000,0.0000,0,0
2026-08-25 17:29:27.613745,2940,flowbot,0.60479,-0.06774,0.29297,0.00000,-0.00000,-0.00000,0.00000,25.00,0.00,0.00,0.0000,0.0000,0.0000,0.0000,0,0
2026-08-25 17:29:27.668011,2941,flowbot,0.60479,-0.06774,0.29297,0.00000,-0.00000,-0.00000,0.00000,25.00,0.00,0.00,0.0000,0.0000,-0.3371,0.0000,0,0
2026-08-25 17:29:27.726347,2942,flowbot,0.60479,-0.06774,0.29297,0.00000,-0.00000,-0.00000,0.00000,25.00,0.00,0.00,0.0000,0.0000,-0.3371,0.0000,0,0
2026-08-25 17:29:27.781425,2943,flowbot,0.60479,-0.06774,0.29297,0.00000,-0.00000,-0.00000,0.00000,25.00,0.00,0.00,0.0000,0.0000,-0.3371,0.0000,0,0
2026-08-25 17:29:27.835967,2944,flowbot,0.60479,-0.06774,0.29297,0.00000,-0.00000,-0.00000,0.00000,25.00,0.00,0.00,0.0000,0.0000,-0.3371,0.0000,0,0
2026-08-25 17:29:27.889921,2945,flowbot,0.60479,-0.06774,0.29297,0.00000,-0.00000,-0.00000,0.00000,25.00,0.00,0.00,0.0000,0.0000,0.0000,0.0000,0,0
2026-08-25 17:29:27.942656,2946,flowbot,0.60479,-0.06774,0.29297,0.00000,-0.00000,-0.00000,0.00000,25.00,0.00,0.00,0.0000,0.0000,0.0000,0.0000,0,0
2026-08-25 17:29:27.996981,2947,flowbot,0.60479,-0.06774,0.29297,0.00000,-0.00000,-0.00000,0.00000,25.00,0.00,0.00,0.0000,0.0000,0.0000,0.0000,0,0
2026-08-25 17:29:28.046518,2948,flowbot,0.60479,-0.06774,0.29297,0.00000,-0.00000,-0.00000,0.00000,25.00,0.00,0.00,0.0000,0.0000,0.0000,0.0000,0,0
2026-08-25 17:29:28.097666,2949,flowbot,0.60479,-0.06774,0.29297,0.00000,-0.00000,-0.00000,0.00000,25.00,0.00,0.00,0.0000,0.0000,0.0000,0.0000,0,0
2026-08-25 17:29:28.154333,2950,flowbot,0.60479,-0.06774,0.29297,0.00000,-0.00000,-0.00000,0.00000,25.00,0.00,0.00,0.0000,0.0000,0.0000,0.0000,0,0
2026-08-25 17:29:28.205997,2951,flowbot,0.60479,-0.06774,0.29297,0.00000,-0.00000,-0.00000,0.00000,25.00,0.00,0.00,0.0000,0.0000,0.0000,0.0000,0,0
2026-08-25 17:29:28.259846,2952,flowbot,0.60479,-0.06774,0.29297,0.00000,-0.00000,-0.00000,0.00000,25.00,0.00,0.00,0.0000,0.0000,0.0000,0.0000,0,0
2026-08-25 17:29:28.311808,2953,flowbot,0.60479,-0.06774,0.29297,0.00000,-0.00000,-0.00000,0.00000,25.00,0.00,0.00,0.0000,0.0000,0.0000,0.0000,0,0
2026-08-25 17:29:28.364199,2954,flowbot,0.60479,-0.06774,0.29297,0.00000,-0.00000,-0.00000,0.00000,25.00,0.00,0.00,0.0000,0.0000,0.0000,0.0000,0,0
2026-08-25 17:29:28.420354,2955,flowbot,0.60479,-0.06774,0.29297,0.00000,-0.00000,-0.00000,0.00000,25.00,0.00,0.00,0.0000,0.0000,0.0000,0.0000,0,0
2026-08-25 17:29:28.469666,2956,flowbot,0.60479,-0.06774,0.29297,0.00000,-0.00000,-0.00000,0.00000,25.00,0.00,0.00,0.0000,0.0000,0.0000,0.0000,0,0
2026-08-25 17:29:28.526145,2957,flowbot,0.60479,-0.06774,0.29297,0.00000,-0.00000,-0.00000,0.00000,25.00,0.00,0.00,0.0000,0.0000,0.0000,0.0000,0,0
2026-08-25 17:29:28.578846,2958,flowbot,0.60479,-0.06774,0.29297,0.00000,-0.00000,-0.00000,0.00000,25.00,0.00,0.00,0.0000,0.0000,0.0000,0.0000,0,0
2026-08-25 17:29:28.630880,2959,flowbot,0.60479,-0.06774,0.29297,0.00000,-0.00000,-0.00000,0.00000,25.00,0.00,0.00,0.0000,0.0000,0.0000,0.0000,0,0
2026-08-25 17:29:28.680043,2960,flowbot,0.60479,-0.06774,0.29297,0.00000,-0.00000,-0.00000,0.00000,25.00,0.00,0.00,0.0000,0.0000,0.0000,0.0000,0,0
2026-08-25 17:29:28.735992,2961,flowbot,0.60479,-0.06774,0.29297,0.00000,-0.00000,-0.00000,0.00000,25.00,0.00,0.00,0.0000,0.0000,0.0000,0.0000,0,0
2026-08-25 17:29:28.789308,2962,flowbot,0.60479,-0.06774,0.29297,0.00000,-0.00000,-0.00000,0.00000,25.00,0.00,0.00,0.0000,0.0000,0.0000,0.0000,0,0
2026-08-25 17:29:28.845003,2963,flowbot,0.60479,-0.06774,0.29297,0.00000,-0.00000,-0.00000,0.00000,25.00,0.00,0.00,0.0000,0.0000,0.0000,0.0000,0,0
2026-08-25 17:29:28.899076,2964,flowbot,0.60479,-0.06774,0.29297,0.00000,-0.00000,-0.00000,0.00000,25.00,0.00,0.00,0.0000,0.0000,0.0000,0.0000,0,0
2026-08-25 17:29:28.952321,2965,flowbot,0.60479,-0.06774,0.29297,0.00000,-0.00000,-0.00000,0.00000,25.00,0.00,0.00,0.0000,0.0000,0.0000,0.0000,0,0
2026-08-25 17:29:29.007699,2966,flowbot,0.60479,-0.06774,0.29297,0.00000,-0.00000,-0.00000,0.00000,25.00,0.00,0.00,0.0000,0.0000,0.0000,0.0000,0,0
2026-08-25 17:29:29.062843,2967,flowbot,0.60479,-0.06774,0.29297,0.00000,-0.00000,-0.00000,0.00000,25.00,0.00,0.00,0.0000,0.0000,0.0000,0.0000,0,0
2026-08-25 17:29:29.114392,2968,flowbot,0.60479,-0.06774,0.29297,0.00000,-0.00000,-0.00000,0.00000,25.00,0.00,0.00,0.0000,0.0000,0.0000,0.0000,0,0
2026-08-25 17:29:29.166013,2969,flowbot,0.60479,-0.06774,0.29297,0.00000,-0.00000,-0.00000,0.00000,25.00,0.00,0.00,0.0000,0.0000,0.0000,0.0000,0,0
2026-08-25 17:29:29.221602,2970,flowbot,0.60479,-0.06774,0.29297,0.00000,-0.00000,-0.00000,0.00000,25.00,0.00,0.00,0.0000,0.0000,0.0000,0.0000,0,0
2026-08-25 17:29:29.274277,2971,flowbot,0.60479,-0.06774,0.29297,0.00000,-0.00000,-0.00000,0.00000,25.00,0.00,0.00,0.0000,0.0000,0.0000,0.0000,0,0
2026-08-25 17:29:29.324754,2972,franka,0.60479,-0.06774,0.29297,0.00000,-0.00000,-0.00000,0.00000,25.00,0.00,0.00,0.0000,0.0000,0.0000,0.0000,0,0
2026-08-25 17:29:29.378484,2973,franka,0.60479,-0.06777,0.29302,0.00000,0.00000,0.00000,0.00000,25.00,0.00,0.00,0.0000,0.0000,0.0000,0.0000,0,0
2026-08-25 17:29:29.432193,2974,franka,0.60479,-0.06778,0.29303,0.00000,0.00000,0.00000,0.00000,25.00,0.00,0.00,0.0000,0.0000,0.0000,0.0000,0,0
2026-08-25 17:29:29.485872,2975,franka,0.60479,-0.06778,0.29303,0.00000,0.00000,0.00000,0.00000,25.00,0.00,0.00,0.0000,0.0000,0.0000,0.0000,0,0
2026-08-25 17:29:29.539400,2976,franka,0.60479,-0.06778,0.29303,0.00000,0.00000,0.00000,0.00000,25.00,0.00,0.00,0.0000,0.0000,0.0000,0.0000,0,0
2026-08-25 17:29:29.592925,2977,franka,0.60479,-0.06778,0.29304,0.00000,0.00000,0.00000,0.00000,25.00,0.00,0.00,0.0000,0.0000,0.0000,0.0000,0,0
2026-08-25 17:29:29.646618,2978,franka,0.60479,-0.06778,0.29304,0.00000,0.00000,0.00000,0.00000,25.00,0.00,0.00,0.0000,0.0000,0.0000,0.0000,0,0
2026-08-25 17:29:29.700580,2979,franka,0.60479,-0.06778,0.29303,0.00000,0.00000,0.00000,0.00000,25.00,0.00,0.00,0.0000,0.0000,0.0000,0.0000,0,0
2026-08-25 17:29:29.754325,2980,franka,0.60479,-0.06778,0.29303,0.00000,0.00000,0.00000,0.00000,25.00,0.00,0.00,0.0000,0.0000,0.0000,0.0000,0,0
2026-08-25 17:29:29.808116,2981,franka,0.60479,-0.06778,0.29304,0.00000,0.00000,0.00000,0.00000,25.00,0.00,0.00,0.0000,0.0000,0.0000,0.0000,0,0
2026-08-25 17:29:29.861830,2982,franka,0.60479,-0.06778,0.29304,0.00000,0.00000,0.00000,0.00000,25.00,0.00,0.00,0.0000,0.0000,0.0000,0.0000,0,0
2026-08-25 17:29:29.915625,2983,franka,0.60479,-0.06778,0.29303,0.00000,0.00000,0.00000,0.00000,25.00,0.00,0.00,0.0000,0.0000,0.0000,0.0000,0,0
2026-08-25 17:29:29.969389,2984,franka,0.60479,-0.06778,0.29303,0.00000,0.00000,0.00000,0.00000,25.00,0.00,0.00,0.0000,0.0000,0.0000,0.0000,0,0
2026-08-25 17:29:30.023046,2985,franka,0.60479,-0.06778,0.29303,0.00000,0.00000,0.00000,0.00000,25.00,0.00,0.00,0.0000,0.0000,0.0000,0.0000,0,0
2026-08-25 17:29:30.076428,2986,franka,0.60479,-0.06778,0.29303,0.00000,0.00000,0.00000,0.00000,25.00,0.00,0.00,0.0000,0.0000,0.0000,0.0000,0,0
2026-08-25 17:29:30.130880,2987,franka,0.60479,-0.06778,0.29303,0.00000,0.00000,0.00000,0.00000,25.00,0.00,0.00,0.0000,0.0000,0.0000,0.0000,0,0
2026-08-25 17:29:30.184654,2988,franka,0.60479,-0.06778,0.29304,0.00000,0.00000,0.00000,0.00000,25.00,0.00,0.00,0.0000,0.0000,0.0000,0.0000,0,0
2026-08-25 17:29:30.233700,2989,franka,0.60479,-0.06778,0.29303,0.00000,0.00000,0.00000,0.00000,25.00,0.00,0.00,0.0000,0.0000,0.0000,0.0000,0,0
2026-08-25 17:29:30.287407,2990,franka,0.60479,-0.06778,0.29303,0.00000,0.00000,0.00000,0.00000,25.00,0.00,0.00,0.0000,0.0000,0.0000,0.0000,0,0
2026-08-25 17:29:30.341275,2991,franka,0.60479,-0.06778,0.29304,0.00000,0.00000,0.00000,0.00000,25.00,0.00,0.00,0.0000,0.0000,0.0000,0.0000,0,0
2026-08-25 17:29:30.395204,2992,franka,0.60479,-0.06778,0.29303,0.00000,0.00000,0.00000,0.00000,25.00,0.00,0.00,0.0000,0.0000,0.0000,0.0000,0,0
2026-08-25 17:29:30.448686,2993,franka,0.60479,-0.06778,0.29303,0.00000,0.00000,0.00000,0.00000,25.00,0.00,0.00,0.0000,0.0000,0.0000,0.0000,0,0
2026-08-25 17:29:30.502439,2994,franka,0.60479,-0.06778,0.29304,0.00000,0.00000,0.00000,0.00000,25.00,0.00,0.00,0.0000,0.0000,0.0000,0.0000,0,0
2026-08-25 17:29:30.555993,2995,franka,0.60479,-0.06778,0.29304,0.00000,0.00000,0.00000,0.00000,25.00,0.00,0.00,0.0000,0.0000,0.0000,0.0000,0,0
2026-08-25 17:29:30.609612,2996,franka,0.60479,-0.06778,0.29304,0.00000,0.00000,0.00000,0.00000,25.00,0.00,0.00,0.0000,0.0000,0.0000,0.0000,0,0
2026-08-25 17:29:30.663219,2997,franka,0.60479,-0.06778,0.29303,0.00000,0.00000,0.00000,0.00000,25.00,0.00,0.00,0.0000,0.0000,0.0000,0.0000,0,0
2026-08-25 17:29:30.717124,2998,franka,0.60479,-0.06778,0.29303,0.00000,0.00000,0.00000,0.00000,25.00,0.00,0.00,0.0000,0.0000,0.0000,0.0000,0,0
2026-08-25 17:29:30.770763,2999,franka,0.60479,-0.06778,0.29303,0.00000,0.00000,0.00000,0.00000,25.00,0.00,0.00,0.0000,0.0000,0.0000,0.0000,0,0
2026-08-25 17:29:30.824539,3000,franka,0.60479,-0.06778,0.29304,0.00000,0.00000,0.00000,0.00000,25.00,0.00,0.00,0.0000,0.0000,0.0000,0.0000,0,0
2026-08-25 17:29:30.878039,3001,franka,0.60479,-0.06778,0.29304,0.00000,0.00000,0.00000,0.00000,25.00,0.00,0.00,0.0000,0.0000,0.0000,0.0000,0,0
2026-08-25 17:29:30.932486,3002,franka,0.60479,-0.06778,0.29304,0.00000,0.00000,0.00000,0.00000,25.00,0.00,0.00,0.0000,0.0000,0.0000,0.0000,0,0
2026-08-25 17:29:30.986200,3003,franka,0.60479,-0.06778,0.29304,0.00000,0.00000,0.00000,0.00000,25.00,0.00,0.00,0.0000,0.0000,0.0000,0.0000,0,1
2026-08-25 17:29:31.040004,3004,franka,0.60479,-0.06778,0.29304,0.00000,0.00000,0.00000,0.00000,25.00,0.00,0.00,0.0000,0.0000,0.0000,0.0000,0,1
2026-08-25 17:29:31.093833,3005,franka,0.60479,-0.06778,0.29303,0.00000,0.00000,0.00000,0.00000,25.00,0.00,0.00,0.0000,0.0000,0.0000,0.0000,0,1
2026-08-25 17:29:31.148362,3006,franka,0.60479,-0.06778,0.29303,0.00000,0.00000,0.00000,0.00000,25.00,0.00,0.00,0.0000,0.0000,0.0000,0.0000,0,0
2026-08-25 17:29:31.202205,3007,franka,0.60479,-0.06778,0.29304,0.00000,0.00000,0.00000,0.00000,25.00,0.00,0.00,0.0000,0.0000,0.0000,0.0000,0,0
2026-08-25 17:29:31.255951,3008,franka,0.60479,-0.06778,0.29303,0.00000,0.00000,0.00000,0.00000,25.00,0.00,0.00,0.0000,0.0000,0.0000,0.0000,0,0
2026-08-25 17:29:31.309640,3009,franka,0.60479,-0.06778,0.29304,0.00000,0.00000,0.00000,0.00000,25.00,0.00,0.00,0.0000,0.0000,0.0000,0.0000,0,0
2026-08-25 17:29:31.363416,3010,franka,0.60479,-0.06778,0.29304,0.00000,0.00000,0.00000,0.00000,25.00,0.00,0.00,0.0000,0.0000,0.0000,0.0000,0,0
2026-08-25 17:29:31.417875,3011,franka,0.60479,-0.06778,0.29304,0.00000,0.00000,0.00000,0.00000,25.00,0.00,0.00,0.0000,0.0000,0.0000,0.0000,0,0
2026-08-25 17:29:31.471564,3012,franka,0.60479,-0.06778,0.29303,0.00000,0.00000,0.00000,0.00000,25.00,0.00,0.00,0.0000,0.0000,0.0000,0.0000,0,0
2026-08-25 17:29:31.525407,3013,franka,0.60479,-0.06778,0.29304,0.00000,0.00000,0.00000,0.00000,25.00,0.00,0.00,0.0000,0.0000,0.0000,0.0000,0,0
2026-08-25 17:29:31.579487,3014,franka,0.60479,-0.06778,0.29304,0.00000,0.00000,0.00000,0.00000,25.00,0.00,0.00,0.0000,0.0000,0.0000,0.0000,0,0
2026-08-25 17:29:31.633860,3015,franka,0.60479,-0.06778,0.29304,0.00000,0.00000,0.00000,0.00000,25.00,0.00,0.00,0.0000,0.0000,0.0000,0.0000,0,0
2026-08-25 17:29:31.687432,3016,franka,0.60479,-0.06778,0.29303,0.00000,0.00000,0.00000,0.00000,25.00,0.00,0.00,0.0086,0.0000,0.0000,0.0000,0,0
2026-08-25 17:29:31.741182,3017,franka,0.60479,-0.06778,0.29303,0.00000,0.00000,0.00000,0.00000,25.00,0.00,0.00,0.0057,0.0000,0.0000,0.0000,0,0
2026-08-25 17:29:31.794725,3018,franka,0.60479,-0.06778,0.29303,0.00000,0.00000,0.00000,0.00000,25.00,0.00,0.00,0.0286,0.0000,0.0000,0.0000,0,0
2026-08-25 17:29:31.849858,3019,franka,0.60479,-0.06778,0.29303,0.00000,0.00000,0.00000,0.00000,25.00,0.00,0.00,0.1057,0.0000,-0.0143,0.0000,0,0
2026-08-25 17:29:31.903919,3020,franka,0.60479,-0.06778,0.29304,0.00000,0.00000,0.00000,0.00000,25.00,0.00,0.00,0.1829,0.0000,-0.0429,0.0000,0,0
2026-08-25 17:29:31.957491,3021,franka,0.60479,-0.06778,0.29304,0.00000,0.00000,0.00000,0.00000,25.00,0.00,0.00,0.1943,0.0000,-0.0429,0.0000,0,0
2026-08-25 17:29:32.010905,3022,franka,0.60481,-0.06760,0.29305,0.00000,0.01457,0.00000,0.00000,25.00,0.00,0.00,0.2229,0.0000,-0.0400,0.0000,0,0
2026-08-25 17:29:32.064426,3023,franka,0.60481,-0.06702,0.29308,0.00000,0.01500,0.00000,0.00000,25.00,0.00,0.00,0.2600,0.0000,-0.0457,0.0000,0,0
2026-08-25 17:29:32.118430,3024,franka,0.60482,-0.06615,0.29307,0.00000,0.01500,0.00000,0.00000,25.00,0.00,0.00,0.2714,0.0000,-0.0629,0.0000,0,0
2026-08-25 17:29:32.172059,3025,franka,0.60482,-0.06539,0.29307,0.00000,0.01500,0.00000,0.00000,25.00,0.00,0.00,0.3029,0.0000,-0.0629,0.0029,0,0
2026-08-25 17:29:32.225730,3026,franka,0.60481,-0.06470,0.29306,0.00000,0.01500,0.00000,0.00000,25.00,0.00,0.00,0.3229,0.0000,-0.0743,0.0086,0,0
2026-08-25 17:29:32.279033,3027,franka,0.60481,-0.06392,0.29307,0.00000,0.01500,0.00000,0.00000,25.00,0.00,0.00,0.3143,0.0000,-0.0800,0.0086,0,0
2026-08-25 17:29:32.332851,3028,franka,0.60482,-0.06315,0.29306,0.00000,0.01500,0.00000,0.00000,25.00,0.00,0.00,0.3171,0.0000,-0.0800,0.0171,0,0
2026-08-25 17:29:32.386540,3029,franka,0.60482,-0.06239,0.29306,0.00000,0.01500,0.00000,0.00000,25.00,0.00,0.00,0.3200,0.0000,-0.0886,0.0171,0,0
2026-08-25 17:29:32.440201,3030,franka,0.60482,-0.06089,0.29306,0.00000,0.01500,0.00000,0.00000,25.00,0.00,0.00,0.3143,0.0000,-0.0971,0.0171,0,0
2026-08-25 17:29:32.490234,3031,franka,0.60482,-0.06014,0.29306,0.00000,0.01500,0.00000,0.00000,25.00,0.00,0.00,0.3114,0.0029,-0.1057,0.0200,0,0
2026-08-25 17:29:32.543969,3032,franka,0.60482,-0.05936,0.29307,0.00000,0.01500,0.00000,0.00000,25.00,0.00,0.00,0.3371,0.0029,-0.1057,0.0200,0,0
2026-08-25 17:29:32.597754,3033,franka,0.60482,-0.05861,0.29307,0.00000,0.01500,0.00000,0.00000,25.00,0.00,0.00,0.3400,0.0000,-0.1029,0.0200,0,0
2026-08-25 17:29:32.651450,3034,franka,0.60481,-0.05787,0.29305,0.00000,0.01500,0.00000,0.00000,25.00,0.00,0.00,0.3286,0.0000,-0.1057,0.0171,0,0
2026-08-25 17:29:32.705252,3035,franka,0.60482,-0.05710,0.29306,0.00000,0.01500,0.00000,0.00000,25.00,0.00,0.00,0.3114,0.0000,-0.1000,0.0171,0,0
2026-08-25 17:29:32.759691,3036,franka,0.60482,-0.05635,0.29307,0.00000,0.01500,0.00000,0.00000,25.00,0.00,0.00,0.3114,0.0000,-0.0971,0.0143,0,0
2026-08-25 17:29:32.809081,3037,franka,0.60482,-0.05559,0.29306,0.00000,0.01500,0.00000,0.00000,25.00,0.00,0.00,0.3143,0.0000,-0.1000,0.0143,0,0
2026-08-25 17:29:32.862534,3038,franka,0.60482,-0.05484,0.29306,0.00000,0.01500,0.00000,0.00000,25.00,0.00,0.00,0.3200,0.0000,-0.1057,0.0171,0,0
2026-08-25 17:29:32.916572,3039,franka,0.60482,-0.05406,0.29306,0.00000,0.01500,0.00000,0.00000,25.00,0.00,0.00,0.3171,0.0029,-0.1114,0.0171,0,0
2026-08-25 17:29:32.970203,3040,franka,0.60481,-0.05332,0.29306,0.00000,0.01500,0.00000,0.00000,25.00,0.00,0.00,0.2829,0.0486,-0.1171,0.0286,0,0
2026-08-25 17:29:33.023859,3041,franka,0.60481,-0.05256,0.29306,0.00000,0.01500,0.00000,0.00000,25.00,0.00,0.00,0.2571,0.0543,-0.1171,0.0343,0,0
2026-08-25 17:29:33.077345,3042,franka,0.60481,-0.05180,0.29306,0.00000,0.01500,0.00000,0.00000,25.00,0.00,0.00,0.1971,0.0343,-0.0800,0.0229,0,0
2026-08-25 17:29:33.130988,3043,franka,0.60481,-0.05132,0.29306,0.00000,0.00001,0.00000,0.00000,25.00,0.00,0.00,0.0371,0.0000,0.0000,0.0000,0,0
2026-08-25 17:29:33.184618,3044,franka,0.60482,-0.05121,0.29306,0.00000,0.00000,0.00000,0.00000,25.00,0.00,0.00,0.0000,0.0000,0.0000,0.0000,0,0
2026-08-25 17:29:33.238205,3045,franka,0.60481,-0.05130,0.29305,0.00000,-0.00000,0.00000,0.00000,25.00,0.00,0.00,0.0000,0.0000,0.0000,0.0000,0,0
2026-08-25 17:29:33.291903,3046,franka,0.60481,-0.05129,0.29306,0.00000,-0.00000,0.00000,0.00000,25.00,0.00,0.00,0.0000,0.0000,0.0000,0.0000,0,0
2026-08-25 17:29:33.345560,3047,franka,0.60481,-0.05126,0.29306,0.00000,-0.00000,0.00000,0.00000,25.00,0.00,0.00,0.0000,0.0000,0.0000,0.0000,0,0
2026-08-25 17:29:33.400039,3048,franka,0.60481,-0.05127,0.29306,0.00000,-0.00000,0.00000,0.00000,25.00,0.00,0.00,0.0000,0.0000,0.0000,0.0000,0,0
2026-08-25 17:29:33.453975,3049,franka,0.60481,-0.05127,0.29306,0.00000,-0.00000,0.00000,0.00000,25.00,0.00,0.00,0.0000,0.0314,0.0000,0.0000,0,0
2026-08-25 17:29:33.507564,3050,franka,0.60481,-0.05127,0.29306,0.00000,-0.00000,0.00000,0.00000,25.00,0.00,0.00,0.0000,0.2286,0.0000,0.0000,0,0
2026-08-25 17:29:33.561080,3051,franka,0.60436,-0.05123,0.29305,-0.01500,-0.00000,0.00000,0.00000,25.00,0.00,0.00,0.0771,0.4029,0.0000,0.0000,0,0
2026-08-25 17:29:33.614810,3052,franka,0.60359,-0.05123,0.29303,-0.01500,-0.00000,0.00000,0.00000,25.00,0.00,0.00,0.0943,0.4800,-0.0229,0.0000,0,0
2026-08-25 17:29:33.668407,3053,franka,0.60282,-0.05126,0.29308,-0.01500,-0.00000,0.00000,0.00000,25.00,0.00,0.00,0.1371,0.5743,-0.0457,0.0000,0,0
2026-08-25 17:29:33.722152,3054,franka,0.60207,-0.05125,0.29304,-0.01500,-0.00000,0.00000,0.00000,25.00,0.00,0.00,0.1457,0.6657,-0.1114,0.0000,0,0
2026-08-25 17:29:33.776543,3055,franka,0.60130,-0.05120,0.29300,-0.01500,-0.00000,0.00000,0.00000,25.00,0.00,0.00,0.1486,0.6829,-0.1086,0.0000,0,0
2026-08-25 17:29:33.830096,3056,franka,0.60056,-0.05124,0.29307,-0.01500,-0.00000,0.00000,0.00000,25.00,0.00,0.00,0.1371,0.6657,-0.0886,0.0000,0,0
2026-08-25 17:29:33.883478,3057,franka,0.59979,-0.05125,0.29304,-0.01500,-0.00000,0.00000,0.00000,25.00,0.00,0.00,0.1543,0.6971,-0.0971,0.0000,0,0
2026-08-25 17:29:33.937209,3058,franka,0.59904,-0.05122,0.29301,-0.01500,-0.00000,0.00000,0.00000,25.00,0.00,0.00,0.1629,0.7143,-0.0943,0.0000,0,0
2026-08-25 17:29:33.990816,3059,franka,0.59830,-0.05121,0.29305,-0.01500,-0.00000,0.00000,0.00000,25.00,0.00,0.00,0.1571,0.7086,-0.0914,0.0000,0,0
2026-08-25 17:29:34.044567,3060,franka,0.59754,-0.05124,0.29304,-0.01500,-0.00000,0.00000,0.00000,25.00,0.00,0.00,0.1743,0.7600,-0.0686,0.0000,0,0
2026-08-25 17:29:34.099415,3061,franka,0.59677,-0.05122,0.29302,-0.01500,-0.00000,0.00000,0.00000,25.00,0.00,0.00,0.1486,0.6857,-0.0686,0.0000,0,0
2026-08-25 17:29:34.153198,3062,franka,0.59601,-0.05122,0.29303,-0.01500,-0.00000,0.00000,0.00000,25.00,0.00,0.00,0.1457,0.6857,-0.0686,0.0000,0,0
2026-08-25 17:29:34.204864,3063,franka,0.59525,-0.05123,0.29305,-0.01500,-0.00000,0.00000,0.00000,25.00,0.00,0.00,0.1371,0.6571,-0.0657,0.0000,0,0
2026-08-25 17:29:34.258694,3064,franka,0.59448,-0.05122,0.29303,-0.01500,-0.00000,0.00000,0.00000,25.00,0.00,0.00,0.1371,0.6600,-0.0657,0.0000,0,0
2026-08-25 17:29:34.312545,3065,franka,0.59298,-0.05123,0.29305,-0.01500,-0.00000,0.00000,0.00000,25.00,0.00,0.00,0.1457,0.6771,-0.0800,0.0000,0,0
2026-08-25 17:29:34.366278,3066,franka,0.59222,-0.05122,0.29305,-0.01500,-0.00000,0.00000,0.00000,25.00,0.00,0.00,0.1543,0.6914,-0.0886,0.0000,0,0
2026-08-25 17:29:34.420018,3067,franka,0.59145,-0.05121,0.29303,-0.01500,-0.00000,0.00000,0.00000,25.00,0.00,0.00,0.1571,0.6971,-0.0914,0.0000,0,0
2026-08-25 17:29:34.473539,3068,franka,0.59069,-0.05122,0.29301,-0.01500,-0.00000,0.00000,0.00000,25.00,0.00,0.00,0.1629,0.7086,-0.0971,0.0000,0,0
2026-08-25 17:29:34.527378,3069,franka,0.58994,-0.05122,0.29304,-0.01500,-0.00000,0.00000,0.00000,25.00,0.00,0.00,0.1629,0.7086,-0.0971,0.0000,0,0
2026-08-25 17:29:34.581092,3070,franka,0.58919,-0.05121,0.29303,-0.01500,-0.00000,0.00000,0.00000,25.00,0.00,0.00,0.1657,0.7171,-0.0943,0.0000,0,0
2026-08-25 17:29:34.634808,3071,franka,0.58842,-0.05121,0.29303,-0.01500,-0.00000,0.00000,0.00000,25.00,0.00,0.00,0.1657,0.7171,-0.0971,0.0000,0,0
2026-08-25 17:29:34.688660,3072,franka,0.58767,-0.05122,0.29304,-0.01500,-0.00000,0.00000,0.00000,25.00,0.00,0.00,0.1743,0.7314,-0.1029,0.0000,0,0
2026-08-25 17:29:34.742289,3073,franka,0.58691,-0.05122,0.29303,-0.01500,-0.00000,0.00000,0.00000,25.00,0.00,0.00,0.1743,0.7343,-0.1029,0.0000,0,0
2026-08-25 17:29:34.796280,3074,franka,0.58616,-0.05121,0.29304,-0.01500,-0.00000,0.00000,0.00000,25.00,0.00,0.00,0.1743,0.7371,-0.1029,0.0000,0,0
2026-08-25 17:29:34.850403,3075,franka,0.58541,-0.05121,0.29303,-0.01500,-0.00000,0.00000,0.00000,25.00,0.00,0.00,0.1714,0.7314,-0.1057,0.0000,0,0
2026-08-25 17:29:34.904661,3076,franka,0.58465,-0.05121,0.29305,-0.01500,-0.00000,0.00000,0.00000,25.00,0.00,0.00,0.1600,0.7057,-0.0943,0.0000,0,0
2026-08-25 17:29:34.958634,3077,franka,0.58389,-0.05121,0.29302,-0.01500,-0.00000,0.00000,0.00000,25.00,0.00,0.00,0.1371,0.6657,-0.0886,0.0000,0,0
2026-08-25 17:29:35.010186,3078,franka,0.58315,-0.05121,0.29303,-0.01500,-0.00000,0.00000,0.00000,25.00,0.00,0.00,0.1400,0.6314,-0.0943,0.0000,0,0
2026-08-25 17:29:35.060942,3079,franka,0.58238,-0.05121,0.29303,-0.01500,-0.00000,0.00000,0.00000,25.00,0.00,0.00,0.1171,0.5800,-0.0857,0.0000,0,0
2026-08-25 17:29:35.115053,3080,franka,0.58161,-0.05121,0.29303,-0.01500,-0.00000,0.00000,0.00000,25.00,0.00,0.00,0.0000,0.1286,0.0000,0.0000,0,0
2026-08-25 17:29:35.169016,3081,franka,0.58070,-0.05122,0.29307,-0.00000,-0.00000,0.00000,0.00000,25.00,0.00,0.00,0.0000,0.0000,0.0000,0.0000,0,0
2026-08-25 17:29:35.222591,3082,franka,0.58068,-0.05122,0.29303,0.00000,-0.00000,0.00000,0.00000,25.00,0.00,0.00,0.0000,0.0000,0.0000,0.0000,0,0
2026-08-25 17:29:35.276302,3083,franka,0.58068,-0.05121,0.29300,0.00000,-0.00000,0.00000,0.00000,25.00,0.00,0.00,0.0000,0.0000,0.0000,0.0000,0,0
2026-08-25 17:29:35.330846,3084,franka,0.58069,-0.05121,0.29306,0.00000,-0.00000,0.00000,0.00000,25.00,0.00,0.00,0.0000,0.0000,0.0000,0.0000,0,0
2026-08-25 17:29:35.384663,3085,franka,0.58069,-0.05124,0.29304,0.00000,-0.00000,0.00000,0.00000,25.00,0.00,0.00,0.0000,0.0000,-0.0314,0.0000,0,0
2026-08-25 17:29:35.439439,3086,franka,0.58068,-0.05122,0.29302,0.00000,-0.00000,0.00000,0.00000,25.00,0.00,0.00,0.0000,0.0000,-0.0771,0.0000,0,0
2026-08-25 17:29:35.489205,3087,franka,0.58068,-0.05123,0.29303,0.00000,-0.00000,0.00000,0.00000,25.00,0.00,0.00,0.0000,0.0000,-0.0771,0.0000,0,0
2026-08-25 17:29:35.542779,3088,franka,0.58069,-0.05123,0.29305,0.00000,-0.00000,0.00000,0.00000,25.00,0.00,0.00,0.0000,0.0000,-0.2343,0.0000,0,0
2026-08-25 17:29:35.596393,3089,franka,0.58070,-0.05121,0.29279,0.00000,-0.00000,-0.01499,0.00000,25.00,0.00,0.00,0.0057,0.0000,-0.3371,0.0000,0,0
2026-08-25 17:29:35.650299,3090,franka,0.58070,-0.05122,0.29203,0.00000,-0.00000,-0.01500,0.00000,25.00,0.00,0.00,0.0000,0.0000,-0.4143,0.0000,0,0
2026-08-25 17:29:35.703825,3091,franka,0.58071,-0.05124,0.29133,0.00000,-0.00000,-0.01500,0.00000,25.00,0.00,0.00,0.0114,0.0000,-0.4343,0.0000,0,0
2026-08-25 17:29:35.757946,3092,franka,0.58069,-0.05122,0.29050,0.00000,-0.00000,-0.01500,0.00000,25.00,0.00,0.00,0.0000,0.0000,-0.4943,0.0000,0,0
2026-08-25 17:29:35.811811,3093,franka,0.58072,-0.05123,0.28983,0.00000,-0.00000,-0.01500,0.00000,25.00,0.00,0.00,0.0000,0.0000,-0.5371,0.0000,0,0
2026-08-25 17:29:35.865651,3094,franka,0.58071,-0.05122,0.28906,0.00000,-0.00000,-0.01500,0.00000,25.00,0.00,0.00,0.0000,0.0000,-0.5771,0.0000,0,0
2026-08-25 17:29:35.919958,3095,franka,0.58070,-0.05122,0.28829,0.00000,-0.00000,-0.01500,0.00000,25.00,0.00,0.00,0.0000,0.0000,-0.5943,0.0000,0,0
2026-08-25 17:29:35.974204,3096,franka,0.58071,-0.05122,0.28755,0.00000,-0.00000,-0.01500,0.00000,25.00,0.00,0.00,0.0000,0.0000,-0.6086,0.0000,0,0
2026-08-25 17:29:36.028443,3097,franka,0.58070,-0.05121,0.28601,0.00000,-0.00000,-0.01500,0.00000,25.00,0.00,0.00,0.0000,0.0000,-0.5971,0.0000,0,0
2026-08-25 17:29:36.082218,3098,franka,0.58070,-0.05122,0.28524,0.00000,-0.00000,-0.01500,0.00000,25.00,0.00,0.00,0.0000,0.0000,-0.6343,0.0000,0,0
2026-08-25 17:29:36.137027,3099,franka,0.58070,-0.05121,0.28448,0.00000,-0.00000,-0.01500,0.00000,25.00,0.00,0.00,0.0086,0.0000,-0.6314,0.0000,0,0
2026-08-25 17:29:36.190677,3100,franka,0.58070,-0.05121,0.28373,0.00000,-0.00000,-0.01500,0.00000,25.00,0.00,0.00,0.0000,0.0000,-0.6200,0.0000,0,0
2026-08-25 17:29:36.244661,3101,franka,0.58070,-0.05121,0.28297,0.00000,-0.00000,-0.01500,0.00000,25.00,0.00,0.00,0.0000,0.0000,-0.5886,0.0000,0,0
2026-08-25 17:29:36.298684,3102,franka,0.58070,-0.05121,0.28223,0.00000,-0.00000,-0.01500,0.00000,25.00,0.00,0.00,0.0000,0.0000,-0.5343,0.0000,0,0
2026-08-25 17:29:36.352415,3103,franka,0.58070,-0.05121,0.28147,0.00000,-0.00000,-0.01500,0.00000,25.00,0.00,0.00,0.0000,0.0000,-0.5429,0.0000,0,0
2026-08-25 17:29:36.405846,3104,franka,0.58071,-0.05121,0.28072,0.00000,-0.00000,-0.01500,0.00000,25.00,0.00,0.00,0.0000,-0.0371,-0.5629,0.0000,0,0
2026-08-25 17:29:36.460154,3105,franka,0.58071,-0.05121,0.27998,0.00000,-0.00000,-0.01500,0.00000,25.00,0.00,0.00,0.0000,-0.0629,-0.5514,0.0000,0,0
2026-08-25 17:29:36.513803,3106,franka,0.58071,-0.05121,0.27920,0.00000,-0.00000,-0.01500,0.00000,25.00,0.00,0.00,0.0000,-0.0629,-0.5143,0.0000,0,0
2026-08-25 17:29:36.567628,3107,franka,0.58071,-0.05121,0.27846,0.00000,-0.00000,-0.01500,0.00000,25.00,0.00,0.00,0.0000,-0.0571,-0.4857,0.0000,0,0
2026-08-25 17:29:36.621224,3108,franka,0.58071,-0.05121,0.27771,0.00000,-0.00000,-0.01500,0.00000,25.00,0.00,0.00,0.0000,-0.0629,-0.4543,0.0000,0,0
2026-08-25 17:29:36.674934,3109,franka,0.58071,-0.05121,0.27696,0.00000,-0.00000,-0.01500,0.00000,25.00,0.00,0.00,0.0029,-0.0686,-0.4400,0.0000,0,0
2026-08-25 17:29:36.729189,3110,franka,0.58071,-0.05121,0.27621,0.00000,-0.00000,-0.01500,0.00000,25.00,0.00,0.00,0.0000,-0.0600,-0.4543,0.0000,0,0
2026-08-25 17:29:36.782774,3111,franka,0.58070,-0.05121,0.27468,0.00000,-0.00000,-0.01500,0.00000,25.00,0.00,0.00,0.0029,-0.0543,-0.4629,0.0000,0,0
2026-08-25 17:29:36.836357,3112,franka,0.58070,-0.05121,0.27392,0.00000,-0.00000,-0.01500,0.00000,25.00,0.00,0.00,0.0029,-0.0429,-0.4514,0.0000,0,0
2026-08-25 17:29:36.891393,3113,franka,0.58070,-0.05120,0.27315,0.00000,-0.00000,-0.01500,0.00000,25.00,0.00,0.00,0.0543,-0.0257,-0.4400,0.0000,0,0
2026-08-25 17:29:36.941184,3114,franka,0.58070,-0.05121,0.27239,0.00000,-0.00000,-0.01500,0.00000,25.00,0.00,0.00,0.0800,-0.0343,-0.4514,0.0000,0,0
2026-08-25 17:29:36.994930,3115,franka,0.58070,-0.05121,0.27165,0.00000,-0.00000,-0.01500,0.00000,25.00,0.00,0.00,0.1029,-0.0343,-0.4686,0.0000,0,0
2026-08-25 17:29:37.049232,3116,franka,0.58071,-0.05121,0.27091,0.00000,-0.00000,-0.01500,0.00000,25.00,0.00,0.00,0.1371,-0.0429,-0.4914,0.0000,0,0
2026-08-25 17:29:37.102825,3117,franka,0.58071,-0.05121,0.27014,0.00000,-0.00000,-0.01500,0.00000,25.00,0.00,0.00,0.1486,-0.0457,-0.4800,0.0000,0,0
2026-08-25 17:29:37.156731,3118,franka,0.58071,-0.05121,0.26939,0.00000,-0.00000,-0.01500,0.00000,25.00,0.00,0.00,0.1171,-0.0486,-0.4086,0.0000,0,0
2026-08-25 17:29:37.210259,3119,franka,0.58072,-0.05121,0.26865,0.00000,-0.00000,-0.01500,0.00000,25.00,0.00,0.00,0.0800,-0.0229,-0.3314,0.0000,0,0
2026-08-25 17:29:37.263937,3120,franka,0.58072,-0.05121,0.26790,0.00000,-0.00000,-0.01500,0.00000,25.00,0.00,0.00,0.0200,0.0000,-0.2286,0.0000,0,0
2026-08-25 17:29:37.317639,3121,franka,0.58072,-0.05121,0.26716,0.00000,-0.00000,-0.01383,0.00000,25.00,0.00,0.00,0.0000,0.0000,-0.2086,0.0000,0,0
2026-08-25 17:29:37.371609,3122,franka,0.58071,-0.05122,0.26695,0.00000,-0.00000,-0.00117,0.00000,25.00,0.00,0.00,0.0000,0.0000,-0.2829,0.0000,0,0
2026-08-25 17:29:37.425381,3123,franka,0.58074,-0.05123,0.26646,0.00000,-0.00000,-0.01500,0.00000,25.00,0.00,0.00,0.0000,0.0000,-0.3429,0.0000,0,0
2026-08-25 17:29:37.479094,3124,franka,0.58070,-0.05122,0.26564,0.00000,-0.00000,-0.01500,0.00000,25.00,0.00,0.00,0.0000,0.0000,-0.3000,0.0000,0,0
2026-08-25 17:29:37.532848,3125,franka,0.58072,-0.05121,0.26489,0.00000,-0.00000,-0.01500,0.00000,25.00,0.00,0.00,0.0171,0.0000,0.0000,0.0000,0,0
2026-08-25 17:29:37.586542,3126,franka,0.58070,-0.05121,0.26413,0.00000,-0.00000,-0.01383,0.00000,25.00,0.00,0.00,0.0000,0.0000,0.0000,0.0000,0,0
2026-08-25 17:29:37.640234,3127,franka,0.58070,-0.05122,0.26394,0.00000,-0.00000,0.00000,0.00000,25.00,0.00,0.00,0.0000,0.0000,0.0000,0.0000,0,0
2026-08-25 17:29:37.694182,3128,franka,0.58070,-0.05123,0.26396,0.00000,-0.00000,0.00000,0.00000,25.00,0.00,0.00,0.0000,0.0000,0.0000,0.0000,0,0
2026-08-25 17:29:37.748040,3129,franka,0.58070,-0.05123,0.26394,0.00000,-0.00000,0.00000,0.00000,25.00,0.00,0.00,0.0114,0.0543,0.0000,0.0429,0,0
2026-08-25 17:29:37.801779,3130,franka,0.58070,-0.05122,0.26394,0.00000,-0.00000,0.00000,0.00000,25.00,0.00,0.00,0.0971,0.0800,-0.0086,0.0600,0,0
2026-08-25 17:29:37.855514,3131,franka,0.58070,-0.05117,0.26395,0.00000,0.00677,0.00000,0.00000,25.00,0.00,0.00,0.2257,0.0171,-0.0800,0.0286,0,0
2026-08-25 17:29:37.909263,3132,franka,0.58070,-0.05064,0.26394,0.00000,0.01500,0.00000,0.00000,25.00,0.00,0.00,0.5057,0.0686,-0.1400,0.0657,0,0
2026-08-25 17:29:37.963382,3133,franka,0.58069,-0.04975,0.26389,0.00000,0.01500,0.00000,0.00000,25.00,0.00,0.00,0.5514,0.1171,-0.1514,0.1114,0,0
2026-08-25 17:29:38.017639,3134,franka,0.58070,-0.04898,0.26393,0.00000,0.01500,0.00000,0.00000,25.00,0.00,0.00,0.5686,0.1400,-0.1600,0.1314,0,0
2026-08-25 17:29:38.071310,3135,franka,0.58069,-0.04833,0.26392,0.00000,0.01500,0.00000,0.00000,25.00,0.00,0.00,0.5743,0.1400,-0.1657,0.1343,0,0
2026-08-25 17:29:38.121935,3136,franka,0.58069,-0.04753,0.26391,0.00000,0.01500,0.00000,0.00000,25.00,0.00,0.00,0.4600,0.0314,-0.1229,0.0629,0,0
2026-08-25 17:29:38.175825,3137,franka,0.58069,-0.04677,0.26391,0.00000,0.01500,0.00000,0.00000,25.00,0.00,0.00,0.4743,0.0200,-0.1143,0.0457,0,0
2026-08-25 17:29:38.230132,3138,franka,0.58069,-0.04603,0.26391,0.00000,0.01500,0.00000,0.00000,25.00,0.00,0.00,0.4857,0.0200,-0.1143,0.0286,0,0
2026-08-25 17:29:38.283826,3139,franka,0.58069,-0.04524,0.26392,0.00000,0.01500,0.00000,0.00000,25.00,0.00,0.00,0.5171,0.0171,-0.1200,0.0229,0,0
2026-08-25 17:29:38.337624,3140,franka,0.58069,-0.04448,0.26390,0.00000,0.01500,0.00000,0.00000,25.00,0.00,0.00,0.5314,0.0400,-0.1286,0.0286,0,0
2026-08-25 17:29:38.391298,3141,franka,0.58069,-0.04375,0.26390,0.00000,0.01500,0.00000,0.00000,25.00,0.00,0.00,0.5371,0.0400,-0.1286,0.0286,0,0
2026-08-25 17:29:38.444987,3142,franka,0.58069,-0.04295,0.26391,0.00000,0.01500,0.00000,0.00000,25.00,0.00,0.00,0.5143,0.0400,-0.1229,0.0286,0,0
2026-08-25 17:29:38.498643,3143,franka,0.58069,-0.04219,0.26390,0.00000,0.01500,0.00000,0.00000,25.00,0.00,0.00,0.5200,0.0486,-0.1229,0.0314,0,0
2026-08-25 17:29:38.552396,3144,franka,0.58069,-0.04069,0.26391,0.00000,0.01500,0.00000,0.00000,25.00,0.00,0.00,0.5371,0.0571,-0.1429,0.0343,0,0
2026-08-25 17:29:38.606047,3145,franka,0.58069,-0.03994,0.26390,0.00000,0.01500,0.00000,0.00000,25.00,0.00,0.00,0.5486,0.0571,-0.1400,0.0343,0,0
2026-08-25 17:29:38.659847,3146,franka,0.58069,-0.03919,0.26389,0.00000,0.01500,0.00000,0.00000,25.00,0.00,0.00,0.5486,0.0571,-0.1400,0.0314,0,0
2026-08-25 17:29:38.713857,3147,franka,0.58069,-0.03844,0.26389,0.00000,0.01500,0.00000,0.00000,25.00,0.00,0.00,0.5629,0.0429,-0.1457,0.0229,0,0
2026-08-25 17:29:38.768349,3148,franka,0.58069,-0.03767,0.26390,0.00000,0.01500,0.00000,0.00000,25.00,0.00,0.00,0.5714,0.0286,-0.1571,0.0143,0,0
2026-08-25 17:29:38.822100,3149,franka,0.58069,-0.03690,0.26389,0.00000,0.01500,0.00000,0.00000,25.00,0.00,0.00,0.5743,0.0257,-0.1600,0.0143,0,0
2026-08-25 17:29:38.876380,3150,franka,0.58069,-0.03615,0.26389,0.00000,0.01500,0.00000,0.00000,25.00,0.00,0.00,0.5771,0.0314,-0.1714,0.0143,0,0
2026-08-25 17:29:38.930403,3151,franka,0.58069,-0.03540,0.26390,0.00000,0.01500,0.00000,0.00000,25.00,0.00,0.00,0.5571,0.0086,-0.1686,0.0114,0,0
2026-08-25 17:29:38.983941,3152,franka,0.58069,-0.03463,0.26389,0.00000,0.01500,0.00000,0.00000,25.00,0.00,0.00,0.5600,0.0000,-0.1829,0.0114,0,0
2026-08-25 17:29:39.038151,3153,franka,0.58069,-0.03386,0.26389,0.00000,0.01500,0.00000,0.00000,25.00,0.00,0.00,0.5400,0.0000,-0.1857,0.0114,0,0
2026-08-25 17:29:39.088731,3154,franka,0.58069,-0.03312,0.26390,0.00000,0.01500,0.00000,0.00000,25.00,0.00,0.00,0.5086,0.0000,-0.1829,0.0114,0,0
2026-08-25 17:29:39.142502,3155,franka,0.58069,-0.03236,0.26389,0.00000,0.01500,0.00000,0.00000,25.00,0.00,0.00,0.5086,0.0000,-0.1914,0.0143,0,0
2026-08-25 17:29:39.196493,3156,franka,0.58069,-0.03159,0.26389,0.00000,0.01500,0.00000,0.00000,25.00,0.00,0.00,0.5000,0.0000,-0.2029,0.0086,0,0
2026-08-25 17:29:39.250564,3157,franka,0.58069,-0.03085,0.26389,0.00000,0.01500,0.00000,0.00000,25.00,0.00,0.00,0.5229,0.0000,-0.2171,0.0029,0,0
2026-08-25 17:29:39.304480,3158,franka,0.58070,-0.03016,0.26378,0.00000,0.01062,-0.01058,0.00000,25.00,0.00,0.00,0.4514,0.0000,-0.2029,0.0000,0,0
2026-08-25 17:29:39.358120,3159,franka,0.58069,-0.02899,0.26299,0.00000,0.01500,-0.00000,0.00000,25.00,0.00,0.00,0.4629,0.0000,-0.1914,0.0000,0,0
2026-08-25 17:29:39.412997,3160,franka,0.58070,-0.02822,0.26299,0.00000,0.01500,-0.00000,0.00000,25.00,0.00,0.00,0.4657,0.0000,-0.1629,0.0000,0,0
2026-08-25 17:29:39.466856,3161,franka,0.58070,-0.02743,0.26298,0.00000,0.01500,-0.00000,0.00000,25.00,0.00,0.00,0.3429,0.0000,-0.1029,0.0000,0,0
2026-08-25 17:29:39.521290,3162,franka,0.58071,-0.02668,0.26300,0.00000,0.01500,-0.00000,0.00000,25.00,0.00,0.00,0.3000,-0.0057,-0.1314,0.0000,0,0
2026-08-25 17:29:39.574892,3163,franka,0.58068,-0.02606,0.26294,0.00000,0.00303,-0.00000,0.00000,25.00,0.00,0.00,0.0857,-0.0429,-0.0400,0.0000,0,0
2026-08-25 17:29:39.628667,3164,franka,0.58070,-0.02592,0.26298,0.00000,0.00000,-0.00000,0.00000,25.00,0.00,0.00,0.0000,0.0000,0.0000,0.0000,0,0
2026-08-25 17:29:39.682367,3165,franka,0.58069,-0.02603,0.26296,0.00000,-0.00000,-0.00000,0.00000,25.00,0.00,0.00,-0.0086,0.0000,0.0000,0.0000,0,0
2026-08-25 17:29:39.736168,3166,franka,0.58069,-0.02599,0.26297,0.00000,-0.00000,-0.00000,0.00000,25.00,0.00,0.00,0.0000,0.0000,0.0000,0.0000,0,0
2026-08-25 17:29:39.790424,3167,franka,0.58070,-0.02596,0.26298,0.00000,-0.00000,-0.00000,0.00000,25.00,0.00,0.00,0.0771,0.0000,0.0000,0.0000,0,0
2026-08-25 17:29:39.843944,3168,franka,0.58069,-0.02602,0.26298,0.00000,-0.00000,-0.00000,0.00000,25.00,0.00,0.00,0.0000,0.0000,0.0000,0.0000,0,0
2026-08-25 17:29:39.897522,3169,franka,0.58069,-0.02598,0.26297,0.00000,-0.00000,-0.00000,0.00000,25.00,0.00,0.00,0.0886,0.0057,-0.1229,0.0000,0,0
2026-08-25 17:29:39.951254,3170,franka,0.58070,-0.02599,0.26298,0.00000,-0.00000,-0.00000,0.00000,25.00,0.00,0.00,0.1714,0.0714,-0.3629,0.0000,0,0
2026-08-25 17:29:40.002951,3171,franka,0.58071,-0.02599,0.26277,0.00000,-0.00000,-0.01498,0.00000,25.00,0.00,0.00,0.2057,0.1114,-0.5286,0.0000,0,0
2026-08-25 17:29:40.056632,3172,franka,0.58071,-0.02582,0.26210,0.00000,0.01059,-0.01061,0.00000,25.00,0.00,0.00,0.2143,0.0714,-0.6171,0.0000,0,0
2026-08-25 17:29:40.110217,3173,franka,0.58071,-0.02537,0.26157,0.00000,0.01061,-0.01061,0.00000,25.00,0.00,0.00,0.2371,0.0486,-0.5971,0.0000,0,0
2026-08-25 17:29:40.163858,3174,franka,0.58073,-0.02425,0.26055,0.00000,0.01061,-0.01061,0.00000,25.00,0.00,0.00,0.2286,0.0029,-0.5971,0.0000,0,0
2026-08-25 17:29:40.218435,3175,franka,0.58070,-0.02373,0.25994,0.00000,0.01061,-0.01061,0.00000,25.00,0.00,0.00,0.2257,0.0000,-0.6057,0.0000,0,0
2026-08-25 17:29:40.272013,3176,franka,0.58070,-0.02319,0.25942,0.00000,0.01061,-0.01061,0.00000,25.00,0.00,0.00,0.2600,0.0086,-0.6457,0.0000,0,0
2026-08-25 17:29:40.326546,3177,franka,0.58071,-0.02267,0.25892,0.00000,0.01061,-0.01061,0.00000,25.00,0.00,0.00,0.2800,0.0000,-0.6486,0.0000,0,0
2026-08-25 17:29:40.380286,3178,franka,0.58070,-0.02211,0.25835,0.00000,0.01061,-0.01061,0.00000,25.00,0.00,0.00,0.2743,0.0000,-0.6457,0.0000,0,0
2026-08-25 17:29:40.435904,3179,franka,0.58070,-0.02157,0.25782,0.00000,0.01061,-0.01061,0.00000,25.00,0.00,0.00,0.2486,0.0143,-0.6200,0.0000,0,0
2026-08-25 17:29:40.485773,3180,franka,0.58070,-0.02106,0.25729,0.00000,0.01061,-0.01061,0.00000,25.00,0.00,0.00,0.2171,0.0257,-0.6000,0.0000,0,0
2026-08-25 17:29:40.539726,3181,franka,0.58070,-0.02057,0.25675,0.00000,0.00578,-0.01262,0.00000,25.00,0.00,0.00,0.1143,0.0171,-0.4943,0.0000,0,0
2026-08-25 17:29:40.593500,3182,franka,0.58070,-0.02039,0.25601,0.00000,0.00000,-0.01500,0.00000,25.00,0.00,0.00,0.0657,0.0886,-0.5171,0.0000,0,0
2026-08-25 17:29:40.647077,3183,franka,0.58071,-0.02047,0.25527,0.00000,0.00000,-0.01500,0.00000,25.00,0.00,0.00,0.0314,0.1200,-0.5743,0.0000,0,0
2026-08-25 17:29:40.700897,3184,franka,0.58071,-0.02047,0.25451,0.00000,0.00000,-0.01500,0.00000,25.00,0.00,0.00,0.0514,0.1229,-0.5971,0.0000,0,0
2026-08-25 17:29:40.754483,3185,franka,0.58071,-0.02043,0.25375,0.00000,0.00000,-0.01500,0.00000,25.00,0.00,0.00,0.0486,0.1257,-0.5800,0.0000,0,0
2026-08-25 17:29:40.807926,3186,franka,0.58071,-0.02045,0.25299,0.00000,0.00000,-0.01500,0.00000,25.00,0.00,0.00,0.0686,0.1457,-0.5200,0.0000,0,0
2026-08-25 17:29:40.862580,3187,franka,0.58072,-0.02044,0.25223,0.00000,0.00000,-0.01500,0.00000,25.00,0.00,0.00,0.0857,0.1457,-0.5000,0.0000,0,0
2026-08-25 17:29:40.916749,3188,franka,0.58072,-0.02044,0.25148,0.00000,0.00000,-0.01500,0.00000,25.00,0.00,0.00,0.1029,0.1371,-0.4857,0.0029,0,0
2026-08-25 17:29:40.970735,3189,franka,0.58072,-0.02043,0.24997,0.00000,0.00000,-0.01500,0.00000,25.00,0.00,0.00,0.0943,0.1314,-0.4800,0.0000,0,0
2026-08-25 17:29:41.024551,3190,franka,0.58073,-0.02043,0.24922,0.00000,0.00000,-0.01500,0.00000,25.00,0.00,0.00,0.1029,0.1343,-0.4857,0.0000,0,0
2026-08-25 17:29:41.078454,3191,franka,0.58072,-0.02044,0.24845,0.00000,0.00000,-0.01500,0.00000,25.00,0.00,0.00,0.1171,0.1543,-0.5000,0.0000,0,0
2026-08-25 17:29:41.132149,3192,franka,0.58072,-0.02043,0.24770,0.00000,0.00000,-0.01500,0.00000,25.00,0.00,0.00,0.1114,0.1571,-0.5114,0.0000,0,0
2026-08-25 17:29:41.185979,3193,franka,0.58072,-0.02043,0.24695,0.00000,0.00000,-0.01500,0.00000,25.00,0.00,0.00,0.1000,0.1714,-0.5000,0.0000,0,0
2026-08-25 17:29:41.240702,3194,franka,0.58072,-0.02043,0.24618,0.00000,0.00000,-0.01500,0.00000,25.00,0.00,0.00,0.1029,0.1800,-0.4857,0.0000,0,0
2026-08-25 17:29:41.294364,3195,franka,0.58072,-0.02043,0.24541,0.00000,0.00000,-0.01500,0.00000,25.00,0.00,0.00,0.1057,0.1943,-0.4200,0.0029,0,0
2026-08-25 17:29:41.348068,3196,franka,0.58072,-0.02043,0.24467,0.00000,0.00000,-0.01500,0.00000,25.00,0.00,0.00,0.1000,0.2057,-0.3800,0.0000,0,0
2026-08-25 17:29:41.402401,3197,franka,0.58047,-0.02043,0.24396,-0.01061,0.00000,-0.01061,0.00000,25.00,0.00,0.00,0.1171,0.2286,-0.3600,0.0057,0,0
2026-08-25 17:29:41.456116,3198,franka,0.57990,-0.02043,0.24337,-0.01061,0.00000,-0.01061,0.00000,25.00,0.00,0.00,0.1143,0.2400,-0.3914,0.0114,0,0
2026-08-25 17:29:41.509709,3199,franka,0.57938,-0.02044,0.24288,-0.01061,0.00000,-0.01061,0.00000,25.00,0.00,0.00,0.0829,0.2086,-0.3886,0.0057,0,0
2026-08-25 17:29:41.563421,3200,franka,0.57885,-0.02044,0.24233,-0.01061,0.00000,-0.01061,0.00000,25.00,0.00,0.00,0.0714,0.1971,-0.3543,0.0057,0,0
2026-08-25 17:29:41.617132,3201,franka,0.57839,-0.02041,0.24168,-0.00011,0.00000,-0.01494,0.00000,25.00,0.00,0.00,0.0286,0.2000,-0.2914,0.0000,0,0
2026-08-25 17:29:41.670981,3202,franka,0.57845,-0.02044,0.24111,-0.00000,0.00000,-0.01500,0.00000,25.00,0.00,0.00,0.0000,0.1771,-0.2257,0.0000,0,0
2026-08-25 17:29:41.724602,3203,franka,0.57809,-0.02045,0.24036,-0.01061,0.00000,-0.01061,0.00000,25.00,0.00,0.00,0.0000,0.0600,-0.1057,-0.0057,0,0
2026-08-25 17:29:41.778584,3204,franka,0.57788,-0.02044,0.24023,-0.00000,0.00000,0.00000,0.00000,25.00,0.00,0.00,0.0000,0.0000,0.0000,0.0000,0,0
2026-08-25 17:29:41.832147,3205,franka,0.57786,-0.02046,0.24015,-0.00000,0.00000,0.00000,0.00000,25.00,0.00,0.00,0.0000,0.0000,0.0000,0.0000,0,0
2026-08-25 17:29:41.885536,3206,franka,0.57787,-0.02042,0.24016,-0.00000,0.00000,0.00000,0.00000,25.00,0.00,0.00,0.0000,0.0000,0.0000,0.0000,0,0
2026-08-25 17:29:41.940330,3207,franka,0.57787,-0.02045,0.24019,-0.00000,0.00000,0.00000,0.00000,25.00,0.00,0.00,0.0000,0.0000,0.0000,0.0000,0,0
2026-08-25 17:29:41.993931,3208,franka,0.57787,-0.02045,0.24017,-0.00000,0.00000,0.00000,0.00000,25.00,0.00,0.00,0.0000,0.0000,0.0000,0.0000,0,0
2026-08-25 17:29:42.047914,3209,franka,0.57786,-0.02042,0.24014,-0.00000,0.00000,0.00000,0.00000,25.00,0.00,0.00,0.0000,0.0000,0.0000,0.0000,0,0
2026-08-25 17:29:42.101519,3210,franka,0.57788,-0.02044,0.24019,-0.00000,0.00000,0.00000,0.00000,25.00,0.00,0.00,0.0000,0.0000,0.0000,0.0000,0,0
2026-08-25 17:29:42.155592,3211,franka,0.57787,-0.02045,0.24018,-0.00000,0.00000,0.00000,0.00000,25.00,0.00,0.00,0.0229,0.0000,0.0000,0.0114,0,0
2026-08-25 17:29:42.209241,3212,franka,0.57787,-0.02043,0.24015,-0.00000,0.00000,0.00000,0.00000,25.00,0.00,0.00,0.1800,0.1371,0.0000,0.0114,0,0
2026-08-25 17:29:42.262764,3213,franka,0.57787,-0.02043,0.24018,-0.00419,0.00419,0.00000,0.00000,25.00,0.00,0.00,0.2457,0.2257,-0.0200,0.0886,0,0
2026-08-25 17:29:42.316459,3214,franka,0.57736,-0.02008,0.24012,-0.00642,0.00642,0.00000,0.00000,25.00,0.00,0.00,0.0000,0.1257,-0.1886,0.0743,0,0
2026-08-25 17:29:42.370020,3215,franka,0.57735,-0.01988,0.24015,-0.00000,0.00000,-0.00117,0.00000,25.00,0.00,0.00,0.0286,0.2514,-0.3029,0.1029,0,0
2026-08-25 17:29:42.424275,3216,franka,0.57738,-0.01993,0.23970,-0.00117,-0.00000,-0.01442,0.00000,25.00,0.00,0.00,0.0286,0.1714,-0.3571,0.0914,0,0
2026-08-25 17:29:42.477797,3217,franka,0.57684,-0.01993,0.23890,-0.00944,-0.00000,-0.01118,0.00000,25.00,0.00,0.00,0.0686,0.1029,-0.3657,0.0829,0,0
2026-08-25 17:29:42.531467,3218,franka,0.57687,-0.01988,0.23841,-0.00000,0.00000,-0.01500,0.00000,25.00,0.00,0.00,0.1029,0.0371,-0.3486,0.0143,0,0
2026-08-25 17:29:42.585107,3219,franka,0.57680,-0.01991,0.23680,-0.00000,0.00000,-0.01500,0.00000,25.00,0.00,0.00,0.1914,0.0000,-0.3486,0.0000,0,0
2026-08-25 17:29:42.638828,3220,franka,0.57684,-0.01987,0.23609,0.00000,-0.00000,-0.01328,0.00000,25.00,0.00,0.00,0.0400,-0.0114,-0.0743,0.0000,0,0
2026-08-25 17:29:42.692423,3221,franka,0.57685,-0.01994,0.23598,0.00000,-0.00000,-0.00000,0.00000,25.00,0.00,0.00,0.0000,0.0000,0.0000,0.0000,0,0
2026-08-25 17:29:42.746046,3222,franka,0.57683,-0.01993,0.23593,0.00000,-0.00000,0.00000,0.00000,25.00,0.00,0.00,0.0000,0.0000,0.0000,0.0000,0,0
2026-08-25 17:29:42.799589,3223,franka,0.57683,-0.01989,0.23593,0.00000,-0.00000,0.00000,0.00000,25.00,0.00,0.00,0.0000,0.0000,0.0000,0.0000,0,0
2026-08-25 17:29:42.853251,3224,franka,0.57683,-0.01993,0.23593,0.00000,-0.00000,0.00000,0.00000,25.00,0.00,0.00,0.0000,0.0000,0.0000,0.0000,0,0
2026-08-25 17:29:42.907012,3225,franka,0.57683,-0.01991,0.23593,0.00000,-0.00000,0.00000,0.00000,25.00,0.00,0.00,0.0000,0.0000,0.0000,0.0000,0,0
2026-08-25 17:29:42.960692,3226,franka,0.57683,-0.01991,0.23592,0.00000,-0.00000,0.00000,0.00000,25.00,0.00,0.00,0.2286,0.0886,-0.0600,0.0029,0,0
2026-08-25 17:29:43.014467,3227,franka,0.57683,-0.01992,0.23593,-0.00000,0.00292,0.00000,0.00000,25.00,0.00,0.00,0.4400,0.0371,-0.0971,0.0000,0,0
2026-08-25 17:29:43.068509,3228,franka,0.57683,-0.01941,0.23591,-0.00000,0.01500,0.00000,0.00000,25.00,0.00,0.00,0.5857,0.0429,-0.1400,0.0000,0,0
2026-08-25 17:29:43.121963,3229,franka,0.57683,-0.01857,0.23589,-0.00000,0.01500,0.00000,0.00000,25.00,0.00,0.00,0.5914,0.0714,-0.1657,0.0000,0,0
2026-08-25 17:29:43.175540,3230,franka,0.57683,-0.01778,0.23590,-0.00000,0.01500,0.00000,0.00000,25.00,0.00,0.00,0.5600,0.1029,-0.1800,0.0000,0,0
2026-08-25 17:29:43.231091,3231,franka,0.57683,-0.01711,0.23589,-0.00000,0.01500,0.00000,0.00000,25.00,0.00,0.00,0.5629,0.1343,-0.1857,0.0000,0,0
2026-08-25 17:29:43.284717,3232,franka,0.57683,-0.01631,0.23589,-0.00000,0.01500,0.00000,0.00000,25.00,0.00,0.00,0.4600,0.1714,-0.1657,0.0029,0,0
2026-08-25 17:29:43.338514,3233,franka,0.57683,-0.01554,0.23589,-0.00000,0.01500,0.00000,0.00000,25.00,0.00,0.00,0.2486,0.1257,-0.0629,0.0000,0,0
2026-08-25 17:29:43.392247,3234,franka,0.57683,-0.01479,0.23590,-0.00000,0.01500,0.00000,0.00000,25.00,0.00,0.00,0.0229,-0.0171,0.0000,-0.0371,0,0
2026-08-25 17:29:43.445699,3235,franka,0.57683,-0.01447,0.23590,-0.00000,-0.00000,0.00000,0.00000,25.00,0.00,0.00,0.0000,0.0000,0.0000,0.0000,0,0
2026-08-25 17:29:43.499153,3236,franka,0.57682,-0.01453,0.23590,-0.00000,-0.00000,0.00000,0.00000,25.00,0.00,0.00,0.0000,0.0000,0.0000,0.0000,0,0
2026-08-25 17:29:43.552973,3237,franka,0.57683,-0.01445,0.23590,-0.00000,-0.00000,0.00000,0.00000,25.00,0.00,0.00,0.0000,0.0000,0.0000,0.0000,0,0
2026-08-25 17:29:43.606810,3238,franka,0.57682,-0.01448,0.23589,-0.00000,-0.00000,0.00000,0.00000,25.00,0.00,0.00,0.0229,0.0000,0.0000,0.0000,0,0
2026-08-25 17:29:43.660522,3239,franka,0.57682,-0.01449,0.23589,-0.00000,-0.00000,0.00000,0.00000,25.00,0.00,0.00,0.0000,0.0000,0.0000,0.0000,0,0
2026-08-25 17:29:43.713935,3240,franka,0.57682,-0.01446,0.23590,-0.00000,-0.00000,0.00000,0.00000,25.00,0.00,0.00,0.0857,0.0857,-0.0086,0.0000,0,0
2026-08-25 17:29:43.767584,3241,franka,0.57682,-0.01448,0.23589,-0.00000,-0.00000,0.00000,0.00000,25.00,0.00,0.00,0.0914,0.2286,-0.0657,0.0000,0,0
2026-08-25 17:29:43.821225,3242,franka,0.57641,-0.01447,0.23586,-0.01500,-0.00000,0.00000,0.00000,25.00,0.00,0.00,0.2171,0.4857,-0.1086,0.0000,0,0
2026-08-25 17:29:43.874727,3243,franka,0.57573,-0.01429,0.23586,-0.01061,0.01060,0.00000,0.00000,25.00,0.00,0.00,0.2771,0.6229,-0.1314,0.0057,0,0
2026-08-25 17:29:43.929562,3244,franka,0.57517,-0.01386,0.23588,-0.01061,0.01061,0.00000,0.00000,25.00,0.00,0.00,0.2886,0.6086,-0.1314,0.0057,0,0
2026-08-25 17:29:43.983255,3245,franka,0.57464,-0.01324,0.23584,-0.01061,0.01061,0.00000,0.00000,25.00,0.00,0.00,0.2600,0.6000,-0.1229,0.0086,0,0
2026-08-25 17:29:44.036889,3246,franka,0.57411,-0.01269,0.23581,-0.01061,0.01061,0.00000,0.00000,25.00,0.00,0.00,0.1229,0.4514,-0.0171,0.0543,0,0
2026-08-25 17:29:44.090421,3247,franka,0.57353,-0.01241,0.23593,-0.01500,0.00000,0.00000,0.00000,25.00,0.00,0.00,0.0000,0.0571,0.0000,0.0000,0,0
2026-08-25 17:29:44.144174,3248,franka,0.57292,-0.01232,0.23580,-0.00010,0.00000,0.00000,0.00000,25.00,0.00,0.00,0.0000,0.0000,0.0000,0.0000,0,0
2026-08-25 17:29:44.198193,3249,franka,0.57293,-0.01236,0.23583,-0.00000,-0.00000,0.00000,0.00000,25.00,0.00,0.00,0.0000,0.0000,0.0000,0.0000,0,0
2026-08-25 17:29:44.252159,3250,franka,0.57294,-0.01234,0.23585,-0.00000,-0.00000,0.00000,0.00000,25.00,0.00,0.00,0.1029,0.0457,0.0000,0.0000,0,0
2026-08-25 17:29:44.306036,3251,franka,0.57295,-0.01234,0.23587,0.00000,0.00483,0.00000,0.00000,25.00,0.00,0.00,0.2114,0.0714,-0.0086,0.0000,0,0
2026-08-25 17:29:44.360060,3252,franka,0.57296,-0.01176,0.23587,0.00000,0.01500,0.00000,0.00000,25.00,0.00,0.00,0.4371,0.0057,-0.0857,0.0029,0,0
2026-08-25 17:29:44.414026,3253,franka,0.57295,-0.01089,0.23585,0.00000,0.01500,0.00000,0.00000,25.00,0.00,0.00,0.4886,0.0000,-0.1686,0.0000,0,0
2026-08-25 17:29:44.467875,3254,franka,0.57296,-0.01014,0.23588,0.00000,0.01500,0.00000,0.00000,25.00,0.00,0.00,0.4943,0.0000,-0.1914,0.0000,0,0
2026-08-25 17:29:44.521887,3255,franka,0.57297,-0.00946,0.23587,0.00000,0.01500,0.00000,0.00000,25.00,0.00,0.00,0.4371,0.0000,-0.1829,0.0000,0,0
2026-08-25 17:29:44.575645,3256,franka,0.57296,-0.00866,0.23586,0.00000,0.01500,0.00000,0.00000,25.00,0.00,0.00,0.2343,0.0000,-0.1114,0.0000,0,0
2026-08-25 17:29:44.629257,3257,franka,0.57296,-0.00803,0.23586,0.00000,0.00433,0.00000,0.00000,25.00,0.00,0.00,0.0371,-0.0657,0.0000,-0.0200,0,0
2026-08-25 17:29:44.683001,3258,franka,0.57296,-0.00790,0.23586,0.00000,0.00000,0.00000,0.00000,25.00,0.00,0.00,0.0000,0.0000,0.0000,0.0000,0,0
2026-08-25 17:29:44.736914,3259,franka,0.57296,-0.00797,0.23586,0.00000,-0.00000,0.00000,0.00000,25.00,0.00,0.00,0.0000,0.0000,0.0000,0.0000,0,0
2026-08-25 17:29:44.790276,3260,franka,0.57296,-0.00796,0.23587,0.00000,-0.00000,0.00000,0.00000,25.00,0.00,0.00,0.0486,0.0000,-0.1114,0.0000,0,0
2026-08-25 17:29:44.843977,3261,franka,0.57296,-0.00794,0.23586,0.00000,-0.00000,0.00000,0.00000,25.00,0.00,0.00,0.1429,0.0714,-0.2829,0.0114,0,0
2026-08-25 17:29:44.897534,3262,franka,0.57297,-0.00794,0.23545,0.00000,0.00000,-0.01500,0.00000,25.00,0.00,0.00,0.1743,0.1257,-0.4314,0.0343,0,0
2026-08-25 17:29:44.951707,3263,franka,0.57295,-0.00793,0.23466,0.00000,0.00000,-0.01500,0.00000,25.00,0.00,0.00,0.1629,0.1286,-0.4829,0.0286,0,0
2026-08-25 17:29:45.005427,3264,franka,0.57297,-0.00794,0.23389,0.00000,0.00000,-0.01500,0.00000,25.00,0.00,0.00,0.1686,0.1114,-0.4800,0.0229,0,0
2026-08-25 17:29:45.059274,3265,franka,0.57296,-0.00793,0.23313,0.00000,0.00000,-0.01500,0.00000,25.00,0.00,0.00,0.1600,0.0829,-0.4429,0.0171,0,0
2026-08-25 17:29:45.113352,3266,franka,0.57296,-0.00792,0.23160,0.00000,0.00000,-0.01500,0.00000,25.00,0.00,0.00,0.1543,0.0571,-0.3686,0.0086,0,0
2026-08-25 17:29:45.167024,3267,franka,0.57297,-0.00792,0.23088,0.00000,0.00000,-0.01500,0.00000,25.00,0.00,0.00,0.1400,0.0457,-0.2971,0.0029,0,0
2026-08-25 17:29:45.221133,3268,franka,0.57297,-0.00791,0.23016,0.00000,0.00000,-0.01500,0.00000,25.00,0.00,0.00,0.1371,0.0400,-0.3143,0.0029,0,0
2026-08-25 17:29:45.274908,3269,franka,0.57296,-0.00791,0.22938,0.00000,0.00000,-0.01500,0.00000,25.00,0.00,0.00,0.1314,0.0514,-0.3457,0.0086,0,0
2026-08-25 17:29:45.328482,3270,franka,0.57297,-0.00790,0.22863,0.00000,0.00000,-0.01500,0.00000,25.00,0.00,0.00,0.1257,0.0457,-0.3286,0.0029,0,0
2026-08-25 17:29:45.382594,3271,franka,0.57298,-0.00791,0.22789,0.00000,0.00000,-0.01500,0.00000,25.00,0.00,0.00,0.1286,0.0343,-0.3114,0.0000,0,0
2026-08-25 17:29:45.436029,3272,franka,0.57297,-0.00791,0.22713,0.00000,0.00000,-0.01500,0.00000,25.00,0.00,0.00,0.1314,0.0400,-0.2571,0.0000,0,0
2026-08-25 17:29:45.489590,3273,franka,0.57298,-0.00789,0.22639,0.00000,0.00000,-0.01500,0.00000,25.00,0.00,0.00,0.1257,0.0457,-0.2429,0.0000,0,0
2026-08-25 17:29:45.543500,3274,franka,0.57298,-0.00791,0.22565,0.00000,0.00000,-0.01500,0.00000,25.00,0.00,0.00,0.1200,0.0314,-0.2429,0.0000,0,0
2026-08-25 17:29:45.597297,3275,franka,0.57298,-0.00791,0.22490,0.00000,0.00000,-0.01500,0.00000,25.00,0.00,0.00,0.1200,0.0257,-0.2486,0.0000,0,0
2026-08-25 17:29:45.651170,3276,franka,0.57298,-0.00789,0.22412,0.00000,0.00000,-0.01500,0.00000,25.00,0.00,0.00,0.1286,0.0314,-0.2314,0.0000,0,0
2026-08-25 17:29:45.701469,3277,franka,0.57299,-0.00790,0.22337,0.00000,0.00000,-0.01500,0.00000,25.00,0.00,0.00,0.1257,0.0457,-0.2400,0.0000,0,0
2026-08-25 17:29:45.755188,3278,franka,0.57299,-0.00790,0.22263,0.00000,0.00000,-0.01500,0.00000,25.00,0.00,0.00,0.1371,0.0543,-0.2514,0.0000,0,0
2026-08-25 17:29:45.808732,3279,franka,0.57299,-0.00790,0.22187,0.00000,0.00000,-0.01500,0.00000,25.00,0.00,0.00,0.1457,0.0743,-0.2771,0.0000,0,0
2026-08-25 17:29:45.859210,3280,franka,0.57299,-0.00790,0.22112,0.00000,0.00000,-0.01500,0.00000,25.00,0.00,0.00,0.1457,0.0829,-0.3114,0.0000,0,0
2026-08-25 17:29:45.912734,3281,franka,0.57300,-0.00790,0.22037,0.00000,0.00000,-0.01500,0.00000,25.00,0.00,0.00,0.1486,0.0771,-0.3343,0.0000,0,0
2026-08-25 17:29:45.966366,3282,franka,0.57299,-0.00790,0.21886,0.00000,0.00000,-0.01500,0.00000,25.00,0.00,0.00,0.1400,0.0857,-0.3457,0.0000,0,0
2026-08-25 17:29:46.020364,3283,franka,0.57300,-0.00790,0.21812,0.00000,0.00000,-0.01500,0.00000,25.00,0.00,0.00,0.1514,0.0857,-0.3571,0.0000,0,0
2026-08-25 17:29:46.073734,3284,franka,0.57300,-0.00790,0.21736,0.00000,0.00000,-0.01500,0.00000,25.00,0.00,0.00,0.1486,0.0771,-0.3343,0.0000,0,0
2026-08-25 17:29:46.127137,3285,franka,0.57300,-0.00791,0.21659,0.00000,0.00000,-0.01500,0.00000,25.00,0.00,0.00,0.1457,0.0743,-0.3171,0.0000,0,0
2026-08-25 17:29:46.181412,3286,franka,0.57301,-0.00792,0.21585,0.00000,0.00000,-0.01500,0.00000,25.00,0.00,0.00,0.1486,0.0714,-0.3200,0.0000,0,0
2026-08-25 17:29:46.235026,3287,franka,0.57301,-0.00792,0.21511,0.00000,0.00000,-0.01500,0.00000,25.00,0.00,0.00,0.1486,0.0743,-0.3143,0.0000,0,0
2026-08-25 17:29:46.288478,3288,franka,0.57302,-0.00793,0.21437,0.00000,0.00000,-0.01500,0.00000,25.00,0.00,0.00,0.1486,0.0657,-0.3029,0.0000,0,0
2026-08-25 17:29:46.341961,3289,franka,0.57303,-0.00794,0.21362,0.00000,0.00000,-0.01500,0.00000,25.00,0.00,0.00,0.1486,0.0600,-0.2886,0.0000,0,0
2026-08-25 17:29:46.395925,3290,franka,0.57302,-0.00793,0.21286,0.00000,0.00000,-0.01500,0.00000,25.00,0.00,0.00,0.1286,0.0200,-0.2057,0.0000,0,0
2026-08-25 17:29:46.449482,3291,franka,0.57303,-0.00792,0.21218,0.00000,0.00000,-0.00433,0.00000,25.00,0.00,0.00,0.0086,0.0000,0.0000,0.0000,0,0
2026-08-25 17:29:46.504306,3292,franka,0.57301,-0.00794,0.21212,0.00000,0.00000,-0.00000,0.00000,25.00,0.00,0.00,0.0000,0.0000,0.0000,0.0000,0,0
2026-08-25 17:29:46.558283,3293,franka,0.57300,-0.00794,0.21210,0.00000,0.00000,0.00000,0.00000,25.00,0.00,0.00,0.0000,0.0000,0.0000,0.0000,0,0
2026-08-25 17:29:46.612159,3294,franka,0.57301,-0.00793,0.21213,0.00000,0.00000,0.00000,0.00000,25.00,0.00,0.00,0.0000,0.0000,0.0000,0.0000,0,0
2026-08-25 17:29:46.665714,3295,franka,0.57300,-0.00794,0.21208,0.00000,0.00000,0.00000,0.00000,25.00,0.00,0.00,0.0000,0.0000,0.0000,0.0000,0,0
2026-08-25 17:29:46.717744,3296,franka,0.57301,-0.00793,0.21211,0.00000,0.00000,0.00000,0.00000,25.00,0.00,0.00,0.1114,0.1286,0.0000,0.0057,0,0
2026-08-25 17:29:46.771716,3297,franka,0.57300,-0.00793,0.21210,0.00000,0.00000,0.00000,0.00000,25.00,0.00,0.00,0.2000,0.0857,-0.0257,0.0000,0,0
2026-08-25 17:29:46.825640,3298,franka,0.57300,-0.00763,0.21209,0.00000,0.01500,0.00000,0.00000,25.00,0.00,0.00,0.4200,0.0429,-0.1057,0.0000,0,0
2026-08-25 17:29:46.879153,3299,franka,0.57301,-0.00692,0.21210,0.00000,0.01500,0.00000,0.00000,25.00,0.00,0.00,0.4943,0.0143,-0.1314,0.0000,0,0
2026-08-25 17:29:46.935045,3300,franka,0.57302,-0.00607,0.21210,0.00000,0.01500,0.00000,0.00000,25.00,0.00,0.00,0.5657,0.0114,-0.1457,0.0000,0,0
2026-08-25 17:29:46.983945,3301,franka,0.57302,-0.00539,0.21210,0.00000,0.01500,0.00000,0.00000,25.00,0.00,0.00,0.6057,0.0171,-0.1571,0.0000,0,0
2026-08-25 17:29:47.037930,3302,franka,0.57304,-0.00466,0.21213,0.00000,0.01500,0.00000,0.00000,25.00,0.00,0.00,0.5314,0.0200,-0.1371,0.0000,0,0
2026-08-25 17:29:47.092841,3303,franka,0.57304,-0.00386,0.21212,0.00000,0.01500,0.00000,0.00000,25.00,0.00,0.00,0.3714,0.0657,-0.1029,0.0000,0,0
2026-08-25 17:29:47.146635,3304,franka,0.57304,-0.00316,0.21213,0.00000,0.01500,0.00000,0.00000,25.00,0.00,0.00,0.3600,0.0629,-0.0857,0.0000,0,0
2026-08-25 17:29:47.200463,3305,franka,0.57304,-0.00240,0.21214,0.00000,0.01500,0.00000,0.00000,25.00,0.00,0.00,0.4400,0.0800,-0.1114,0.0000,0,0
2026-08-25 17:29:47.254620,3306,franka,0.57304,-0.00163,0.21214,0.00000,0.01500,0.00000,0.00000,25.00,0.00,0.00,0.4800,0.0800,-0.1257,0.0000,0,0
2026-08-25 17:29:47.308186,3307,franka,0.57304,-0.00089,0.21214,0.00000,0.01500,0.00000,0.00000,25.00,0.00,0.00,0.5171,0.0771,-0.1343,0.0000,0,0
2026-08-25 17:29:47.361903,3308,franka,0.57304,-0.00014,0.21214,0.00000,0.01500,0.00000,0.00000,25.00,0.00,0.00,0.5314,0.0800,-0.1343,0.0000,0,0
2026-08-25 17:29:47.415608,3309,franka,0.57304,0.00062,0.21215,0.00000,0.01500,0.00000,0.00000,25.00,0.00,0.00,0.5286,0.0886,-0.1343,0.0000,0,0
2026-08-25 17:29:47.469132,3310,franka,0.57304,0.00138,0.21215,0.00000,0.01500,0.00000,0.00000,25.00,0.00,0.00,0.5114,0.0914,-0.1200,0.0000,0,0
2026-08-25 17:29:47.522728,3311,franka,0.57304,0.00213,0.21216,0.00000,0.01500,0.00000,0.00000,25.00,0.00,0.00,0.5114,0.0971,-0.1143,0.0000,0,0
2026-08-25 17:29:47.573179,3312,franka,0.57304,0.00288,0.21217,0.00000,0.01500,0.00000,0.00000,25.00,0.00,0.00,0.5057,0.0971,-0.1143,0.0000,0,0
2026-08-25 17:29:47.626755,3313,franka,0.57305,0.00362,0.21219,0.00000,0.01500,0.00000,0.00000,25.00,0.00,0.00,0.4886,0.0943,-0.1114,0.0000,0,0
2026-08-25 17:29:47.680613,3314,franka,0.57305,0.00438,0.21220,0.00000,0.01500,0.00000,0.00000,25.00,0.00,0.00,0.4714,0.0914,-0.1057,0.0000,0,0
2026-08-25 17:29:47.734103,3315,franka,0.57306,0.00514,0.21221,0.00000,0.01500,0.00000,0.00000,25.00,0.00,0.00,0.4457,0.0886,-0.0943,0.0000,0,0
2026-08-25 17:29:47.787694,3316,franka,0.57307,0.00662,0.21224,0.00000,0.01500,0.00000,0.00000,25.00,0.00,0.00,0.3200,0.0686,-0.0343,0.0000,0,0
2026-08-25 17:29:47.841720,3317,franka,0.57307,0.00739,0.21224,0.00000,0.01432,0.00000,0.00000,25.00,0.00,0.00,0.1600,0.0571,0.0000,0.0000,0,0
2026-08-25 17:29:47.895561,3318,franka,0.57307,0.00762,0.21225,0.00000,0.00000,0.00000,0.00000,25.00,0.00,0.00,0.0000,0.0000,0.0000,0.0000,0,0
2026-08-25 17:29:47.949418,3319,franka,0.57308,0.00756,0.21225,0.00000,-0.00000,0.00000,0.00000,25.00,0.00,0.00,0.0000,0.0000,0.0000,0.0000,0,0
2026-08-25 17:29:48.003386,3320,franka,0.57307,0.00755,0.21224,0.00000,-0.00000,0.00000,0.00000,25.00,0.00,0.00,0.0000,0.0000,0.0000,0.0000,0,0
2026-08-25 17:29:48.057561,3321,franka,0.57307,0.00760,0.21224,0.00000,-0.00000,0.00000,0.00000,25.00,0.00,0.00,0.0000,0.0000,0.0000,0.0000,0,0
2026-08-25 17:29:48.111572,3322,franka,0.57307,0.00757,0.21223,0.00000,-0.00000,0.00000,0.00000,25.00,0.00,0.00,0.0000,0.0000,0.0000,0.0000,0,0
2026-08-25 17:29:48.165777,3323,franka,0.57307,0.00758,0.21223,0.00000,-0.00000,0.00000,0.00000,25.00,0.00,0.00,0.0000,0.0000,0.0000,0.0000,0,0
2026-08-25 17:29:48.219854,3324,franka,0.57307,0.00759,0.21223,0.00000,-0.00000,0.00000,0.00000,25.00,0.00,0.00,0.0000,0.0000,0.0000,0.0000,0,0
2026-08-25 17:29:48.273545,3325,franka,0.57307,0.00758,0.21223,0.00000,-0.00000,0.00000,0.00000,25.00,0.00,0.00,0.0914,0.0000,0.0000,0.0000,0,0
2026-08-25 17:29:48.327283,3326,franka,0.57307,0.00759,0.21223,0.00000,-0.00000,0.00000,0.00000,25.00,0.00,0.00,0.2429,0.0000,0.0000,0.0000,0,0
2026-08-25 17:29:48.380809,3327,franka,0.57307,0.00759,0.21223,0.00000,0.00231,0.00000,0.00000,25.00,0.00,0.00,0.4486,0.0000,-0.0400,0.0000,0,0
2026-08-25 17:29:48.434321,3328,franka,0.57306,0.00810,0.21223,0.00000,0.01500,0.00000,0.00000,25.00,0.00,0.00,0.4400,0.0000,-0.0457,0.0000,0,0
2026-08-25 17:29:48.487948,3329,franka,0.57306,0.00896,0.21222,0.00000,0.01500,0.00000,0.00000,25.00,0.00,0.00,0.4114,0.0000,-0.0600,0.0000,0,0
2026-08-25 17:29:48.541563,3330,franka,0.57307,0.00971,0.21225,0.00000,0.01500,0.00000,0.00000,25.00,0.00,0.00,0.3971,0.0000,-0.0514,0.0000,0,0
2026-08-25 17:29:48.595398,3331,franka,0.57308,0.01118,0.21226,0.00000,0.01500,0.00000,0.00000,25.00,0.00,0.00,0.2914,0.0000,-0.0086,0.0000,0,0
2026-08-25 17:29:48.649077,3332,franka,0.57309,0.01173,0.21228,0.00000,0.00026,0.00000,0.00000,25.00,0.00,0.00,0.0114,0.0000,0.0000,0.0000,0,0
2026-08-25 17:29:48.702622,3333,franka,0.57308,0.01179,0.21227,0.00000,0.00000,0.00000,0.00000,25.00,0.00,0.00,0.0000,0.0000,0.0000,0.0000,0,0
2026-08-25 17:29:48.756297,3334,franka,0.57308,0.01172,0.21226,0.00000,-0.00000,0.00000,0.00000,25.00,0.00,0.00,0.0000,0.0000,0.0000,0.0000,0,0
2026-08-25 17:29:48.810108,3335,franka,0.57309,0.01177,0.21227,0.00000,-0.00000,0.00000,0.00000,25.00,0.00,0.00,0.0000,0.0000,0.0000,0.0000,0,0
2026-08-25 17:29:48.863854,3336,franka,0.57309,0.01177,0.21226,0.00000,-0.00000,0.00000,0.00000,25.00,0.00,0.00,0.0000,0.0000,0.0000,0.0000,0,0
2026-08-25 17:29:48.917938,3337,franka,0.57309,0.01175,0.21226,0.00000,-0.00000,0.00000,0.00000,25.00,0.00,0.00,0.0000,0.0000,0.0000,0.0000,0,0
2026-08-25 17:29:48.971855,3338,franka,0.57309,0.01178,0.21226,0.00000,-0.00000,0.00000,0.00000,25.00,0.00,0.00,0.0000,0.0000,0.0000,0.0000,0,0
2026-08-25 17:29:49.025714,3339,franka,0.57309,0.01176,0.21226,0.00000,-0.00000,0.00000,0.00000,25.00,0.00,0.00,0.0000,0.0000,0.0000,0.0000,0,0
2026-08-25 17:29:49.080091,3340,franka,0.57309,0.01176,0.21226,0.00000,-0.00000,0.00000,0.00000,25.00,0.00,0.00,0.0000,0.0000,0.0171,0.0000,0,0
2026-08-25 17:29:49.133860,3341,franka,0.57309,0.01177,0.21226,0.00000,-0.00000,0.00000,0.00000,25.00,0.00,0.00,0.0000,0.0000,0.0629,0.0000,0,0
2026-08-25 17:29:49.184223,3342,franka,0.57309,0.01176,0.21226,0.00000,-0.00000,0.00000,0.00000,25.00,0.00,0.00,0.0000,0.0000,0.0571,0.0000,0,0
2026-08-25 17:29:49.241669,3343,franka,0.57309,0.01177,0.21226,0.00000,-0.00000,0.00000,0.00000,25.00,0.00,0.00,0.0000,0.0286,0.0743,0.0000,0,0
2026-08-25 17:29:49.295135,3344,franka,0.57309,0.01177,0.21226,0.00000,-0.00000,0.00000,0.00000,25.00,0.00,0.00,0.0000,0.0171,0.0914,0.0000,0,0
2026-08-25 17:29:49.348576,3345,franka,0.57309,0.01177,0.21226,0.00000,-0.00000,0.00000,0.00000,25.00,0.00,0.00,0.0000,0.0029,0.0600,0.0000,0,0
2026-08-25 17:29:49.402070,3346,franka,0.57309,0.01177,0.21226,0.00000,-0.00000,0.00000,0.00000,25.00,0.00,0.00,0.0000,0.0029,0.0000,0.0000,0,0
2026-08-25 17:29:49.455658,3347,franka,0.57309,0.01177,0.21226,0.00000,-0.00000,0.00000,0.00000,25.00,0.00,0.00,0.0000,0.0000,0.0000,0.0000,0,0
2026-08-25 17:29:49.509127,3348,franka,0.57309,0.01177,0.21226,0.00000,-0.00000,0.00000,0.00000,25.00,0.00,0.00,0.0000,0.0000,0.0000,0.0000,0,0
2026-08-25 17:29:49.563676,3349,franka,0.57309,0.01177,0.21226,0.00000,-0.00000,0.00000,0.00000,25.00,0.00,0.00,0.0000,0.0000,0.0000,0.0000,0,0
2026-08-25 17:29:49.617182,3350,franka,0.57309,0.01177,0.21226,0.00000,-0.00000,0.00000,0.00000,25.00,0.00,0.00,0.0000,0.0000,0.0000,0.0000,0,0
2026-08-25 17:29:49.670957,3351,franka,0.57309,0.01177,0.21226,0.00000,-0.00000,0.00000,0.00000,25.00,0.00,0.00,0.0000,0.0000,0.0000,0.0000,0,0
2026-08-25 17:29:49.725524,3352,franka,0.57309,0.01177,0.21226,0.00000,-0.00000,0.00000,0.00000,25.00,0.00,0.00,0.0143,0.0143,0.0543,0.0000,0,0
2026-08-25 17:29:49.779265,3353,franka,0.57309,0.01177,0.21226,0.00000,-0.00000,0.00000,0.00000,25.00,0.00,0.00,0.0200,0.0371,0.1771,0.0000,0,0
2026-08-25 17:29:49.832781,3354,franka,0.57309,0.01177,0.21231,0.00000,-0.00000,0.00937,0.00000,25.00,0.00,0.00,0.0086,0.0971,0.2486,0.0000,0,0
2026-08-25 17:29:49.887107,3355,franka,0.57303,0.01178,0.21290,0.00000,-0.00000,0.01500,0.00000,25.00,0.00,0.00,0.0000,0.1143,0.2829,0.0000,0,0
2026-08-25 17:29:49.940931,3356,franka,0.57304,0.01178,0.21367,0.00000,-0.00000,0.01500,0.00000,25.00,0.00,0.00,0.0000,0.1343,0.2829,0.0000,0,0
2026-08-25 17:29:49.994569,3357,franka,0.57302,0.01179,0.21440,0.00000,-0.00000,0.01500,0.00000,25.00,0.00,0.00,0.0000,0.1257,0.3057,0.0000,0,0
2026-08-25 17:29:50.048284,3358,franka,0.57300,0.01181,0.21509,0.00000,-0.00000,0.01500,0.00000,25.00,0.00,0.00,0.0000,0.1229,0.2886,0.0000,0,0
2026-08-25 17:29:50.101932,3359,franka,0.57299,0.01182,0.21584,0.00000,-0.00000,0.01500,0.00000,25.00,0.00,0.00,0.0200,0.1200,0.3229,0.0000,0,0
2026-08-25 17:29:50.155463,3360,franka,0.57300,0.01183,0.21662,0.00000,-0.00000,0.01500,0.00000,25.00,0.00,0.00,0.0200,0.1400,0.2914,0.0000,0,0
2026-08-25 17:29:50.208881,3361,franka,0.57297,0.01184,0.21732,0.00000,-0.00000,0.01500,0.00000,25.00,0.00,0.00,0.0343,0.1429,0.2914,0.0000,0,0
2026-08-25 17:29:50.262461,3362,franka,0.57297,0.01184,0.21809,0.00000,-0.00000,0.01500,0.00000,25.00,0.00,0.00,0.0400,0.1571,0.2657,0.0000,0,0
2026-08-25 17:29:50.316574,3363,franka,0.57297,0.01186,0.21958,0.00000,-0.00000,0.01500,0.00000,25.00,0.00,0.00,0.0429,0.1571,0.2629,0.0000,0,0
2026-08-25 17:29:50.370683,3364,franka,0.57296,0.01186,0.22031,0.00000,-0.00000,0.01500,0.00000,25.00,0.00,0.00,0.0543,0.1686,0.2514,0.0000,0,0
2026-08-25 17:29:50.424236,3365,franka,0.57296,0.01187,0.22108,0.00000,-0.00000,0.01500,0.00000,25.00,0.00,0.00,0.0686,0.1714,0.2486,0.0000,0,0
2026-08-25 17:29:50.478402,3366,franka,0.57295,0.01188,0.22182,0.00000,-0.00000,0.01500,0.00000,25.00,0.00,0.00,0.0686,0.1743,0.2486,0.0000,0,0
2026-08-25 17:29:50.532334,3367,franka,0.57294,0.01188,0.22254,0.00000,-0.00000,0.01500,0.00000,25.00,0.00,0.00,0.0857,0.1914,0.2400,0.0000,0,0
2026-08-25 17:29:50.586455,3368,franka,0.57294,0.01190,0.22330,0.00000,-0.00000,0.01500,0.00000,25.00,0.00,0.00,0.0829,0.1971,0.2371,0.0000,0,0
2026-08-25 17:29:50.640172,3369,franka,0.57293,0.01194,0.22405,0.00000,-0.00000,0.01500,0.00000,25.00,0.00,0.00,0.0886,0.1914,0.2400,0.0000,0,0
2026-08-25 17:29:50.694101,3370,franka,0.57292,0.01196,0.22477,0.00000,-0.00000,0.01500,0.00000,25.00,0.00,0.00,0.0886,0.1943,0.2286,0.0000,0,0
2026-08-25 17:29:50.746115,3371,franka,0.57290,0.01196,0.22550,0.00000,-0.00000,0.01500,0.00000,25.00,0.00,0.00,0.0914,0.2000,0.2229,0.0000,0,0
2026-08-25 17:29:50.799878,3372,franka,0.57291,0.01196,0.22628,0.00000,-0.00000,0.01500,0.00000,25.00,0.00,0.00,0.0829,0.2000,0.2114,0.0000,0,0
2026-08-25 17:29:50.853751,3373,franka,0.57291,0.01196,0.22702,0.00000,-0.00000,0.01500,0.00000,25.00,0.00,0.00,0.0857,0.2000,0.2057,0.0000,0,0
2026-08-25 17:29:50.907131,3374,franka,0.57290,0.01195,0.22778,0.00000,-0.00000,0.01500,0.00000,25.00,0.00,0.00,0.0800,0.1971,0.2057,0.0000,0,0
2026-08-25 17:29:50.960684,3375,franka,0.57290,0.01196,0.22853,0.00000,-0.00000,0.01500,0.00000,25.00,0.00,0.00,0.0771,0.1971,0.2086,0.0000,0,0
2026-08-25 17:29:51.014558,3376,franka,0.57289,0.01196,0.22928,0.00000,-0.00000,0.01500,0.00000,25.00,0.00,0.00,0.0714,0.1971,0.1771,0.0000,0,0
2026-08-25 17:29:51.068326,3377,franka,0.57290,0.01198,0.22962,0.00000,-0.00000,0.00000,0.00000,25.00,0.00,0.00,0.0771,0.2029,0.1743,0.0000,0,0
2026-08-25 17:29:51.121821,3378,franka,0.57218,0.01199,0.22958,-0.01500,-0.00000,-0.00000,0.00000,25.00,0.00,0.00,0.0771,0.2029,0.1743,0.0000,0,0
2026-08-25 17:29:51.175605,3379,franka,0.57144,0.01200,0.22965,-0.01500,-0.00000,-0.00000,0.00000,25.00,0.00,0.00,0.0829,0.2029,0.1714,0.0000,0,0
2026-08-25 17:29:51.229238,3380,franka,0.57072,0.01200,0.22972,-0.01500,-0.00000,-0.00000,0.00000,25.00,0.00,0.00,0.0800,0.2029,0.1800,0.0000,0,0
2026-08-25 17:29:51.283002,3381,franka,0.56991,0.01201,0.22958,-0.01500,-0.00000,-0.00000,0.00000,25.00,0.00,0.00,0.0943,0.2229,0.1943,0.0000,0,0
2026-08-25 17:29:51.337423,3382,franka,0.56921,0.01203,0.22969,-0.01100,-0.00000,0.00982,0.00000,25.00,0.00,0.00,0.1000,0.2514,0.2229,0.0114,0,0
2026-08-25 17:29:51.390852,3383,franka,0.56871,0.01202,0.23032,-0.01061,-0.00000,0.01061,0.00000,25.00,0.00,0.00,0.1029,0.2571,0.2314,0.0143,0,0
2026-08-25 17:29:51.444617,3384,franka,0.56814,0.01201,0.23077,-0.01061,-0.00000,0.01061,0.00000,25.00,0.00,0.00,0.1086,0.2629,0.2800,0.0171,0,0
2026-08-25 17:29:51.498325,3385,franka,0.56761,0.01202,0.23131,-0.01061,-0.00000,0.01061,0.00000,25.00,0.00,0.00,0.1057,0.2571,0.3143,0.0286,0,0
2026-08-25 17:29:51.552447,3386,franka,0.56708,0.01202,0.23188,-0.01061,-0.00000,0.01061,0.00000,25.00,0.00,0.00,0.0971,0.2286,0.3371,0.0314,0,0
2026-08-25 17:29:51.605918,3387,franka,0.56655,0.01201,0.23239,-0.01061,-0.00000,0.01061,0.00000,25.00,0.00,0.00,0.0771,0.2029,0.3486,0.0314,0,0
2026-08-25 17:29:51.659652,3388,franka,0.56599,0.01202,0.23291,-0.01061,-0.00000,0.01061,0.00000,25.00,0.00,0.00,0.0714,0.1857,0.3943,0.0343,0,0
2026-08-25 17:29:51.713675,3389,franka,0.56555,0.01202,0.23346,-0.00018,-0.00000,0.01491,0.00000,25.00,0.00,0.00,0.0657,0.1743,0.3771,0.0343,0,0
2026-08-25 17:29:51.768175,3390,franka,0.56553,0.01201,0.23421,-0.00000,-0.00000,0.01500,0.00000,25.00,0.00,0.00,0.0629,0.1771,0.3714,0.0314,0,0
2026-08-25 17:29:51.821845,3391,franka,0.56552,0.01200,0.23494,-0.00000,-0.00000,0.01500,0.00000,25.00,0.00,0.00,0.0629,0.1771,0.3686,0.0286,0,0
2026-08-25 17:29:51.875491,3392,franka,0.56551,0.01200,0.23568,-0.00000,-0.00000,0.01500,0.00000,25.00,0.00,0.00,0.0657,0.1743,0.3486,0.0257,0,0
2026-08-25 17:29:51.929296,3393,franka,0.56552,0.01199,0.23723,-0.00000,-0.00000,0.01500,0.00000,25.00,0.00,0.00,0.0629,0.1600,0.3571,0.0200,0,0
2026-08-25 17:29:51.984541,3394,franka,0.56552,0.01199,0.23797,-0.00000,-0.00000,0.01500,0.00000,25.00,0.00,0.00,0.0571,0.1314,0.3629,0.0171,0,0
2026-08-25 17:29:52.033470,3395,franka,0.56553,0.01198,0.23877,-0.00000,-0.00000,0.01500,0.00000,25.00,0.00,0.00,0.0343,0.1171,0.3514,0.0114,0,0
2026-08-25 17:29:52.087368,3396,franka,0.56552,0.01198,0.23951,-0.00000,-0.00000,0.01500,0.00000,25.00,0.00,0.00,0.0343,0.1086,0.3229,0.0086,0,0
2026-08-25 17:29:52.141110,3397,franka,0.56552,0.01198,0.24026,-0.00000,-0.00000,0.01500,0.00000,25.00,0.00,0.00,0.0257,0.1086,0.2857,0.0000,0,0
2026-08-25 17:29:52.194738,3398,franka,0.56553,0.01198,0.24103,-0.00000,-0.00000,0.01500,0.00000,25.00,0.00,0.00,0.0029,0.0829,0.2429,0.0000,0,0
2026-08-25 17:29:52.248810,3399,franka,0.56552,0.01198,0.24172,-0.00000,-0.00000,0.00628,0.00000,25.00,0.00,0.00,0.0000,0.0229,0.0514,0.0000,0,0
2026-08-25 17:29:52.302676,3400,franka,0.56553,0.01198,0.24180,-0.00000,-0.00000,0.00000,0.00000,25.00,0.00,0.00,0.0000,0.0000,0.0000,0.0000,0,0
2026-08-25 17:29:52.356423,3401,franka,0.56553,0.01200,0.24181,-0.00000,-0.00000,-0.00000,0.00000,25.00,0.00,0.00,0.0000,0.0000,0.0000,0.0000,0,0
2026-08-25 17:29:52.410427,3402,franka,0.56553,0.01200,0.24179,-0.00000,-0.00000,-0.00000,0.00000,25.00,0.00,0.00,0.0000,0.0000,0.0000,0.0000,0,0
2026-08-25 17:29:52.464384,3403,franka,0.56554,0.01200,0.24182,-0.00000,-0.00000,-0.00000,0.00000,25.00,0.00,0.00,0.0000,0.0000,0.0000,0.0000,0,0
2026-08-25 17:29:52.518545,3404,franka,0.56553,0.01200,0.24179,-0.00000,-0.00000,-0.00000,0.00000,25.00,0.00,0.00,0.0000,0.0000,0.0000,0.0000,0,0
2026-08-25 17:29:52.572919,3405,franka,0.56553,0.01199,0.24180,-0.00000,-0.00000,-0.00000,0.00000,25.00,0.00,0.00,0.0000,0.0000,0.0000,0.0000,0,0
2026-08-25 17:29:52.626637,3406,franka,0.56553,0.01199,0.24181,-0.00000,-0.00000,-0.00000,0.00000,25.00,0.00,0.00,0.0000,0.0000,0.0000,0.0000,0,0
2026-08-25 17:29:52.681013,3407,franka,0.56553,0.01200,0.24181,-0.00000,-0.00000,-0.00000,0.00000,25.00,0.00,0.00,-0.0200,0.0000,0.0000,0.0000,0,0
2026-08-25 17:29:52.734707,3408,franka,0.56553,0.01200,0.24180,-0.00000,-0.00000,-0.00000,0.00000,25.00,0.00,0.00,-0.0857,0.0000,-0.0029,0.0000,0,0
2026-08-25 17:29:52.788254,3409,franka,0.56553,0.01200,0.24181,-0.00000,-0.00000,-0.00000,0.00000,25.00,0.00,0.00,-0.1457,0.0000,-0.0143,0.0000,0,0
2026-08-25 17:29:52.841949,3410,franka,0.56554,0.01176,0.24180,-0.00000,-0.01498,-0.00000,0.00000,25.00,0.00,0.00,-0.2343,0.0200,-0.0371,0.0000,0,0
2026-08-25 17:29:52.895670,3411,franka,0.56554,0.01112,0.24181,-0.00000,-0.01500,-0.00000,0.00000,25.00,0.00,0.00,-0.2743,0.0400,-0.0371,0.0000,0,0
2026-08-25 17:29:52.949197,3412,franka,0.56555,0.01023,0.24181,-0.00000,-0.01500,-0.00000,0.00000,25.00,0.00,0.00,-0.2971,0.0771,-0.0429,0.0000,0,0
2026-08-25 17:29:53.001529,3413,franka,0.56554,0.00952,0.24180,-0.00000,-0.01500,-0.00000,0.00000,25.00,0.00,0.00,-0.3086,0.0800,-0.0486,0.0000,0,0
2026-08-25 17:29:53.053016,3414,franka,0.56555,0.00879,0.24182,-0.00000,-0.01500,-0.00000,0.00000,25.00,0.00,0.00,-0.3229,0.0971,-0.0457,0.0000,0,0
2026-08-25 17:29:53.107343,3415,franka,0.56555,0.00797,0.24181,-0.00000,-0.01500,-0.00000,0.00000,25.00,0.00,0.00,-0.3286,0.0886,-0.0571,-0.0029,0,0
2026-08-25 17:29:53.161297,3416,franka,0.56554,0.00723,0.24180,-0.00000,-0.01500,-0.00000,0.00000,25.00,0.00,0.00,-0.3286,0.0914,-0.0486,0.0000,0,0
2026-08-25 17:29:53.215395,3417,franka,0.56555,0.00651,0.24181,-0.00000,-0.01500,-0.00000,0.00000,25.00,0.00,0.00,-0.3200,0.0914,-0.0429,-0.0029,0,0
2026-08-25 17:29:53.269185,3418,franka,0.56555,0.00574,0.24181,-0.00000,-0.01500,-0.00000,0.00000,25.00,0.00,0.00,-0.3200,0.0971,-0.0457,-0.0086,0,0
2026-08-25 17:29:53.322753,3419,franka,0.56555,0.00499,0.24181,-0.00000,-0.01500,-0.00000,0.00000,25.00,0.00,0.00,-0.3200,0.1029,-0.0486,-0.0086,0,0
2026-08-25 17:29:53.377047,3420,franka,0.56555,0.00425,0.24181,-0.00000,-0.01500,-0.00000,0.00000,25.00,0.00,0.00,-0.3229,0.1029,-0.0457,-0.0086,0,0
2026-08-25 17:29:53.430536,3421,franka,0.56555,0.00348,0.24181,-0.00000,-0.01500,-0.00000,0.00000,25.00,0.00,0.00,-0.3171,0.1029,-0.0457,-0.0114,0,0
2026-08-25 17:29:53.484641,3422,franka,0.56555,0.00272,0.24181,-0.00000,-0.01500,-0.00000,0.00000,25.00,0.00,0.00,-0.3029,0.0943,-0.0543,-0.0086,0,0
2026-08-25 17:29:53.539260,3423,franka,0.56555,0.00198,0.24181,-0.00000,-0.01500,-0.00000,0.00000,25.00,0.00,0.00,-0.3057,0.0943,-0.0543,-0.0086,0,0
2026-08-25 17:29:53.592971,3424,franka,0.56555,0.00121,0.24181,-0.00000,-0.01500,-0.00000,0.00000,25.00,0.00,0.00,-0.3057,0.0857,-0.0371,-0.0057,0,0
2026-08-25 17:29:53.646915,3425,franka,0.56554,0.00043,0.24181,-0.00000,-0.01500,-0.00000,0.00000,25.00,0.00,0.00,-0.3143,0.0914,-0.0429,-0.0057,0,0
2026-08-25 17:29:53.701282,3426,franka,0.56555,-0.00109,0.24182,-0.00000,-0.01500,-0.00000,0.00000,25.00,0.00,0.00,-0.3229,0.0914,-0.0371,-0.0057,0,0
2026-08-25 17:29:53.755122,3427,franka,0.56555,-0.00184,0.24181,-0.00000,-0.01500,-0.00000,0.00000,25.00,0.00,0.00,-0.3200,0.0914,-0.0371,-0.0057,0,0
2026-08-25 17:29:53.810514,3428,franka,0.56555,-0.00258,0.24182,-0.00000,-0.01500,-0.00000,0.00000,25.00,0.00,0.00,-0.3229,0.0886,-0.0257,-0.0057,0,0
2026-08-25 17:29:53.859062,3429,franka,0.56555,-0.00335,0.24182,-0.00000,-0.01500,-0.00000,0.00000,25.00,0.00,0.00,-0.3171,0.0886,-0.0257,-0.0057,0,0
2026-08-25 17:29:53.912757,3430,franka,0.56554,-0.00412,0.24182,-0.00000,-0.01500,-0.00000,0.00000,25.00,0.00,0.00,-0.3171,0.0857,-0.0171,-0.0029,0,0
2026-08-25 17:29:53.966483,3431,franka,0.56554,-0.00486,0.24182,-0.00000,-0.01500,-0.00000,0.00000,25.00,0.00,0.00,-0.3171,0.0914,-0.0143,-0.0057,0,0
2026-08-25 17:29:54.020021,3432,franka,0.56554,-0.00563,0.24182,-0.00000,-0.01500,-0.00000,0.00000,25.00,0.00,0.00,-0.3200,0.0943,-0.0086,-0.0086,0,0
2026-08-25 17:29:54.073588,3433,franka,0.56553,-0.00639,0.24182,-0.00000,-0.01500,-0.00000,0.00000,25.00,0.00,0.00,-0.3257,0.0971,-0.0171,-0.0114,0,0
2026-08-25 17:29:54.127401,3434,franka,0.56553,-0.00717,0.24183,-0.00000,-0.01500,-0.00000,0.00000,25.00,0.00,0.00,-0.3257,0.1000,-0.0171,-0.0114,0,0
2026-08-25 17:29:54.181500,3435,franka,0.56553,-0.00793,0.24182,-0.00000,-0.01500,-0.00000,0.00000,25.00,0.00,0.00,-0.3286,0.1057,-0.0171,-0.0143,0,0
2026-08-25 17:29:54.235254,3436,franka,0.56552,-0.00868,0.24183,-0.00000,-0.01500,-0.00000,0.00000,25.00,0.00,0.00,-0.3286,0.1057,-0.0257,-0.0143,0,0
2026-08-25 17:29:54.289773,3437,franka,0.56552,-0.00943,0.24183,-0.00000,-0.01500,-0.00000,0.00000,25.00,0.00,0.00,-0.3314,0.1057,-0.0257,-0.0171,0,0
2026-08-25 17:29:54.343482,3438,franka,0.56552,-0.01019,0.24183,-0.00000,-0.01500,-0.00000,0.00000,25.00,0.00,0.00,-0.3314,0.1057,-0.0229,-0.0171,0,0
2026-08-25 17:29:54.397116,3439,franka,0.56552,-0.01095,0.24183,-0.00000,-0.01500,-0.00000,0.00000,25.00,0.00,0.00,-0.3314,0.1114,-0.0286,-0.0171,0,0
2026-08-25 17:29:54.450868,3440,franka,0.56553,-0.01170,0.24184,-0.00000,-0.01500,-0.00000,0.00000,25.00,0.00,0.00,-0.3343,0.1057,-0.0286,-0.0171,0,0
2026-08-25 17:29:54.504396,3441,franka,0.56552,-0.01247,0.24183,-0.00000,-0.01500,-0.00000,0.00000,25.00,0.00,0.00,-0.3343,0.1057,-0.0314,-0.0171,0,0
2026-08-25 17:29:54.557987,3442,franka,0.56552,-0.01398,0.24183,-0.00000,-0.01500,-0.00000,0.00000,25.00,0.00,0.00,-0.3371,0.1029,-0.0286,-0.0171,0,0
2026-08-25 17:29:54.611437,3443,franka,0.56552,-0.01474,0.24184,-0.00000,-0.01500,-0.00000,0.00000,25.00,0.00,0.00,-0.3343,0.1057,-0.0286,-0.0171,0,0
2026-08-25 17:29:54.665739,3444,franka,0.56552,-0.01551,0.24184,-0.00000,-0.01500,-0.00000,0.00000,25.00,0.00,0.00,-0.3371,0.1029,-0.0286,-0.0171,0,0
2026-08-25 17:29:54.720152,3445,franka,0.56552,-0.01626,0.24183,-0.00000,-0.01500,-0.00000,0.00000,25.00,0.00,0.00,-0.3400,0.1029,-0.0257,-0.0143,0,0
2026-08-25 17:29:54.774040,3446,franka,0.56552,-0.01701,0.24184,-0.00000,-0.01500,-0.00000,0.00000,25.00,0.00,0.00,-0.3371,0.1029,-0.0257,-0.0143,0,0
2026-08-25 17:29:54.827985,3447,franka,0.56552,-0.01776,0.24184,-0.00000,-0.01500,-0.00000,0.00000,25.00,0.00,0.00,-0.3429,0.1029,-0.0229,-0.0143,0,0
2026-08-25 17:29:54.882311,3448,franka,0.56552,-0.01852,0.24184,-0.00000,-0.01500,-0.00000,0.00000,25.00,0.00,0.00,-0.3429,0.1029,-0.0229,-0.0143,0,0
2026-08-25 17:29:54.936023,3449,franka,0.56552,-0.01927,0.24184,-0.00000,-0.01500,-0.00000,0.00000,25.00,0.00,0.00,-0.3429,0.1000,-0.0229,-0.0143,0,0
2026-08-25 17:29:54.989929,3450,franka,0.56552,-0.02004,0.24184,-0.00000,-0.01500,-0.00000,0.00000,25.00,0.00,0.00,-0.3457,0.1000,-0.0229,-0.0143,0,0
2026-08-25 17:29:55.044236,3451,franka,0.56552,-0.02081,0.24184,-0.00000,-0.01500,-0.00000,0.00000,25.00,0.00,0.00,-0.3457,0.1000,-0.0143,-0.0143,0,0
2026-08-25 17:29:55.098020,3452,franka,0.56552,-0.02158,0.24184,-0.00000,-0.01500,-0.00000,0.00000,25.00,0.00,0.00,-0.3457,0.1000,-0.0114,-0.0114,0,0
2026-08-25 17:29:55.151705,3453,franka,0.56552,-0.02233,0.24184,-0.00000,-0.01500,-0.00000,0.00000,25.00,0.00,0.00,-0.3429,0.0971,-0.0086,-0.0114,0,0
2026-08-25 17:29:55.205392,3454,franka,0.56552,-0.02309,0.24184,-0.00000,-0.01500,-0.00000,0.00000,25.00,0.00,0.00,-0.3371,0.0943,-0.0057,-0.0086,0,0
2026-08-25 17:29:55.259580,3455,franka,0.56552,-0.02384,0.24184,-0.00000,-0.01500,-0.00000,0.00000,25.00,0.00,0.00,-0.3371,0.0914,0.0000,-0.0086,0,0
2026-08-25 17:29:55.313107,3456,franka,0.56552,-0.02460,0.24184,-0.00000,-0.01500,-0.00000,0.00000,25.00,0.00,0.00,-0.3400,0.0914,0.0000,-0.0086,0,0
2026-08-25 17:29:55.367598,3457,franka,0.56553,-0.02611,0.24184,-0.00000,-0.01500,-0.00000,0.00000,25.00,0.00,0.00,-0.3371,0.0914,0.0000,-0.0086,0,0
2026-08-25 17:29:55.421994,3458,franka,0.56553,-0.02686,0.24184,-0.00000,-0.01500,-0.00000,0.00000,25.00,0.00,0.00,-0.3286,0.0914,0.0000,-0.0086,0,0
2026-08-25 17:29:55.475903,3459,franka,0.56553,-0.02762,0.24185,-0.00000,-0.01500,-0.00000,0.00000,25.00,0.00,0.00,-0.3286,0.0886,0.0000,-0.0086,0,0
2026-08-25 17:29:55.529859,3460,franka,0.56553,-0.02837,0.24185,-0.00000,-0.01500,-0.00000,0.00000,25.00,0.00,0.00,-0.3257,0.0886,0.0000,-0.0086,0,0
2026-08-25 17:29:55.584169,3461,franka,0.56553,-0.02913,0.24185,-0.00000,-0.01500,-0.00000,0.00000,25.00,0.00,0.00,-0.3314,0.0914,0.0000,-0.0086,0,0
2026-08-25 17:29:55.638027,3462,franka,0.56553,-0.02989,0.24185,-0.00000,-0.01500,-0.00000,0.00000,25.00,0.00,0.00,-0.3257,0.0943,0.0000,-0.0086,0,0
2026-08-25 17:29:55.691545,3463,franka,0.56553,-0.03063,0.24185,-0.00000,-0.01500,-0.00000,0.00000,25.00,0.00,0.00,-0.3229,0.0943,0.0000,-0.0086,0,0
2026-08-25 17:29:55.745020,3464,franka,0.56553,-0.03139,0.24185,-0.00000,-0.01500,-0.00000,0.00000,25.00,0.00,0.00,-0.3229,0.0914,0.0000,-0.0086,0,0
2026-08-25 17:29:55.798670,3465,franka,0.56553,-0.03216,0.24185,-0.00000,-0.01500,-0.00000,0.00000,25.00,0.00,0.00,-0.3229,0.0914,0.0000,-0.0086,0,0
2026-08-25 17:29:55.852466,3466,franka,0.56553,-0.03291,0.24186,-0.00000,-0.01500,-0.00000,0.00000,25.00,0.00,0.00,-0.3200,0.0914,0.0000,-0.0086,0,0
2026-08-25 17:29:55.906049,3467,franka,0.56553,-0.03367,0.24185,-0.00000,-0.01500,-0.00000,0.00000,25.00,0.00,0.00,-0.3171,0.0886,0.0000,-0.0086,0,0
2026-08-25 17:29:55.959566,3468,franka,0.56553,-0.03443,0.24185,-0.00000,-0.01500,-0.00000,0.00000,25.00,0.00,0.00,-0.3171,0.0886,0.0000,-0.0086,0,0
2026-08-25 17:29:56.013177,3469,franka,0.56552,-0.03519,0.24185,-0.00000,-0.01500,-0.00000,0.00000,25.00,0.00,0.00,-0.3200,0.0886,0.0000,-0.0086,0,0
2026-08-25 17:29:56.066582,3470,franka,0.56553,-0.03594,0.24185,-0.00000,-0.01500,-0.00000,0.00000,25.00,0.00,0.00,-0.3171,0.0914,0.0000,-0.0086,0,0
2026-08-25 17:29:56.120104,3471,franka,0.56552,-0.03669,0.24185,-0.00000,-0.01500,-0.00000,0.00000,25.00,0.00,0.00,-0.3171,0.0914,0.0000,-0.0114,0,0
2026-08-25 17:29:56.173907,3472,franka,0.56552,-0.03819,0.24184,-0.00000,-0.01500,-0.00000,0.00000,25.00,0.00,0.00,-0.3143,0.0943,0.0000,-0.0114,0,0
2026-08-25 17:29:56.227474,3473,franka,0.56552,-0.03895,0.24184,-0.00000,-0.01500,-0.00000,0.00000,25.00,0.00,0.00,-0.3171,0.0943,0.0000,-0.0114,0,0
2026-08-25 17:29:56.281619,3474,franka,0.56552,-0.03970,0.24184,-0.00000,-0.01500,-0.00000,0.00000,25.00,0.00,0.00,-0.3171,0.0943,0.0000,-0.0114,0,0
2026-08-25 17:29:56.335492,3475,franka,0.56552,-0.04046,0.24185,-0.00000,-0.01500,-0.00000,0.00000,25.00,0.00,0.00,-0.3171,0.0971,0.0000,-0.0143,0,0
2026-08-25 17:29:56.389009,3476,franka,0.56552,-0.04121,0.24184,-0.00000,-0.01500,-0.00000,0.00000,25.00,0.00,0.00,-0.3171,0.1000,0.0000,-0.0143,0,0
2026-08-25 17:29:56.442604,3477,franka,0.56552,-0.04196,0.24185,-0.00000,-0.01500,-0.00000,0.00000,25.00,0.00,0.00,-0.3143,0.0971,0.0000,-0.0143,0,0
2026-08-25 17:29:56.496306,3478,franka,0.56552,-0.04273,0.24184,-0.00000,-0.01500,-0.00000,0.00000,25.00,0.00,0.00,-0.3171,0.0971,0.0000,-0.0143,0,0
2026-08-25 17:29:56.549951,3479,franka,0.56552,-0.04348,0.24184,-0.00000,-0.01500,-0.00000,0.00000,25.00,0.00,0.00,-0.3171,0.1000,0.0000,-0.0143,0,0
2026-08-25 17:29:56.603913,3480,franka,0.56552,-0.04423,0.24184,-0.00000,-0.01500,-0.00000,0.00000,25.00,0.00,0.00,-0.3171,0.0971,0.0000,-0.0143,0,0
2026-08-25 17:29:56.657740,3481,franka,0.56552,-0.04500,0.24184,-0.00000,-0.01500,-0.00000,0.00000,25.00,0.00,0.00,-0.3171,0.0971,0.0000,-0.0143,0,0
2026-08-25 17:29:56.711373,3482,franka,0.56552,-0.04574,0.24184,-0.00000,-0.01500,-0.00000,0.00000,25.00,0.00,0.00,-0.3171,0.1000,0.0000,-0.0171,0,0
2026-08-25 17:29:56.764929,3483,franka,0.56552,-0.04650,0.24184,-0.00000,-0.01500,-0.00000,0.00000,25.00,0.00,0.00,-0.3171,0.1000,0.0000,-0.0171,0,0
2026-08-25 17:29:56.818816,3484,franka,0.56552,-0.04727,0.24184,-0.00000,-0.01500,-0.00000,0.00000,25.00,0.00,0.00,-0.3171,0.1000,0.0000,-0.0171,0,0
2026-08-25 17:29:56.872380,3485,franka,0.56552,-0.04802,0.24184,-0.00000,-0.01500,-0.00000,0.00000,25.00,0.00,0.00,-0.3229,0.1000,0.0000,-0.0171,0,0
2026-08-25 17:29:56.925968,3486,franka,0.56552,-0.04878,0.24184,-0.00000,-0.01500,-0.00000,0.00000,25.00,0.00,0.00,-0.3200,0.1000,0.0000,-0.0171,0,0
2026-08-25 17:29:56.979896,3487,franka,0.56552,-0.05029,0.24185,-0.00000,-0.01500,-0.00000,0.00000,25.00,0.00,0.00,-0.3229,0.1029,0.0000,-0.0200,0,0
2026-08-25 17:29:57.033507,3488,franka,0.56552,-0.05105,0.24184,-0.00000,-0.01500,-0.00000,0.00000,25.00,0.00,0.00,-0.3257,0.1057,0.0000,-0.0200,0,0
2026-08-25 17:29:57.086995,3489,franka,0.56552,-0.05181,0.24184,-0.00000,-0.01500,-0.00000,0.00000,25.00,0.00,0.00,-0.3229,0.1029,0.0000,-0.0200,0,0
2026-08-25 17:29:57.140384,3490,franka,0.56553,-0.05256,0.24185,-0.00000,-0.01500,-0.00000,0.00000,25.00,0.00,0.00,-0.3257,0.1029,0.0000,-0.0200,0,0
2026-08-25 17:29:57.193869,3491,franka,0.56553,-0.05330,0.24185,-0.00000,-0.01500,-0.00000,0.00000,25.00,0.00,0.00,-0.3229,0.1029,0.0000,-0.0171,0,0
2026-08-25 17:29:57.247668,3492,franka,0.56553,-0.05407,0.24185,-0.00000,-0.01500,-0.00000,0.00000,25.00,0.00,0.00,-0.3314,0.1000,0.0000,-0.0171,0,0
2026-08-25 17:29:57.301720,3493,franka,0.56553,-0.05483,0.24185,-0.00000,-0.01500,-0.00000,0.00000,25.00,0.00,0.00,-0.3314,0.1029,0.0000,-0.0171,0,0
2026-08-25 17:29:57.355419,3494,franka,0.56553,-0.05558,0.24185,-0.00000,-0.01500,-0.00000,0.00000,25.00,0.00,0.00,-0.3314,0.1029,0.0000,-0.0200,0,0
2026-08-25 17:29:57.408869,3495,franka,0.56553,-0.05634,0.24185,-0.00000,-0.01500,-0.00000,0.00000,25.00,0.00,0.00,-0.3286,0.1029,0.0000,-0.0200,0,0
2026-08-25 17:29:57.457832,3496,franka,0.56553,-0.05710,0.24185,-0.00000,-0.01500,-0.00000,0.00000,25.00,0.00,0.00,-0.3314,0.1086,0.0000,-0.0229,0,0
2026-08-25 17:29:57.511619,3497,franka,0.56553,-0.05787,0.24185,-0.00000,-0.01500,-0.00000,0.00000,25.00,0.00,0.00,-0.3257,0.1086,0.0000,-0.0229,0,0
2026-08-25 17:29:57.565465,3498,franka,0.56553,-0.05863,0.24185,-0.00000,-0.01500,-0.00000,0.00000,25.00,0.00,0.00,-0.3257,0.1086,0.0000,-0.0229,0,0
2026-08-25 17:29:57.619420,3499,franka,0.56553,-0.05940,0.24185,-0.00000,-0.01500,-0.00000,0.00000,25.00,0.00,0.00,-0.3286,0.1086,0.0000,-0.0229,0,0
2026-08-25 17:29:57.673719,3500,franka,0.56553,-0.06015,0.24185,-0.00000,-0.01500,-0.00000,0.00000,25.00,0.00,0.00,-0.3286,0.1086,0.0000,-0.0229,0,0
2026-08-25 17:29:57.727691,3501,franka,0.56553,-0.06091,0.24185,-0.00000,-0.01500,-0.00000,0.00000,25.00,0.00,0.00,-0.3314,0.1086,0.0000,-0.0257,0,0
2026-08-25 17:29:57.781678,3502,franka,0.56553,-0.06167,0.24185,-0.00000,-0.01500,-0.00000,0.00000,25.00,0.00,0.00,-0.3314,0.1086,0.0000,-0.0257,0,0
2026-08-25 17:29:57.835831,3503,franka,0.56553,-0.06242,0.24185,-0.00000,-0.01500,-0.00000,0.00000,25.00,0.00,0.00,-0.3286,0.1086,0.0000,-0.0257,0,0
2026-08-25 17:29:57.890779,3504,franka,0.56553,-0.06392,0.24185,-0.00000,-0.01500,-0.00000,0.00000,25.00,0.00,0.00,-0.3286,0.1086,0.0000,-0.0257,0,0
2026-08-25 17:29:57.944446,3505,franka,0.56553,-0.06469,0.24185,-0.00000,-0.01500,-0.00000,0.00000,25.00,0.00,0.00,-0.3314,0.1114,0.0000,-0.0257,0,0
2026-08-25 17:29:57.998075,3506,franka,0.56553,-0.06546,0.24185,-0.00000,-0.01500,-0.00000,0.00000,25.00,0.00,0.00,-0.3314,0.1114,0.0000,-0.0257,0,0
2026-08-25 17:29:58.051633,3507,franka,0.56553,-0.06623,0.24185,-0.00000,-0.01500,-0.00000,0.00000,25.00,0.00,0.00,-0.3314,0.1114,0.0000,-0.0257,0,0
2026-08-25 17:29:58.105180,3508,franka,0.56553,-0.06698,0.24185,-0.00000,-0.01500,-0.00000,0.00000,25.00,0.00,0.00,-0.3314,0.1143,0.0000,-0.0286,0,0
2026-08-25 17:29:58.158761,3509,franka,0.56554,-0.06774,0.24186,-0.00000,-0.01500,-0.00000,0.00000,25.00,0.00,0.00,-0.3343,0.1143,0.0000,-0.0286,0,0
2026-08-25 17:29:58.212623,3510,franka,0.56553,-0.06849,0.24185,-0.00000,-0.01500,-0.00000,0.00000,25.00,0.00,0.00,-0.3314,0.1143,0.0000,-0.0286,0,0
2026-08-25 17:29:58.266176,3511,franka,0.56553,-0.06923,0.24186,-0.00000,-0.01500,-0.00000,0.00000,25.00,0.00,0.00,-0.3371,0.1143,0.0000,-0.0286,0,0
2026-08-25 17:29:58.319799,3512,franka,0.56553,-0.07000,0.24185,-0.00000,-0.01500,-0.00000,0.00000,25.00,0.00,0.00,-0.3314,0.1171,0.0000,-0.0286,0,0
2026-08-25 17:29:58.374346,3513,franka,0.56553,-0.07074,0.24185,-0.00000,-0.01500,-0.00000,0.00000,25.00,0.00,0.00,-0.3286,0.1171,0.0000,-0.0286,0,0
2026-08-25 17:29:58.427988,3514,franka,0.56553,-0.07150,0.24185,-0.00000,-0.01500,-0.00000,0.00000,25.00,0.00,0.00,-0.3286,0.1114,0.0000,-0.0286,0,0
2026-08-25 17:29:58.481776,3515,franka,0.56553,-0.07228,0.24185,-0.00000,-0.01500,-0.00000,0.00000,25.00,0.00,0.00,-0.3286,0.1143,0.0000,-0.0286,0,0
2026-08-25 17:29:58.535408,3516,franka,0.56553,-0.07303,0.24186,-0.00000,-0.01500,-0.00000,0.00000,25.00,0.00,0.00,-0.3286,0.1114,-0.0057,-0.0286,0,0
2026-08-25 17:29:58.589119,3517,franka,0.56553,-0.07378,0.24185,-0.00000,-0.01500,-0.00000,0.00000,25.00,0.00,0.00,-0.3257,0.1114,0.0000,-0.0286,0,0
2026-08-25 17:29:58.642669,3518,franka,0.56553,-0.07453,0.24185,-0.00000,-0.01500,-0.00000,0.00000,25.00,0.00,0.00,-0.3286,0.1171,0.0000,-0.0314,0,0
2026-08-25 17:29:58.696316,3519,franka,0.56553,-0.07530,0.24185,-0.00000,-0.01500,-0.00000,0.00000,25.00,0.00,0.00,-0.3286,0.1171,0.0000,-0.0314,0,0
2026-08-25 17:29:58.749959,3520,franka,0.56553,-0.07681,0.24185,-0.00000,-0.01500,-0.00000,0.00000,25.00,0.00,0.00,-0.3286,0.1143,0.0000,-0.0286,0,0
2026-08-25 17:29:58.803577,3521,franka,0.56553,-0.07757,0.24185,-0.00000,-0.01500,-0.00000,0.00000,25.00,0.00,0.00,-0.3286,0.1143,0.0000,-0.0286,0,0
2026-08-25 17:29:58.857249,3522,franka,0.56553,-0.07832,0.24185,-0.00000,-0.01500,-0.00000,0.00000,25.00,0.00,0.00,-0.3257,0.1086,0.0000,-0.0286,0,0
2026-08-25 17:29:58.911165,3523,franka,0.56553,-0.07908,0.24185,-0.00000,-0.01500,-0.00000,0.00000,25.00,0.00,0.00,-0.3086,0.1086,0.0000,-0.0286,0,0
2026-08-25 17:29:58.965325,3524,franka,0.56553,-0.07985,0.24185,-0.00000,-0.01500,-0.00000,0.00000,25.00,0.00,0.00,-0.2886,0.1029,0.0000,-0.0286,0,0
2026-08-25 17:29:59.019075,3525,franka,0.56553,-0.08060,0.24185,-0.00000,-0.01500,-0.00000,0.00000,25.00,0.00,0.00,-0.2257,0.1000,0.0000,-0.0400,0,0
2026-08-25 17:29:59.072799,3526,franka,0.56553,-0.08137,0.24185,-0.00000,-0.01432,-0.00000,0.00000,25.00,0.00,0.00,-0.1571,0.0886,0.0000,-0.0429,0,0
2026-08-25 17:29:59.127136,3527,franka,0.56552,-0.08163,0.24185,-0.00000,-0.00000,-0.00000,0.00000,25.00,0.00,0.00,-0.0857,0.0686,0.0000,-0.0429,0,0
2026-08-25 17:29:59.181004,3528,franka,0.56553,-0.08157,0.24185,-0.00000,0.00000,-0.00000,0.00000,25.00,0.00,0.00,0.0000,0.0000,0.0000,0.0000,0,0
2026-08-25 17:29:59.235740,3529,franka,0.56553,-0.08155,0.24185,-0.00000,0.00000,-0.00000,0.00000,25.00,0.00,0.00,0.0000,0.0000,0.0000,0.0000,0,0
2026-08-25 17:29:59.289609,3530,franka,0.56553,-0.08161,0.24185,-0.00000,0.00000,-0.00000,0.00000,25.00,0.00,0.00,0.0000,0.0000,0.0000,0.0000,0,0
2026-08-25 17:29:59.343773,3531,franka,0.56553,-0.08158,0.24186,-0.00000,0.00000,-0.00000,0.00000,25.00,0.00,0.00,0.0000,0.0000,0.0000,0.0000,0,0
2026-08-25 17:29:59.397683,3532,franka,0.56553,-0.08157,0.24186,-0.00000,0.00000,-0.00000,0.00000,25.00,0.00,0.00,0.0171,-0.0086,0.0000,-0.0200,0,0
2026-08-25 17:29:59.451544,3533,franka,0.56553,-0.08159,0.24185,-0.00000,0.00000,-0.00000,0.00000,25.00,0.00,0.00,0.0000,0.0000,0.1000,0.0000,0,0
2026-08-25 17:29:59.505362,3534,franka,0.56553,-0.08159,0.24186,-0.00000,0.00000,-0.00000,0.00000,25.00,0.00,0.00,0.0000,0.0000,0.1857,0.0000,0,0
2026-08-25 17:29:59.559902,3535,franka,0.56553,-0.08159,0.24185,-0.00000,0.00000,0.00231,0.00000,25.00,0.00,0.00,0.0000,0.0200,0.2657,0.0000,0,0
2026-08-25 17:29:59.614888,3536,franka,0.56550,-0.08158,0.24238,-0.00000,0.00000,0.01500,0.00000,25.00,0.00,0.00,0.0000,0.0229,0.3657,0.0000,0,0
2026-08-25 17:29:59.669224,3537,franka,0.56553,-0.08160,0.24318,-0.00000,0.00000,0.01500,0.00000,25.00,0.00,0.00,0.0000,0.0314,0.4286,0.0000,0,0
2026-08-25 17:29:59.723731,3538,franka,0.56551,-0.08160,0.24391,-0.00000,0.00000,0.01500,0.00000,25.00,0.00,0.00,0.0000,0.0057,0.4914,0.0000,0,0
2026-08-25 17:29:59.773373,3539,franka,0.56552,-0.08160,0.24467,-0.00000,0.00000,0.01500,0.00000,25.00,0.00,0.00,0.0000,0.0029,0.5057,0.0000,0,0
2026-08-25 17:29:59.828221,3540,franka,0.56551,-0.08158,0.24540,-0.00000,0.00000,0.01500,0.00000,25.00,0.00,0.00,0.0000,0.0000,0.5400,0.0000,0,0
2026-08-25 17:29:59.881921,3541,franka,0.56552,-0.08160,0.24620,-0.00000,0.00000,0.01500,0.00000,25.00,0.00,0.00,0.0000,0.0000,0.5343,0.0000,0,0
2026-08-25 17:29:59.936038,3542,franka,0.56551,-0.08160,0.24692,-0.00000,0.00000,0.01500,0.00000,25.00,0.00,0.00,0.0000,0.0000,0.5457,0.0000,0,0
2026-08-25 17:29:59.989882,3543,franka,0.56551,-0.08160,0.24766,-0.00000,0.00000,0.01500,0.00000,25.00,0.00,0.00,0.0000,0.0000,0.5600,0.0000,0,0
2026-08-25 17:30:00.043757,3544,franka,0.56552,-0.08161,0.24845,-0.00000,0.00000,0.01500,0.00000,25.00,0.00,0.00,0.0000,0.0000,0.5486,0.0000,0,0
2026-08-25 17:30:00.097703,3545,franka,0.56551,-0.08162,0.24919,-0.00000,0.00000,0.01500,0.00000,25.00,0.00,0.00,0.0000,0.0000,0.5743,0.0000,0,0
2026-08-25 17:30:00.151320,3546,franka,0.56551,-0.08161,0.24993,-0.00000,0.00000,0.01500,0.00000,25.00,0.00,0.00,0.0000,0.0000,0.5686,0.0000,0,0
2026-08-25 17:30:00.205472,3547,franka,0.56552,-0.08162,0.25072,-0.00000,0.00000,0.01500,0.00000,25.00,0.00,0.00,0.0000,0.0000,0.5543,0.0000,0,0
2026-08-25 17:30:00.259131,3548,franka,0.56551,-0.08162,0.25147,-0.00000,0.00000,0.01500,0.00000,25.00,0.00,0.00,0.0000,0.0000,0.5600,0.0000,0,0
2026-08-25 17:30:00.312725,3549,franka,0.56550,-0.08162,0.25295,-0.00000,0.00000,0.01500,0.00000,25.00,0.00,0.00,0.0000,0.0000,0.5600,0.0029,0,0
2026-08-25 17:30:00.366354,3550,franka,0.56550,-0.08162,0.25371,-0.00000,0.00000,0.01500,0.00000,25.00,0.00,0.00,0.0000,0.0000,0.5629,0.0029,0,0
2026-08-25 17:30:00.417927,3551,franka,0.56550,-0.08162,0.25445,-0.00000,0.00000,0.01500,0.00000,25.00,0.00,0.00,0.0000,0.0000,0.5286,0.0000,0,0
2026-08-25 17:30:00.471822,3552,franka,0.56550,-0.08162,0.25522,-0.00000,0.00000,0.01500,0.00000,25.00,0.00,0.00,0.0000,0.0000,0.5200,0.0000,0,0
2026-08-25 17:30:00.525443,3553,franka,0.56551,-0.08162,0.25599,-0.00000,0.00000,0.01500,0.00000,25.00,0.00,0.00,0.0000,0.0000,0.5143,0.0000,0,0
2026-08-25 17:30:00.579225,3554,franka,0.56550,-0.08162,0.25674,-0.00000,0.00000,0.01500,0.00000,25.00,0.00,0.00,0.0000,0.0000,0.5371,0.0000,0,0
2026-08-25 17:30:00.633329,3555,franka,0.56551,-0.08162,0.25751,-0.00000,0.00000,0.01500,0.00000,25.00,0.00,0.00,0.0000,0.0000,0.5486,0.0057,0,0
2026-08-25 17:30:00.687140,3556,franka,0.56551,-0.08162,0.25826,-0.00000,0.00000,0.01500,0.00000,25.00,0.00,0.00,0.0000,0.0057,0.5343,0.0000,0,0
2026-08-25 17:30:00.741030,3557,franka,0.56551,-0.08162,0.25902,-0.00000,0.00000,0.01500,0.00000,25.00,0.00,0.00,0.0000,0.0086,0.5314,0.0029,0,0
2026-08-25 17:30:00.795018,3558,franka,0.56551,-0.08162,0.25978,-0.00000,0.00000,0.01500,0.00000,25.00,0.00,0.00,0.0000,0.0114,0.5286,0.0029,0,0
2026-08-25 17:30:00.848864,3559,franka,0.56551,-0.08162,0.26055,-0.00000,0.00000,0.01500,0.00000,25.00,0.00,0.00,0.0000,0.0171,0.5286,0.0086,0,0
2026-08-25 17:30:00.902744,3560,franka,0.56551,-0.08162,0.26129,-0.00000,0.00000,0.01500,0.00000,25.00,0.00,0.00,0.0000,0.0229,0.5257,0.0086,0,0
2026-08-25 17:30:00.956592,3561,franka,0.56551,-0.08162,0.26204,-0.00000,0.00000,0.01500,0.00000,25.00,0.00,0.00,0.0000,0.0229,0.5314,0.0057,0,0
2026-08-25 17:30:01.010490,3562,franka,0.56551,-0.08162,0.26279,-0.00000,0.00000,0.01500,0.00000,25.00,0.00,0.00,0.0000,0.0257,0.5200,0.0057,0,0
2026-08-25 17:30:01.064477,3563,franka,0.56551,-0.08162,0.26355,-0.00000,0.00000,0.01500,0.00000,25.00,0.00,0.00,0.0000,0.0114,0.5457,0.0086,0,0
2026-08-25 17:30:01.118006,3564,franka,0.56551,-0.08162,0.26431,-0.00000,0.00000,0.01500,0.00000,25.00,0.00,0.00,0.0000,0.0200,0.5343,0.0057,0,0
2026-08-25 17:30:01.171681,3565,franka,0.56550,-0.08162,0.26582,-0.00000,0.00000,0.01500,0.00000,25.00,0.00,0.00,0.0000,0.0171,0.5343,0.0057,0,0
2026-08-25 17:30:01.225256,3566,franka,0.56550,-0.08162,0.26657,-0.00000,0.00000,0.01500,0.00000,25.00,0.00,0.00,0.0000,0.0229,0.5286,0.0029,0,0
2026-08-25 17:30:01.279308,3567,franka,0.56551,-0.08162,0.26734,-0.00000,0.00000,0.01500,0.00000,25.00,0.00,0.00,0.0000,0.0200,0.5257,0.0029,0,0
2026-08-25 17:30:01.332978,3568,franka,0.56551,-0.08162,0.26809,-0.00000,0.00000,0.01500,0.00000,25.00,0.00,0.00,0.0000,0.0114,0.5343,0.0029,0,0
2026-08-25 17:30:01.387191,3569,franka,0.56551,-0.08162,0.26885,-0.00000,0.00000,0.01500,0.00000,25.00,0.00,0.00,0.0000,0.0171,0.5286,0.0000,0,0
2026-08-25 17:30:01.440785,3570,franka,0.56551,-0.08162,0.26963,-0.00000,0.00000,0.01500,0.00000,25.00,0.00,0.00,0.0000,0.0171,0.5229,0.0000,0,0
2026-08-25 17:30:01.495554,3571,franka,0.56551,-0.08162,0.27038,-0.00000,0.00000,0.01500,0.00000,25.00,0.00,0.00,0.0000,0.0086,0.5171,0.0000,0,0
2026-08-25 17:30:01.549255,3572,franka,0.56551,-0.08162,0.27113,-0.00000,0.00000,0.01500,0.00000,25.00,0.00,0.00,0.0000,0.0114,0.5200,0.0000,0,0
2026-08-25 17:30:01.603375,3573,franka,0.56552,-0.08162,0.27190,-0.00000,0.00000,0.01500,0.00000,25.00,0.00,0.00,0.0000,0.0114,0.5171,0.0000,0,0
2026-08-25 17:30:01.657281,3574,franka,0.56551,-0.08162,0.27265,-0.00000,0.00000,0.01500,0.00000,25.00,0.00,0.00,0.0000,0.0143,0.5114,0.0000,0,0
2026-08-25 17:30:01.711049,3575,franka,0.56551,-0.08162,0.27340,-0.00000,0.00000,0.01500,0.00000,25.00,0.00,0.00,0.0000,0.0171,0.5086,0.0000,0,0
2026-08-25 17:30:01.765085,3576,franka,0.56551,-0.08162,0.27417,-0.00000,0.00000,0.01500,0.00000,25.00,0.00,0.00,0.0000,0.0200,0.5057,0.0000,0,0
2026-08-25 17:30:01.818657,3577,franka,0.56551,-0.08162,0.27491,-0.00000,0.00000,0.01500,0.00000,25.00,0.00,0.00,0.0000,0.0257,0.4971,0.0000,0,0
2026-08-25 17:30:01.876675,3578,franka,0.56551,-0.08162,0.27568,-0.00000,0.00000,0.01500,0.00000,25.00,0.00,0.00,0.0000,0.0257,0.4914,0.0000,0,0
2026-08-25 17:30:01.925496,3579,franka,0.56550,-0.08162,0.27644,-0.00000,0.00000,0.01500,0.00000,25.00,0.00,0.00,0.0000,0.0286,0.4886,0.0000,0,0
2026-08-25 17:30:01.979343,3580,franka,0.56550,-0.08161,0.27793,-0.00000,0.00000,0.01500,0.00000,25.00,0.00,0.00,0.0000,0.0257,0.4943,0.0000,0,0
2026-08-25 17:30:02.033055,3581,franka,0.56550,-0.08162,0.27870,-0.00000,0.00000,0.01500,0.00000,25.00,0.00,0.00,0.0000,0.0286,0.4886,0.0000,0,0
2026-08-25 17:30:02.086632,3582,franka,0.56551,-0.08161,0.27947,-0.00000,0.00000,0.01500,0.00000,25.00,0.00,0.00,0.0000,0.0371,0.4714,0.0000,0,0
2026-08-25 17:30:02.140671,3583,franka,0.56551,-0.08162,0.28023,-0.00000,0.00000,0.01500,0.00000,25.00,0.00,0.00,0.0000,0.0400,0.4714,0.0000,0,0
2026-08-25 17:30:02.194276,3584,franka,0.56551,-0.08161,0.28099,-0.00000,0.00000,0.01500,0.00000,25.00,0.00,0.00,0.0000,0.0400,0.4600,0.0000,0,0
2026-08-25 17:30:02.248348,3585,franka,0.56551,-0.08161,0.28176,-0.00000,0.00000,0.01500,0.00000,25.00,0.00,0.00,0.0000,0.0429,0.4543,0.0000,0,0
2026-08-25 17:30:02.302115,3586,franka,0.56552,-0.08161,0.28252,-0.00000,0.00000,0.01500,0.00000,25.00,0.00,0.00,0.0000,0.0429,0.4543,0.0000,0,0
2026-08-25 17:30:02.355657,3587,franka,0.56551,-0.08161,0.28327,-0.00000,0.00000,0.01500,0.00000,25.00,0.00,0.00,0.0000,0.0457,0.4543,0.0000,0,0
2026-08-25 17:30:02.409698,3588,franka,0.56551,-0.08161,0.28402,-0.00000,0.00000,0.01500,0.00000,25.00,0.00,0.00,0.0000,0.0457,0.4571,0.0000,0,0
2026-08-25 17:30:02.463523,3589,franka,0.56551,-0.08161,0.28477,-0.00000,0.00000,0.01500,0.00000,25.00,0.00,0.00,0.0000,0.0486,0.4629,0.0000,0,0
2026-08-25 17:30:02.517327,3590,franka,0.56551,-0.08161,0.28552,-0.00000,0.00000,0.01500,0.00000,25.00,0.00,0.00,0.0000,0.0486,0.4600,0.0000,0,0
2026-08-25 17:30:02.570929,3591,franka,0.56551,-0.08161,0.28628,-0.00000,0.00000,0.01500,0.00000,25.00,0.00,0.00,0.0000,0.0457,0.4629,0.0000,0,0
2026-08-25 17:30:02.624641,3592,franka,0.56551,-0.08161,0.28704,-0.00000,0.00000,0.01500,0.00000,25.00,0.00,0.00,0.0000,0.0457,0.4629,0.0000,0,0
2026-08-25 17:30:02.679357,3593,franka,0.56551,-0.08161,0.28779,-0.00000,0.00000,0.01500,0.00000,25.00,0.00,0.00,0.0000,0.0486,0.4629,0.0000,0,0
2026-08-25 17:30:02.734160,3594,franka,0.56551,-0.08161,0.28855,-0.00000,0.00000,0.01500,0.00000,25.00,0.00,0.00,0.0000,0.0486,0.4600,0.0000,0,0
2026-08-25 17:30:02.787812,3595,franka,0.56551,-0.08160,0.29008,-0.00000,0.00000,0.01500,0.00000,25.00,0.00,0.00,0.0000,0.0486,0.4657,0.0000,0,0
2026-08-25 17:30:02.842336,3596,franka,0.56551,-0.08160,0.29083,-0.00000,0.00000,0.01500,0.00000,25.00,0.00,0.00,0.0000,0.0486,0.4714,0.0000,0,0
2026-08-25 17:30:02.896451,3597,franka,0.56552,-0.08160,0.29158,-0.00000,0.00000,0.01500,0.00000,25.00,0.00,0.00,0.0000,0.0457,0.4743,0.0000,0,0
2026-08-25 17:30:02.950312,3598,franka,0.56552,-0.08160,0.29233,-0.00000,0.00000,0.01500,0.00000,25.00,0.00,0.00,0.0000,0.0429,0.4686,0.0000,0,0
2026-08-25 17:30:03.004266,3599,franka,0.56552,-0.08160,0.29308,-0.00000,0.00000,0.01500,0.00000,25.00,0.00,0.00,0.0000,0.0429,0.4714,0.0000,0,0
2026-08-25 17:30:03.057912,3600,franka,0.56552,-0.08160,0.29385,-0.00000,0.00000,0.01500,0.00000,25.00,0.00,0.00,0.0000,0.0486,0.4771,0.0000,0,0
2026-08-25 17:30:03.111650,3601,franka,0.56552,-0.08159,0.29460,-0.00000,0.00000,0.01500,0.00000,25.00,0.00,0.00,0.0000,0.0486,0.4743,0.0000,0,0
2026-08-25 17:30:03.166270,3602,franka,0.56551,-0.08159,0.29534,-0.00000,0.00000,0.01500,0.00000,25.00,0.00,0.00,0.0000,0.0429,0.4943,0.0000,0,0
2026-08-25 17:30:03.221187,3603,franka,0.56551,-0.08159,0.29610,-0.00000,0.00000,0.01500,0.00000,25.00,0.00,0.00,0.0000,0.0457,0.4914,0.0000,0,0
2026-08-25 17:30:03.272613,3604,franka,0.56551,-0.08159,0.29684,-0.00000,0.00000,0.01500,0.00000,25.00,0.00,0.00,0.0000,0.0457,0.4971,0.0000,0,0
2026-08-25 17:30:03.327033,3605,franka,0.56551,-0.08159,0.29760,-0.00000,0.00000,0.01500,0.00000,25.00,0.00,0.00,0.0000,0.0429,0.4971,0.0000,0,0
2026-08-25 17:30:03.380962,3606,franka,0.56550,-0.08158,0.29834,-0.00000,0.00000,0.01500,0.00000,25.00,0.00,0.00,0.0000,0.0486,0.4943,0.0000,0,0
2026-08-25 17:30:03.434321,3607,franka,0.56551,-0.08158,0.29909,-0.00000,0.00000,0.01500,0.00000,25.00,0.00,0.00,0.0000,0.0457,0.5000,0.0000,0,0
2026-08-25 17:30:03.488247,3608,franka,0.56551,-0.08158,0.29987,-0.00000,0.00000,0.01500,0.00000,25.00,0.00,0.00,0.0000,0.0457,0.4971,0.0000,0,0
2026-08-25 17:30:03.542532,3609,franka,0.56551,-0.08158,0.30136,-0.00000,0.00000,0.01500,0.00000,25.00,0.00,0.00,0.0000,0.0486,0.4886,0.0000,0,0
2026-08-25 17:30:03.596603,3610,franka,0.56552,-0.08158,0.30212,-0.00000,0.00000,0.01500,0.00000,25.00,0.00,0.00,0.0057,0.0486,0.4943,0.0000,0,0
2026-08-25 17:30:03.650367,3611,franka,0.56552,-0.08158,0.30287,-0.00000,0.00000,0.01500,0.00000,25.00,0.00,0.00,0.0086,0.0486,0.4914,0.0000,0,0
2026-08-25 17:30:03.704056,3612,franka,0.56552,-0.08157,0.30363,-0.00000,0.00000,0.01500,0.00000,25.00,0.00,0.00,0.0057,0.0486,0.4857,0.0000,0,0
2026-08-25 17:30:03.757737,3613,franka,0.56552,-0.08157,0.30440,-0.00000,0.00000,0.01500,0.00000,25.00,0.00,0.00,0.0057,0.0457,0.4914,0.0000,0,0
2026-08-25 17:30:03.812834,3614,franka,0.56552,-0.08157,0.30516,-0.00000,0.00000,0.01500,0.00000,25.00,0.00,0.00,0.0057,0.0486,0.4857,0.0000,0,0
2026-08-25 17:30:03.867510,3615,franka,0.56552,-0.08157,0.30593,-0.00000,0.00000,0.01500,0.00000,25.00,0.00,0.00,0.0000,0.0429,0.4857,0.0000,0,0
2026-08-25 17:30:03.921605,3616,franka,0.56551,-0.08157,0.30669,-0.00000,0.00000,0.01500,0.00000,25.00,0.00,0.00,0.0000,0.0429,0.4857,0.0000,0,0
2026-08-25 17:30:03.972714,3617,franka,0.56551,-0.08157,0.30745,-0.00000,0.00000,0.01500,0.00000,25.00,0.00,0.00,0.0000,0.0429,0.4800,0.0000,0,0
2026-08-25 17:30:04.026509,3618,franka,0.56552,-0.08157,0.30820,-0.00000,0.00000,0.01500,0.00000,25.00,0.00,0.00,0.0000,0.0429,0.4714,0.0000,0,0
2026-08-25 17:30:04.080166,3619,franka,0.56552,-0.08157,0.30895,-0.00000,0.00000,0.01500,0.00000,25.00,0.00,0.00,0.0000,0.0457,0.4714,0.0000,0,0
2026-08-25 17:30:04.133964,3620,franka,0.56552,-0.08156,0.30970,-0.00000,0.00000,0.01500,0.00000,25.00,0.00,0.00,0.0000,0.0429,0.4771,0.0000,0,0
2026-08-25 17:30:04.187765,3621,franka,0.56552,-0.08156,0.31045,-0.00000,0.00000,0.01500,0.00000,25.00,0.00,0.00,0.0000,0.0429,0.4771,0.0000,0,0
2026-08-25 17:30:04.242140,3622,franka,0.56552,-0.08156,0.31121,-0.00000,0.00000,0.01500,0.00000,25.00,0.00,0.00,0.0000,0.0486,0.4657,0.0000,0,0
2026-08-25 17:30:04.296240,3623,franka,0.56552,-0.08156,0.31196,-0.00000,0.00000,0.01500,0.00000,25.00,0.00,0.00,0.0057,0.0457,0.4714,0.0000,0,0
2026-08-25 17:30:04.350206,3624,franka,0.56552,-0.08156,0.31347,-0.00000,0.00000,0.01500,0.00000,25.00,0.00,0.00,0.0057,0.0486,0.4657,0.0000,0,0
2026-08-25 17:30:04.400947,3625,franka,0.56552,-0.08156,0.31421,-0.00000,0.00000,0.01500,0.00000,25.00,0.00,0.00,0.0086,0.0600,0.4600,0.0000,0,0
2026-08-25 17:30:04.454790,3626,franka,0.56551,-0.08156,0.31497,-0.00000,0.00000,0.01500,0.00000,25.00,0.00,0.00,0.0057,0.0571,0.4457,0.0000,0,0
2026-08-25 17:30:04.508651,3627,franka,0.56551,-0.08156,0.31572,-0.00000,0.00000,0.01500,0.00000,25.00,0.00,0.00,0.0086,0.0743,0.4057,0.0000,0,0
2026-08-25 17:30:04.562644,3628,franka,0.56551,-0.08156,0.31646,-0.00000,0.00000,0.01500,0.00000,25.00,0.00,0.00,0.0057,0.0829,0.3971,0.0000,0,0
2026-08-25 17:30:04.616348,3629,franka,0.56551,-0.08156,0.31723,-0.00000,0.00000,0.01500,0.00000,25.00,0.00,0.00,0.0114,0.0743,0.4057,0.0000,0,0
2026-08-25 17:30:04.671002,3630,franka,0.56552,-0.08156,0.31800,-0.00000,0.00000,0.01500,0.00000,25.00,0.00,0.00,0.0114,0.0657,0.4229,0.0000,0,0
2026-08-25 17:30:04.722846,3631,franka,0.56552,-0.08156,0.31876,-0.00000,0.00000,0.01500,0.00000,25.00,0.00,0.00,0.0200,0.0543,0.4400,0.0000,0,0
2026-08-25 17:30:04.776750,3632,franka,0.56552,-0.08156,0.31952,-0.00000,0.00000,0.01500,0.00000,25.00,0.00,0.00,0.0200,0.0543,0.4371,0.0000,0,0
2026-08-25 17:30:04.827624,3633,franka,0.56552,-0.08156,0.32029,-0.00000,0.00000,0.01500,0.00000,25.00,0.00,0.00,0.0029,0.0657,0.3800,0.0000,0,0
2026-08-25 17:30:04.881673,3634,franka,0.56552,-0.08156,0.32104,-0.00000,0.00000,0.01500,0.00000,25.00,0.00,0.00,0.0000,0.1057,0.1200,0.0000,0,0
2026-08-25 17:30:04.935486,3635,franka,0.56552,-0.08156,0.32168,-0.00000,0.00000,0.00303,0.00000,25.00,0.00,0.00,0.0000,0.0000,0.0000,0.0000,0,0
2026-08-25 17:30:04.989159,3636,franka,0.56553,-0.08158,0.32174,-0.00000,0.00000,0.00000,0.00000,25.00,0.00,0.00,0.0000,0.0000,0.0000,0.0000,0,0
2026-08-25 17:30:05.042935,3637,franka,0.56553,-0.08157,0.32174,-0.00000,0.00000,-0.00000,0.00000,25.00,0.00,0.00,0.0000,0.0000,0.0000,0.0000,0,0
2026-08-25 17:30:05.097947,3638,franka,0.56553,-0.08157,0.32172,-0.00000,0.00000,-0.00000,0.00000,25.00,0.00,0.00,0.0000,0.0000,0.0000,0.0000,0,0
2026-08-25 17:30:05.151700,3639,franka,0.56553,-0.08157,0.32176,-0.00000,0.00000,-0.00000,0.00000,25.00,0.00,0.00,0.0000,0.0000,0.0000,0.0000,0,0
2026-08-25 17:30:05.205405,3640,franka,0.56553,-0.08157,0.32174,-0.00000,0.00000,-0.00000,0.00000,25.00,0.00,0.00,0.0000,0.0000,0.0000,0.0000,0,0
2026-08-25 17:30:05.259050,3641,franka,0.56553,-0.08157,0.32174,-0.00000,0.00000,-0.00000,0.00000,25.00,0.00,0.00,0.0000,0.0000,0.0000,0.0000,0,0
2026-08-25 17:30:05.313714,3642,franka,0.56553,-0.08157,0.32174,-0.00000,0.00000,-0.00000,0.00000,25.00,0.00,0.00,0.0000,0.0000,0.0000,0.0000,0,0
2026-08-25 17:30:05.367417,3643,franka,0.56553,-0.08157,0.32174,-0.00000,0.00000,-0.00000,0.00000,25.00,0.00,0.00,0.0000,0.0000,0.0000,0.0000,0,0
2026-08-25 17:30:05.422079,3644,franka,0.56553,-0.08157,0.32174,-0.00000,0.00000,-0.00000,0.00000,25.00,0.00,0.00,0.0000,0.0000,0.0000,0.0000,0,0
2026-08-25 17:30:05.475901,3645,franka,0.56553,-0.08157,0.32174,-0.00000,0.00000,-0.00000,0.00000,25.00,0.00,0.00,0.0000,0.0000,0.0000,0.0000,0,0
2026-08-25 17:30:05.529777,3646,franka,0.56553,-0.08157,0.32174,-0.00000,0.00000,-0.00000,0.00000,25.00,0.00,0.00,0.0000,0.0000,0.0000,0.0000,0,0
2026-08-25 17:30:05.583654,3647,franka,0.56553,-0.08157,0.32175,-0.00000,0.00000,-0.00000,0.00000,25.00,0.00,0.00,0.0000,0.0000,0.0000,0.0000,0,0
2026-08-25 17:30:05.637707,3648,franka,0.56553,-0.08157,0.32174,-0.00000,0.00000,-0.00000,0.00000,25.00,0.00,0.00,0.0000,0.0000,0.0000,0.0000,0,0
2026-08-25 17:30:05.691910,3649,franka,0.56553,-0.08157,0.32174,-0.00000,0.00000,-0.00000,0.00000,25.00,0.00,0.00,0.0000,0.0000,0.0000,0.0000,0,0
2026-08-25 17:30:05.745883,3650,franka,0.56553,-0.08157,0.32174,-0.00000,0.00000,-0.00000,0.00000,25.00,0.00,0.00,0.0000,0.0000,0.0000,0.0000,0,0
2026-08-25 17:30:05.799705,3651,franka,0.56553,-0.08157,0.32175,-0.00000,0.00000,-0.00000,0.00000,25.00,0.00,0.00,0.0000,0.0000,0.0000,0.0000,0,0
2026-08-25 17:30:05.853795,3652,franka,0.56553,-0.08157,0.32174,-0.00000,0.00000,-0.00000,0.00000,25.00,0.00,0.00,0.0000,0.0000,0.0000,0.0000,0,0
2026-08-25 17:30:05.904816,3653,franka,0.56553,-0.08157,0.32174,-0.00000,0.00000,-0.00000,0.00000,25.00,0.00,0.00,0.0000,0.0000,0.0000,0.0000,0,0
2026-08-25 17:30:05.958953,3654,franka,0.56553,-0.08157,0.32174,-0.00000,0.00000,-0.00000,0.00000,25.00,0.00,0.00,0.0000,0.0000,0.0000,0.0000,0,0
2026-08-25 17:30:06.012908,3655,franka,0.56553,-0.08157,0.32174,-0.00000,0.00000,-0.00000,0.00000,25.00,0.00,0.00,0.0000,0.0000,0.0000,0.0000,0,0
2026-08-25 17:30:06.066909,3656,franka,0.56553,-0.08157,0.32174,-0.00000,0.00000,-0.00000,0.00000,25.00,0.00,0.00,0.0000,0.0000,0.0000,0.0000,0,0
2026-08-25 17:30:06.120827,3657,franka,0.56553,-0.08157,0.32174,-0.00000,0.00000,-0.00000,0.00000,25.00,0.00,0.00,0.0000,0.0000,0.0000,0.0000,0,0
2026-08-25 17:30:06.174774,3658,franka,0.56553,-0.08157,0.32174,-0.00000,0.00000,-0.00000,0.00000,25.00,0.00,0.00,0.0000,0.0000,0.0000,0.0000,0,0
2026-08-25 17:30:06.228354,3659,franka,0.56553,-0.08157,0.32174,-0.00000,0.00000,-0.00000,0.00000,25.00,0.00,0.00,0.0000,0.0000,0.0000,0.0000,0,0
2026-08-25 17:30:06.279695,3660,franka,0.56553,-0.08157,0.32174,-0.00000,0.00000,-0.00000,0.00000,25.00,0.00,0.00,0.0000,0.0000,0.0000,0.0000,0,0
2026-08-25 17:30:06.333702,3661,franka,0.56553,-0.08157,0.32174,-0.00000,0.00000,-0.00000,0.00000,25.00,0.00,0.00,0.0000,0.0000,0.0000,0.0000,0,0
2026-08-25 17:30:06.387244,3662,franka,0.56553,-0.08157,0.32174,-0.00000,0.00000,-0.00000,0.00000,25.00,0.00,0.00,0.0000,0.0000,0.0000,0.0000,0,0
2026-08-25 17:30:06.440953,3663,franka,0.56553,-0.08157,0.32174,-0.00000,0.00000,-0.00000,0.00000,25.00,0.00,0.00,0.0000,0.0000,0.0000,0.0000,0,0
2026-08-25 17:30:06.494552,3664,franka,0.56553,-0.08157,0.32174,-0.00000,0.00000,-0.00000,0.00000,25.00,0.00,0.00,0.0000,0.0000,0.0000,0.0000,0,0
2026-08-25 17:30:06.548205,3665,franka,0.56553,-0.08157,0.32174,-0.00000,0.00000,-0.00000,0.00000,25.00,0.00,0.00,0.0000,0.0000,0.0000,0.0000,0,0
2026-08-25 17:30:06.601739,3666,franka,0.56553,-0.08157,0.32174,-0.00000,0.00000,-0.00000,0.00000,25.00,0.00,0.00,0.0000,0.0000,0.0000,0.0000,0,0
2026-08-25 17:30:06.656197,3667,franka,0.56553,-0.08157,0.32174,-0.00000,0.00000,-0.00000,0.00000,25.00,0.00,0.00,0.0000,0.0000,0.0000,0.0000,0,0
2026-08-25 17:30:06.708981,3668,franka,0.56553,-0.08157,0.32174,-0.00000,0.00000,-0.00000,0.00000,25.00,0.00,0.00,0.0000,0.0000,0.0000,0.0000,0,0
2026-08-25 17:30:06.762857,3669,franka,0.56553,-0.08157,0.32174,-0.00000,0.00000,-0.00000,0.00000,25.00,0.00,0.00,0.0000,0.0000,0.0000,0.0000,0,0
2026-08-25 17:30:06.816649,3670,franka,0.56553,-0.08157,0.32174,-0.00000,0.00000,-0.00000,0.00000,25.00,0.00,0.00,0.0000,0.0000,0.0000,0.0000,0,0
2026-08-25 17:30:06.870064,3671,franka,0.56553,-0.08157,0.32174,-0.00000,0.00000,-0.00000,0.00000,25.00,0.00,0.00,0.0000,0.0000,0.0000,0.0000,0,0
2026-08-25 17:30:06.925846,3672,franka,0.56553,-0.08157,0.32175,-0.00000,0.00000,-0.00000,0.00000,25.00,0.00,0.00,0.0000,0.0000,0.0000,0.0000,0,0
2026-08-25 17:30:06.976105,3673,franka,0.56553,-0.08157,0.32174,-0.00000,0.00000,-0.00000,0.00000,25.00,0.00,0.00,0.0000,0.0000,0.0000,0.0000,0,1
2026-08-25 17:30:07.025679,3674,franka,0.56553,-0.08157,0.32174,-0.00000,0.00000,-0.00000,0.00000,25.00,0.00,0.00,0.0000,0.0000,0.0000,0.0000,0,1
2026-08-25 17:30:07.079626,3675,franka,0.56553,-0.08157,0.32174,-0.00000,0.00000,-0.00000,0.00000,25.00,0.00,0.00,0.0000,0.0000,0.0000,0.0000,0,1
2026-08-25 17:30:07.133716,3676,franka,0.56553,-0.08157,0.32174,-0.00000,0.00000,-0.00000,0.00000,25.00,0.00,0.00,0.0000,0.0000,0.0000,0.0000,0,1
2026-08-25 17:30:07.188015,3677,franka,0.56553,-0.08157,0.32174,-0.00000,0.00000,-0.00000,0.00000,25.00,0.00,0.00,0.0000,0.0000,0.0000,0.0000,0,1
2026-08-25 17:30:07.241872,3678,franka,0.56553,-0.08157,0.32174,-0.00000,0.00000,-0.00000,0.00000,25.00,0.00,0.00,0.0000,0.0000,0.0000,0.0000,0,1
2026-08-25 17:30:07.295697,3679,franka,0.56553,-0.08157,0.32174,-0.00000,0.00000,-0.00000,0.00000,25.00,0.00,0.00,0.0000,0.0000,0.0000,0.0000,0,1
2026-08-25 17:30:07.349883,3680,franka,0.56553,-0.08157,0.32174,-0.00000,0.00000,-0.00000,0.00000,25.00,0.00,0.00,0.0000,0.0000,0.0000,0.0000,0,0
2026-08-25 17:30:07.403984,3681,franka,0.56553,-0.08157,0.32174,-0.00000,0.00000,-0.00000,0.00000,25.00,0.00,0.00,0.0000,0.0000,0.0000,0.0000,0,0
2026-08-25 17:30:07.455169,3682,franka,0.56553,-0.08157,0.32174,-0.00000,0.00000,-0.00000,0.00000,25.00,0.00,0.00,0.0000,0.0000,0.0000,0.0000,0,0
2026-08-25 17:30:07.508840,3683,franka,0.56553,-0.08157,0.32174,-0.00000,0.00000,-0.00000,0.00000,25.00,0.00,0.00,0.0000,0.0000,0.0000,0.0000,0,0
2026-08-25 17:30:07.562728,3684,franka,0.56553,-0.08157,0.32175,-0.00000,0.00000,-0.00000,0.00000,25.00,0.00,0.00,0.0000,0.0000,0.0000,0.0000,0,0
2026-08-25 17:30:07.616591,3685,franka,0.56553,-0.08157,0.32174,-0.00000,0.00000,-0.00000,0.00000,25.00,0.00,0.00,0.0000,0.0000,0.0000,0.0000,0,0
2026-08-25 17:30:07.670194,3686,franka,0.56553,-0.08157,0.32174,-0.00000,0.00000,-0.00000,0.00000,25.00,0.00,0.00,0.0000,0.0000,0.0000,0.0000,0,0
2026-08-25 17:30:07.723820,3687,franka,0.56553,-0.08157,0.32174,-0.00000,0.00000,-0.00000,0.00000,25.00,0.00,0.00,0.0000,0.0000,0.0000,0.0000,0,0
2026-08-25 17:30:07.777416,3688,franka,0.56553,-0.08157,0.32174,-0.00000,0.00000,-0.00000,0.00000,25.00,0.00,0.00,0.0000,0.0000,0.0000,0.0000,0,0
2026-08-25 17:30:07.827471,3689,franka,0.56553,-0.08157,0.32174,-0.00000,0.00000,-0.00000,0.00000,25.00,0.00,0.00,0.0000,0.0000,0.0000,0.0000,0,0
2026-08-25 17:30:07.878793,3690,franka,0.56553,-0.08157,0.32174,-0.00000,0.00000,-0.00000,0.00000,25.00,0.00,0.00,0.0000,0.0000,0.0000,0.0000,0,0
2026-08-25 17:30:07.933139,3691,franka,0.56553,-0.08157,0.32174,-0.00000,0.00000,-0.00000,0.00000,25.00,0.00,0.00,0.0000,0.0000,0.0000,0.0000,0,0
2026-08-25 17:30:07.988472,3692,franka,0.56553,-0.08157,0.32174,-0.00000,0.00000,-0.00000,0.00000,25.00,0.00,0.00,0.0000,0.0000,0.0000,0.0000,0,0
2026-08-25 17:30:08.042694,3693,franka,0.56553,-0.08157,0.32174,-0.00000,0.00000,-0.00000,0.00000,25.00,0.00,0.00,0.0000,0.0000,0.0000,0.0000,0,0
2026-08-25 17:30:08.096929,3694,franka,0.56553,-0.08157,0.32174,-0.00000,0.00000,-0.00000,0.00000,25.00,0.00,0.00,0.0000,0.0000,0.0000,0.0000,0,0
2026-08-25 17:30:08.150398,3695,franka,0.56553,-0.08157,0.32174,-0.00000,0.00000,-0.00000,0.00000,25.00,0.00,0.00,0.0000,0.0000,0.0000,0.0000,0,0
2026-08-25 17:30:08.204212,3696,franka,0.56553,-0.08157,0.32174,-0.00000,0.00000,-0.00000,0.00000,25.00,0.00,0.00,0.0000,0.0000,0.0000,0.0000,0,0
2026-08-25 17:30:08.257990,3697,franka,0.56553,-0.08157,0.32174,-0.00000,0.00000,-0.00000,0.00000,25.00,0.00,0.00,0.0000,0.0000,0.0000,0.0000,0,0
2026-08-25 17:30:08.312196,3698,franka,0.56553,-0.08157,0.32174,-0.00000,0.00000,-0.00000,0.00000,25.00,0.00,0.00,0.0000,0.0000,0.0000,0.0000,0,0
2026-08-25 17:30:08.366183,3699,franka,0.56553,-0.08157,0.32174,-0.00000,0.00000,-0.00000,0.00000,25.00,0.00,0.00,0.0000,0.0000,0.0000,0.0000,0,0
2026-08-25 17:30:08.420192,3700,franka,0.56553,-0.08157,0.32174,-0.00000,0.00000,-0.00000,0.00000,25.00,0.00,0.00,0.0000,0.0000,0.0000,0.0000,0,0
2026-08-25 17:30:08.473758,3701,franka,0.56553,-0.08157,0.32174,-0.00000,0.00000,-0.00000,0.00000,25.00,0.00,0.00,0.0000,0.0000,0.0000,0.0000,0,0
2026-08-25 17:30:08.527321,3702,franka,0.56553,-0.08157,0.32174,-0.00000,0.00000,-0.00000,0.00000,25.00,0.00,0.00,0.0000,0.0000,0.0000,0.0000,0,0
2026-08-25 17:30:08.581352,3703,franka,0.56553,-0.08157,0.32174,-0.00000,0.00000,-0.00000,0.00000,25.00,0.00,0.00,0.0000,0.0000,0.0000,0.0000,0,0
2026-08-25 17:30:08.635040,3704,franka,0.56553,-0.08157,0.32174,-0.00000,0.00000,-0.00000,0.00000,25.00,0.00,0.00,0.0000,0.0000,0.0000,0.0000,0,0
2026-08-25 17:30:08.688699,3705,franka,0.56553,-0.08157,0.32174,-0.00000,0.00000,-0.00000,0.00000,25.00,0.00,0.00,0.0000,0.0000,0.0000,0.0000,0,0
2026-08-25 17:30:08.742472,3706,franka,0.56553,-0.08157,0.32174,-0.00000,0.00000,-0.00000,0.00000,25.00,0.00,0.00,0.0000,0.0000,0.0000,0.0000,0,0
2026-08-25 17:30:08.797901,3707,franka,0.56553,-0.08157,0.32174,-0.00000,0.00000,-0.00000,0.00000,25.00,0.00,0.00,0.0000,0.0000,0.0000,0.0000,0,0
2026-08-25 17:30:08.851855,3708,franka,0.56553,-0.08157,0.32174,-0.00000,0.00000,-0.00000,0.00000,25.00,0.00,0.00,0.0000,0.0000,0.0000,0.0000,0,0
2026-08-25 17:30:08.905782,3709,franka,0.56553,-0.08157,0.32174,-0.00000,0.00000,-0.00000,0.00000,25.00,0.00,0.00,0.0000,0.0000,0.0000,0.0000,0,0
2026-08-25 17:30:08.959855,3710,franka,0.56553,-0.08157,0.32174,-0.00000,0.00000,-0.00000,0.00000,25.00,0.00,0.00,0.0000,0.0000,0.0000,0.0000,0,0
2026-08-25 17:30:09.013844,3711,franka,0.56553,-0.08157,0.32174,-0.00000,0.00000,-0.00000,0.00000,25.00,0.00,0.00,0.0000,0.0000,0.0000,0.0000,0,0
2026-08-25 17:30:09.067531,3712,franka,0.56553,-0.08157,0.32174,-0.00000,0.00000,-0.00000,0.00000,25.00,0.00,0.00,0.0000,0.0000,0.0000,0.0000,1,0
2026-08-25 17:30:09.121507,3713,flowbot,0.56553,-0.08157,0.32174,-0.00000,0.00000,-0.00000,0.00000,25.00,0.00,0.00,0.0000,0.0000,0.0000,0.0000,1,0
2026-08-25 17:30:09.176318,3714,flowbot,0.56553,-0.08157,0.32174,-0.00000,0.00000,-0.00000,0.00000,25.00,0.00,0.00,0.0000,0.0000,0.0000,0.0000,1,0
2026-08-25 17:30:09.229274,3715,flowbot,0.56553,-0.08157,0.32174,-0.00000,0.00000,-0.00000,0.00000,25.00,0.00,0.00,0.0000,0.0000,0.0000,0.0000,1,0
2026-08-25 17:30:09.280299,3716,flowbot,0.56553,-0.08157,0.32174,-0.00000,0.00000,-0.00000,0.00000,25.00,0.00,0.00,0.0000,0.0000,0.0000,0.0000,1,0
2026-08-25 17:30:09.331598,3717,flowbot,0.56553,-0.08157,0.32174,-0.00000,0.00000,-0.00000,0.00000,25.00,0.00,0.00,0.0000,0.0000,0.0000,0.0000,1,0
2026-08-25 17:30:09.386897,3718,flowbot,0.56553,-0.08157,0.32174,-0.00000,0.00000,-0.00000,0.00000,25.00,0.00,0.00,0.0000,0.0000,0.0000,0.0000,1,0
2026-08-25 17:30:09.438453,3719,flowbot,0.56553,-0.08157,0.32174,-0.00000,0.00000,-0.00000,0.00000,25.00,0.00,0.00,0.0000,0.0000,0.0000,0.0000,1,0
2026-08-25 17:30:09.498540,3720,flowbot,0.56553,-0.08157,0.32174,-0.00000,0.00000,-0.00000,0.00000,25.00,0.00,0.00,0.0000,0.0000,0.0000,0.0000,1,0
2026-08-25 17:30:09.544228,3721,flowbot,0.56553,-0.08157,0.32174,-0.00000,0.00000,-0.00000,0.00000,25.00,0.00,0.00,0.0000,0.0000,0.0000,0.0000,1,0
2026-08-25 17:30:09.600082,3722,flowbot,0.56553,-0.08157,0.32174,-0.00000,0.00000,-0.00000,0.00000,25.00,0.00,0.00,0.0000,0.0000,0.0000,0.0000,0,0
2026-08-25 17:30:09.649845,3723,flowbot,0.56553,-0.08157,0.32174,-0.00000,0.00000,-0.00000,0.00000,25.00,0.00,0.00,0.0000,0.0000,0.0000,0.0000,0,0
2026-08-25 17:30:09.702148,3724,flowbot,0.56553,-0.08157,0.32174,-0.00000,0.00000,-0.00000,0.00000,25.00,0.00,0.00,0.0000,0.0000,0.0000,0.0000,0,0
2026-08-25 17:30:09.755725,3725,flowbot,0.56553,-0.08157,0.32174,-0.00000,0.00000,-0.00000,0.00000,25.00,0.00,0.00,0.0000,0.0000,0.0000,0.0000,0,0
2026-08-25 17:30:09.806999,3726,flowbot,0.56553,-0.08157,0.32174,-0.00000,0.00000,-0.00000,0.00000,25.00,0.00,0.00,0.0000,0.0000,0.0000,0.0000,0,0
2026-08-25 17:30:09.860069,3727,flowbot,0.56553,-0.08157,0.32174,-0.00000,0.00000,-0.00000,0.00000,25.00,0.00,0.00,0.0000,0.0000,0.0000,0.0000,0,0
2026-08-25 17:30:09.913515,3728,flowbot,0.56553,-0.08157,0.32174,-0.00000,0.00000,-0.00000,0.00000,25.00,0.00,0.00,0.0000,0.0000,0.0000,0.0000,0,0
2026-08-25 17:30:09.966340,3729,flowbot,0.56553,-0.08157,0.32174,-0.00000,0.00000,-0.00000,0.00000,25.00,0.00,0.00,0.0000,0.0000,0.0000,0.0000,0,0
2026-08-25 17:30:10.016361,3730,flowbot,0.56553,-0.08157,0.32174,-0.00000,0.00000,-0.00000,0.00000,25.00,0.00,0.00,0.0000,0.0000,0.0000,0.0000,0,0
2026-08-25 17:30:10.070478,3731,flowbot,0.56553,-0.08157,0.32174,-0.00000,0.00000,-0.00000,0.00000,25.00,0.00,0.00,0.0000,0.0000,0.0000,0.0000,0,0
2026-08-25 17:30:10.121779,3732,flowbot,0.56553,-0.08157,0.32174,-0.00000,0.00000,-0.00000,0.00000,25.00,0.00,0.00,0.0000,0.0000,0.0000,0.0000,0,0
2026-08-25 17:30:10.173858,3733,flowbot,0.56553,-0.08157,0.32174,-0.00000,0.00000,-0.00000,0.00000,25.00,0.00,0.00,0.0000,0.0000,0.0000,0.0000,0,0
2026-08-25 17:30:10.222571,3734,flowbot,0.56553,-0.08157,0.32174,-0.00000,0.00000,-0.00000,0.00000,25.00,0.00,0.00,0.0000,0.0000,0.0000,0.0000,0,0
2026-08-25 17:30:10.278073,3735,flowbot,0.56553,-0.08157,0.32174,-0.00000,0.00000,-0.00000,0.00000,25.00,0.00,0.00,0.0000,0.0000,0.0000,0.0000,0,0
2026-08-25 17:30:10.331874,3736,flowbot,0.56553,-0.08157,0.32174,-0.00000,0.00000,-0.00000,0.00000,25.00,0.00,0.00,0.0000,0.0000,0.0000,0.0000,0,0
2026-08-25 17:30:10.386906,3737,flowbot,0.56553,-0.08157,0.32174,-0.00000,0.00000,-0.00000,0.00000,25.00,0.00,0.00,0.0000,0.0000,0.0000,0.0000,0,0
2026-08-25 17:30:10.442161,3738,flowbot,0.56553,-0.08157,0.32174,-0.00000,0.00000,-0.00000,0.00000,25.00,0.00,0.00,0.0000,0.0000,0.0000,0.0000,0,0
2026-08-25 17:30:10.499498,3739,flowbot,0.56553,-0.08157,0.32174,-0.00000,0.00000,-0.00000,0.00000,25.00,0.00,0.00,0.0000,0.0000,0.0000,0.0000,0,0
2026-08-25 17:30:10.549069,3740,flowbot,0.56553,-0.08157,0.32174,-0.00000,0.00000,-0.00000,0.00000,25.00,0.00,0.00,0.0000,0.0000,0.0000,0.0000,0,0
2026-08-25 17:30:10.603369,3741,flowbot,0.56553,-0.08157,0.32174,-0.00000,0.00000,-0.00000,0.00000,25.00,0.00,0.00,0.0000,0.0000,0.0000,0.0000,0,0
2026-08-25 17:30:10.658043,3742,flowbot,0.56553,-0.08157,0.32174,-0.00000,0.00000,-0.00000,0.00000,25.00,0.00,0.00,0.0000,0.0000,0.0000,0.0000,0,0
2026-08-25 17:30:10.709731,3743,flowbot,0.56553,-0.08157,0.32174,-0.00000,0.00000,-0.00000,0.00000,25.00,0.00,0.00,0.0000,0.0000,0.0000,0.0000,0,0
2026-08-25 17:30:10.758826,3744,flowbot,0.56553,-0.08157,0.32174,-0.00000,0.00000,-0.00000,0.00000,25.00,0.00,0.00,0.0000,0.0000,0.0000,0.0000,0,0
2026-08-25 17:30:10.814400,3745,flowbot,0.56553,-0.08157,0.32174,-0.00000,0.00000,-0.00000,0.00000,25.00,0.00,0.00,0.0000,0.0000,0.0000,0.0000,0,0
2026-08-25 17:30:10.877653,3746,flowbot,0.56553,-0.08157,0.32174,-0.00000,0.00000,-0.00000,0.00000,20.00,20.00,20.00,0.0000,0.0000,0.0000,0.0000,0,1
2026-08-25 17:30:10.929278,3747,flowbot,0.56553,-0.08157,0.32174,-0.00000,0.00000,-0.00000,0.00000,20.00,20.00,20.00,0.0000,0.0000,0.0000,0.0000,0,1
2026-08-25 17:30:10.975369,3748,flowbot,0.56553,-0.08157,0.32174,-0.00000,0.00000,-0.00000,0.00000,20.00,20.00,20.00,0.0000,0.0000,0.0000,0.0000,0,1
2026-08-25 17:30:11.032022,3749,flowbot,0.56553,-0.08157,0.32174,-0.00000,0.00000,-0.00000,0.00000,20.00,20.00,20.00,0.0000,0.0000,0.0000,0.0000,0,1
2026-08-25 17:30:11.094582,3750,flowbot,0.56553,-0.08157,0.32174,-0.00000,0.00000,-0.00000,0.00000,20.00,20.00,20.00,0.0000,0.0000,0.0000,0.0000,0,1
2026-08-25 17:30:11.140643,3751,flowbot,0.56553,-0.08157,0.32174,-0.00000,0.00000,-0.00000,0.00000,20.00,20.00,20.00,0.0000,0.0000,0.0000,0.0000,0,1
2026-08-25 17:30:11.196775,3752,flowbot,0.56553,-0.08157,0.32174,-0.00000,0.00000,-0.00000,0.00000,20.00,20.00,20.00,0.0000,0.0000,0.0000,0.0000,0,1
2026-08-25 17:30:11.250787,3753,flowbot,0.56553,-0.08157,0.32174,-0.00000,0.00000,-0.00000,0.00000,20.00,20.00,20.00,0.0000,0.0000,0.0000,0.0000,0,1
2026-08-25 17:30:11.309641,3754,flowbot,0.56553,-0.08157,0.32174,-0.00000,0.00000,-0.00000,0.00000,20.00,20.00,20.00,0.0000,0.0000,0.0000,0.0000,0,0
2026-08-25 17:30:11.353970,3755,flowbot,0.56553,-0.08157,0.32174,-0.00000,0.00000,-0.00000,0.00000,20.00,20.00,20.00,0.0000,0.0000,0.0000,0.0000,0,0
2026-08-25 17:30:11.406753,3756,flowbot,0.56553,-0.08157,0.32174,-0.00000,0.00000,-0.00000,0.00000,20.00,20.00,20.00,0.0000,0.0000,0.0000,0.0000,0,0
2026-08-25 17:30:11.462758,3757,flowbot,0.56553,-0.08157,0.32174,-0.00000,0.00000,-0.00000,0.00000,20.00,20.00,20.00,0.0000,0.0000,0.0000,0.0000,0,0
2026-08-25 17:30:11.522398,3758,flowbot,0.56553,-0.08157,0.32174,-0.00000,0.00000,-0.00000,0.00000,20.00,20.00,20.00,0.0000,0.0000,0.0000,0.0000,0,0
2026-08-25 17:30:11.581595,3759,flowbot,0.56553,-0.08157,0.32174,-0.00000,0.00000,-0.00000,0.00000,20.00,20.00,20.00,0.0000,0.0000,0.0000,0.0000,0,0
2026-08-25 17:30:11.624666,3760,flowbot,0.56553,-0.08157,0.32174,-0.00000,0.00000,-0.00000,0.00000,20.00,20.00,20.00,0.0000,0.0000,0.0000,0.0000,0,0
2026-08-25 17:30:11.681062,3761,flowbot,0.56553,-0.08157,0.32174,-0.00000,0.00000,-0.00000,0.00000,20.00,20.00,20.00,0.0000,0.0000,0.0000,0.0000,0,0
2026-08-25 17:30:11.739653,3762,flowbot,0.56553,-0.08157,0.32174,-0.00000,0.00000,-0.00000,0.00000,20.00,20.00,20.00,0.0000,0.0000,0.0000,0.0000,0,0
2026-08-25 17:30:11.785856,3763,flowbot,0.56553,-0.08157,0.32174,-0.00000,0.00000,-0.00000,0.00000,20.00,20.00,20.00,0.0000,0.0000,0.0000,0.0000,0,0
2026-08-25 17:30:11.841002,3764,flowbot,0.56553,-0.08157,0.32174,-0.00000,0.00000,-0.00000,0.00000,20.00,20.00,20.00,0.0000,0.0000,0.0000,0.0000,0,0
2026-08-25 17:30:11.895647,3765,flowbot,0.56553,-0.08157,0.32174,-0.00000,0.00000,-0.00000,0.00000,20.00,20.00,20.00,0.0000,0.0000,0.0000,0.0000,0,0
2026-08-25 17:30:11.958751,3766,flowbot,0.56553,-0.08157,0.32174,-0.00000,0.00000,-0.00000,0.00000,20.00,20.00,20.00,0.0000,0.0000,0.0000,0.0000,0,0
2026-08-25 17:30:12.017881,3767,flowbot,0.56553,-0.08157,0.32174,-0.00000,0.00000,-0.00000,0.00000,20.00,20.00,20.00,0.0000,0.0000,0.0000,0.0000,0,0
2026-08-25 17:30:12.061673,3768,flowbot,0.56553,-0.08157,0.32174,-0.00000,0.00000,-0.00000,0.00000,20.00,20.00,20.00,0.0000,0.0000,0.0000,0.0000,0,0
2026-08-25 17:30:12.117969,3769,flowbot,0.56553,-0.08157,0.32174,-0.00000,0.00000,-0.00000,0.00000,20.00,20.00,20.00,0.0000,0.0000,0.0000,0.0000,0,0
2026-08-25 17:30:12.176154,3770,flowbot,0.56553,-0.08157,0.32174,-0.00000,0.00000,-0.00000,0.00000,20.00,20.00,20.00,0.0000,0.0000,0.0000,0.0000,0,0
2026-08-25 17:30:12.227405,3771,flowbot,0.56553,-0.08157,0.32174,-0.00000,0.00000,-0.00000,0.00000,20.00,20.00,20.00,0.0000,0.0000,0.0000,0.0000,0,0
2026-08-25 17:30:12.286849,3772,flowbot,0.56553,-0.08157,0.32174,-0.00000,0.00000,-0.00000,0.00000,20.00,20.00,20.00,0.0000,0.0000,0.0000,0.0000,0,0
2026-08-25 17:30:12.339564,3773,flowbot,0.56553,-0.08157,0.32174,-0.00000,0.00000,-0.00000,0.00000,20.00,20.00,20.00,0.0000,0.0000,0.0000,0.0000,0,0
2026-08-25 17:30:12.393198,3774,flowbot,0.56553,-0.08157,0.32174,-0.00000,0.00000,-0.00000,0.00000,20.00,20.00,20.00,0.0000,0.0000,0.0000,0.0000,0,0
2026-08-25 17:30:12.444930,3775,flowbot,0.56553,-0.08157,0.32174,-0.00000,0.00000,-0.00000,0.00000,20.00,20.00,20.00,0.0000,0.0000,0.0000,0.0000,0,0
2026-08-25 17:30:12.500177,3776,flowbot,0.56553,-0.08157,0.32174,-0.00000,0.00000,-0.00000,0.00000,20.00,20.00,20.00,0.0000,0.0000,0.0000,0.0000,0,0
2026-08-25 17:30:12.551447,3777,flowbot,0.56553,-0.08157,0.32174,-0.00000,0.00000,-0.00000,0.00000,20.00,20.00,20.00,0.0000,0.0000,0.0000,0.0000,0,0
2026-08-25 17:30:12.610051,3778,flowbot,0.56553,-0.08157,0.32174,-0.00000,0.00000,-0.00000,0.00000,20.00,20.00,20.00,0.0000,0.0000,0.0000,0.0000,0,0
2026-08-25 17:30:12.661923,3779,flowbot,0.56553,-0.08157,0.32174,-0.00000,0.00000,-0.00000,0.00000,20.00,20.00,20.00,0.0000,0.0000,0.0000,0.0000,0,0
2026-08-25 17:30:12.716826,3780,flowbot,0.56553,-0.08157,0.32174,-0.00000,0.00000,-0.00000,0.00000,20.00,20.00,20.00,0.0000,0.0000,0.0000,0.0000,0,0
2026-08-25 17:30:12.768542,3781,flowbot,0.56553,-0.08157,0.32174,-0.00000,0.00000,-0.00000,0.00000,20.00,20.00,20.00,0.0000,0.0000,0.0000,0.0000,0,0
2026-08-25 17:30:12.823015,3782,flowbot,0.56553,-0.08157,0.32174,-0.00000,0.00000,-0.00000,0.00000,20.00,20.00,20.00,0.0000,0.0000,0.0000,0.0000,0,0
2026-08-25 17:30:12.873284,3783,flowbot,0.56553,-0.08157,0.32174,-0.00000,0.00000,-0.00000,0.00000,20.00,20.00,20.00,0.0000,0.0000,0.0000,0.0000,0,0
2026-08-25 17:30:12.938522,3784,flowbot,0.56553,-0.08157,0.32174,-0.00000,0.00000,-0.00000,0.00000,20.00,20.00,20.00,0.0000,0.0000,0.0000,0.0000,0,0
2026-08-25 17:30:12.987564,3785,flowbot,0.56553,-0.08157,0.32174,-0.00000,0.00000,-0.00000,0.00000,20.00,20.00,20.00,0.0000,0.0000,0.0000,0.0000,0,0
2026-08-25 17:30:13.043271,3786,flowbot,0.56553,-0.08157,0.32174,-0.00000,0.00000,-0.00000,0.00000,20.00,20.00,20.00,0.0000,0.0000,0.0000,0.0000,0,0
2026-08-25 17:30:13.094950,3787,flowbot,0.56553,-0.08157,0.32174,-0.00000,0.00000,-0.00000,0.00000,20.00,20.00,20.00,0.0000,0.0000,0.0000,0.0000,0,0
2026-08-25 17:30:13.146766,3788,flowbot,0.56553,-0.08157,0.32174,-0.00000,0.00000,-0.00000,0.00000,20.00,20.00,20.00,0.0000,0.0000,0.0000,0.0000,0,0
2026-08-25 17:30:13.199805,3789,flowbot,0.56553,-0.08157,0.32174,-0.00000,0.00000,-0.00000,0.00000,20.00,20.00,20.00,0.0000,0.0000,0.0000,0.0000,0,0
2026-08-25 17:30:13.250733,3790,flowbot,0.56553,-0.08157,0.32174,-0.00000,0.00000,-0.00000,0.00000,20.00,20.00,20.00,0.0000,0.0000,0.0000,0.0000,0,0
2026-08-25 17:30:13.304731,3791,flowbot,0.56553,-0.08157,0.32174,-0.00000,0.00000,-0.00000,0.00000,20.00,20.00,20.00,0.0000,0.0000,0.0000,0.0000,0,0
2026-08-25 17:30:13.360749,3792,flowbot,0.56553,-0.08157,0.32174,-0.00000,0.00000,-0.00000,0.00000,20.00,20.00,20.00,0.0000,0.0000,0.0000,0.0000,0,0
2026-08-25 17:30:13.410381,3793,flowbot,0.56553,-0.08157,0.32174,-0.00000,0.00000,-0.00000,0.00000,20.00,20.00,20.00,0.0000,0.0000,0.0000,0.0000,0,0
2026-08-25 17:30:13.465448,3794,flowbot,0.56553,-0.08157,0.32174,-0.00000,0.00000,-0.00000,0.00000,20.00,20.00,20.00,0.0000,0.0000,0.0000,0.0000,0,0
2026-08-25 17:30:13.523034,3795,flowbot,0.56553,-0.08157,0.32174,-0.00000,0.00000,-0.00000,0.00000,20.00,20.00,20.00,0.0000,0.0000,0.0000,0.0000,0,0
2026-08-25 17:30:13.569112,3796,flowbot,0.56553,-0.08157,0.32174,-0.00000,0.00000,-0.00000,0.00000,20.00,20.00,20.00,0.0000,0.0000,0.0000,0.0000,0,0
2026-08-25 17:30:13.618585,3797,flowbot,0.56553,-0.08157,0.32174,-0.00000,0.00000,-0.00000,0.00000,20.00,20.00,20.00,0.0000,0.0000,0.0000,0.0000,0,0
2026-08-25 17:30:13.669748,3798,flowbot,0.56553,-0.08157,0.32174,-0.00000,0.00000,-0.00000,0.00000,20.00,20.00,20.00,0.0000,0.0000,0.0000,0.0000,0,0
2026-08-25 17:30:13.720114,3799,flowbot,0.56553,-0.08157,0.32174,-0.00000,0.00000,-0.00000,0.00000,20.00,20.00,20.00,0.0000,0.0000,0.0000,0.0000,0,0
2026-08-25 17:30:13.776358,3800,flowbot,0.56553,-0.08157,0.32174,-0.00000,0.00000,-0.00000,0.00000,20.00,20.00,20.00,0.0000,0.0000,0.0000,0.0000,0,0
2026-08-25 17:30:13.827567,3801,flowbot,0.56553,-0.08157,0.32174,-0.00000,0.00000,-0.00000,0.00000,20.00,20.00,20.00,0.0000,0.0000,0.0000,0.0000,0,0
2026-08-25 17:30:13.883021,3802,flowbot,0.56553,-0.08157,0.32174,-0.00000,0.00000,-0.00000,0.00000,20.00,20.00,20.00,0.0000,0.0000,0.0000,0.0000,0,0
2026-08-25 17:30:13.933234,3803,flowbot,0.56553,-0.08157,0.32174,-0.00000,0.00000,-0.00000,0.00000,20.00,20.00,20.00,0.0000,0.0000,0.0000,0.0000,0,0
2026-08-25 17:30:13.987212,3804,flowbot,0.56553,-0.08157,0.32174,-0.00000,0.00000,-0.00000,0.00000,20.00,20.00,20.00,0.0000,0.0000,0.0000,0.0000,0,0
2026-08-25 17:30:14.042285,3805,flowbot,0.56553,-0.08157,0.32174,-0.00000,0.00000,-0.00000,0.00000,20.00,20.00,20.00,0.0000,0.0000,0.0000,0.0000,0,0
2026-08-25 17:30:14.093494,3806,flowbot,0.56553,-0.08157,0.32174,-0.00000,0.00000,-0.00000,0.00000,20.00,20.00,20.00,0.0000,0.0000,0.0000,0.0000,0,0
2026-08-25 17:30:14.152466,3807,flowbot,0.56553,-0.08157,0.32174,-0.00000,0.00000,-0.00000,0.00000,20.00,20.00,20.00,0.0000,0.0000,0.0000,0.0000,0,0
2026-08-25 17:30:14.209946,3808,flowbot,0.56553,-0.08157,0.32174,-0.00000,0.00000,-0.00000,0.00000,20.00,20.00,20.00,0.0000,0.0000,0.0000,0.0000,0,0
2026-08-25 17:30:14.257246,3809,flowbot,0.56553,-0.08157,0.32174,-0.00000,0.00000,-0.00000,0.00000,20.00,20.00,20.00,0.0000,0.0000,0.0000,0.0000,0,0
2026-08-25 17:30:14.313270,3810,flowbot,0.56553,-0.08157,0.32174,-0.00000,0.00000,-0.00000,0.00000,20.00,20.00,20.00,0.0000,0.0000,0.0000,0.0000,0,0
2026-08-25 17:30:14.363860,3811,flowbot,0.56553,-0.08157,0.32174,-0.00000,0.00000,-0.00000,0.00000,20.00,20.00,20.00,0.0000,0.0000,0.0000,0.0000,0,0
2026-08-25 17:30:14.411632,3812,flowbot,0.56553,-0.08157,0.32174,-0.00000,0.00000,-0.00000,0.00000,20.00,20.00,20.00,0.0000,0.0000,0.0000,0.0000,0,0
2026-08-25 17:30:14.470189,3813,flowbot,0.56553,-0.08157,0.32174,-0.00000,0.00000,-0.00000,0.00000,20.00,20.00,20.00,0.0000,0.0000,0.0000,0.0000,0,0
2026-08-25 17:30:14.519454,3814,flowbot,0.56553,-0.08157,0.32174,-0.00000,0.00000,-0.00000,0.00000,20.00,20.00,20.00,0.0000,0.0000,0.0000,0.0000,0,0
2026-08-25 17:30:14.573219,3815,flowbot,0.56553,-0.08157,0.32174,-0.00000,0.00000,-0.00000,0.00000,20.00,20.00,20.00,0.0000,0.0000,0.0000,0.0000,0,0
2026-08-25 17:30:14.622982,3816,flowbot,0.56553,-0.08157,0.32174,-0.00000,0.00000,-0.00000,0.00000,20.00,20.00,20.00,0.0000,0.0000,0.0000,0.0000,0,0
2026-08-25 17:30:14.674126,3817,flowbot,0.56553,-0.08157,0.32174,-0.00000,0.00000,-0.00000,0.00000,20.00,20.00,20.00,0.0000,0.0000,0.0000,0.0000,0,0
2026-08-25 17:30:14.725828,3818,flowbot,0.56553,-0.08157,0.32174,-0.00000,0.00000,-0.00000,0.00000,20.00,20.00,20.00,0.0000,0.0000,0.0000,0.0000,0,0
2026-08-25 17:30:14.777702,3819,flowbot,0.56553,-0.08157,0.32174,-0.00000,0.00000,-0.00000,0.00000,20.00,20.00,20.00,0.0000,0.0000,0.0000,0.0000,0,0
2026-08-25 17:30:14.831570,3820,flowbot,0.56553,-0.08157,0.32174,-0.00000,0.00000,-0.00000,0.00000,20.00,20.00,20.00,0.0000,0.0000,0.0000,0.0000,0,0
2026-08-25 17:30:14.886029,3821,flowbot,0.56553,-0.08157,0.32174,-0.00000,0.00000,-0.00000,0.00000,20.00,20.00,20.00,0.0000,0.0000,0.0000,0.0000,0,0
2026-08-25 17:30:14.940244,3822,flowbot,0.56553,-0.08157,0.32174,-0.00000,0.00000,-0.00000,0.00000,20.00,20.00,20.00,0.0000,0.0000,0.0000,0.0000,0,0
2026-08-25 17:30:14.997359,3823,flowbot,0.56553,-0.08157,0.32174,-0.00000,0.00000,-0.00000,0.00000,20.00,20.00,20.00,0.0000,0.0000,0.0000,0.0000,0,0
2026-08-25 17:30:15.049158,3824,flowbot,0.56553,-0.08157,0.32174,-0.00000,0.00000,-0.00000,0.00000,20.00,20.00,20.00,0.0000,0.0000,0.0000,0.0000,0,0
2026-08-25 17:30:15.106260,3825,flowbot,0.56553,-0.08157,0.32174,-0.00000,0.00000,-0.00000,0.00000,20.00,20.00,20.00,0.0000,0.0000,0.0000,0.0000,0,0
2026-08-25 17:30:15.163679,3826,flowbot,0.56553,-0.08157,0.32174,-0.00000,0.00000,-0.00000,0.00000,20.00,20.00,20.00,0.0000,0.0000,0.0000,0.0000,0,0
2026-08-25 17:30:15.215606,3827,flowbot,0.56553,-0.08157,0.32174,-0.00000,0.00000,-0.00000,0.00000,20.00,20.00,20.00,0.0000,0.0000,0.0000,0.0000,0,0
2026-08-25 17:30:15.266108,3828,flowbot,0.56553,-0.08157,0.32174,-0.00000,0.00000,-0.00000,0.00000,20.00,20.00,20.00,0.0000,0.0000,0.0000,0.0000,0,0
2026-08-25 17:30:15.322954,3829,flowbot,0.56553,-0.08157,0.32174,-0.00000,0.00000,-0.00000,0.00000,20.00,20.00,20.00,0.0000,0.0000,0.0000,0.0000,0,0
2026-08-25 17:30:15.378403,3830,flowbot,0.56553,-0.08157,0.32174,-0.00000,0.00000,-0.00000,0.00000,20.00,20.00,20.00,0.0000,0.0000,0.0000,0.0000,0,0
2026-08-25 17:30:15.434202,3831,flowbot,0.56553,-0.08157,0.32174,-0.00000,0.00000,-0.00000,0.00000,20.00,20.00,20.00,0.0000,0.0000,0.0000,0.0000,0,0
2026-08-25 17:30:15.481843,3832,flowbot,0.56553,-0.08157,0.32174,-0.00000,0.00000,-0.00000,0.00000,20.00,20.00,20.00,0.0000,0.0000,0.0000,0.0000,0,0
2026-08-25 17:30:15.540144,3833,flowbot,0.56553,-0.08157,0.32174,-0.00000,0.00000,-0.00000,0.00000,20.00,20.00,20.00,0.0000,0.0000,0.0000,0.0000,0,0
2026-08-25 17:30:15.595645,3834,flowbot,0.56553,-0.08157,0.32174,-0.00000,0.00000,-0.00000,0.00000,20.00,20.00,20.00,0.0000,0.0000,0.0000,0.0000,0,0
2026-08-25 17:30:15.645818,3835,flowbot,0.56553,-0.08157,0.32174,-0.00000,0.00000,-0.00000,0.00000,20.00,20.00,20.00,0.0000,0.0000,0.0000,0.0000,0,0
2026-08-25 17:30:15.703640,3836,flowbot,0.56553,-0.08157,0.32174,-0.00000,0.00000,-0.00000,0.00000,20.00,20.00,20.00,0.0000,0.0000,0.0000,0.0000,0,0
2026-08-25 17:30:15.762443,3837,flowbot,0.56553,-0.08157,0.32174,-0.00000,0.00000,-0.00000,0.00000,20.00,20.00,20.00,0.0000,0.0000,0.0000,0.0000,0,0
2026-08-25 17:30:15.806941,3838,flowbot,0.56553,-0.08157,0.32174,-0.00000,0.00000,-0.00000,0.00000,20.00,20.00,20.00,0.0000,0.0000,0.0000,0.0000,0,0
2026-08-25 17:30:15.861316,3839,flowbot,0.56553,-0.08157,0.32174,-0.00000,0.00000,-0.00000,0.00000,20.00,20.00,20.00,0.0000,0.0000,0.0000,0.0000,0,0
2026-08-25 17:30:15.912052,3840,flowbot,0.56553,-0.08157,0.32174,-0.00000,0.00000,-0.00000,0.00000,20.00,20.00,20.00,0.0000,0.0000,0.0000,0.0000,0,0
2026-08-25 17:30:15.977526,3841,flowbot,0.56553,-0.08157,0.32174,-0.00000,0.00000,-0.00000,0.00000,20.00,20.00,20.00,0.0000,0.0000,0.0000,0.0000,0,0
2026-08-25 17:30:16.024698,3842,flowbot,0.56553,-0.08157,0.32174,-0.00000,0.00000,-0.00000,0.00000,20.00,20.00,20.00,0.0000,0.0000,0.0000,0.0000,0,0
2026-08-25 17:30:16.079611,3843,flowbot,0.56553,-0.08157,0.32174,-0.00000,0.00000,-0.00000,0.00000,20.00,20.00,20.00,0.0000,0.0000,0.0000,0.0000,0,0
2026-08-25 17:30:16.131087,3844,flowbot,0.56553,-0.08157,0.32174,-0.00000,0.00000,-0.00000,0.00000,20.00,20.00,20.00,0.0000,0.0000,0.0000,0.0000,0,0
2026-08-25 17:30:16.181400,3845,flowbot,0.56553,-0.08157,0.32174,-0.00000,0.00000,-0.00000,0.00000,20.00,20.00,20.00,0.0000,0.0000,0.0000,0.0000,0,0
2026-08-25 17:30:16.238276,3846,flowbot,0.56553,-0.08157,0.32174,-0.00000,0.00000,-0.00000,0.00000,20.00,20.00,20.00,0.0000,0.0000,0.0000,0.0000,0,0
2026-08-25 17:30:16.288709,3847,flowbot,0.56553,-0.08157,0.32174,-0.00000,0.00000,-0.00000,0.00000,20.00,20.00,20.00,0.0000,0.0000,0.0000,0.0000,0,0
2026-08-25 17:30:16.342483,3848,flowbot,0.56553,-0.08157,0.32174,-0.00000,0.00000,-0.00000,0.00000,20.00,20.00,20.00,0.0000,0.0000,0.0000,0.0000,0,0
2026-08-25 17:30:16.393515,3849,flowbot,0.56553,-0.08157,0.32174,-0.00000,0.00000,-0.00000,0.00000,20.00,20.00,20.00,0.0000,0.0000,0.0000,0.0000,0,0
2026-08-25 17:30:16.448546,3850,flowbot,0.56553,-0.08157,0.32174,-0.00000,0.00000,-0.00000,0.00000,20.00,20.00,20.00,0.0000,0.0000,0.0000,0.0000,0,0
2026-08-25 17:30:16.503562,3851,flowbot,0.56553,-0.08157,0.32174,-0.00000,0.00000,-0.00000,0.00000,20.00,20.00,20.00,0.0000,0.0000,0.0000,0.0000,0,0
2026-08-25 17:30:16.554110,3852,flowbot,0.56553,-0.08157,0.32174,-0.00000,0.00000,-0.00000,0.00000,20.00,20.00,20.00,0.0000,0.0000,0.0000,0.0000,0,0
2026-08-25 17:30:16.603907,3853,flowbot,0.56553,-0.08157,0.32174,-0.00000,0.00000,-0.00000,0.00000,20.00,20.00,20.00,0.0000,0.0000,0.0000,0.0000,0,0
2026-08-25 17:30:16.661759,3854,flowbot,0.56553,-0.08157,0.32174,-0.00000,0.00000,-0.00000,0.00000,20.00,20.00,20.00,0.0000,0.0000,0.0000,0.0000,0,0
2026-08-25 17:30:16.715149,3855,flowbot,0.56553,-0.08157,0.32174,-0.00000,0.00000,-0.00000,0.00000,20.00,20.00,20.00,0.0000,0.0000,0.0000,0.0000,0,0
2026-08-25 17:30:16.766546,3856,flowbot,0.56553,-0.08157,0.32174,-0.00000,0.00000,-0.00000,0.00000,20.00,20.00,20.00,0.0000,0.0000,0.0000,0.0000,0,0
2026-08-25 17:30:16.816344,3857,flowbot,0.56553,-0.08157,0.32174,-0.00000,0.00000,-0.00000,0.00000,20.00,20.00,20.00,0.0000,0.0000,0.0000,0.0000,0,0
2026-08-25 17:30:16.873588,3858,flowbot,0.56553,-0.08157,0.32174,-0.00000,0.00000,-0.00000,0.00000,20.00,20.00,20.00,0.0000,0.0000,0.0000,0.0000,0,0
2026-08-25 17:30:16.929516,3859,flowbot,0.56553,-0.08157,0.32174,-0.00000,0.00000,-0.00000,0.00000,20.00,20.00,20.00,0.0000,0.0000,0.0000,0.0000,0,0
2026-08-25 17:30:16.980209,3860,flowbot,0.56553,-0.08157,0.32174,-0.00000,0.00000,-0.00000,0.00000,20.00,20.00,20.00,0.0000,0.0000,0.0000,0.0000,0,0
2026-08-25 17:30:17.033971,3861,flowbot,0.56553,-0.08157,0.32174,-0.00000,0.00000,-0.00000,0.00000,20.00,20.00,20.00,0.0000,0.0000,0.0000,0.0000,0,0
2026-08-25 17:30:17.092528,3862,flowbot,0.56553,-0.08157,0.32174,-0.00000,0.00000,-0.00000,0.00000,20.00,20.00,20.00,0.0000,0.0000,0.0000,0.0000,0,0
2026-08-25 17:30:17.152395,3863,flowbot,0.56553,-0.08157,0.32174,-0.00000,0.00000,-0.00000,0.00000,20.00,20.00,20.00,0.0000,0.0000,0.0000,0.0000,0,0
2026-08-25 17:30:17.197383,3864,flowbot,0.56553,-0.08157,0.32174,-0.00000,0.00000,-0.00000,0.00000,20.00,20.00,20.00,0.0000,0.0000,0.0000,0.0000,0,0
2026-08-25 17:30:17.249749,3865,flowbot,0.56553,-0.08157,0.32174,-0.00000,0.00000,-0.00000,0.00000,20.00,20.00,20.00,0.0000,0.0000,0.0000,0.0000,0,0
2026-08-25 17:30:17.301233,3866,flowbot,0.56553,-0.08157,0.32174,-0.00000,0.00000,-0.00000,0.00000,20.00,20.00,20.00,0.0000,0.0000,0.0000,0.0000,0,0
2026-08-25 17:30:17.358881,3867,flowbot,0.56553,-0.08157,0.32174,-0.00000,0.00000,-0.00000,0.00000,20.00,20.00,20.00,0.0000,0.0000,0.0000,0.0000,0,0
2026-08-25 17:30:17.408051,3868,flowbot,0.56553,-0.08157,0.32174,-0.00000,0.00000,-0.00000,0.00000,20.00,20.00,20.00,0.0000,0.0000,0.0000,0.0000,0,0
2026-08-25 17:30:17.460809,3869,flowbot,0.56553,-0.08157,0.32174,-0.00000,0.00000,-0.00000,0.00000,20.00,20.00,20.00,0.0000,0.0000,0.0000,0.0000,0,0
2026-08-25 17:30:17.510432,3870,flowbot,0.56553,-0.08157,0.32174,-0.00000,0.00000,-0.00000,0.00000,20.00,20.00,20.00,0.0000,0.0000,0.0000,0.0000,0,0
2026-08-25 17:30:17.566356,3871,flowbot,0.56553,-0.08157,0.32174,-0.00000,0.00000,-0.00000,0.00000,20.00,20.00,20.00,0.0000,0.0000,0.0000,0.0000,0,0
2026-08-25 17:30:17.621970,3872,flowbot,0.56553,-0.08157,0.32174,-0.00000,0.00000,-0.00000,0.00000,20.00,20.00,20.00,0.0000,0.0000,0.0000,0.0000,0,0
2026-08-25 17:30:17.676647,3873,flowbot,0.56553,-0.08157,0.32174,-0.00000,0.00000,-0.00000,0.00000,20.00,20.00,20.00,0.0000,0.0000,0.0000,0.0000,0,0
2026-08-25 17:30:17.730047,3874,flowbot,0.56553,-0.08157,0.32174,-0.00000,0.00000,-0.00000,0.00000,20.00,20.00,20.00,0.0000,0.0000,0.0000,0.0000,0,0
2026-08-25 17:30:17.783611,3875,flowbot,0.56553,-0.08157,0.32174,-0.00000,0.00000,-0.00000,0.00000,20.00,20.00,20.00,0.0000,0.0000,0.0000,0.0000,0,0
2026-08-25 17:30:17.835545,3876,flowbot,0.56553,-0.08157,0.32174,-0.00000,0.00000,-0.00000,0.00000,20.00,20.00,20.00,0.0000,0.0000,0.0000,0.0000,0,0
2026-08-25 17:30:17.889524,3877,flowbot,0.56553,-0.08157,0.32174,-0.00000,0.00000,-0.00000,0.00000,20.00,20.00,20.00,0.0000,0.0000,0.0000,0.0000,0,0
2026-08-25 17:30:17.941560,3878,flowbot,0.56553,-0.08157,0.32174,-0.00000,0.00000,-0.00000,0.00000,20.00,20.00,20.00,0.0000,0.0000,0.0000,0.0000,0,0
2026-08-25 17:30:17.999117,3879,flowbot,0.56553,-0.08157,0.32174,-0.00000,0.00000,-0.00000,0.00000,20.00,20.00,20.00,0.0000,0.0000,0.0000,0.0000,0,0
2026-08-25 17:30:18.053069,3880,flowbot,0.56553,-0.08157,0.32174,-0.00000,0.00000,-0.00000,0.00000,20.00,20.00,20.00,0.0000,0.0000,0.0000,0.0000,0,0
2026-08-25 17:30:18.102930,3881,flowbot,0.56553,-0.08157,0.32174,-0.00000,0.00000,-0.00000,0.00000,20.00,20.00,20.00,0.0000,0.0000,0.0000,0.0000,0,0
2026-08-25 17:30:18.155964,3882,flowbot,0.56553,-0.08157,0.32174,-0.00000,0.00000,-0.00000,0.00000,20.00,20.00,20.00,0.0000,0.0000,0.0000,0.0000,0,0
2026-08-25 17:30:18.209567,3883,flowbot,0.56553,-0.08157,0.32174,-0.00000,0.00000,-0.00000,0.00000,20.00,20.00,20.00,0.0000,0.0000,0.0000,0.0000,0,0
2026-08-25 17:30:18.262405,3884,flowbot,0.56553,-0.08157,0.32174,-0.00000,0.00000,-0.00000,0.00000,20.00,20.00,20.00,0.0000,0.0000,0.0000,0.0000,0,0
2026-08-25 17:30:18.313160,3885,flowbot,0.56553,-0.08157,0.32174,-0.00000,0.00000,-0.00000,0.00000,20.00,20.00,20.00,0.0000,0.0000,0.0000,0.0000,0,0
2026-08-25 17:30:18.364659,3886,flowbot,0.56553,-0.08157,0.32174,-0.00000,0.00000,-0.00000,0.00000,20.00,20.00,20.00,0.0000,0.0000,0.0000,0.0000,0,0
2026-08-25 17:30:18.422621,3887,flowbot,0.56553,-0.08157,0.32174,-0.00000,0.00000,-0.00000,0.00000,20.00,20.00,20.00,0.0000,0.0000,0.0000,0.0000,0,0
2026-08-25 17:30:18.478722,3888,flowbot,0.56553,-0.08157,0.32174,-0.00000,0.00000,-0.00000,0.00000,20.00,20.00,20.00,0.0000,0.0000,0.0000,0.0000,0,0
2026-08-25 17:30:18.527452,3889,flowbot,0.56553,-0.08157,0.32174,-0.00000,0.00000,-0.00000,0.00000,20.00,20.00,20.00,0.0000,0.0000,0.0000,0.0000,0,0
2026-08-25 17:30:18.577914,3890,flowbot,0.56553,-0.08157,0.32174,-0.00000,0.00000,-0.00000,0.00000,20.00,20.00,20.00,0.0000,0.0000,0.0000,0.0000,0,0
2026-08-25 17:30:18.642421,3891,flowbot,0.56553,-0.08157,0.32174,-0.00000,0.00000,-0.00000,0.00000,20.00,20.00,20.00,0.0000,0.0000,0.0000,0.0000,0,0
2026-08-25 17:30:18.686956,3892,flowbot,0.56553,-0.08157,0.32174,-0.00000,0.00000,-0.00000,0.00000,20.00,20.00,20.00,0.0000,0.0000,0.0000,0.0000,0,0
2026-08-25 17:30:18.744030,3893,flowbot,0.56553,-0.08157,0.32174,-0.00000,0.00000,-0.00000,0.00000,20.00,20.00,20.00,0.0000,0.0000,0.0000,0.0000,0,0
2026-08-25 17:30:18.795424,3894,flowbot,0.56553,-0.08157,0.32174,-0.00000,0.00000,-0.00000,0.00000,20.00,20.00,20.00,0.0000,0.0000,0.0000,0.0000,0,0
2026-08-25 17:30:18.844719,3895,flowbot,0.56553,-0.08157,0.32174,-0.00000,0.00000,-0.00000,0.00000,20.00,20.00,20.00,0.0000,0.0000,0.0000,0.0000,0,0
2026-08-25 17:30:18.900005,3896,flowbot,0.56553,-0.08157,0.32174,-0.00000,0.00000,-0.00000,0.00000,20.00,20.00,20.00,0.0000,0.0000,0.0000,0.0000,0,0
2026-08-25 17:30:18.951950,3897,flowbot,0.56553,-0.08157,0.32174,-0.00000,0.00000,-0.00000,0.00000,20.00,20.00,20.00,0.0000,0.0000,0.0000,0.0000,0,0
2026-08-25 17:30:19.006914,3898,flowbot,0.56553,-0.08157,0.32174,-0.00000,0.00000,-0.00000,0.00000,20.00,20.00,20.00,0.0000,0.0000,0.0000,0.0000,0,0
2026-08-25 17:30:19.058898,3899,flowbot,0.56553,-0.08157,0.32174,-0.00000,0.00000,-0.00000,0.00000,20.00,20.00,20.00,0.0000,0.0000,0.0000,0.0000,0,0
2026-08-25 17:30:19.114997,3900,flowbot,0.56553,-0.08157,0.32174,-0.00000,0.00000,-0.00000,0.00000,20.00,20.00,20.00,0.0000,0.0000,0.0000,0.0000,0,0
2026-08-25 17:30:19.169419,3901,flowbot,0.56553,-0.08157,0.32174,-0.00000,0.00000,-0.00000,0.00000,20.00,20.00,20.00,0.0000,0.0000,0.0000,0.0000,0,0
2026-08-25 17:30:19.218474,3902,flowbot,0.56553,-0.08157,0.32174,-0.00000,0.00000,-0.00000,0.00000,20.00,20.00,20.00,0.0000,0.0000,0.0000,0.0000,0,0
2026-08-25 17:30:19.270299,3903,flowbot,0.56553,-0.08157,0.32174,-0.00000,0.00000,-0.00000,0.00000,20.00,20.00,20.00,0.0000,0.0000,0.0000,0.0000,0,0
2026-08-25 17:30:19.327034,3904,flowbot,0.56553,-0.08157,0.32174,-0.00000,0.00000,-0.00000,0.00000,20.00,20.00,20.00,0.0000,0.0000,0.0000,0.0000,0,0
2026-08-25 17:30:19.380132,3905,flowbot,0.56553,-0.08157,0.32174,-0.00000,0.00000,-0.00000,0.00000,20.00,20.00,20.00,0.0000,0.0000,0.0000,0.0000,0,0
2026-08-25 17:30:19.432923,3906,flowbot,0.56553,-0.08157,0.32174,-0.00000,0.00000,-0.00000,0.00000,20.00,20.00,20.00,0.0000,0.0000,0.0000,0.0000,0,0
2026-08-25 17:30:19.484956,3907,flowbot,0.56553,-0.08157,0.32174,-0.00000,0.00000,-0.00000,0.00000,20.00,20.00,20.00,0.0000,0.0000,0.0000,0.0000,0,0
2026-08-25 17:30:19.541531,3908,flowbot,0.56553,-0.08157,0.32174,-0.00000,0.00000,-0.00000,0.00000,20.00,20.00,20.00,0.0000,0.0000,0.0000,0.0000,0,0
2026-08-25 17:30:19.597248,3909,flowbot,0.56553,-0.08157,0.32174,-0.00000,0.00000,-0.00000,0.00000,20.00,20.00,20.00,0.0000,0.0000,0.0000,0.0000,0,0
2026-08-25 17:30:19.653799,3910,flowbot,0.56553,-0.08157,0.32174,-0.00000,0.00000,-0.00000,0.00000,20.00,20.00,20.00,0.0000,0.0000,0.0000,0.0000,0,0
2026-08-25 17:30:19.704181,3911,flowbot,0.56553,-0.08157,0.32174,-0.00000,0.00000,-0.00000,0.00000,20.00,20.00,20.00,0.0000,0.0000,0.0000,0.0000,0,0
2026-08-25 17:30:19.757873,3912,flowbot,0.56553,-0.08157,0.32174,-0.00000,0.00000,-0.00000,0.00000,20.00,20.00,20.00,0.0000,0.0000,0.0000,0.0000,0,0
2026-08-25 17:30:19.816225,3913,flowbot,0.56553,-0.08157,0.32174,-0.00000,0.00000,-0.00000,0.00000,20.00,20.00,20.00,0.0000,0.0000,0.0000,0.0000,0,0
2026-08-25 17:30:19.872210,3914,flowbot,0.56553,-0.08157,0.32174,-0.00000,0.00000,-0.00000,0.00000,20.00,20.00,20.00,0.0000,0.0000,0.0000,0.0000,0,0
2026-08-25 17:30:19.921728,3915,flowbot,0.56553,-0.08157,0.32174,-0.00000,0.00000,-0.00000,0.00000,20.00,20.00,20.00,0.0000,0.0000,0.0000,0.0000,0,0
2026-08-25 17:30:19.976159,3916,flowbot,0.56553,-0.08157,0.32174,-0.00000,0.00000,-0.00000,0.00000,20.00,20.00,20.00,0.0000,0.0000,0.0000,0.0000,0,0
2026-08-25 17:30:20.034117,3917,flowbot,0.56553,-0.08157,0.32174,-0.00000,0.00000,-0.00000,0.00000,20.00,20.00,20.00,0.0000,0.0000,0.0000,0.0000,0,0
2026-08-25 17:30:20.088812,3918,flowbot,0.56553,-0.08157,0.32174,-0.00000,0.00000,-0.00000,0.00000,20.00,20.00,20.00,0.0000,0.0000,0.0000,0.0000,0,0
2026-08-25 17:30:20.138063,3919,flowbot,0.56553,-0.08157,0.32174,-0.00000,0.00000,-0.00000,0.00000,20.00,20.00,20.00,0.0000,0.0000,0.0000,0.0000,0,0
2026-08-25 17:30:20.189543,3920,flowbot,0.56553,-0.08157,0.32174,-0.00000,0.00000,-0.00000,0.00000,20.00,20.00,20.00,0.0000,0.0000,0.0000,0.0000,0,0
2026-08-25 17:30:20.242841,3921,flowbot,0.56553,-0.08157,0.32174,-0.00000,0.00000,-0.00000,0.00000,20.00,20.00,20.00,0.0000,0.0000,0.0000,0.0000,0,0
2026-08-25 17:30:20.298140,3922,flowbot,0.56553,-0.08157,0.32174,-0.00000,0.00000,-0.00000,0.00000,20.00,20.00,20.00,0.0000,0.0000,0.0000,0.0000,0,0
2026-08-25 17:30:20.349983,3923,flowbot,0.56553,-0.08157,0.32174,-0.00000,0.00000,-0.00000,0.00000,20.00,20.00,20.00,0.0000,0.0000,0.0000,0.0000,0,0
2026-08-25 17:30:20.402331,3924,flowbot,0.56553,-0.08157,0.32174,-0.00000,0.00000,-0.00000,0.00000,20.00,20.00,20.00,0.0000,0.0000,0.0000,0.0000,0,0
2026-08-25 17:30:20.455895,3925,flowbot,0.56553,-0.08157,0.32174,-0.00000,0.00000,-0.00000,0.00000,20.00,20.00,20.00,0.0000,0.0000,0.0000,0.0000,0,0
2026-08-25 17:30:20.511951,3926,flowbot,0.56553,-0.08157,0.32174,-0.00000,0.00000,-0.00000,0.00000,20.00,20.00,20.00,0.0000,0.0000,0.0000,0.0000,0,0
2026-08-25 17:30:20.562950,3927,flowbot,0.56553,-0.08157,0.32174,-0.00000,0.00000,-0.00000,0.00000,20.00,20.00,20.00,0.0000,0.0000,0.0000,0.0000,0,0
2026-08-25 17:30:20.616664,3928,flowbot,0.56553,-0.08157,0.32174,-0.00000,0.00000,-0.00000,0.00000,20.00,20.00,20.00,0.0000,0.0000,0.0000,0.0000,0,0
2026-08-25 17:30:20.671490,3929,flowbot,0.56553,-0.08157,0.32174,-0.00000,0.00000,-0.00000,0.00000,20.00,20.00,20.00,0.0000,0.0000,0.0000,0.0000,0,0
2026-08-25 17:30:20.722004,3930,flowbot,0.56553,-0.08157,0.32174,-0.00000,0.00000,-0.00000,0.00000,20.00,20.00,20.00,0.0000,0.0000,0.0000,0.0000,0,0
2026-08-25 17:30:20.778664,3931,flowbot,0.56553,-0.08157,0.32174,-0.00000,0.00000,-0.00000,0.00000,20.00,20.00,20.00,0.0000,0.0000,0.0000,0.0000,0,0
2026-08-25 17:30:20.828031,3932,flowbot,0.56553,-0.08157,0.32174,-0.00000,0.00000,-0.00000,0.00000,20.00,20.00,20.00,0.0000,0.0000,0.0000,0.0000,0,0
2026-08-25 17:30:20.881734,3933,flowbot,0.56553,-0.08157,0.32174,-0.00000,0.00000,-0.00000,0.00000,20.00,20.00,20.00,0.0000,0.0000,0.0000,0.0000,0,0
2026-08-25 17:30:20.934040,3934,flowbot,0.56553,-0.08157,0.32174,-0.00000,0.00000,-0.00000,0.00000,20.00,20.00,20.00,0.0000,0.0000,0.0000,0.0000,0,0
2026-08-25 17:30:20.988786,3935,flowbot,0.56553,-0.08157,0.32174,-0.00000,0.00000,-0.00000,0.00000,20.00,20.00,20.00,0.0000,0.0000,0.0000,0.0000,0,0
2026-08-25 17:30:21.037702,3936,flowbot,0.56553,-0.08157,0.32174,-0.00000,0.00000,-0.00000,0.00000,20.00,20.00,20.00,0.0000,0.0000,0.0000,0.0000,0,0
2026-08-25 17:30:21.094908,3937,flowbot,0.56553,-0.08157,0.32174,-0.00000,0.00000,-0.00000,0.00000,20.00,20.00,20.00,0.0000,0.0000,0.0000,0.0000,0,0
2026-08-25 17:30:21.153811,3938,flowbot,0.56553,-0.08157,0.32174,-0.00000,0.00000,-0.00000,0.00000,20.00,20.00,20.00,0.0000,0.0000,0.0000,0.0000,0,0
2026-08-25 17:30:21.197629,3939,flowbot,0.56553,-0.08157,0.32174,-0.00000,0.00000,-0.00000,0.00000,20.00,20.00,20.00,0.0000,0.0000,0.0000,0.0000,0,0
2026-08-25 17:30:21.254659,3940,flowbot,0.56553,-0.08157,0.32174,-0.00000,0.00000,-0.00000,0.00000,20.00,20.00,20.00,0.0000,0.0000,0.0000,0.0000,0,0
2026-08-25 17:30:21.302498,3941,flowbot,0.56553,-0.08157,0.32174,-0.00000,0.00000,-0.00000,0.00000,20.00,20.00,20.00,0.0000,0.0000,0.0000,0.0000,0,0
2026-08-25 17:30:21.357983,3942,flowbot,0.56553,-0.08157,0.32174,-0.00000,0.00000,-0.00000,0.00000,20.00,20.00,20.00,0.0000,0.0000,0.0000,0.0000,0,0
2026-08-25 17:30:21.408738,3943,flowbot,0.56553,-0.08157,0.32174,-0.00000,0.00000,-0.00000,0.00000,20.00,20.00,20.00,0.0000,0.0000,0.0000,0.0000,0,0
2026-08-25 17:30:21.461912,3944,flowbot,0.56553,-0.08157,0.32174,-0.00000,0.00000,-0.00000,0.00000,20.00,20.00,20.00,0.0000,0.0000,0.0000,0.0000,0,0
2026-08-25 17:30:21.514916,3945,flowbot,0.56553,-0.08157,0.32174,-0.00000,0.00000,-0.00000,0.00000,20.00,20.00,20.00,0.0000,0.0000,0.0000,0.0000,0,0
2026-08-25 17:30:21.572313,3946,flowbot,0.56553,-0.08157,0.32174,-0.00000,0.00000,-0.00000,0.00000,20.00,20.00,20.00,0.0000,0.0000,0.0000,0.0000,0,0
2026-08-25 17:30:21.625660,3947,flowbot,0.56553,-0.08157,0.32174,-0.00000,0.00000,-0.00000,0.00000,20.00,20.00,20.00,0.0000,0.0000,0.0000,0.0000,0,0
2026-08-25 17:30:21.680024,3948,flowbot,0.56553,-0.08157,0.32174,-0.00000,0.00000,-0.00000,0.00000,20.00,20.00,20.00,0.0000,0.0000,0.0000,0.0000,0,0
2026-08-25 17:30:21.732489,3949,flowbot,0.56553,-0.08157,0.32174,-0.00000,0.00000,-0.00000,0.00000,20.00,20.00,20.00,0.0000,0.0000,0.0000,0.0000,0,0
2026-08-25 17:30:21.785715,3950,flowbot,0.56553,-0.08157,0.32174,-0.00000,0.00000,-0.00000,0.00000,20.00,20.00,20.00,0.0000,0.0000,0.0000,0.0000,0,0
2026-08-25 17:30:21.840583,3951,flowbot,0.56553,-0.08157,0.32174,-0.00000,0.00000,-0.00000,0.00000,20.00,20.00,20.00,0.0000,0.0000,0.0000,0.0000,0,0
2026-08-25 17:30:21.892336,3952,flowbot,0.56553,-0.08157,0.32174,-0.00000,0.00000,-0.00000,0.00000,20.00,20.00,20.00,0.0000,0.0000,0.0000,0.0000,0,0
2026-08-25 17:30:21.945411,3953,flowbot,0.56553,-0.08157,0.32174,-0.00000,0.00000,-0.00000,0.00000,20.00,20.00,20.00,0.0000,0.0000,0.0000,0.0000,0,0
2026-08-25 17:30:22.000882,3954,flowbot,0.56553,-0.08157,0.32174,-0.00000,0.00000,-0.00000,0.00000,20.00,20.00,20.00,0.0000,0.0000,0.0000,0.0000,0,0
2026-08-25 17:30:22.051439,3955,flowbot,0.56553,-0.08157,0.32174,-0.00000,0.00000,-0.00000,0.00000,20.00,20.00,20.00,0.0000,0.0000,0.0000,0.0000,0,0
2026-08-25 17:30:22.108824,3956,flowbot,0.56553,-0.08157,0.32174,-0.00000,0.00000,-0.00000,0.00000,20.00,20.00,20.00,0.0000,0.0000,0.0000,0.0000,0,0
2026-08-25 17:30:22.157329,3957,flowbot,0.56553,-0.08157,0.32174,-0.00000,0.00000,-0.00000,0.00000,20.00,20.00,20.00,0.0000,0.0000,0.0000,0.0000,0,0
2026-08-25 17:30:22.214485,3958,flowbot,0.56553,-0.08157,0.32174,-0.00000,0.00000,-0.00000,0.00000,20.00,20.00,20.00,0.0000,0.0000,0.0000,0.0000,0,0
2026-08-25 17:30:22.270554,3959,flowbot,0.56553,-0.08157,0.32174,-0.00000,0.00000,-0.00000,0.00000,20.00,20.00,20.00,0.0000,0.0000,0.0000,0.0000,0,0
2026-08-25 17:30:22.315887,3960,flowbot,0.56553,-0.08157,0.32174,-0.00000,0.00000,-0.00000,0.00000,20.00,20.00,20.00,0.0000,0.0000,0.0000,0.0000,0,0
2026-08-25 17:30:22.374267,3961,flowbot,0.56553,-0.08157,0.32174,-0.00000,0.00000,-0.00000,0.00000,20.00,20.00,20.00,0.0000,0.0000,0.0000,0.0000,0,0
2026-08-25 17:30:22.428119,3962,flowbot,0.56553,-0.08157,0.32174,-0.00000,0.00000,-0.00000,0.00000,20.00,20.00,20.00,0.0000,0.0000,0.0000,0.0000,0,0
2026-08-25 17:30:22.482238,3963,flowbot,0.56553,-0.08157,0.32174,-0.00000,0.00000,-0.00000,0.00000,20.00,20.00,20.00,0.0000,0.0000,0.0000,0.0000,0,0
2026-08-25 17:30:22.535390,3964,flowbot,0.56553,-0.08157,0.32174,-0.00000,0.00000,-0.00000,0.00000,20.00,20.00,20.00,0.0000,0.0000,0.0000,0.0000,0,0
2026-08-25 17:30:22.583728,3965,flowbot,0.56553,-0.08157,0.32174,-0.00000,0.00000,-0.00000,0.00000,20.00,20.00,20.00,0.0000,0.0000,0.0000,0.0000,0,0
2026-08-25 17:30:22.637365,3966,flowbot,0.56553,-0.08157,0.32174,-0.00000,0.00000,-0.00000,0.00000,20.00,20.00,20.00,0.0000,0.0000,0.0000,0.0000,0,0
2026-08-25 17:30:22.690716,3967,flowbot,0.56553,-0.08157,0.32174,-0.00000,0.00000,-0.00000,0.00000,20.00,20.00,20.00,0.0000,0.0000,0.0000,0.0000,0,0
2026-08-25 17:30:22.740705,3968,flowbot,0.56553,-0.08157,0.32174,-0.00000,0.00000,-0.00000,0.00000,20.00,20.00,20.00,0.0000,0.0000,0.0000,0.0000,0,0
2026-08-25 17:30:22.796457,3969,flowbot,0.56553,-0.08157,0.32174,-0.00000,0.00000,-0.00000,0.00000,20.00,20.00,20.00,0.0000,0.0000,0.0000,0.0000,0,0
2026-08-25 17:30:22.849874,3970,flowbot,0.56553,-0.08157,0.32174,-0.00000,0.00000,-0.00000,0.00000,20.00,20.00,20.00,0.0000,0.0000,0.0000,0.0000,0,0
2026-08-25 17:30:22.902058,3971,flowbot,0.56553,-0.08157,0.32174,-0.00000,0.00000,-0.00000,0.00000,20.00,20.00,20.00,0.0000,0.0000,0.0000,0.0000,0,0
2026-08-25 17:30:22.959030,3972,flowbot,0.56553,-0.08157,0.32174,-0.00000,0.00000,-0.00000,0.00000,20.00,20.00,20.00,0.0000,0.0000,0.0000,0.0000,0,0
2026-08-25 17:30:23.015306,3973,flowbot,0.56553,-0.08157,0.32174,-0.00000,0.00000,-0.00000,0.00000,20.00,20.00,20.00,0.0000,0.0000,0.0000,0.0000,0,0
2026-08-25 17:30:23.068188,3974,flowbot,0.56553,-0.08157,0.32174,-0.00000,0.00000,-0.00000,0.00000,20.00,20.00,20.00,0.0000,0.0000,0.0000,0.0000,0,0
2026-08-25 17:30:23.125457,3975,flowbot,0.56553,-0.08157,0.32174,-0.00000,0.00000,-0.00000,0.00000,20.00,20.00,20.00,0.0000,0.0000,0.0000,0.0000,0,0
2026-08-25 17:30:23.176923,3976,flowbot,0.56553,-0.08157,0.32174,-0.00000,0.00000,-0.00000,0.00000,20.00,20.00,20.00,0.0000,0.0000,0.0000,0.0000,0,0
2026-08-25 17:30:23.233712,3977,flowbot,0.56553,-0.08157,0.32174,-0.00000,0.00000,-0.00000,0.00000,20.00,20.00,20.00,0.0000,0.0000,0.0000,0.0000,0,0
2026-08-25 17:30:23.285604,3978,flowbot,0.56553,-0.08157,0.32174,-0.00000,0.00000,-0.00000,0.00000,20.00,20.00,20.00,0.0000,0.0000,0.0000,0.0000,0,0
2026-08-25 17:30:23.338535,3979,flowbot,0.56553,-0.08157,0.32174,-0.00000,0.00000,-0.00000,0.00000,20.00,20.00,20.00,0.0000,0.0000,0.0000,0.0000,0,0
2026-08-25 17:30:23.391193,3980,flowbot,0.56553,-0.08157,0.32174,-0.00000,0.00000,-0.00000,0.00000,20.00,20.00,20.00,0.0000,0.0000,0.0000,0.0000,0,0
2026-08-25 17:30:23.448157,3981,flowbot,0.56553,-0.08157,0.32174,-0.00000,0.00000,-0.00000,0.00000,20.00,20.00,20.00,0.0000,0.0000,0.0000,0.0000,0,0
2026-08-25 17:30:23.501704,3982,flowbot,0.56553,-0.08157,0.32174,-0.00000,0.00000,-0.00000,0.00000,20.00,20.00,20.00,0.0000,0.0000,0.0000,0.0000,0,0
2026-08-25 17:30:23.555627,3983,flowbot,0.56553,-0.08157,0.32174,-0.00000,0.00000,-0.00000,0.00000,20.00,20.00,20.00,0.0000,0.0000,0.0000,0.0000,0,0
2026-08-25 17:30:23.611365,3984,flowbot,0.56553,-0.08157,0.32174,-0.00000,0.00000,-0.00000,0.00000,20.00,20.00,20.00,0.0000,0.0000,0.0000,0.0000,0,0
2026-08-25 17:30:23.665630,3985,flowbot,0.56553,-0.08157,0.32174,-0.00000,0.00000,-0.00000,0.00000,20.00,20.00,20.00,0.0000,0.0000,0.0000,0.0000,0,0
2026-08-25 17:30:23.717148,3986,flowbot,0.56553,-0.08157,0.32174,-0.00000,0.00000,-0.00000,0.00000,20.00,20.00,20.00,0.0000,0.0000,0.0000,0.0000,0,0
2026-08-25 17:30:23.770676,3987,flowbot,0.56553,-0.08157,0.32174,-0.00000,0.00000,-0.00000,0.00000,20.00,20.00,20.00,0.0000,0.0000,0.0000,0.0000,0,0
2026-08-25 17:30:23.829117,3988,flowbot,0.56553,-0.08157,0.32174,-0.00000,0.00000,-0.00000,0.00000,20.00,20.00,20.00,0.0000,0.0000,0.0000,0.0000,0,0
2026-08-25 17:30:23.886916,3989,flowbot,0.56553,-0.08157,0.32174,-0.00000,0.00000,-0.00000,0.00000,20.00,20.00,20.00,0.0000,0.0000,0.0000,0.0000,0,0
2026-08-25 17:30:23.936702,3990,flowbot,0.56553,-0.08157,0.32174,-0.00000,0.00000,-0.00000,0.00000,20.00,20.00,20.00,0.0000,0.0000,0.0000,0.0000,0,0
2026-08-25 17:30:23.992229,3991,flowbot,0.56553,-0.08157,0.32174,-0.00000,0.00000,-0.00000,0.00000,20.00,20.00,20.00,0.0000,0.0000,0.0000,0.0000,0,0
2026-08-25 17:30:24.046974,3992,flowbot,0.56553,-0.08157,0.32174,-0.00000,0.00000,-0.00000,0.00000,20.00,20.00,20.00,0.0000,0.0000,0.0000,0.0000,0,0
2026-08-25 17:30:24.102212,3993,flowbot,0.56553,-0.08157,0.32174,-0.00000,0.00000,-0.00000,0.00000,20.00,20.00,20.00,0.0000,0.0000,0.0000,0.0000,0,0
