timestamp,frame_idx,mode,franka_x,franka_y,franka_z,vx,vy,vz,wz,pwm1,pwm2,pwm3,sm_x,sm_y,sm_z,sm_yaw,btn0,btn_other
2026-08-25 17:07:38.345433,0,franka,0.46642,-0.04982,0.41076,0.00000,0.00000,0.00000,0.00000,0.00,0.00,0.00,0.0000,0.0000,0.0000,0.0000,0,0
2026-08-25 17:07:38.399558,1,franka,0.46642,-0.04982,0.41076,0.00000,0.00000,0.00000,0.00000,0.00,0.00,0.00,0.0000,0.0000,0.0000,0.0000,0,0
2026-08-25 17:07:38.453342,2,franka,0.46642,-0.04982,0.41076,0.00000,0.00000,0.00000,0.00000,0.00,0.00,0.00,0.0000,0.0000,0.0000,0.0000,0,0
2026-08-25 17:07:38.506584,3,franka,0.46642,-0.04982,0.41076,0.00000,0.00000,0.00000,0.00000,0.00,0.00,0.00,0.0000,0.0000,0.0000,0.0000,0,0
2026-08-25 17:07:38.560397,4,franka,0.46642,-0.04982,0.41076,0.00000,0.00000,0.00000,0.00000,0.00,0.00,0.00,0.0000,0.0000,0.0000,0.0000,0,0
2026-08-25 17:07:38.613864,5,franka,0.46642,-0.04982,0.41076,0.00000,0.00000,0.00000,0.00000,0.00,0.00,0.00,0.0000,0.0000,0.0000,0.0000,0,0
2026-08-25 17:07:38.667975,6,franka,0.46642,-0.04982,0.41076,0.00000,0.00000,0.00000,0.00000,0.00,0.00,0.00,0.0000,0.0000,0.0000,0.0000,0,0
2026-08-25 17:07:38.721718,7,franka,0.46642,-0.04982,0.41076,0.00000,0.00000,0.00000,0.00000,0.00,0.00,0.00,0.0000,0.0000,0.0000,0.0000,0,0
2026-08-25 17:07:38.777398,8,franka,0.46642,-0.04982,0.41076,0.00000,0.00000,0.00000,0.00000,0.00,0.00,0.00,0.0000,0.0000,0.0000,0.0000,0,0
2026-08-25 17:07:38.831142,9,franka,0.46642,-0.04982,0.41076,0.00000,0.00000,0.00000,0.00000,0.00,0.00,0.00,0.0000,0.0000,0.0000,0.0000,0,0
2026-08-25 17:07:38.884534,10,franka,0.46642,-0.04982,0.41076,0.00000,0.00000,0.00000,0.00000,0.00,0.00,0.00,0.0000,0.0000,0.0000,0.0000,0,0
2026-08-25 17:07:38.938000,11,franka,0.46642,-0.04982,0.41076,0.00000,0.00000,0.00000,0.00000,0.00,0.00,0.00,0.0000,0.0000,0.0000,0.0000,0,0
2026-08-25 17:07:38.992555,12,franka,0.46642,-0.04982,0.41076,0.00000,0.00000,0.00000,0.00000,0.00,0.00,0.00,0.0000,0.0000,0.0000,0.0000,0,0
2026-08-25 17:07:39.046288,13,franka,0.46642,-0.04982,0.41076,0.00000,0.00000,0.00000,0.00000,0.00,0.00,0.00,0.0000,0.0000,0.0000,0.0000,0,0
2026-08-25 17:07:39.099995,14,franka,0.46642,-0.04982,0.41076,0.00000,0.00000,0.00000,0.00000,0.00,0.00,0.00,0.0000,0.0000,0.0000,0.0000,0,0
2026-08-25 17:07:39.153400,15,franka,0.46642,-0.04982,0.41076,0.00000,0.00000,0.00000,0.00000,0.00,0.00,0.00,0.0000,0.0000,0.0000,0.0000,0,0
2026-08-25 17:07:39.207165,16,franka,0.46642,-0.04982,0.41076,0.00000,0.00000,0.00000,0.00000,0.00,0.00,0.00,0.0000,0.0000,0.0000,0.0000,0,0
2026-08-25 17:07:39.260910,17,franka,0.46642,-0.04982,0.41076,0.00000,0.00000,0.00000,0.00000,0.00,0.00,0.00,0.0000,0.0000,0.0000,0.0000,0,0
2026-08-25 17:07:39.314559,18,franka,0.46642,-0.04982,0.41076,0.00000,0.00000,0.00000,0.00000,0.00,0.00,0.00,0.0000,0.0000,0.0000,0.0000,0,0
2026-08-25 17:07:39.368108,19,franka,0.46642,-0.04982,0.41076,0.00000,0.00000,0.00000,0.00000,0.00,0.00,0.00,0.0000,0.0000,0.0000,0.0000,0,0
2026-08-25 17:07:39.421814,20,franka,0.46642,-0.04982,0.41076,0.00000,0.00000,0.00000,0.00000,0.00,0.00,0.00,0.0000,0.0000,0.0000,0.0000,0,0
2026-08-25 17:07:39.475475,21,franka,0.46642,-0.04982,0.41076,0.00000,0.00000,0.00000,0.00000,0.00,0.00,0.00,0.0000,0.0000,0.0000,0.0000,0,0
2026-08-25 17:07:39.529277,22,franka,0.46642,-0.04982,0.41076,0.00000,0.00000,0.00000,0.00000,0.00,0.00,0.00,0.0000,0.0000,0.0000,0.0000,0,0
2026-08-25 17:07:39.583192,23,franka,0.46642,-0.04982,0.41076,0.00000,0.00000,0.00000,0.00000,0.00,0.00,0.00,0.0000,0.0000,0.0000,0.0000,0,0
2026-08-25 17:07:39.637133,24,franka,0.46642,-0.04982,0.41076,0.00000,0.00000,0.00000,0.00000,0.00,0.00,0.00,0.0000,0.0000,0.0000,0.0000,0,0
2026-08-25 17:07:39.691581,25,franka,0.46642,-0.04982,0.41076,0.00000,0.00000,0.00000,0.00000,0.00,0.00,0.00,0.0000,0.0000,0.0000,0.0000,0,0
2026-08-25 17:07:39.744938,26,franka,0.46642,-0.04982,0.41076,0.00000,0.00000,0.00000,0.00000,0.00,0.00,0.00,0.0000,0.0000,0.0000,0.0000,0,0
2026-08-25 17:07:39.798594,27,franka,0.46642,-0.04982,0.41076,0.00000,0.00000,0.00000,0.00000,0.00,0.00,0.00,0.0000,0.0000,0.0000,0.0000,0,0
2026-08-25 17:07:39.852191,28,franka,0.46642,-0.04982,0.41076,0.00000,0.00000,0.00000,0.00000,0.00,0.00,0.00,0.0000,0.0000,0.0000,0.0000,0,0
2026-08-25 17:07:39.905977,29,franka,0.46642,-0.04982,0.41076,0.00000,0.00000,0.00000,0.00000,0.00,0.00,0.00,0.0000,0.0000,0.0000,0.0000,0,0
2026-08-25 17:07:39.959710,30,franka,0.46642,-0.04982,0.41076,0.00000,0.00000,0.00000,0.00000,0.00,0.00,0.00,0.0000,0.0000,0.0000,0.0000,0,0
2026-08-25 17:07:40.013202,31,franka,0.46642,-0.04982,0.41076,0.00000,0.00000,0.00000,0.00000,0.00,0.00,0.00,0.0000,0.0000,0.0000,0.0000,0,0
2026-08-25 17:07:40.067366,32,franka,0.46642,-0.04982,0.41076,0.00000,0.00000,0.00000,0.00000,0.00,0.00,0.00,0.0000,0.0000,0.0000,0.0000,0,0
2026-08-25 17:07:40.120937,33,franka,0.46642,-0.04982,0.41076,0.00000,0.00000,0.00000,0.00000,0.00,0.00,0.00,0.0000,0.0000,0.0000,0.0000,0,0
2026-08-25 17:07:40.174379,34,franka,0.46642,-0.04982,0.41076,0.00000,0.00000,0.00000,0.00000,0.00,0.00,0.00,0.0000,0.0000,0.0000,0.0000,0,0
2026-08-25 17:07:40.228054,35,franka,0.46642,-0.04982,0.41076,0.00000,0.00000,0.00000,0.00000,0.00,0.00,0.00,0.0000,0.0000,0.0000,0.0000,0,0
2026-08-25 17:07:40.281574,36,franka,0.46642,-0.04982,0.41076,0.00000,0.00000,0.00000,0.00000,0.00,0.00,0.00,0.0000,0.0000,0.0000,0.0000,0,0
2026-08-25 17:07:40.335951,37,franka,0.46642,-0.04982,0.41076,0.00000,0.00000,0.00000,0.00000,0.00,0.00,0.00,0.0000,0.0000,0.0000,0.0000,0,0
2026-08-25 17:07:40.389572,38,franka,0.46642,-0.04982,0.41076,0.00000,0.00000,0.00000,0.00000,0.00,0.00,0.00,0.0000,0.0000,0.0000,0.0000,0,0
2026-08-25 17:07:40.443337,39,franka,0.46642,-0.04982,0.41076,0.00000,0.00000,0.00000,0.00000,0.00,0.00,0.00,0.0000,0.0000,0.0000,0.0000,0,0
2026-08-25 17:07:40.496857,40,franka,0.46642,-0.04982,0.41076,0.00000,0.00000,0.00000,0.00000,0.00,0.00,0.00,0.0000,0.0000,0.0000,0.0000,0,0
2026-08-25 17:07:40.550923,41,franka,0.46642,-0.04982,0.41076,0.00000,0.00000,0.00000,0.00000,0.00,0.00,0.00,0.0000,0.0000,0.0000,0.0000,0,0
2026-08-25 17:07:40.604357,42,franka,0.46642,-0.04982,0.41076,0.00000,0.00000,0.00000,0.00000,0.00,0.00,0.00,0.0000,0.0000,0.0000,0.0000,0,0
2026-08-25 17:07:40.658223,43,franka,0.46642,-0.04982,0.41076,0.00000,0.00000,0.00000,0.00000,0.00,0.00,0.00,0.0000,0.0000,0.0000,0.0000,0,0
2026-08-25 17:07:40.711834,44,franka,0.46642,-0.04982,0.41076,0.00000,0.00000,0.00000,0.00000,0.00,0.00,0.00,0.0000,0.0000,0.0000,0.0000,0,0
2026-08-25 17:07:40.765217,45,franka,0.46642,-0.04982,0.41076,0.00000,0.00000,0.00000,0.00000,0.00,0.00,0.00,0.0000,0.0000,0.0000,0.0000,0,0
2026-08-25 17:07:40.818957,46,franka,0.46642,-0.04982,0.41076,0.00000,0.00000,0.00000,0.00000,0.00,0.00,0.00,0.0000,0.0000,0.0000,0.0000,0,0
2026-08-25 17:07:40.872587,47,franka,0.46642,-0.04982,0.41076,0.00000,0.00000,0.00000,0.00000,0.00,0.00,0.00,0.0000,0.0000,0.0000,0.0000,0,0
2026-08-25 17:07:40.926580,48,franka,0.46642,-0.04982,0.41076,0.00000,0.00000,0.00000,0.00000,0.00,0.00,0.00,0.0000,0.0000,0.0000,0.0000,0,0
2026-08-25 17:07:40.980150,49,franka,0.46642,-0.04982,0.41076,0.00000,0.00000,0.00000,0.00000,0.00,0.00,0.00,0.0000,0.0000,0.0000,0.0000,0,0
2026-08-25 17:07:41.033690,50,franka,0.46642,-0.04982,0.41076,0.00000,0.00000,0.00000,0.00000,0.00,0.00,0.00,0.0000,0.0000,0.0000,0.0000,0,0
2026-08-25 17:07:41.087505,51,franka,0.46642,-0.04982,0.41076,0.00000,0.00000,0.00000,0.00000,0.00,0.00,0.00,0.0057,0.0000,0.0000,0.0000,0,0
2026-08-25 17:07:41.141329,52,franka,0.46642,-0.04982,0.41076,0.00000,0.00000,0.00000,0.00000,0.00,0.00,0.00,0.0000,0.0000,0.0000,0.0000,0,0
2026-08-25 17:07:41.194642,53,franka,0.46642,-0.04982,0.41076,0.00000,0.00000,0.00000,0.00000,0.00,0.00,0.00,0.0000,0.0000,0.0000,0.0000,0,0
2026-08-25 17:07:41.248299,54,franka,0.46642,-0.04982,0.41076,0.00000,0.00000,0.00000,0.00000,0.00,0.00,0.00,0.0000,0.0000,0.0000,0.0000,0,0
2026-08-25 17:07:41.301869,55,franka,0.46642,-0.04982,0.41076,0.00000,0.00000,0.00000,0.00000,0.00,0.00,0.00,0.0000,0.0000,0.0000,0.0000,0,0
2026-08-25 17:07:41.355342,56,franka,0.46642,-0.04982,0.41076,0.00000,0.00000,0.00000,0.00000,0.00,0.00,0.00,0.0000,0.0000,0.0000,0.0000,0,0
2026-08-25 17:07:41.409477,57,franka,0.46642,-0.04982,0.41076,0.00000,0.00000,0.00000,0.00000,0.00,0.00,0.00,0.0000,0.0000,0.0000,0.0000,0,0
2026-08-25 17:07:41.462903,58,franka,0.46642,-0.04982,0.41076,0.00000,0.00000,0.00000,0.00000,0.00,0.00,0.00,0.0000,0.0000,0.0000,0.0000,0,0
2026-08-25 17:07:41.517574,59,franka,0.46642,-0.04982,0.41076,0.00000,0.00000,0.00000,0.00000,0.00,0.00,0.00,0.0000,0.0000,0.0000,0.0000,0,0
2026-08-25 17:07:41.571013,60,franka,0.46642,-0.04982,0.41076,0.00000,0.00000,0.00000,0.00000,0.00,0.00,0.00,0.0000,0.0000,0.0000,0.0000,0,0
2026-08-25 17:07:41.624804,61,franka,0.46642,-0.04982,0.41076,0.00000,0.00000,0.00000,0.00000,0.00,0.00,0.00,0.0000,0.0000,0.0000,0.0000,0,0
2026-08-25 17:07:41.678531,62,franka,0.46642,-0.04982,0.41076,0.00000,0.00000,0.00000,0.00000,0.00,0.00,0.00,0.0000,0.0000,0.0000,0.0000,0,0
2026-08-25 17:07:41.732046,63,franka,0.46642,-0.04982,0.41076,0.00000,0.00000,0.00000,0.00000,0.00,0.00,0.00,0.0000,0.0086,0.0000,0.0000,0,0
2026-08-25 17:07:41.785616,64,franka,0.46642,-0.04982,0.41076,0.00000,0.00000,0.00000,0.00000,0.00,0.00,0.00,0.0000,0.0000,0.0000,0.0000,0,0
2026-08-25 17:07:41.839830,65,franka,0.46642,-0.04982,0.41076,0.00000,0.00000,0.00000,0.00000,0.00,0.00,0.00,0.0000,0.0000,0.0000,0.0000,0,0
2026-08-25 17:07:41.891527,66,franka,0.46642,-0.04982,0.41076,0.00000,0.00000,0.00000,0.00000,0.00,0.00,0.00,0.0029,0.0000,-0.0057,0.0000,0,0
2026-08-25 17:07:41.945350,67,franka,0.46642,-0.04982,0.41076,0.00000,0.00000,0.00000,0.00000,0.00,0.00,0.00,0.0000,0.0000,-0.0571,0.0000,0,0
2026-08-25 17:07:41.998963,68,franka,0.46642,-0.04982,0.41076,0.00000,0.00000,0.00000,0.00000,0.00,0.00,0.00,0.0000,0.0000,0.0000,0.0000,0,0
2026-08-25 17:07:42.052631,69,franka,0.46642,-0.04982,0.41076,0.00000,0.00000,0.00000,0.00000,0.00,0.00,0.00,0.0000,0.0000,0.0000,0.0000,0,0
2026-08-25 17:07:42.106567,70,franka,0.46642,-0.04982,0.41076,0.00000,0.00000,0.00000,0.00000,0.00,0.00,0.00,0.0000,0.0000,0.0000,0.0000,0,0
2026-08-25 17:07:42.160245,71,franka,0.46642,-0.04982,0.41076,0.00000,0.00000,0.00000,0.00000,0.00,0.00,0.00,0.0000,0.0000,0.0000,0.0000,0,0
2026-08-25 17:07:42.213963,72,franka,0.46642,-0.04982,0.41076,0.00000,0.00000,0.00000,0.00000,0.00,0.00,0.00,0.0000,0.0029,-0.0571,0.0000,0,0
2026-08-25 17:07:42.267454,73,franka,0.46642,-0.04982,0.41076,0.00000,0.00000,0.00000,0.00000,0.00,0.00,0.00,0.0029,0.0086,-0.1429,0.0400,0,0
2026-08-25 17:07:42.322099,74,franka,0.46642,-0.04982,0.41076,0.00000,0.00000,0.00000,0.00000,0.00,0.00,0.00,0.0000,0.0000,-0.1914,0.0486,0,0
2026-08-25 17:07:42.375735,75,franka,0.46642,-0.04982,0.41076,0.00000,0.00000,0.00000,0.00000,0.00,0.00,0.00,0.0000,0.0000,-0.2400,0.0314,0,0
2026-08-25 17:07:42.429914,76,franka,0.46644,-0.04984,0.41042,0.00000,0.00000,-0.02432,0.00000,0.00,0.00,0.00,0.0000,0.0000,-0.2229,0.0171,0,0
2026-08-25 17:07:42.483451,77,franka,0.46642,-0.04988,0.40889,0.00000,0.00000,-0.03000,0.00000,0.00,0.00,0.00,0.0000,0.0000,-0.2600,0.0143,0,0
2026-08-25 17:07:42.537481,78,franka,0.46643,-0.04987,0.40740,0.00000,0.00000,-0.03000,0.00000,0.00,0.00,0.00,0.0000,0.0000,-0.2743,0.0200,0,0
2026-08-25 17:07:42.591317,79,franka,0.46642,-0.04985,0.40585,0.00000,0.00000,-0.03000,0.00000,0.00,0.00,0.00,0.0000,0.0000,-0.3086,0.0229,0,0
2026-08-25 17:07:42.645659,80,franka,0.46643,-0.04986,0.40442,0.00000,0.00000,-0.03000,0.00000,0.00,0.00,0.00,0.0000,0.0000,-0.3000,0.0171,0,0
2026-08-25 17:07:42.699090,81,franka,0.46642,-0.04986,0.40283,0.00000,0.00000,-0.03000,0.00000,0.00,0.00,0.00,0.0000,0.0000,-0.2943,0.0171,0,0
2026-08-25 17:07:42.752577,82,franka,0.46643,-0.04987,0.39981,0.00000,0.00000,-0.03000,0.00000,0.00,0.00,0.00,0.0029,0.0000,-0.3114,0.0200,0,0
2026-08-25 17:07:42.806352,83,franka,0.46643,-0.04986,0.39828,0.00000,0.00000,-0.03000,0.00000,0.00,0.00,0.00,0.0000,0.0000,-0.3143,0.0200,0,0
2026-08-25 17:07:42.860682,84,franka,0.46642,-0.04987,0.39673,0.00000,0.00000,-0.03000,0.00000,0.00,0.00,0.00,0.0000,0.0000,-0.3086,0.0200,0,0
2026-08-25 17:07:42.915715,85,franka,0.46643,-0.04987,0.39524,0.00000,0.00000,-0.03000,0.00000,0.00,0.00,0.00,0.0000,0.0000,-0.3000,0.0200,0,0
2026-08-25 17:07:42.969544,86,franka,0.46643,-0.04986,0.39376,0.00000,0.00000,-0.03000,0.00000,0.00,0.00,0.00,0.0000,0.0000,-0.2829,0.0200,0,0
2026-08-25 17:07:43.023465,87,franka,0.46642,-0.04987,0.39220,0.00000,0.00000,-0.03000,0.00000,0.00,0.00,0.00,0.0000,0.0000,-0.2857,0.0200,0,0
2026-08-25 17:07:43.077264,88,franka,0.46642,-0.04986,0.39067,0.00000,0.00000,-0.03000,0.00000,0.00,0.00,0.00,0.0000,0.0000,-0.2857,0.0200,0,0
2026-08-25 17:07:43.130650,89,franka,0.46643,-0.04987,0.38918,0.00000,0.00000,-0.03000,0.00000,0.00,0.00,0.00,0.0000,0.0000,-0.2514,0.0086,0,0
2026-08-25 17:07:43.184101,90,franka,0.46643,-0.04987,0.38769,0.00000,0.00000,-0.03000,0.00000,0.00,0.00,0.00,0.0000,0.0000,-0.2543,0.0057,0,0
2026-08-25 17:07:43.237604,91,franka,0.46643,-0.04987,0.38615,0.00000,0.00000,-0.03000,0.00000,0.00,0.00,0.00,0.0000,-0.0143,-0.2371,0.0000,0,0
2026-08-25 17:07:43.291068,92,franka,0.46642,-0.04987,0.38462,0.00000,0.00000,-0.03000,0.00000,0.00,0.00,0.00,0.0000,-0.0400,-0.2686,0.0000,0,0
2026-08-25 17:07:43.344466,93,franka,0.46643,-0.04987,0.38312,0.00000,0.00000,-0.03000,0.00000,0.00,0.00,0.00,0.0000,-0.0657,-0.2943,0.0000,0,0
2026-08-25 17:07:43.398133,94,franka,0.46643,-0.04986,0.38160,0.00000,0.00000,-0.03000,0.00000,0.00,0.00,0.00,0.0000,-0.0257,-0.2686,0.0000,0,0
2026-08-25 17:07:43.451667,95,franka,0.46643,-0.04987,0.38007,0.00000,0.00000,-0.03000,0.00000,0.00,0.00,0.00,0.0000,0.0000,-0.2514,0.0000,0,0
2026-08-25 17:07:43.505521,96,franka,0.46642,-0.04987,0.37854,0.00000,0.00000,-0.03000,0.00000,0.00,0.00,0.00,0.0000,0.0000,-0.1829,0.0000,0,0
2026-08-25 17:07:43.559029,97,franka,0.46643,-0.04987,0.37705,0.00000,0.00000,-0.02517,0.00000,0.00,0.00,0.00,0.0000,0.0000,-0.1029,0.0000,0,0
2026-08-25 17:07:43.612526,98,franka,0.46643,-0.04985,0.37652,0.00000,0.00000,-0.00000,0.00000,0.00,0.00,0.00,0.0000,0.0000,0.0000,0.0029,0,0
2026-08-25 17:07:43.666227,99,franka,0.46643,-0.04985,0.37652,0.00000,0.00000,-0.00000,0.00000,0.00,0.00,0.00,0.0000,0.0000,0.0000,0.0000,0,0
2026-08-25 17:07:43.719838,100,franka,0.46643,-0.04985,0.37649,0.00000,0.00000,-0.00000,0.00000,0.00,0.00,0.00,0.0000,0.0000,0.0000,0.0000,0,0
2026-08-25 17:07:43.773381,101,franka,0.46643,-0.04985,0.37649,0.00000,0.00000,-0.00000,0.00000,0.00,0.00,0.00,0.0914,0.0000,-0.0286,0.0000,0,0
2026-08-25 17:07:43.827068,102,franka,0.46643,-0.04986,0.37650,0.00000,0.00000,-0.00000,0.00000,0.00,0.00,0.00,0.2086,0.0000,-0.0429,0.0000,0,0
2026-08-25 17:07:43.880724,103,franka,0.46643,-0.04980,0.37650,0.00000,0.00742,0.00000,0.00000,0.00,0.00,0.00,0.3857,0.0000,-0.0486,0.0000,0,0
2026-08-25 17:07:43.934475,104,franka,0.46643,-0.04884,0.37646,0.00000,0.03000,0.00000,0.00000,0.00,0.00,0.00,0.4914,0.0000,-0.0600,-0.0171,0,0
2026-08-25 17:07:43.988259,105,franka,0.46645,-0.04720,0.37652,0.00000,0.03000,0.00000,0.00000,0.00,0.00,0.00,0.5286,0.0000,-0.0714,-0.0257,0,0
2026-08-25 17:07:44.042401,106,franka,0.46645,-0.04568,0.37650,0.00000,0.03000,0.00000,0.00000,0.00,0.00,0.00,0.5657,-0.0057,-0.0857,-0.0343,0,0
2026-08-25 17:07:44.096002,107,franka,0.46644,-0.04420,0.37646,0.00000,0.03000,0.00000,0.00000,0.00,0.00,0.00,0.5714,0.0000,-0.0829,-0.0343,0,0
2026-08-25 17:07:44.149635,108,franka,0.46646,-0.04264,0.37650,0.00000,0.03000,0.00000,0.00000,0.00,0.00,0.00,0.5514,0.0000,-0.0800,-0.0314,0,0
2026-08-25 17:07:44.203429,109,franka,0.46645,-0.04120,0.37650,0.00000,0.03000,0.00000,0.00000,0.00,0.00,0.00,0.5400,0.0000,-0.0743,-0.0314,0,0
2026-08-25 17:07:44.257182,110,franka,0.46645,-0.03963,0.37647,0.00000,0.03000,0.00000,0.00000,0.00,0.00,0.00,0.5400,0.0000,-0.0771,-0.0314,0,0
2026-08-25 17:07:44.310659,111,franka,0.46645,-0.03805,0.37649,0.00000,0.03000,0.00000,0.00000,0.00,0.00,0.00,0.5400,0.0000,-0.0771,-0.0314,0,0
2026-08-25 17:07:44.364099,112,franka,0.46645,-0.03660,0.37650,0.00000,0.03000,0.00000,0.00000,0.00,0.00,0.00,0.5486,0.0000,-0.0771,-0.0314,0,0
2026-08-25 17:07:44.417631,113,franka,0.46645,-0.03510,0.37648,0.00000,0.03000,0.00000,0.00000,0.00,0.00,0.00,0.5343,0.0000,-0.0629,-0.0400,0,0
2026-08-25 17:07:44.471105,114,franka,0.46645,-0.03355,0.37647,0.00000,0.03000,0.00000,0.00000,0.00,0.00,0.00,0.5143,0.0000,-0.0486,-0.0457,0,0
2026-08-25 17:07:44.525006,115,franka,0.46645,-0.03052,0.37648,0.00000,0.03000,0.00000,0.00000,0.00,0.00,0.00,0.5229,0.0000,-0.0400,-0.0486,0,0
2026-08-25 17:07:44.578831,116,franka,0.46645,-0.02901,0.37647,0.00000,0.03000,0.00000,0.00000,0.00,0.00,0.00,0.5229,0.0000,-0.0229,-0.0486,0,0
2026-08-25 17:07:44.632324,117,franka,0.46645,-0.02751,0.37648,0.00000,0.03000,0.00000,0.00000,0.00,0.00,0.00,0.5114,0.0000,-0.0200,-0.0457,0,0
2026-08-25 17:07:44.685859,118,franka,0.46645,-0.02599,0.37648,0.00000,0.03000,0.00000,0.00000,0.00,0.00,0.00,0.5200,0.0000,-0.0200,-0.0457,0,0
2026-08-25 17:07:44.739488,119,franka,0.46645,-0.02448,0.37647,0.00000,0.03000,0.00000,0.00000,0.00,0.00,0.00,0.4771,0.0000,-0.0114,-0.0400,0,0
2026-08-25 17:07:44.792936,120,franka,0.46645,-0.02294,0.37647,0.00000,0.03000,0.00000,0.00000,0.00,0.00,0.00,0.2514,0.0000,0.0000,-0.0771,0,0
2026-08-25 17:07:44.846755,121,franka,0.46645,-0.02150,0.37647,0.00000,0.02193,0.00000,0.00000,0.00,0.00,0.00,0.0000,0.0000,0.0000,-0.0286,0,0
2026-08-25 17:07:44.900954,122,franka,0.46646,-0.02097,0.37648,0.00000,0.00000,0.00000,0.00000,0.00,0.00,0.00,0.0000,0.0000,0.0000,0.0000,0,0
2026-08-25 17:07:44.955022,123,franka,0.46644,-0.02110,0.37647,0.00000,0.00000,0.00000,0.00000,0.00,0.00,0.00,0.0000,0.0000,-0.0486,0.0000,0,0
2026-08-25 17:07:45.009161,124,franka,0.46644,-0.02107,0.37647,0.00000,0.00000,0.00000,0.00000,0.00,0.00,0.00,0.0000,0.0000,-0.1743,0.0000,0,0
2026-08-25 17:07:45.063253,125,franka,0.46645,-0.02103,0.37648,0.00000,0.00000,0.00000,0.00000,0.00,0.00,0.00,0.0000,0.0000,-0.2629,0.0000,0,0
2026-08-25 17:07:45.117233,126,franka,0.46643,-0.02109,0.37601,0.00000,-0.00000,-0.02627,0.00000,0.00,0.00,0.00,0.0229,-0.0086,-0.3714,0.0000,0,0
2026-08-25 17:07:45.171332,127,franka,0.46642,-0.02106,0.37449,0.00000,-0.00000,-0.03000,0.00000,0.00,0.00,0.00,0.0429,0.0000,-0.3571,0.0000,0,0
2026-08-25 17:07:45.225189,128,franka,0.46644,-0.02106,0.37301,0.00000,-0.00000,-0.03000,0.00000,0.00,0.00,0.00,0.0657,0.0000,-0.2686,0.0000,0,0
2026-08-25 17:07:45.279341,129,franka,0.46643,-0.02109,0.37145,0.00000,-0.00000,-0.03000,0.00000,0.00,0.00,0.00,0.0714,0.0000,-0.2114,0.0000,0,0
2026-08-25 17:07:45.333288,130,franka,0.46643,-0.02107,0.36847,0.00000,-0.00000,-0.03000,0.00000,0.00,0.00,0.00,0.0571,0.0000,-0.2371,0.0000,0,0
2026-08-25 17:07:45.386618,131,franka,0.46643,-0.02107,0.36693,0.00000,-0.00000,-0.03000,0.00000,0.00,0.00,0.00,0.0629,0.0000,-0.2543,0.0000,0,0
2026-08-25 17:07:45.440265,132,franka,0.46644,-0.02106,0.36548,0.00000,-0.00000,-0.03000,0.00000,0.00,0.00,0.00,0.0629,0.0000,-0.2914,0.0000,0,0
2026-08-25 17:07:45.493834,133,franka,0.46644,-0.02108,0.36397,0.00000,-0.00000,-0.03000,0.00000,0.00,0.00,0.00,0.0686,0.0000,-0.2886,0.0000,0,0
2026-08-25 17:07:45.547609,134,franka,0.46643,-0.02107,0.36244,0.00000,-0.00000,-0.03000,0.00000,0.00,0.00,0.00,0.0600,0.0000,-0.2429,0.0000,0,0
2026-08-25 17:07:45.601198,135,franka,0.46643,-0.02106,0.36093,0.00000,-0.00000,-0.03000,0.00000,0.00,0.00,0.00,0.0457,0.0000,-0.1971,0.0000,0,0
2026-08-25 17:07:45.655253,136,franka,0.46643,-0.02107,0.35978,0.00000,-0.00000,-0.00698,0.00000,0.00,0.00,0.00,0.0371,0.0000,-0.1257,0.0000,0,0
2026-08-25 17:07:45.709280,137,franka,0.46644,-0.02104,0.35972,0.00000,-0.00000,-0.00000,0.00000,0.00,0.00,0.00,0.0000,0.0000,-0.0743,0.0000,0,0
2026-08-25 17:07:45.763160,138,franka,0.46643,-0.02106,0.35971,0.00000,-0.00000,-0.00000,0.00000,0.00,0.00,0.00,0.0000,0.0000,0.0000,0.0000,0,0
2026-08-25 17:07:45.816929,139,franka,0.46644,-0.02106,0.35974,0.00000,-0.00000,-0.00000,0.00000,0.00,0.00,0.00,0.0000,0.0000,0.0000,0.0000,0,0
2026-08-25 17:07:45.870685,140,franka,0.46643,-0.02105,0.35968,0.00000,-0.00000,-0.00000,0.00000,0.00,0.00,0.00,0.0000,0.0000,0.0000,0.0000,0,0
2026-08-25 17:07:45.921497,141,franka,0.46643,-0.02106,0.35971,0.00000,-0.00000,-0.00000,0.00000,0.00,0.00,0.00,0.0000,0.0000,0.0000,0.0000,0,0
2026-08-25 17:07:45.976648,142,franka,0.46643,-0.02105,0.35971,0.00000,-0.00000,0.00000,0.00000,0.00,0.00,0.00,0.0000,0.0000,0.0000,0.0000,0,0
2026-08-25 17:07:46.030598,143,franka,0.46643,-0.02106,0.35970,0.00000,-0.00000,0.00000,0.00000,0.00,0.00,0.00,0.0000,0.0000,0.0000,0.0000,0,0
2026-08-25 17:07:46.083919,144,franka,0.46643,-0.02105,0.35971,0.00000,-0.00000,0.00000,0.00000,0.00,0.00,0.00,0.0000,0.0000,0.0000,0.0000,0,0
2026-08-25 17:07:46.137387,145,franka,0.46643,-0.02106,0.35971,0.00000,-0.00000,0.00000,0.00000,0.00,0.00,0.00,0.0000,0.0000,0.0000,0.0000,0,0
2026-08-25 17:07:46.191042,146,franka,0.46643,-0.02106,0.35971,0.00000,-0.00000,-0.00000,0.00000,0.00,0.00,0.00,0.0000,0.0000,0.0000,0.0000,0,0
2026-08-25 17:07:46.244426,147,franka,0.46643,-0.02106,0.35971,0.00000,-0.00000,-0.00000,0.00000,0.00,0.00,0.00,0.0000,0.0000,0.0000,0.0000,0,0
2026-08-25 17:07:46.298184,148,franka,0.46643,-0.02106,0.35970,0.00000,-0.00000,-0.00000,0.00000,0.00,0.00,0.00,0.0000,0.0000,0.0000,0.0000,0,0
2026-08-25 17:07:46.351785,149,franka,0.46643,-0.02105,0.35970,0.00000,-0.00000,-0.00000,0.00000,0.00,0.00,0.00,0.0000,0.0000,0.0000,0.0000,0,0
2026-08-25 17:07:46.405554,150,franka,0.46643,-0.02106,0.35971,0.00000,-0.00000,-0.00000,0.00000,0.00,0.00,0.00,0.0000,0.0000,0.0000,0.0000,0,0
2026-08-25 17:07:46.459208,151,franka,0.46643,-0.02105,0.35970,0.00000,-0.00000,-0.00000,0.00000,0.00,0.00,0.00,0.0000,0.0000,0.0000,0.0000,0,0
2026-08-25 17:07:46.513693,152,franka,0.46643,-0.02105,0.35971,0.00000,-0.00000,-0.00000,0.00000,0.00,0.00,0.00,0.0000,0.0000,0.0000,0.0000,0,0
2026-08-25 17:07:46.567432,153,franka,0.46643,-0.02105,0.35971,0.00000,-0.00000,-0.00000,0.00000,0.00,0.00,0.00,0.0000,0.0000,0.0000,0.0000,0,0
2026-08-25 17:07:46.621049,154,franka,0.46643,-0.02106,0.35971,0.00000,-0.00000,-0.00000,0.00000,0.00,0.00,0.00,0.0000,0.0000,0.0000,0.0000,0,0
2026-08-25 17:07:46.674889,155,franka,0.46643,-0.02106,0.35971,0.00000,-0.00000,-0.00000,0.00000,0.00,0.00,0.00,0.0000,0.0000,0.0000,0.0000,0,0
2026-08-25 17:07:46.728888,156,franka,0.46643,-0.02106,0.35971,0.00000,-0.00000,-0.00000,0.00000,0.00,0.00,0.00,0.0000,0.0000,0.0000,0.0000,0,0
2026-08-25 17:07:46.782673,157,franka,0.46643,-0.02106,0.35970,0.00000,-0.00000,-0.00000,0.00000,0.00,0.00,0.00,0.0000,0.0000,0.0000,0.0000,0,0
2026-08-25 17:07:46.836218,158,franka,0.46643,-0.02106,0.35971,0.00000,-0.00000,-0.00000,0.00000,0.00,0.00,0.00,0.0000,0.0000,0.0000,0.0000,0,0
2026-08-25 17:07:46.890060,159,franka,0.46643,-0.02106,0.35971,0.00000,-0.00000,-0.00000,0.00000,0.00,0.00,0.00,0.0000,0.0000,0.0000,0.0000,0,0
2026-08-25 17:07:46.943503,160,franka,0.46643,-0.02105,0.35971,0.00000,-0.00000,-0.00000,0.00000,0.00,0.00,0.00,0.0000,0.0000,0.0000,0.0000,0,0
2026-08-25 17:07:46.997132,161,franka,0.46643,-0.02105,0.35971,0.00000,-0.00000,-0.00000,0.00000,0.00,0.00,0.00,0.0000,0.0000,0.0000,0.0000,0,0
2026-08-25 17:07:47.051489,162,franka,0.46643,-0.02106,0.35971,0.00000,-0.00000,-0.00000,0.00000,0.00,0.00,0.00,0.0000,0.0000,0.0000,0.0000,0,0
2026-08-25 17:07:47.105065,163,franka,0.46644,-0.02106,0.35971,0.00000,-0.00000,-0.00000,0.00000,0.00,0.00,0.00,0.0000,0.0000,0.0000,0.0000,0,0
2026-08-25 17:07:47.157550,164,franka,0.46643,-0.02106,0.35971,0.00000,-0.00000,-0.00000,0.00000,0.00,0.00,0.00,0.0000,0.0000,0.0000,0.0000,0,0
2026-08-25 17:07:47.211479,165,franka,0.46643,-0.02106,0.35971,0.00000,-0.00000,-0.00000,0.00000,0.00,0.00,0.00,0.0000,0.0000,0.0000,0.0000,0,0
2026-08-25 17:07:47.265024,166,franka,0.46643,-0.02105,0.35971,0.00000,-0.00000,-0.00000,0.00000,0.00,0.00,0.00,0.0000,0.0000,0.0000,0.0000,0,0
2026-08-25 17:07:47.318824,167,franka,0.46643,-0.02106,0.35971,0.00000,-0.00000,-0.00000,0.00000,0.00,0.00,0.00,0.0000,0.0000,0.0000,0.0000,0,0
2026-08-25 17:07:47.372224,168,franka,0.46643,-0.02105,0.35971,0.00000,-0.00000,-0.00000,0.00000,0.00,0.00,0.00,0.0000,0.0000,0.0000,0.0000,0,0
2026-08-25 17:07:47.426168,169,franka,0.46643,-0.02106,0.35971,0.00000,-0.00000,-0.00000,0.00000,0.00,0.00,0.00,0.0000,0.0000,0.0000,0.0000,0,0
2026-08-25 17:07:47.479886,170,franka,0.46643,-0.02106,0.35971,0.00000,-0.00000,-0.00000,0.00000,0.00,0.00,0.00,0.0000,0.0000,0.0000,0.0000,0,0
2026-08-25 17:07:47.533398,171,franka,0.46643,-0.02106,0.35971,0.00000,-0.00000,-0.00000,0.00000,0.00,0.00,0.00,0.0000,0.0000,0.0000,0.0000,0,0
2026-08-25 17:07:47.587293,172,franka,0.46643,-0.02106,0.35971,0.00000,-0.00000,-0.00000,0.00000,0.00,0.00,0.00,0.0000,0.0000,0.0000,0.0000,0,0
2026-08-25 17:07:47.640979,173,franka,0.46643,-0.02106,0.35971,0.00000,-0.00000,-0.00000,0.00000,0.00,0.00,0.00,0.0000,0.0000,0.0000,0.0000,0,0
2026-08-25 17:07:47.694343,174,franka,0.46643,-0.02105,0.35971,0.00000,-0.00000,-0.00000,0.00000,0.00,0.00,0.00,0.0000,0.0000,0.0000,0.0000,0,0
2026-08-25 17:07:47.747903,175,franka,0.46643,-0.02106,0.35971,0.00000,-0.00000,-0.00000,0.00000,0.00,0.00,0.00,0.0000,0.0000,0.0000,0.0000,0,0
2026-08-25 17:07:47.801756,176,franka,0.46643,-0.02106,0.35971,0.00000,-0.00000,-0.00000,0.00000,0.00,0.00,0.00,0.0000,0.0000,0.0000,0.0000,0,0
2026-08-25 17:07:47.855581,177,franka,0.46643,-0.02106,0.35971,0.00000,-0.00000,-0.00000,0.00000,0.00,0.00,0.00,0.0000,0.0000,0.0000,0.0000,0,0
2026-08-25 17:07:47.909926,178,franka,0.46643,-0.02105,0.35971,0.00000,-0.00000,-0.00000,0.00000,0.00,0.00,0.00,0.0000,0.0000,0.0000,0.0000,0,0
2026-08-25 17:07:47.964022,179,franka,0.46643,-0.02105,0.35971,0.00000,-0.00000,-0.00000,0.00000,0.00,0.00,0.00,0.0000,0.0000,0.0000,0.0000,0,0
2026-08-25 17:07:48.017682,180,franka,0.46643,-0.02106,0.35971,0.00000,-0.00000,-0.00000,0.00000,0.00,0.00,0.00,0.0000,0.0000,0.0000,0.0000,0,0
2026-08-25 17:07:48.071356,181,franka,0.46643,-0.02105,0.35971,0.00000,-0.00000,-0.00000,0.00000,0.00,0.00,0.00,0.0000,0.0000,0.0000,0.0000,0,0
2026-08-25 17:07:48.124909,182,franka,0.46643,-0.02106,0.35971,0.00000,-0.00000,-0.00000,0.00000,0.00,0.00,0.00,0.0000,0.0000,0.0000,0.0000,0,0
2026-08-25 17:07:48.178566,183,franka,0.46643,-0.02106,0.35971,0.00000,-0.00000,-0.00000,0.00000,0.00,0.00,0.00,0.0000,0.0000,0.0000,0.0000,0,0
2026-08-25 17:07:48.232239,184,franka,0.46643,-0.02106,0.35971,0.00000,-0.00000,-0.00000,0.00000,0.00,0.00,0.00,0.0000,0.0000,0.0000,0.0000,0,0
2026-08-25 17:07:48.286152,185,franka,0.46643,-0.02106,0.35971,0.00000,-0.00000,-0.00000,0.00000,0.00,0.00,0.00,0.0000,0.0000,0.0000,0.0000,0,0
2026-08-25 17:07:48.339745,186,franka,0.46643,-0.02105,0.35971,0.00000,-0.00000,-0.00000,0.00000,0.00,0.00,0.00,0.0000,0.0000,0.0000,0.0000,0,0
2026-08-25 17:07:48.393630,187,franka,0.46643,-0.02106,0.35971,0.00000,-0.00000,-0.00000,0.00000,0.00,0.00,0.00,0.0000,0.0000,0.0000,0.0000,0,0
2026-08-25 17:07:48.461306,188,flowbot,0.46643,-0.02106,0.35971,0.00000,-0.00000,-0.00000,0.00000,0.00,0.00,0.00,0.0000,0.0000,0.0000,0.0000,1,0
2026-08-25 17:07:48.502047,189,flowbot,0.46643,-0.02106,0.35971,0.00000,-0.00000,-0.00000,0.00000,0.00,0.00,0.00,0.0000,0.0000,0.0000,0.0000,1,0
2026-08-25 17:07:48.553803,190,flowbot,0.46643,-0.02106,0.35971,0.00000,-0.00000,-0.00000,0.00000,0.00,0.00,0.00,0.0000,0.0000,0.0000,0.0000,1,0
2026-08-25 17:07:48.608109,191,flowbot,0.46643,-0.02106,0.35971,0.00000,-0.00000,-0.00000,0.00000,0.00,0.00,0.00,0.0000,0.0000,0.0000,0.0000,1,0
2026-08-25 17:07:48.662322,192,flowbot,0.46643,-0.02106,0.35971,0.00000,-0.00000,-0.00000,0.00000,0.00,0.00,0.00,0.0000,0.0000,0.0000,0.0000,1,0
2026-08-25 17:07:48.716884,193,flowbot,0.46643,-0.02106,0.35971,0.00000,-0.00000,-0.00000,0.00000,0.00,0.00,0.00,0.0000,0.0000,0.0000,0.0000,1,0
2026-08-25 17:07:48.771689,194,flowbot,0.46643,-0.02106,0.35971,0.00000,-0.00000,-0.00000,0.00000,0.00,0.00,0.00,0.0000,0.0000,0.0000,0.0000,1,0
2026-08-25 17:07:48.822405,195,flowbot,0.46643,-0.02106,0.35971,0.00000,-0.00000,-0.00000,0.00000,0.00,0.00,0.00,0.0000,0.0000,0.0000,0.0000,1,0
2026-08-25 17:07:48.876895,196,flowbot,0.46643,-0.02106,0.35971,0.00000,-0.00000,-0.00000,0.00000,0.00,0.00,0.00,0.0000,0.0000,0.0000,0.0000,1,0
2026-08-25 17:07:48.930970,197,flowbot,0.46643,-0.02106,0.35971,0.00000,-0.00000,-0.00000,0.00000,0.00,0.00,0.00,0.0000,0.0000,0.0000,0.0000,1,0
2026-08-25 17:07:48.987110,198,flowbot,0.46643,-0.02106,0.35971,0.00000,-0.00000,-0.00000,0.00000,0.00,0.00,0.00,0.0000,0.0000,0.0000,0.0000,1,0
2026-08-25 17:07:49.043406,199,flowbot,0.46643,-0.02106,0.35971,0.00000,-0.00000,-0.00000,0.00000,0.00,0.00,0.00,0.0000,0.0000,0.0000,0.0000,1,0
2026-08-25 17:07:49.094496,200,flowbot,0.46643,-0.02106,0.35971,0.00000,-0.00000,-0.00000,0.00000,0.00,0.00,0.00,0.0000,0.0000,0.0000,0.0000,1,0
2026-08-25 17:07:49.147892,201,flowbot,0.46643,-0.02106,0.35971,0.00000,-0.00000,-0.00000,0.00000,0.00,0.00,0.00,0.0000,0.0000,0.0000,0.0000,0,0
2026-08-25 17:07:49.202658,202,flowbot,0.46643,-0.02106,0.35971,0.00000,-0.00000,-0.00000,0.00000,0.00,0.00,0.00,0.0000,0.0000,0.0000,0.0000,0,0
2026-08-25 17:07:49.253878,203,flowbot,0.46643,-0.02106,0.35971,0.00000,-0.00000,-0.00000,0.00000,0.00,0.00,0.00,0.0000,0.0000,0.0000,0.0000,0,0
2026-08-25 17:07:49.306194,204,flowbot,0.46643,-0.02106,0.35971,0.00000,-0.00000,-0.00000,0.00000,0.00,0.00,0.00,0.0000,0.0000,0.0000,0.0000,0,0
2026-08-25 17:07:49.356207,205,flowbot,0.46643,-0.02106,0.35971,0.00000,-0.00000,-0.00000,0.00000,0.00,0.00,0.00,0.0000,0.0000,0.0000,0.0000,0,0
2026-08-25 17:07:49.406944,206,flowbot,0.46643,-0.02106,0.35971,0.00000,-0.00000,-0.00000,0.00000,0.00,0.00,0.00,0.0000,0.0000,0.0000,0.0000,0,0
2026-08-25 17:07:49.463726,207,flowbot,0.46643,-0.02106,0.35971,0.00000,-0.00000,-0.00000,0.00000,0.00,0.00,0.00,0.0000,0.0000,0.0000,0.0000,0,0
2026-08-25 17:07:49.515348,208,flowbot,0.46643,-0.02106,0.35971,0.00000,-0.00000,-0.00000,0.00000,0.00,0.00,0.00,0.0000,0.0000,0.0000,0.0000,0,0
2026-08-25 17:07:49.567461,209,flowbot,0.46643,-0.02106,0.35971,0.00000,-0.00000,-0.00000,0.00000,0.00,0.00,0.00,0.0000,0.0000,0.0000,0.0000,0,0
2026-08-25 17:07:49.623980,210,flowbot,0.46643,-0.02106,0.35971,0.00000,-0.00000,-0.00000,0.00000,0.00,0.00,0.00,0.0000,0.0000,0.0000,0.0000,0,0
2026-08-25 17:07:49.677957,211,flowbot,0.46643,-0.02106,0.35971,0.00000,-0.00000,-0.00000,0.00000,0.00,0.00,0.00,0.0000,0.0000,0.0000,0.0000,0,0
2026-08-25 17:07:49.729002,212,flowbot,0.46643,-0.02106,0.35971,0.00000,-0.00000,-0.00000,0.00000,0.00,0.00,0.00,0.0000,0.0000,0.0000,0.0000,0,0
2026-08-25 17:07:49.784837,213,flowbot,0.46643,-0.02106,0.35971,0.00000,-0.00000,-0.00000,0.00000,0.00,0.00,0.00,0.3371,0.0000,0.0000,0.0000,0,0
2026-08-25 17:07:49.838654,214,flowbot,0.46643,-0.02106,0.35971,0.00000,-0.00000,-0.00000,0.00000,0.00,0.00,0.00,0.3371,0.0000,0.0000,0.0000,0,0
2026-08-25 17:07:49.892183,215,flowbot,0.46643,-0.02106,0.35971,0.00000,-0.00000,-0.00000,0.00000,0.00,0.00,0.00,0.3371,0.0000,0.0000,0.0000,0,0
2026-08-25 17:07:49.942064,216,flowbot,0.46643,-0.02106,0.35971,0.00000,-0.00000,-0.00000,0.00000,0.00,0.00,0.00,0.3371,0.0000,0.0000,0.0000,0,0
2026-08-25 17:07:49.993031,217,flowbot,0.46643,-0.02106,0.35971,0.00000,-0.00000,-0.00000,0.00000,0.00,0.00,0.00,1.0114,0.0000,0.1429,0.0000,0,0
2026-08-25 17:07:50.046037,218,flowbot,0.46643,-0.02106,0.35971,0.00000,-0.00000,-0.00000,0.00000,0.00,0.00,0.00,1.0114,0.0000,0.1429,0.0000,0,0
2026-08-25 17:07:50.097163,219,flowbot,0.46643,-0.02106,0.35971,0.00000,-0.00000,-0.00000,0.00000,0.00,0.00,0.00,1.0114,0.0000,0.1429,0.0000,0,0
2026-08-25 17:07:50.149340,220,flowbot,0.46643,-0.02106,0.35971,0.00000,-0.00000,-0.00000,0.00000,0.00,0.00,0.00,1.1629,0.0000,0.1914,0.0000,0,0
2026-08-25 17:07:50.205884,221,flowbot,0.46643,-0.02106,0.35971,0.00000,-0.00000,-0.00000,0.00000,0.00,0.00,0.00,1.1629,0.0000,0.1914,0.0000,0,0
2026-08-25 17:07:50.260210,222,flowbot,0.46643,-0.02106,0.35971,0.00000,-0.00000,-0.00000,0.00000,0.00,0.00,0.00,1.1629,0.0000,0.1914,0.0000,0,0
2026-08-25 17:07:50.313200,223,flowbot,0.46643,-0.02106,0.35971,0.00000,-0.00000,-0.00000,0.00000,0.00,0.00,0.00,1.1629,0.0000,0.1914,0.0000,0,0
2026-08-25 17:07:50.366460,224,flowbot,0.46643,-0.02106,0.35971,0.00000,-0.00000,-0.00000,0.00000,0.00,0.00,0.00,1.2857,0.0000,0.2229,0.0000,0,0
2026-08-25 17:07:50.423299,225,flowbot,0.46643,-0.02106,0.35971,0.00000,-0.00000,-0.00000,0.00000,0.00,0.00,0.00,1.2857,0.0000,0.2229,0.0000,0,0
2026-08-25 17:07:50.475976,226,flowbot,0.46643,-0.02106,0.35971,0.00000,-0.00000,-0.00000,0.00000,0.00,0.00,0.00,1.2857,0.0000,0.2229,0.0000,0,0
2026-08-25 17:07:50.524154,227,flowbot,0.46643,-0.02106,0.35971,0.00000,-0.00000,-0.00000,0.00000,2.00,0.00,0.00,1.3057,0.0000,0.2286,0.0000,0,0
2026-08-25 17:07:50.579590,228,flowbot,0.46643,-0.02106,0.35971,0.00000,-0.00000,-0.00000,0.00000,2.00,0.00,0.00,1.3057,0.0000,0.2286,0.0000,0,0
2026-08-25 17:07:50.637833,229,flowbot,0.46643,-0.02106,0.35971,0.00000,-0.00000,-0.00000,0.00000,2.00,0.00,0.00,1.3057,0.0000,0.2286,0.0000,0,0
2026-08-25 17:07:50.690678,230,flowbot,0.46643,-0.02106,0.35971,0.00000,-0.00000,-0.00000,0.00000,2.00,0.00,0.00,1.3057,0.0000,0.2286,0.0000,0,0
2026-08-25 17:07:50.740524,231,flowbot,0.46643,-0.02106,0.35971,0.00000,-0.00000,-0.00000,0.00000,3.00,0.00,0.00,1.3429,0.0000,0.2400,0.0000,0,0
2026-08-25 17:07:50.795787,232,flowbot,0.46643,-0.02106,0.35971,0.00000,-0.00000,-0.00000,0.00000,3.00,0.00,0.00,1.3429,0.0000,0.2400,0.0000,0,0
2026-08-25 17:07:50.850697,233,flowbot,0.46643,-0.02106,0.35971,0.00000,-0.00000,-0.00000,0.00000,3.00,0.00,0.00,1.3429,0.0000,0.2400,0.0000,0,0
2026-08-25 17:07:50.905320,234,flowbot,0.46643,-0.02106,0.35971,0.00000,-0.00000,-0.00000,0.00000,3.00,0.00,0.00,1.3429,0.0000,0.2400,0.0000,0,0
2026-08-25 17:07:50.962761,235,flowbot,0.46643,-0.02106,0.35971,0.00000,-0.00000,-0.00000,0.00000,5.00,0.00,0.00,1.3771,0.0000,0.2200,0.0000,0,0
2026-08-25 17:07:51.017128,236,flowbot,0.46643,-0.02106,0.35971,0.00000,-0.00000,-0.00000,0.00000,5.00,0.00,0.00,1.3771,0.0000,0.2200,0.0000,0,0
2026-08-25 17:07:51.066700,237,flowbot,0.46643,-0.02106,0.35971,0.00000,-0.00000,-0.00000,0.00000,5.00,0.00,0.00,1.3771,0.0000,0.2200,0.0000,0,0
2026-08-25 17:07:51.121125,238,flowbot,0.46643,-0.02106,0.35971,0.00000,-0.00000,-0.00000,0.00000,7.00,0.00,0.00,1.3743,0.0000,0.1857,0.0000,0,0
2026-08-25 17:07:51.177385,239,flowbot,0.46643,-0.02106,0.35971,0.00000,-0.00000,-0.00000,0.00000,7.00,0.00,0.00,1.3743,0.0000,0.1857,0.0000,0,0
2026-08-25 17:07:51.234254,240,flowbot,0.46643,-0.02106,0.35971,0.00000,-0.00000,-0.00000,0.00000,7.00,0.00,0.00,1.3743,0.0000,0.1857,0.0000,0,0
2026-08-25 17:07:51.288473,241,flowbot,0.46643,-0.02106,0.35971,0.00000,-0.00000,-0.00000,0.00000,7.00,0.00,0.00,1.3743,0.0000,0.1857,0.0000,0,0
2026-08-25 17:07:51.345783,242,flowbot,0.46643,-0.02106,0.35971,0.00000,-0.00000,-0.00000,0.00000,9.00,0.00,0.00,1.3857,0.0000,0.1943,0.0000,0,0
2026-08-25 17:07:51.397863,243,flowbot,0.46643,-0.02106,0.35971,0.00000,-0.00000,-0.00000,0.00000,9.00,0.00,0.00,1.3857,0.0000,0.1943,0.0000,0,0
2026-08-25 17:07:51.451286,244,flowbot,0.46643,-0.02106,0.35971,0.00000,-0.00000,-0.00000,0.00000,9.00,0.00,0.00,1.3857,0.0000,0.1943,0.0000,0,0
2026-08-25 17:07:51.499542,245,flowbot,0.46643,-0.02106,0.35971,0.00000,-0.00000,-0.00000,0.00000,10.00,0.00,0.00,1.4114,0.0000,0.1714,0.0000,0,0
2026-08-25 17:07:51.553176,246,flowbot,0.46643,-0.02106,0.35971,0.00000,-0.00000,-0.00000,0.00000,10.00,0.00,0.00,1.4114,0.0000,0.1714,0.0000,0,0
2026-08-25 17:07:51.609450,247,flowbot,0.46643,-0.02106,0.35971,0.00000,-0.00000,-0.00000,0.00000,10.00,0.00,0.00,1.4114,0.0000,0.1714,0.0000,0,0
2026-08-25 17:07:51.659072,248,flowbot,0.46643,-0.02106,0.35971,0.00000,-0.00000,-0.00000,0.00000,10.00,0.00,0.00,1.4114,0.0000,0.1714,0.0000,0,0
2026-08-25 17:07:51.710060,249,flowbot,0.46643,-0.02106,0.35971,0.00000,-0.00000,-0.00000,0.00000,12.00,0.00,0.00,1.3486,0.0000,0.1257,0.0000,0,0
2026-08-25 17:07:51.763071,250,flowbot,0.46643,-0.02106,0.35971,0.00000,-0.00000,-0.00000,0.00000,12.00,0.00,0.00,1.3486,0.0000,0.1257,0.0000,0,0
2026-08-25 17:07:51.822736,251,flowbot,0.46643,-0.02106,0.35971,0.00000,-0.00000,-0.00000,0.00000,12.00,0.00,0.00,1.3486,0.0000,0.1257,0.0000,0,0
2026-08-25 17:07:51.876181,252,flowbot,0.46643,-0.02106,0.35971,0.00000,-0.00000,-0.00000,0.00000,14.00,0.00,0.00,1.3657,0.0000,0.1286,0.0000,0,0
2026-08-25 17:07:51.929297,253,flowbot,0.46643,-0.02106,0.35971,0.00000,-0.00000,-0.00000,0.00000,14.00,0.00,0.00,1.3657,0.0000,0.1286,0.0000,0,0
2026-08-25 17:07:51.980781,254,flowbot,0.46643,-0.02106,0.35971,0.00000,-0.00000,-0.00000,0.00000,14.00,0.00,0.00,1.3657,0.0000,0.1286,0.0000,0,0
2026-08-25 17:07:52.032525,255,flowbot,0.46643,-0.02106,0.35971,0.00000,-0.00000,-0.00000,0.00000,14.00,0.00,0.00,1.3657,0.0000,0.1286,0.0000,0,0
2026-08-25 17:07:52.083528,256,flowbot,0.46643,-0.02106,0.35971,0.00000,-0.00000,-0.00000,0.00000,16.00,0.00,0.00,1.3171,0.0000,0.1057,0.0000,0,0
2026-08-25 17:07:52.138060,257,flowbot,0.46643,-0.02106,0.35971,0.00000,-0.00000,-0.00000,0.00000,16.00,0.00,0.00,1.3171,0.0000,0.1057,0.0000,0,0
2026-08-25 17:07:52.191536,258,flowbot,0.46643,-0.02106,0.35971,0.00000,-0.00000,-0.00000,0.00000,16.00,0.00,0.00,1.3171,0.0000,0.1057,0.0000,0,0
2026-08-25 17:07:52.242142,259,flowbot,0.46643,-0.02106,0.35971,0.00000,-0.00000,-0.00000,0.00000,16.00,0.00,0.00,1.3171,0.0000,0.1057,0.0000,0,0
2026-08-25 17:07:52.299719,260,flowbot,0.46643,-0.02106,0.35971,0.00000,-0.00000,-0.00000,0.00000,17.00,0.00,0.00,1.3171,0.0000,0.0000,0.0000,0,0
2026-08-25 17:07:52.355091,261,flowbot,0.46643,-0.02106,0.35971,0.00000,-0.00000,-0.00000,0.00000,17.00,0.00,0.00,1.3171,0.0000,0.0000,0.0000,0,0
2026-08-25 17:07:52.403471,262,flowbot,0.46643,-0.02106,0.35971,0.00000,-0.00000,-0.00000,0.00000,17.00,0.00,0.00,1.3171,0.0000,0.0000,0.0000,0,0
2026-08-25 17:07:52.455281,263,flowbot,0.46643,-0.02106,0.35971,0.00000,-0.00000,-0.00000,0.00000,19.00,0.00,0.00,1.2286,0.0000,0.0000,0.0000,0,0
2026-08-25 17:07:52.508453,264,flowbot,0.46643,-0.02106,0.35971,0.00000,-0.00000,-0.00000,0.00000,19.00,0.00,0.00,1.2286,0.0000,0.0000,0.0000,0,0
2026-08-25 17:07:52.557884,265,flowbot,0.46643,-0.02106,0.35971,0.00000,-0.00000,-0.00000,0.00000,19.00,0.00,0.00,1.2286,0.0000,0.0000,0.0000,0,0
2026-08-25 17:07:52.612011,266,flowbot,0.46643,-0.02106,0.35971,0.00000,-0.00000,-0.00000,0.00000,19.00,0.00,0.00,1.2286,0.0000,0.0000,0.0000,0,0
2026-08-25 17:07:52.662624,267,flowbot,0.46643,-0.02106,0.35971,0.00000,-0.00000,-0.00000,0.00000,19.00,0.00,0.00,0.6914,0.0000,-0.5086,0.0000,0,0
2026-08-25 17:07:52.716890,268,flowbot,0.46643,-0.02106,0.35971,0.00000,-0.00000,-0.00000,0.00000,19.00,0.00,0.00,0.6914,0.0000,-0.5086,0.0000,0,0
2026-08-25 17:07:52.768825,269,flowbot,0.46643,-0.02106,0.35971,0.00000,-0.00000,-0.00000,0.00000,19.00,0.00,0.00,0.6914,0.0000,-0.5086,0.0000,0,0
2026-08-25 17:07:52.819805,270,flowbot,0.46643,-0.02106,0.35971,0.00000,-0.00000,-0.00000,0.00000,19.00,0.00,0.00,0.6914,0.0000,-0.5086,0.0000,0,0
2026-08-25 17:07:52.870489,271,flowbot,0.46643,-0.02106,0.35971,0.00000,-0.00000,-0.00000,0.00000,19.00,0.00,0.00,0.4971,0.0000,-0.5714,0.0000,0,0
2026-08-25 17:07:52.927006,272,flowbot,0.46643,-0.02106,0.35971,0.00000,-0.00000,-0.00000,0.00000,19.00,0.00,0.00,0.4971,0.0000,-0.5714,0.0000,0,0
2026-08-25 17:07:52.982896,273,flowbot,0.46643,-0.02106,0.35971,0.00000,-0.00000,-0.00000,0.00000,19.00,0.00,0.00,0.4971,0.0000,-0.5714,0.0000,0,0
2026-08-25 17:07:53.037942,274,flowbot,0.46643,-0.02106,0.35971,0.00000,-0.00000,-0.00000,0.00000,19.00,0.00,0.00,0.4971,0.0000,-0.5714,0.0000,0,0
2026-08-25 17:07:53.094670,275,flowbot,0.46643,-0.02106,0.35971,0.00000,-0.00000,-0.00000,0.00000,19.00,0.00,0.00,0.3629,0.0000,-0.4829,0.0000,0,0
2026-08-25 17:07:53.148205,276,flowbot,0.46643,-0.02106,0.35971,0.00000,-0.00000,-0.00000,0.00000,19.00,0.00,0.00,0.3629,0.0000,-0.4829,0.0000,0,0
2026-08-25 17:07:53.203225,277,flowbot,0.46643,-0.02106,0.35971,0.00000,-0.00000,-0.00000,0.00000,19.00,0.00,0.00,0.3629,0.0000,-0.4829,0.0000,0,0
2026-08-25 17:07:53.254324,278,flowbot,0.46643,-0.02106,0.35971,0.00000,-0.00000,-0.00000,0.00000,20.00,0.00,0.00,0.8486,0.0000,0.0000,0.0000,0,0
2026-08-25 17:07:53.309699,279,flowbot,0.46643,-0.02106,0.35971,0.00000,-0.00000,-0.00000,0.00000,20.00,0.00,0.00,0.8486,0.0000,0.0000,0.0000,0,0
2026-08-25 17:07:53.363830,280,flowbot,0.46643,-0.02106,0.35971,0.00000,-0.00000,-0.00000,0.00000,20.00,0.00,0.00,0.8486,0.0000,0.0000,0.0000,0,0
2026-08-25 17:07:53.414006,281,flowbot,0.46643,-0.02106,0.35971,0.00000,-0.00000,-0.00000,0.00000,20.00,0.00,0.00,0.8486,0.0000,0.0000,0.0000,0,0
2026-08-25 17:07:53.466171,282,flowbot,0.46643,-0.02106,0.35971,0.00000,-0.00000,-0.00000,0.00000,22.00,0.00,0.00,1.3171,-0.1429,0.0000,0.0000,0,0
2026-08-25 17:07:53.516601,283,flowbot,0.46643,-0.02106,0.35971,0.00000,-0.00000,-0.00000,0.00000,22.00,0.00,0.00,1.3171,-0.1429,0.0000,0.0000,0,0
2026-08-25 17:07:53.579097,284,flowbot,0.46643,-0.02106,0.35971,0.00000,-0.00000,-0.00000,0.00000,22.00,0.00,0.00,1.3171,-0.1429,0.0000,0.0000,0,0
2026-08-25 17:07:53.629657,285,flowbot,0.46643,-0.02106,0.35971,0.00000,-0.00000,-0.00000,0.00000,24.00,0.00,0.00,1.1743,-0.1343,0.0000,0.0000,0,0
2026-08-25 17:07:53.686234,286,flowbot,0.46643,-0.02106,0.35971,0.00000,-0.00000,-0.00000,0.00000,24.00,0.00,0.00,1.1743,-0.1343,0.0000,0.0000,0,0
2026-08-25 17:07:53.737770,287,flowbot,0.46643,-0.02106,0.35971,0.00000,-0.00000,-0.00000,0.00000,24.00,0.00,0.00,1.1743,-0.1343,0.0000,0.0000,0,0
2026-08-25 17:07:53.792222,288,flowbot,0.46643,-0.02106,0.35971,0.00000,-0.00000,-0.00000,0.00000,24.00,0.00,0.00,1.1743,-0.1343,0.0000,0.0000,0,0
2026-08-25 17:07:53.841979,289,flowbot,0.46643,-0.02106,0.35971,0.00000,-0.00000,-0.00000,0.00000,25.00,0.00,0.00,1.0686,0.0000,0.0000,0.0000,0,0
2026-08-25 17:07:53.899366,290,flowbot,0.46643,-0.02106,0.35971,0.00000,-0.00000,-0.00000,0.00000,25.00,0.00,0.00,1.0686,0.0000,0.0000,0.0000,0,0
2026-08-25 17:07:53.946449,291,flowbot,0.46643,-0.02106,0.35971,0.00000,-0.00000,-0.00000,0.00000,25.00,0.00,0.00,1.0686,0.0000,0.0000,0.0000,0,0
2026-08-25 17:07:53.999363,292,flowbot,0.46643,-0.02106,0.35971,0.00000,-0.00000,-0.00000,0.00000,25.00,0.00,0.00,1.0686,0.0000,0.0000,0.0000,0,0
2026-08-25 17:07:54.054927,293,flowbot,0.46643,-0.02106,0.35971,0.00000,-0.00000,-0.00000,0.00000,26.00,0.00,0.00,0.4686,0.0000,0.0000,0.0000,0,0
2026-08-25 17:07:54.105592,294,flowbot,0.46643,-0.02106,0.35971,0.00000,-0.00000,-0.00000,0.00000,26.00,0.00,0.00,0.4686,0.0000,0.0000,0.0000,0,0
2026-08-25 17:07:54.158600,295,flowbot,0.46643,-0.02106,0.35971,0.00000,-0.00000,-0.00000,0.00000,26.00,0.00,0.00,0.4686,0.0000,0.0000,0.0000,0,0
2026-08-25 17:07:54.211792,296,flowbot,0.46643,-0.02106,0.35971,0.00000,-0.00000,-0.00000,0.00000,26.00,0.00,0.00,0.0000,0.0000,0.0000,0.0000,0,0
2026-08-25 17:07:54.267110,297,flowbot,0.46643,-0.02106,0.35971,0.00000,-0.00000,-0.00000,0.00000,26.00,0.00,0.00,0.0000,0.0000,0.0000,0.0000,0,0
2026-08-25 17:07:54.321763,298,flowbot,0.46643,-0.02106,0.35971,0.00000,-0.00000,-0.00000,0.00000,26.00,0.00,0.00,0.0000,0.0000,0.0000,0.0000,0,0
2026-08-25 17:07:54.375423,299,flowbot,0.46643,-0.02106,0.35971,0.00000,-0.00000,-0.00000,0.00000,26.00,0.00,0.00,0.0000,0.0000,0.0000,0.0000,0,0
2026-08-25 17:07:54.425266,300,flowbot,0.46643,-0.02106,0.35971,0.00000,-0.00000,-0.00000,0.00000,26.00,0.00,0.00,0.0000,0.0000,0.0000,0.0000,0,0
2026-08-25 17:07:54.483408,301,flowbot,0.46643,-0.02106,0.35971,0.00000,-0.00000,-0.00000,0.00000,26.00,0.00,0.00,0.0000,0.0000,0.0000,0.0000,0,0
2026-08-25 17:07:54.535257,302,flowbot,0.46643,-0.02106,0.35971,0.00000,-0.00000,-0.00000,0.00000,26.00,0.00,0.00,0.0000,0.0000,0.0000,0.0000,0,0
2026-08-25 17:07:54.587841,303,flowbot,0.46643,-0.02106,0.35971,0.00000,-0.00000,-0.00000,0.00000,26.00,0.00,0.00,0.0000,0.0000,0.0000,0.0000,0,0
2026-08-25 17:07:54.643376,304,flowbot,0.46643,-0.02106,0.35971,0.00000,-0.00000,-0.00000,0.00000,26.00,0.00,0.00,0.0000,0.0000,0.0000,0.0000,0,0
2026-08-25 17:07:54.700711,305,flowbot,0.46643,-0.02106,0.35971,0.00000,-0.00000,-0.00000,0.00000,26.00,0.00,0.00,0.0000,0.0000,0.0000,0.0000,0,0
2026-08-25 17:07:54.751686,306,flowbot,0.46643,-0.02106,0.35971,0.00000,-0.00000,-0.00000,0.00000,26.00,0.00,0.00,0.0000,0.0000,0.0000,0.0000,0,0
2026-08-25 17:07:54.804446,307,flowbot,0.46643,-0.02106,0.35971,0.00000,-0.00000,-0.00000,0.00000,26.00,0.00,0.00,0.0000,0.0000,0.0000,0.0000,0,0
2026-08-25 17:07:54.862214,308,flowbot,0.46643,-0.02106,0.35971,0.00000,-0.00000,-0.00000,0.00000,26.00,0.00,0.00,0.0000,0.0000,0.0000,0.0000,0,0
2026-08-25 17:07:54.912930,309,flowbot,0.46643,-0.02106,0.35971,0.00000,-0.00000,-0.00000,0.00000,26.00,0.00,0.00,0.0000,0.0000,0.0000,0.0000,0,0
2026-08-25 17:07:54.966301,310,flowbot,0.46643,-0.02106,0.35971,0.00000,-0.00000,-0.00000,0.00000,26.00,0.00,0.00,0.0000,0.0000,0.0000,0.0000,0,0
2026-08-25 17:07:55.016055,311,flowbot,0.46643,-0.02106,0.35971,0.00000,-0.00000,-0.00000,0.00000,26.00,0.00,0.00,0.0000,0.0000,0.0000,0.0000,0,0
2026-08-25 17:07:55.071908,312,flowbot,0.46643,-0.02106,0.35971,0.00000,-0.00000,-0.00000,0.00000,26.00,0.00,0.00,0.0000,0.0000,0.0000,0.0000,0,0
2026-08-25 17:07:55.120195,313,flowbot,0.46643,-0.02106,0.35971,0.00000,-0.00000,-0.00000,0.00000,26.00,0.00,0.00,0.0000,0.0000,0.0000,0.0000,0,0
2026-08-25 17:07:55.174877,314,flowbot,0.46643,-0.02106,0.35971,0.00000,-0.00000,-0.00000,0.00000,26.00,0.00,0.00,0.0000,0.0000,0.0000,0.0000,0,0
2026-08-25 17:07:55.228310,315,flowbot,0.46643,-0.02106,0.35971,0.00000,-0.00000,-0.00000,0.00000,26.00,0.00,0.00,0.0000,0.0000,0.0000,0.0000,0,0
2026-08-25 17:07:55.280778,316,flowbot,0.46643,-0.02106,0.35971,0.00000,-0.00000,-0.00000,0.00000,26.00,0.00,0.00,0.0000,0.0000,0.0000,0.0000,0,0
2026-08-25 17:07:55.335017,317,flowbot,0.46643,-0.02106,0.35971,0.00000,-0.00000,-0.00000,0.00000,26.00,0.00,0.00,0.0000,0.0000,0.0000,0.0000,0,0
2026-08-25 17:07:55.384917,318,flowbot,0.46643,-0.02106,0.35971,0.00000,-0.00000,-0.00000,0.00000,26.00,0.00,0.00,0.0000,0.0000,0.0000,0.0000,0,0
2026-08-25 17:07:55.438577,319,flowbot,0.46643,-0.02106,0.35971,0.00000,-0.00000,-0.00000,0.00000,26.00,0.00,0.00,0.0000,0.0000,0.0000,0.0000,0,0
2026-08-25 17:07:55.490815,320,flowbot,0.46643,-0.02106,0.35971,0.00000,-0.00000,-0.00000,0.00000,26.00,0.00,0.00,0.0000,0.0000,0.0000,0.0000,0,0
2026-08-25 17:07:55.544149,321,flowbot,0.46643,-0.02106,0.35971,0.00000,-0.00000,-0.00000,0.00000,26.00,0.00,0.00,0.0000,0.0000,0.0000,0.0000,0,0
2026-08-25 17:07:55.593272,322,flowbot,0.46643,-0.02106,0.35971,0.00000,-0.00000,-0.00000,0.00000,26.00,0.00,0.00,0.0000,0.0000,0.0000,0.0000,0,0
2026-08-25 17:07:55.646188,323,flowbot,0.46643,-0.02106,0.35971,0.00000,-0.00000,-0.00000,0.00000,26.00,0.00,0.00,0.0000,0.0000,0.0000,0.0000,0,0
2026-08-25 17:07:55.705904,324,flowbot,0.46643,-0.02106,0.35971,0.00000,-0.00000,-0.00000,0.00000,26.00,0.00,0.00,0.0000,0.0000,0.0000,0.0000,0,0
2026-08-25 17:07:55.759656,325,flowbot,0.46643,-0.02106,0.35971,0.00000,-0.00000,-0.00000,0.00000,26.00,0.00,0.00,0.0000,0.0000,0.0000,0.0000,0,0
2026-08-25 17:07:55.815049,326,flowbot,0.46643,-0.02106,0.35971,0.00000,-0.00000,-0.00000,0.00000,26.00,0.00,0.00,0.0000,0.0000,0.0000,0.0000,0,0
2026-08-25 17:07:55.861501,327,flowbot,0.46643,-0.02106,0.35971,0.00000,-0.00000,-0.00000,0.00000,26.00,0.00,0.00,0.0000,0.0000,0.0000,0.0000,0,0
2026-08-25 17:07:55.915265,328,franka,0.46643,-0.02106,0.35971,0.00000,-0.00000,-0.00000,0.00000,26.00,0.00,0.00,0.0000,0.0000,0.0000,0.0000,1,0
2026-08-25 17:07:55.969305,329,franka,0.46643,-0.02105,0.35971,0.00000,-0.00000,-0.00000,0.00000,26.00,0.00,0.00,0.0000,0.0000,0.0000,0.0000,0,0
2026-08-25 17:07:56.022928,330,franka,0.46644,-0.02106,0.35974,0.00000,0.00000,0.00000,0.00000,26.00,0.00,0.00,0.0000,0.0000,0.0000,0.0000,0,0
2026-08-25 17:07:56.076989,331,franka,0.46644,-0.02106,0.35975,0.00000,0.00000,0.00000,0.00000,26.00,0.00,0.00,0.0000,0.0000,0.0000,0.0000,0,0
2026-08-25 17:07:56.131394,332,franka,0.46644,-0.02107,0.35975,0.00000,0.00000,0.00000,0.00000,26.00,0.00,0.00,0.0000,0.0000,0.0000,0.0000,0,0
2026-08-25 17:07:56.185122,333,franka,0.46644,-0.02106,0.35974,0.00000,0.00000,0.00000,0.00000,26.00,0.00,0.00,0.0000,0.0000,0.0000,0.0000,0,0
2026-08-25 17:07:56.239057,334,franka,0.46644,-0.02106,0.35975,0.00000,0.00000,0.00000,0.00000,26.00,0.00,0.00,0.0000,0.0000,0.0000,0.0000,0,0
2026-08-25 17:07:56.293278,335,franka,0.46644,-0.02107,0.35975,0.00000,0.00000,0.00000,0.00000,26.00,0.00,0.00,0.0000,0.0000,0.0000,0.0000,0,0
2026-08-25 17:07:56.346858,336,franka,0.46644,-0.02106,0.35975,0.00000,0.00000,0.00000,0.00000,26.00,0.00,0.00,0.0000,0.0000,0.0000,0.0000,0,0
2026-08-25 17:07:56.400526,337,franka,0.46644,-0.02107,0.35975,0.00000,0.00000,0.00000,0.00000,26.00,0.00,0.00,0.0000,0.0000,0.0000,0.0000,0,0
2026-08-25 17:07:56.454524,338,franka,0.46644,-0.02107,0.35975,0.00000,0.00000,0.00000,0.00000,26.00,0.00,0.00,0.0000,0.0000,0.0000,0.0000,0,0
2026-08-25 17:07:56.508299,339,franka,0.46644,-0.02106,0.35975,0.00000,0.00000,0.00000,0.00000,26.00,0.00,0.00,0.0000,0.0000,0.0000,0.0000,0,0
2026-08-25 17:07:56.562780,340,franka,0.46644,-0.02107,0.35975,0.00000,0.00000,0.00000,0.00000,26.00,0.00,0.00,0.0000,0.0000,0.0000,0.0000,0,0
2026-08-25 17:07:56.616692,341,franka,0.46644,-0.02107,0.35975,0.00000,0.00000,0.00000,0.00000,26.00,0.00,0.00,0.0000,0.0000,0.0000,0.0000,0,0
2026-08-25 17:07:56.670582,342,franka,0.46644,-0.02106,0.35975,0.00000,0.00000,0.00000,0.00000,26.00,0.00,0.00,0.0000,0.0000,0.0000,0.0000,0,0
2026-08-25 17:07:56.724425,343,franka,0.46644,-0.02106,0.35975,0.00000,0.00000,0.00000,0.00000,26.00,0.00,0.00,0.0000,0.0000,0.0000,0.0000,0,1
2026-08-25 17:07:56.777967,344,franka,0.46644,-0.02106,0.35975,0.00000,0.00000,0.00000,0.00000,26.00,0.00,0.00,0.0000,0.0000,0.0000,0.0000,0,1
2026-08-25 17:07:56.831608,345,franka,0.46644,-0.02106,0.35975,0.00000,0.00000,0.00000,0.00000,26.00,0.00,0.00,0.0000,0.0000,0.0000,0.0000,0,1
2026-08-25 17:07:56.885215,346,franka,0.46644,-0.02106,0.35975,0.00000,0.00000,0.00000,0.00000,26.00,0.00,0.00,0.0000,0.0000,0.0000,0.0000,0,1
2026-08-25 17:07:56.939235,347,franka,0.46644,-0.02106,0.35975,0.00000,0.00000,0.00000,0.00000,26.00,0.00,0.00,0.0000,0.0000,0.0000,0.0000,0,0
2026-08-25 17:07:56.989475,348,franka,0.46644,-0.02106,0.35975,0.00000,0.00000,0.00000,0.00000,26.00,0.00,0.00,0.0000,0.0000,0.0000,0.0000,0,0
2026-08-25 17:07:57.043256,349,franka,0.46644,-0.02107,0.35975,0.00000,0.00000,0.00000,0.00000,26.00,0.00,0.00,0.0000,0.0000,0.0000,0.0000,0,0
2026-08-25 17:07:57.096893,350,franka,0.46644,-0.02107,0.35975,0.00000,0.00000,0.00000,0.00000,26.00,0.00,0.00,0.0000,0.0000,0.0000,0.0000,0,0
2026-08-25 17:07:57.150504,351,franka,0.46644,-0.02107,0.35975,0.00000,0.00000,0.00000,0.00000,26.00,0.00,0.00,0.0000,0.0000,0.0000,0.0000,0,0
2026-08-25 17:07:57.204856,352,franka,0.46644,-0.02107,0.35975,0.00000,0.00000,0.00000,0.00000,26.00,0.00,0.00,0.0000,0.0000,0.0000,0.0000,0,0
2026-08-25 17:07:57.254803,353,franka,0.46644,-0.02106,0.35975,0.00000,0.00000,0.00000,0.00000,26.00,0.00,0.00,0.0000,0.0000,0.0000,0.0000,0,0
2026-08-25 17:07:57.308385,354,franka,0.46644,-0.02107,0.35975,0.00000,0.00000,0.00000,0.00000,26.00,0.00,0.00,0.0000,0.0000,0.0000,0.0000,0,0
2026-08-25 17:07:57.362069,355,franka,0.46644,-0.02107,0.35975,0.00000,0.00000,0.00000,0.00000,26.00,0.00,0.00,0.0000,0.0200,0.0000,0.0000,0,0
2026-08-25 17:07:57.415483,356,franka,0.46644,-0.02106,0.35975,0.00000,0.00000,0.00000,0.00000,26.00,0.00,0.00,0.0000,0.0229,0.0000,0.0000,0,0
2026-08-25 17:07:57.469048,357,franka,0.46644,-0.02106,0.35975,0.00000,0.00000,0.00000,0.00000,26.00,0.00,0.00,0.0000,0.1114,0.0000,0.0000,0,0
2026-08-25 17:07:57.522626,358,franka,0.46644,-0.02106,0.35975,0.00000,0.00000,0.00000,0.00000,26.00,0.00,0.00,0.0000,0.0257,0.0200,0.0000,0,0
2026-08-25 17:07:57.576289,359,franka,0.46644,-0.02107,0.35975,0.00000,0.00000,0.00000,0.00000,26.00,0.00,0.00,0.0000,0.0000,0.0000,0.0000,0,0
2026-08-25 17:07:57.630030,360,franka,0.46644,-0.02106,0.35975,0.00000,0.00000,0.00000,0.00000,26.00,0.00,0.00,0.0171,0.0000,0.0000,0.0000,0,0
2026-08-25 17:07:57.683631,361,franka,0.46644,-0.02106,0.35975,0.00000,0.00000,0.00000,0.00000,26.00,0.00,0.00,0.0229,0.0000,0.0000,0.0000,0,0
2026-08-25 17:07:57.737019,362,franka,0.46644,-0.02106,0.35975,0.00000,0.00000,0.00000,0.00000,26.00,0.00,0.00,0.0000,-0.0171,0.0000,-0.0114,0,0
2026-08-25 17:07:57.790352,363,franka,0.46644,-0.02106,0.35975,0.00000,0.00000,0.00000,0.00000,26.00,0.00,0.00,0.0000,0.0000,0.0000,0.0000,0,0
2026-08-25 17:07:57.844015,364,franka,0.46644,-0.02107,0.35975,0.00000,0.00000,0.00000,0.00000,26.00,0.00,0.00,0.0000,0.0000,0.0000,0.0000,0,0
2026-08-25 17:07:57.897643,365,franka,0.46644,-0.02106,0.35975,0.00000,0.00000,0.00000,0.00000,26.00,0.00,0.00,0.0229,0.0057,0.0000,0.0000,0,0
2026-08-25 17:07:57.951000,366,franka,0.46644,-0.02106,0.35975,0.00000,0.00000,0.00000,0.00000,26.00,0.00,0.00,0.0114,0.0000,0.0000,0.0000,0,0
2026-08-25 17:07:58.004805,367,franka,0.46644,-0.02106,0.35975,0.00000,0.00000,0.00000,0.00000,26.00,0.00,0.00,0.0571,0.0000,-0.0143,0.0000,0,0
2026-08-25 17:07:58.055310,368,franka,0.46644,-0.02107,0.35975,0.00000,0.00000,0.00000,0.00000,26.00,0.00,0.00,0.0829,0.0000,-0.0629,0.0000,0,0
2026-08-25 17:07:58.108936,369,franka,0.46644,-0.02106,0.35975,0.00000,0.00000,0.00000,0.00000,26.00,0.00,0.00,0.1543,-0.0143,-0.0686,0.0000,0,0
2026-08-25 17:07:58.162466,370,franka,0.46644,-0.02106,0.35975,0.00000,0.00000,0.00000,0.00000,26.00,0.00,0.00,0.2200,-0.0629,-0.0857,0.0000,0,0
2026-08-25 17:07:58.215962,371,franka,0.46645,-0.02082,0.35975,0.00000,0.01963,0.00000,0.00000,26.00,0.00,0.00,0.3171,-0.0686,-0.0629,0.0000,0,0
2026-08-25 17:07:58.269526,372,franka,0.46647,-0.01987,0.35980,0.00000,0.02000,0.00000,0.00000,26.00,0.00,0.00,0.3743,-0.0971,-0.0686,0.0000,0,0
2026-08-25 17:07:58.323299,373,franka,0.46648,-0.01874,0.35979,0.00000,0.02000,0.00000,0.00000,26.00,0.00,0.00,0.4143,-0.1143,-0.0486,0.0000,0,0
2026-08-25 17:07:58.377034,374,franka,0.46648,-0.01779,0.35980,0.00000,0.02000,0.00000,0.00000,26.00,0.00,0.00,0.4171,-0.1143,-0.0514,0.0000,0,0
2026-08-25 17:07:58.430632,375,franka,0.46648,-0.01573,0.35979,0.00000,0.02000,0.00000,0.00000,26.00,0.00,0.00,0.4229,-0.1057,-0.0314,0.0000,0,0
2026-08-25 17:07:58.484138,376,franka,0.46648,-0.01476,0.35979,0.00000,0.02000,0.00000,0.00000,26.00,0.00,0.00,0.4057,-0.1000,-0.0286,0.0000,0,0
2026-08-25 17:07:58.538007,377,franka,0.46648,-0.01370,0.35980,0.00000,0.02000,0.00000,0.00000,26.00,0.00,0.00,0.4029,-0.0914,-0.0229,0.0000,0,0
2026-08-25 17:07:58.591512,378,franka,0.46648,-0.01272,0.35979,0.00000,0.02000,0.00000,0.00000,26.00,0.00,0.00,0.4000,-0.0800,-0.0229,0.0000,0,0
2026-08-25 17:07:58.645102,379,franka,0.46648,-0.01170,0.35978,0.00000,0.02000,0.00000,0.00000,26.00,0.00,0.00,0.4000,-0.0657,-0.0200,0.0000,0,0
2026-08-25 17:07:58.699434,380,franka,0.46648,-0.01065,0.35979,0.00000,0.02000,0.00000,0.00000,26.00,0.00,0.00,0.4057,-0.0657,-0.0200,0.0000,0,0
2026-08-25 17:07:58.749027,381,franka,0.46648,-0.00964,0.35979,0.00000,0.02000,0.00000,0.00000,26.00,0.00,0.00,0.4114,-0.0771,-0.0171,0.0000,0,0
2026-08-25 17:07:58.802727,382,franka,0.46648,-0.00862,0.35979,0.00000,0.02000,0.00000,0.00000,26.00,0.00,0.00,0.4114,-0.0629,-0.0229,0.0000,0,0
2026-08-25 17:07:58.856115,383,franka,0.46648,-0.00763,0.35979,0.00000,0.02000,0.00000,0.00000,26.00,0.00,0.00,0.4114,-0.0743,-0.0229,0.0000,0,0
2026-08-25 17:07:58.909552,384,franka,0.46648,-0.00661,0.35979,0.00000,0.02000,0.00000,0.00000,26.00,0.00,0.00,0.4000,-0.0743,-0.0229,0.0000,0,0
2026-08-25 17:07:58.963857,385,franka,0.46648,-0.00557,0.35979,0.00000,0.02000,0.00000,0.00000,26.00,0.00,0.00,0.3971,-0.0743,-0.0200,0.0000,0,0
2026-08-25 17:07:59.017623,386,franka,0.46648,-0.00457,0.35979,0.00000,0.02000,0.00000,0.00000,26.00,0.00,0.00,0.3971,-0.0743,-0.0229,0.0000,0,0
2026-08-25 17:07:59.070943,387,franka,0.46648,-0.00354,0.35979,0.00000,0.02000,0.00000,0.00000,26.00,0.00,0.00,0.3886,-0.0629,-0.0286,0.0000,0,0
2026-08-25 17:07:59.124861,388,franka,0.46648,-0.00251,0.35979,0.00000,0.02000,0.00000,0.00000,26.00,0.00,0.00,0.3886,-0.0600,-0.0257,0.0000,0,0
2026-08-25 17:07:59.178648,389,franka,0.46648,-0.00153,0.35979,0.00000,0.02000,0.00000,0.00000,26.00,0.00,0.00,0.3829,-0.0486,-0.0371,0.0000,0,0
2026-08-25 17:07:59.232291,390,franka,0.46647,-0.00051,0.35978,0.00000,0.02000,0.00000,0.00000,26.00,0.00,0.00,0.3657,-0.0457,-0.0429,0.0000,0,0
2026-08-25 17:07:59.285762,391,franka,0.46647,0.00051,0.35978,0.00000,0.02000,0.00000,0.00000,26.00,0.00,0.00,0.3629,-0.0457,-0.0486,0.0000,0,0
2026-08-25 17:07:59.339157,392,franka,0.46646,0.00152,0.35978,0.00000,0.02000,0.00000,0.00000,26.00,0.00,0.00,0.3600,-0.0400,-0.0629,0.0000,0,0
2026-08-25 17:07:59.393042,393,franka,0.46645,0.00353,0.35977,0.00000,0.02000,0.00000,0.00000,26.00,0.00,0.00,0.3629,-0.0343,-0.0629,0.0000,0,0
2026-08-25 17:07:59.446679,394,franka,0.46644,0.00455,0.35978,0.00000,0.02000,0.00000,0.00000,26.00,0.00,0.00,0.3600,-0.0400,-0.0629,0.0000,0,0
2026-08-25 17:07:59.500643,395,franka,0.46645,0.00556,0.35978,0.00000,0.02000,0.00000,0.00000,26.00,0.00,0.00,0.3629,-0.0429,-0.0657,0.0000,0,0
2026-08-25 17:07:59.555227,396,franka,0.46645,0.00658,0.35977,0.00000,0.02000,0.00000,0.00000,26.00,0.00,0.00,0.3686,-0.0457,-0.0657,0.0000,0,0
2026-08-25 17:07:59.609109,397,franka,0.46645,0.00758,0.35977,0.00000,0.02000,0.00000,0.00000,26.00,0.00,0.00,0.3657,-0.0457,-0.0829,0.0000,0,0
2026-08-25 17:07:59.662727,398,franka,0.46645,0.00860,0.35977,0.00000,0.02000,0.00000,0.00000,26.00,0.00,0.00,0.3343,-0.0429,-0.1371,0.0000,0,0
2026-08-25 17:07:59.716362,399,franka,0.46645,0.00960,0.35978,0.00000,0.02000,0.00000,0.00000,26.00,0.00,0.00,0.3171,-0.0429,-0.1686,0.0000,0,0
2026-08-25 17:07:59.770499,400,franka,0.46644,0.01060,0.35977,0.00000,0.02000,0.00000,0.00000,26.00,0.00,0.00,0.3143,-0.0343,-0.1800,0.0000,0,0
2026-08-25 17:07:59.824387,401,franka,0.46644,0.01159,0.35977,0.00000,0.02000,0.00000,0.00000,26.00,0.00,0.00,0.3057,-0.0229,-0.1971,0.0000,0,0
2026-08-25 17:07:59.878441,402,franka,0.46644,0.01262,0.35978,0.00000,0.02000,0.00000,0.00000,26.00,0.00,0.00,0.2743,-0.0114,-0.2257,0.0000,0,0
2026-08-25 17:07:59.933070,403,franka,0.46647,0.01352,0.35955,0.00000,0.01414,-0.01414,0.00000,26.00,0.00,0.00,0.2286,-0.0057,-0.2886,0.0000,0,0
2026-08-25 17:07:59.986732,404,franka,0.46646,0.01423,0.35883,0.00000,0.01414,-0.01414,0.00000,26.00,0.00,0.00,0.1886,0.0000,-0.3457,0.0000,0,0
2026-08-25 17:08:00.041082,405,franka,0.46647,0.01475,0.35805,0.00000,0.00037,-0.01981,0.00000,26.00,0.00,0.00,0.1629,0.0000,-0.3457,0.0000,0,0
2026-08-25 17:08:00.094813,406,franka,0.46646,0.01482,0.35701,0.00000,0.00000,-0.02000,0.00000,26.00,0.00,0.00,0.1543,0.0000,-0.3371,0.0000,0,0
2026-08-25 17:08:00.148423,407,franka,0.46647,0.01475,0.35603,0.00000,0.00000,-0.02000,0.00000,26.00,0.00,0.00,0.1571,0.0000,-0.3171,0.0000,0,0
2026-08-25 17:08:00.202073,408,franka,0.46646,0.01479,0.35400,0.00000,-0.00000,-0.02000,0.00000,26.00,0.00,0.00,0.1657,0.0000,-0.3171,0.0000,0,0
2026-08-25 17:08:00.255747,409,franka,0.46647,0.01477,0.35301,0.00000,-0.00000,-0.02000,0.00000,26.00,0.00,0.00,0.1714,0.0000,-0.3229,0.0000,0,0
2026-08-25 17:08:00.309294,410,franka,0.46647,0.01480,0.35198,0.00000,0.00000,-0.02000,0.00000,26.00,0.00,0.00,0.1771,0.0000,-0.3171,0.0000,0,0
2026-08-25 17:08:00.362810,411,franka,0.46647,0.01477,0.35096,0.00000,0.00068,-0.01962,0.00000,26.00,0.00,0.00,0.2114,0.0000,-0.2943,0.0000,0,0
2026-08-25 17:08:00.416519,412,franka,0.46647,0.01527,0.35018,0.00000,0.01414,-0.01414,0.00000,26.00,0.00,0.00,0.2686,0.0000,-0.2400,0.0000,0,0
2026-08-25 17:08:00.470224,413,franka,0.46646,0.01608,0.34945,0.00000,0.01414,-0.01414,0.00000,26.00,0.00,0.00,0.3086,0.0000,-0.2057,0.0000,0,0
2026-08-25 17:08:00.524044,414,franka,0.46646,0.01675,0.34874,0.00000,0.01414,-0.01414,0.00000,26.00,0.00,0.00,0.3429,-0.0229,-0.2057,0.0000,0,0
2026-08-25 17:08:00.577703,415,franka,0.46646,0.01745,0.34803,0.00000,0.01473,-0.01297,0.00000,26.00,0.00,0.00,0.3429,-0.0429,-0.1857,0.0000,0,0
2026-08-25 17:08:00.631347,416,franka,0.46645,0.01842,0.34784,0.00000,0.02000,-0.00000,0.00000,26.00,0.00,0.00,0.3571,-0.0657,-0.1800,0.0000,0,0
2026-08-25 17:08:00.685363,417,franka,0.46644,0.01940,0.34784,0.00000,0.02000,0.00000,0.00000,26.00,0.00,0.00,0.3943,-0.0829,-0.1629,0.0000,0,0
2026-08-25 17:08:00.738994,418,franka,0.46644,0.02043,0.34784,0.00000,0.02000,0.00000,0.00000,26.00,0.00,0.00,0.3943,-0.0800,-0.1629,0.0000,0,0
2026-08-25 17:08:00.792440,419,franka,0.46644,0.02144,0.34782,0.00000,0.02000,0.00000,0.00000,26.00,0.00,0.00,0.3914,-0.0800,-0.1514,0.0000,0,0
2026-08-25 17:08:00.846158,420,franka,0.46644,0.02245,0.34782,0.00000,0.02000,0.00000,0.00000,26.00,0.00,0.00,0.3429,-0.0571,-0.1657,0.0000,0,0
2026-08-25 17:08:00.899933,421,franka,0.46645,0.02347,0.34784,0.00000,0.02000,0.00000,0.00000,26.00,0.00,0.00,0.3000,-0.0514,-0.1771,0.0000,0,0
2026-08-25 17:08:00.953857,422,franka,0.46644,0.02450,0.34782,0.00000,0.02000,0.00000,0.00000,26.00,0.00,0.00,0.2771,-0.0371,-0.2143,0.0000,0,0
2026-08-25 17:08:01.007277,423,franka,0.46644,0.02546,0.34776,0.00000,0.01592,-0.01002,0.00000,26.00,0.00,0.00,0.2686,-0.0429,-0.2429,0.0000,0,0
2026-08-25 17:08:01.060850,424,franka,0.46646,0.02691,0.34639,0.00000,0.01414,-0.01414,0.00000,26.00,0.00,0.00,0.2543,-0.0543,-0.2571,0.0000,0,0
2026-08-25 17:08:01.114350,425,franka,0.46646,0.02764,0.34566,0.00000,0.01414,-0.01414,0.00000,26.00,0.00,0.00,0.2343,-0.0543,-0.3029,0.0000,0,0
2026-08-25 17:08:01.168040,426,franka,0.46647,0.02835,0.34500,0.00000,0.01414,-0.01414,0.00000,26.00,0.00,0.00,0.2371,-0.0429,-0.3371,0.0000,0,0
2026-08-25 17:08:01.223191,427,franka,0.46647,0.02906,0.34426,0.00000,0.01414,-0.01414,0.00000,26.00,0.00,0.00,0.2400,-0.0343,-0.3571,0.0000,0,0
2026-08-25 17:08:01.277711,428,franka,0.46647,0.02978,0.34354,0.00000,0.01414,-0.01414,0.00000,26.00,0.00,0.00,0.2429,-0.0429,-0.3371,0.0000,0,0
2026-08-25 17:08:01.331555,429,franka,0.46648,0.03050,0.34285,0.00000,0.01414,-0.01414,0.00000,26.00,0.00,0.00,0.2457,-0.0371,-0.3400,0.0000,0,0
2026-08-25 17:08:01.385280,430,franka,0.46648,0.03121,0.34215,0.00000,0.01414,-0.01414,0.00000,26.00,0.00,0.00,0.2429,-0.0514,-0.3343,0.0000,0,0
2026-08-25 17:08:01.439422,431,franka,0.46647,0.03194,0.34141,0.00000,0.01414,-0.01414,0.00000,26.00,0.00,0.00,0.2343,-0.0486,-0.3114,0.0000,0,0
2026-08-25 17:08:01.493041,432,franka,0.46647,0.03265,0.34069,0.00000,0.01414,-0.01414,0.00000,26.00,0.00,0.00,0.2286,-0.0371,-0.3229,0.0000,0,0
2026-08-25 17:08:01.546855,433,franka,0.46647,0.03336,0.33999,0.00000,0.01414,-0.01414,0.00000,26.00,0.00,0.00,0.2229,-0.0400,-0.3200,0.0000,0,0
2026-08-25 17:08:01.600694,434,franka,0.46646,0.03407,0.33924,0.00000,0.01414,-0.01414,0.00000,26.00,0.00,0.00,0.2200,-0.0457,-0.3143,0.0000,0,0
2026-08-25 17:08:01.654363,435,franka,0.46646,0.03478,0.33854,0.00000,0.01414,-0.01414,0.00000,26.00,0.00,0.00,0.2057,-0.0457,-0.3114,0.0000,0,0
2026-08-25 17:08:01.707756,436,franka,0.46646,0.03549,0.33783,0.00000,0.01414,-0.01414,0.00000,26.00,0.00,0.00,0.1714,-0.0629,-0.3314,0.0000,0,0
2026-08-25 17:08:01.761393,437,franka,0.46647,0.03590,0.33698,0.00000,0.00000,-0.02000,0.00000,26.00,0.00,0.00,0.1686,-0.0657,-0.3314,0.0000,0,0
2026-08-25 17:08:01.815293,438,franka,0.46647,0.03586,0.33597,0.00000,0.00000,-0.02000,0.00000,26.00,0.00,0.00,0.1514,-0.0629,-0.3257,0.0000,0,0
2026-08-25 17:08:01.868700,439,franka,0.46647,0.03586,0.33395,0.00000,-0.00000,-0.02000,0.00000,26.00,0.00,0.00,0.1143,-0.0486,-0.3143,0.0000,0,0
2026-08-25 17:08:01.922430,440,franka,0.46647,0.03584,0.33294,0.00000,-0.00000,-0.02000,0.00000,26.00,0.00,0.00,0.0743,-0.0657,-0.3057,0.0000,0,0
2026-08-25 17:08:01.975743,441,franka,0.46647,0.03586,0.33191,0.00000,-0.00000,-0.02000,0.00000,26.00,0.00,0.00,0.0400,-0.0486,-0.3000,0.0000,0,0
2026-08-25 17:08:02.029383,442,franka,0.46647,0.03586,0.33092,0.00000,-0.00000,-0.02000,0.00000,26.00,0.00,0.00,0.0543,-0.0457,-0.2714,0.0000,0,0
2026-08-25 17:08:02.082961,443,franka,0.46647,0.03584,0.32992,0.00000,-0.00000,-0.02000,0.00000,26.00,0.00,0.00,0.0400,-0.0400,-0.2600,0.0000,0,0
2026-08-25 17:08:02.136500,444,franka,0.46647,0.03586,0.32890,0.00000,-0.00000,-0.02000,0.00000,26.00,0.00,0.00,0.0429,-0.0371,-0.2800,0.0000,0,0
2026-08-25 17:08:02.190289,445,franka,0.46648,0.03586,0.32791,0.00000,-0.00000,-0.02000,0.00000,26.00,0.00,0.00,0.0343,-0.0286,-0.2829,0.0000,0,0
2026-08-25 17:08:02.244406,446,franka,0.46648,0.03585,0.32691,0.00000,-0.00000,-0.02000,0.00000,26.00,0.00,0.00,0.0429,-0.0200,-0.3000,0.0000,0,0
2026-08-25 17:08:02.297916,447,franka,0.46648,0.03586,0.32588,0.00000,-0.00000,-0.02000,0.00000,26.00,0.00,0.00,0.0400,-0.0029,-0.2857,0.0000,0,0
2026-08-25 17:08:02.351516,448,franka,0.46648,0.03585,0.32486,0.00000,-0.00000,-0.02000,0.00000,26.00,0.00,0.00,0.0371,0.0000,-0.2943,0.0000,0,0
2026-08-25 17:08:02.405373,449,franka,0.46647,0.03586,0.32383,0.00000,-0.00000,-0.02000,0.00000,26.00,0.00,0.00,0.0371,0.0000,-0.2800,0.0000,0,0
2026-08-25 17:08:02.458985,450,franka,0.46647,0.03585,0.32282,0.00000,-0.00000,-0.02000,0.00000,26.00,0.00,0.00,0.0457,0.0000,-0.2343,0.0000,0,0
2026-08-25 17:08:02.512618,451,franka,0.46647,0.03585,0.32180,0.00000,-0.00000,-0.02000,0.00000,26.00,0.00,0.00,0.0486,0.0000,-0.1743,0.0000,0,0
2026-08-25 17:08:02.566589,452,franka,0.46647,0.03586,0.32130,0.00000,-0.00000,-0.00000,0.00000,26.00,0.00,0.00,0.0514,0.0000,-0.1400,0.0000,0,0
2026-08-25 17:08:02.620610,453,franka,0.46647,0.03587,0.32132,0.00000,-0.00000,-0.00000,0.00000,26.00,0.00,0.00,0.0543,0.0000,-0.0800,0.0000,0,0
2026-08-25 17:08:02.674474,454,franka,0.46646,0.03586,0.32130,0.00000,-0.00000,0.00000,0.00000,26.00,0.00,0.00,0.0600,0.0000,-0.0657,0.0000,0,0
2026-08-25 17:08:02.727885,455,franka,0.46646,0.03586,0.32129,0.00000,-0.00000,0.00000,0.00000,26.00,0.00,0.00,0.0514,0.0000,-0.0886,0.0000,0,0
2026-08-25 17:08:02.781403,456,franka,0.46646,0.03586,0.32130,0.00000,-0.00000,0.00000,0.00000,26.00,0.00,0.00,0.0829,0.0000,-0.1714,0.0000,0,0
2026-08-25 17:08:02.834659,457,franka,0.46646,0.03586,0.32130,0.00000,-0.00000,0.00000,0.00000,26.00,0.00,0.00,0.0943,0.0143,-0.2714,0.0000,0,0
2026-08-25 17:08:02.888392,458,franka,0.46648,0.03586,0.32080,0.00000,0.00000,-0.02000,0.00000,26.00,0.00,0.00,0.0971,0.0086,-0.3057,0.0000,0,0
2026-08-25 17:08:02.942043,459,franka,0.46648,0.03585,0.31976,0.00000,0.00000,-0.02000,0.00000,26.00,0.00,0.00,0.0943,0.0000,-0.3286,0.0000,0,0
2026-08-25 17:08:02.995933,460,franka,0.46650,0.03584,0.31879,0.00000,0.00000,-0.02000,0.00000,26.00,0.00,0.00,0.0971,0.0000,-0.3457,0.0000,0,0
2026-08-25 17:08:03.049908,461,franka,0.46648,0.03584,0.31773,0.00000,0.00000,-0.02000,0.00000,26.00,0.00,0.00,0.1143,0.0000,-0.3314,0.0000,0,0
2026-08-25 17:08:03.103255,462,franka,0.46650,0.03584,0.31678,0.00000,0.00000,-0.02000,0.00000,26.00,0.00,0.00,0.1114,0.0000,-0.1771,0.0000,0,0
2026-08-25 17:08:03.156770,463,franka,0.46647,0.03586,0.31594,0.00000,0.00000,-0.00098,0.00000,26.00,0.00,0.00,0.0714,0.0000,-0.0486,0.0000,0,0
2026-08-25 17:08:03.210099,464,franka,0.46647,0.03589,0.31592,0.00000,0.00000,-0.00000,0.00000,26.00,0.00,0.00,0.0714,0.0000,-0.0600,0.0000,0,0
2026-08-25 17:08:03.264410,465,franka,0.46646,0.03588,0.31591,0.00000,0.00000,0.00000,0.00000,26.00,0.00,0.00,0.0743,0.0000,-0.1114,0.0000,0,0
2026-08-25 17:08:03.318637,466,franka,0.46647,0.03588,0.31593,0.00000,-0.00000,0.00000,0.00000,26.00,0.00,0.00,0.0771,0.0000,-0.0686,0.0000,0,0
2026-08-25 17:08:03.372419,467,franka,0.46646,0.03588,0.31589,0.00000,-0.00000,0.00000,0.00000,26.00,0.00,0.00,0.0829,0.0000,-0.0600,0.0000,0,0
2026-08-25 17:08:03.426250,468,franka,0.46646,0.03587,0.31591,0.00000,-0.00000,0.00000,0.00000,26.00,0.00,0.00,0.0800,0.0000,-0.0543,0.0000,0,0
2026-08-25 17:08:03.479701,469,franka,0.46646,0.03589,0.31591,0.00000,-0.00000,0.00000,0.00000,26.00,0.00,0.00,0.0857,0.0000,-0.0686,0.0000,0,0
2026-08-25 17:08:03.533444,470,franka,0.46646,0.03588,0.31589,0.00000,-0.00000,0.00000,0.00000,26.00,0.00,0.00,0.0857,0.0000,-0.0686,0.0000,0,0
2026-08-25 17:08:03.587132,471,franka,0.46646,0.03589,0.31591,0.00000,-0.00000,0.00000,0.00000,26.00,0.00,0.00,0.0914,0.0000,-0.0771,0.0000,0,0
2026-08-25 17:08:03.640489,472,franka,0.46646,0.03588,0.31590,0.00000,-0.00000,0.00000,0.00000,26.00,0.00,0.00,0.0914,0.0000,-0.0714,0.0000,0,0
2026-08-25 17:08:03.694200,473,franka,0.46646,0.03588,0.31590,0.00000,-0.00000,0.00000,0.00000,26.00,0.00,0.00,0.0829,0.0000,-0.0714,0.0000,0,0
2026-08-25 17:08:03.747788,474,franka,0.46646,0.03588,0.31591,0.00000,-0.00000,0.00000,0.00000,26.00,0.00,0.00,0.0829,0.0000,-0.0857,0.0000,0,0
2026-08-25 17:08:03.801917,475,franka,0.46646,0.03588,0.31590,0.00000,-0.00000,0.00000,0.00000,26.00,0.00,0.00,0.0714,0.0000,-0.0943,0.0000,0,0
2026-08-25 17:08:03.855564,476,franka,0.46646,0.03588,0.31590,0.00000,-0.00000,0.00000,0.00000,26.00,0.00,0.00,0.0714,0.0029,-0.0914,0.0000,0,0
2026-08-25 17:08:03.909472,477,franka,0.46646,0.03588,0.31591,0.00000,-0.00000,0.00000,0.00000,26.00,0.00,0.00,0.0657,0.0000,-0.0714,0.0000,0,0
2026-08-25 17:08:03.963200,478,franka,0.46646,0.03588,0.31590,0.00000,-0.00000,0.00000,0.00000,26.00,0.00,0.00,0.0543,0.0000,-0.0114,0.0000,0,0
2026-08-25 17:08:04.016690,479,franka,0.46646,0.03588,0.31591,0.00000,-0.00000,0.00000,0.00000,26.00,0.00,0.00,0.0257,0.0000,0.0000,0.0000,0,0
2026-08-25 17:08:04.070419,480,franka,0.46646,0.03588,0.31591,0.00000,-0.00000,0.00000,0.00000,26.00,0.00,0.00,0.0229,0.0000,0.0000,0.0000,0,0
2026-08-25 17:08:04.125221,481,franka,0.46646,0.03588,0.31590,0.00000,-0.00000,0.00000,0.00000,26.00,0.00,0.00,0.0086,0.0000,0.0000,0.0000,0,0
2026-08-25 17:08:04.178819,482,franka,0.46646,0.03588,0.31591,0.00000,-0.00000,0.00000,0.00000,26.00,0.00,0.00,0.0000,0.0000,0.0400,0.0000,0,0
2026-08-25 17:08:04.232728,483,franka,0.46646,0.03588,0.31591,0.00000,-0.00000,0.00000,0.00000,26.00,0.00,0.00,0.0000,0.0000,0.0600,0.0000,0,0
2026-08-25 17:08:04.286751,484,franka,0.46646,0.03588,0.31590,0.00000,-0.00000,0.00000,0.00000,26.00,0.00,0.00,0.0000,0.0000,0.0800,0.0000,0,0
2026-08-25 17:08:04.340933,485,franka,0.46646,0.03588,0.31591,0.00000,-0.00000,0.00000,0.00000,26.00,0.00,0.00,0.0000,0.0000,0.0971,0.0000,0,0
2026-08-25 17:08:04.394221,486,franka,0.46646,0.03588,0.31591,0.00000,-0.00000,0.00000,0.00000,26.00,0.00,0.00,0.0000,0.0086,0.0943,0.0000,0,0
2026-08-25 17:08:04.448733,487,franka,0.46646,0.03588,0.31591,0.00000,-0.00000,0.00000,0.00000,26.00,0.00,0.00,0.0000,0.0229,0.0771,0.0000,0,0
2026-08-25 17:08:04.502886,488,franka,0.46646,0.03588,0.31591,0.00000,-0.00000,0.00000,0.00000,26.00,0.00,0.00,0.0000,0.0371,0.1029,0.0000,0,0
2026-08-25 17:08:04.556734,489,franka,0.46646,0.03588,0.31591,0.00000,-0.00000,0.00000,0.00000,26.00,0.00,0.00,0.0000,0.0971,0.1371,0.0000,0,0
2026-08-25 17:08:04.610250,490,franka,0.46646,0.03588,0.31591,0.00000,-0.00000,0.00000,0.00000,26.00,0.00,0.00,0.0000,0.1086,0.1714,0.0000,0,0
2026-08-25 17:08:04.663820,491,franka,0.46646,0.03588,0.31591,0.00000,-0.00000,0.00000,0.00000,26.00,0.00,0.00,0.0114,0.1171,0.2429,0.0000,0,0
2026-08-25 17:08:04.717361,492,franka,0.46643,0.03588,0.31634,0.00000,-0.00000,0.02000,0.00000,26.00,0.00,0.00,0.0143,0.1114,0.2886,0.0000,0,0
2026-08-25 17:08:04.771471,493,franka,0.46644,0.03591,0.31739,0.00000,-0.00000,0.02000,0.00000,26.00,0.00,0.00,0.0000,0.1000,0.2829,0.0000,0,0
2026-08-25 17:08:04.825574,494,franka,0.46643,0.03593,0.31834,0.00000,-0.00000,0.02000,0.00000,26.00,0.00,0.00,0.0000,0.0686,0.3029,0.0000,0,0
2026-08-25 17:08:04.879914,495,franka,0.46644,0.03593,0.31935,0.00000,-0.00000,0.02000,0.00000,26.00,0.00,0.00,0.0000,0.0600,0.2886,0.0000,0,0
2026-08-25 17:08:04.933938,496,franka,0.46642,0.03592,0.32030,0.00000,-0.00000,0.02000,0.00000,26.00,0.00,0.00,0.0000,0.0543,0.2829,0.0000,0,0
2026-08-25 17:08:04.983523,497,franka,0.46643,0.03592,0.32137,0.00000,-0.00000,0.02000,0.00000,26.00,0.00,0.00,0.0000,0.0600,0.2657,0.0000,0,0
2026-08-25 17:08:05.037283,498,franka,0.46641,0.03591,0.32233,0.00000,-0.00000,0.02000,0.00000,26.00,0.00,0.00,0.0000,0.0600,0.2686,0.0000,0,0
2026-08-25 17:08:05.090804,499,franka,0.46642,0.03591,0.32334,0.00000,-0.00000,0.02000,0.00000,26.00,0.00,0.00,0.0000,0.0514,0.2543,0.0000,0,0
2026-08-25 17:08:05.144316,500,franka,0.46642,0.03592,0.32439,0.00000,-0.00000,0.02000,0.00000,26.00,0.00,0.00,0.0000,0.0400,0.2800,0.0000,0,0
2026-08-25 17:08:05.198301,501,franka,0.46643,0.03591,0.32540,0.00000,-0.00000,0.02000,0.00000,26.00,0.00,0.00,0.0000,0.0400,0.2571,0.0000,0,0
2026-08-25 17:08:05.252285,502,franka,0.46643,0.03591,0.32638,0.00000,-0.00000,0.02000,0.00000,26.00,0.00,0.00,0.0000,0.0486,0.2571,0.0000,0,0
2026-08-25 17:08:05.306133,503,franka,0.46642,0.03591,0.32841,0.00000,-0.00000,0.02000,0.00000,26.00,0.00,0.00,0.0000,0.0486,0.2543,0.0000,0,0
2026-08-25 17:08:05.359701,504,franka,0.46641,0.03588,0.32938,0.00000,-0.00000,0.02000,0.00000,26.00,0.00,0.00,0.0000,0.0600,0.2543,0.0000,0,0
2026-08-25 17:08:05.413427,505,franka,0.46642,0.03587,0.33041,0.00000,-0.00000,0.02000,0.00000,26.00,0.00,0.00,0.0000,0.0600,0.2486,0.0000,0,0
2026-08-25 17:08:05.467235,506,franka,0.46642,0.03589,0.33142,0.00000,-0.00000,0.02000,0.00000,26.00,0.00,0.00,0.0000,0.0571,0.2314,0.0000,0,0
2026-08-25 17:08:05.521070,507,franka,0.46642,0.03588,0.33238,0.00000,-0.00000,0.01128,0.00000,26.00,0.00,0.00,0.0000,0.0600,0.1714,0.0000,0,0
2026-08-25 17:08:05.574725,508,franka,0.46642,0.03588,0.33254,0.00000,-0.00000,0.00000,0.00000,26.00,0.00,0.00,0.0000,0.0714,0.1514,0.0000,0,0
2026-08-25 17:08:05.628392,509,franka,0.46642,0.03591,0.33254,0.00000,-0.00000,-0.00000,0.00000,26.00,0.00,0.00,0.0000,0.0771,0.1600,0.0000,0,0
2026-08-25 17:08:05.681997,510,franka,0.46643,0.03589,0.33252,0.00000,-0.00000,-0.00000,0.00000,26.00,0.00,0.00,0.0000,0.0800,0.2286,0.0000,0,0
2026-08-25 17:08:05.735545,511,franka,0.46644,0.03590,0.33262,0.00000,-0.00000,0.00937,0.00000,26.00,0.00,0.00,0.0000,0.0829,0.2771,0.0000,0,0
2026-08-25 17:08:05.789746,512,franka,0.46642,0.03590,0.33345,0.00000,-0.00000,0.02000,0.00000,26.00,0.00,0.00,0.0000,0.0857,0.3429,0.0000,0,0
2026-08-25 17:08:05.844032,513,franka,0.46643,0.03586,0.33449,0.00000,-0.00000,0.02000,0.00000,26.00,0.00,0.00,0.0000,0.0771,0.3543,0.0000,0,0
2026-08-25 17:08:05.897729,514,franka,0.46642,0.03588,0.33552,0.00000,-0.00000,0.02000,0.00000,26.00,0.00,0.00,0.0000,0.0943,0.3543,0.0000,0,0
2026-08-25 17:08:05.951482,515,franka,0.46642,0.03589,0.33651,0.00000,-0.00000,0.02000,0.00000,26.00,0.00,0.00,0.0000,0.0886,0.3771,0.0000,0,0
2026-08-25 17:08:06.005097,516,franka,0.46641,0.03589,0.33750,0.00000,-0.00000,0.02000,0.00000,26.00,0.00,0.00,0.0000,0.0714,0.3600,0.0000,0,0
2026-08-25 17:08:06.058867,517,franka,0.46642,0.03591,0.33857,0.00000,-0.00000,0.02000,0.00000,26.00,0.00,0.00,0.0000,0.0771,0.3486,0.0000,0,0
2026-08-25 17:08:06.112551,518,franka,0.46642,0.03590,0.33954,0.00000,-0.00000,0.02000,0.00000,26.00,0.00,0.00,0.0000,0.0857,0.3371,0.0000,0,0
2026-08-25 17:08:06.166068,519,franka,0.46642,0.03589,0.34157,0.00000,-0.00000,0.02000,0.00000,26.00,0.00,0.00,0.0000,0.0743,0.2943,0.0000,0,0
2026-08-25 17:08:06.222106,520,franka,0.46642,0.03587,0.34259,0.00000,-0.00000,0.02000,0.00000,26.00,0.00,0.00,0.0000,0.0743,0.3114,0.0000,0,0
2026-08-25 17:08:06.275747,521,franka,0.46642,0.03588,0.34356,0.00000,-0.00000,0.02000,0.00000,26.00,0.00,0.00,0.0000,0.0629,0.2800,0.0000,0,0
2026-08-25 17:08:06.330000,522,franka,0.46642,0.03588,0.34459,0.00000,-0.00000,0.02000,0.00000,26.00,0.00,0.00,0.0000,0.0543,0.2657,0.0000,0,0
2026-08-25 17:08:06.383823,523,franka,0.46642,0.03589,0.34560,0.00000,-0.00000,0.02000,0.00000,26.00,0.00,0.00,0.0000,0.0571,0.2886,0.0000,0,0
2026-08-25 17:08:06.439068,524,franka,0.46643,0.03590,0.34660,0.00000,-0.00000,0.02000,0.00000,26.00,0.00,0.00,0.0000,0.0571,0.2943,0.0000,0,0
2026-08-25 17:08:06.487829,525,franka,0.46643,0.03590,0.34763,0.00000,-0.00000,0.02000,0.00000,26.00,0.00,0.00,0.0000,0.0629,0.2800,0.0000,0,0
2026-08-25 17:08:06.541422,526,franka,0.46643,0.03589,0.34863,0.00000,-0.00000,0.02000,0.00000,26.00,0.00,0.00,0.0000,0.0686,0.2286,0.0000,0,0
2026-08-25 17:08:06.595163,527,franka,0.46642,0.03589,0.34959,0.00000,-0.00000,0.01453,0.00000,26.00,0.00,0.00,0.0000,0.0486,0.1171,0.0000,0,0
2026-08-25 17:08:06.649238,528,franka,0.46642,0.03587,0.34980,0.00000,-0.00000,0.00000,0.00000,26.00,0.00,0.00,0.0000,0.0000,0.0000,0.0000,0,0
2026-08-25 17:08:06.703226,529,franka,0.46642,0.03587,0.34979,0.00000,-0.00000,-0.00000,0.00000,26.00,0.00,0.00,0.0000,0.0000,0.0000,0.0000,0,0
2026-08-25 17:08:06.756696,530,franka,0.46643,0.03587,0.34979,0.00000,-0.00000,-0.00000,0.00000,26.00,0.00,0.00,0.0000,0.0000,0.0000,0.0000,0,0
2026-08-25 17:08:06.810546,531,franka,0.46643,0.03588,0.34982,0.00000,-0.00000,-0.00000,0.00000,26.00,0.00,0.00,0.0000,0.0000,0.0000,0.0000,0,0
2026-08-25 17:08:06.865176,532,franka,0.46643,0.03588,0.34981,0.00000,-0.00000,-0.00000,0.00000,26.00,0.00,0.00,0.0000,-0.0029,0.0000,0.0257,0,0
2026-08-25 17:08:06.919232,533,franka,0.46643,0.03588,0.34981,0.00000,-0.00000,-0.00000,0.00000,26.00,0.00,0.00,0.0000,-0.0286,0.0000,0.0629,0,0
2026-08-25 17:08:06.973279,534,franka,0.46643,0.03587,0.34982,0.00000,-0.00000,-0.00000,0.00000,26.00,0.00,0.00,-0.0314,0.0000,0.0000,0.0000,0,0
2026-08-25 17:08:07.027017,535,franka,0.46643,0.03587,0.34980,0.00000,-0.00000,-0.00000,0.00000,26.00,0.00,0.00,-0.0143,-0.0114,0.0000,0.0343,0,0
2026-08-25 17:08:07.081093,536,franka,0.46643,0.03587,0.34981,0.00000,-0.00000,-0.00000,0.00000,26.00,0.00,0.00,-0.0914,-0.0029,0.0000,0.0400,0,0
2026-08-25 17:08:07.136240,537,franka,0.46643,0.03587,0.34981,0.00000,-0.00000,-0.00000,0.00000,26.00,0.00,0.00,-0.2200,0.0000,-0.0057,0.0057,0,0
2026-08-25 17:08:07.184764,538,franka,0.46645,0.03551,0.34982,0.00000,-0.01999,-0.00000,0.00000,26.00,0.00,0.00,-0.2914,0.0000,-0.0286,0.0000,0,0
2026-08-25 17:08:07.238446,539,franka,0.46644,0.03450,0.34983,0.00000,-0.02000,-0.00000,0.00000,26.00,0.00,0.00,-0.3343,0.0000,-0.0200,0.0000,0,0
2026-08-25 17:08:07.292043,540,franka,0.46645,0.03341,0.34984,0.00000,-0.02000,-0.00000,0.00000,26.00,0.00,0.00,-0.3743,0.0000,-0.0143,0.0000,0,0
2026-08-25 17:08:07.347512,541,franka,0.46644,0.03247,0.34982,0.00000,-0.02000,-0.00000,0.00000,26.00,0.00,0.00,-0.4143,0.0029,-0.0314,0.0000,0,0
2026-08-25 17:08:07.401104,542,franka,0.46645,0.03144,0.34982,0.00000,-0.02000,-0.00000,0.00000,26.00,0.00,0.00,-0.4571,0.0171,-0.0200,0.0000,0,0
2026-08-25 17:08:07.454698,543,franka,0.46645,0.03040,0.34983,0.00000,-0.02000,-0.00000,0.00000,26.00,0.00,0.00,-0.4543,0.0229,-0.0343,0.0000,0,0
2026-08-25 17:08:07.508481,544,franka,0.46644,0.02943,0.34982,0.00000,-0.02000,-0.00000,0.00000,26.00,0.00,0.00,-0.4629,0.0286,-0.0371,0.0000,0,0
2026-08-25 17:08:07.562042,545,franka,0.46645,0.02839,0.34983,0.00000,-0.02000,-0.00000,0.00000,26.00,0.00,0.00,-0.4629,0.0314,-0.0429,0.0000,0,0
2026-08-25 17:08:07.616731,546,franka,0.46645,0.02738,0.34983,0.00000,-0.02000,-0.00000,0.00000,26.00,0.00,0.00,-0.4657,0.0286,-0.0429,0.0000,0,0
2026-08-25 17:08:07.670178,547,franka,0.46645,0.02640,0.34984,0.00000,-0.02000,-0.00000,0.00000,26.00,0.00,0.00,-0.4743,0.0314,-0.0514,0.0000,0,0
2026-08-25 17:08:07.723728,548,franka,0.46645,0.02539,0.34983,0.00000,-0.02000,-0.00000,0.00000,26.00,0.00,0.00,-0.4429,0.0314,-0.0629,0.0000,0,0
2026-08-25 17:08:07.777381,549,franka,0.46645,0.02437,0.34983,0.00000,-0.02000,-0.00000,0.00000,26.00,0.00,0.00,-0.4343,0.0371,-0.0600,0.0000,0,0
2026-08-25 17:08:07.831410,550,franka,0.46645,0.02234,0.34983,0.00000,-0.02000,-0.00000,0.00000,26.00,0.00,0.00,-0.4086,0.0400,-0.0600,0.0000,0,0
2026-08-25 17:08:07.884895,551,franka,0.46645,0.02132,0.34982,0.00000,-0.02000,-0.00000,0.00000,26.00,0.00,0.00,-0.4086,0.0400,-0.0514,0.0000,0,0
2026-08-25 17:08:07.939588,552,franka,0.46645,0.02033,0.34983,0.00000,-0.02000,-0.00000,0.00000,26.00,0.00,0.00,-0.4143,0.0457,-0.0457,0.0000,0,0
2026-08-25 17:08:07.993993,553,franka,0.46645,0.01932,0.34984,0.00000,-0.02000,-0.00000,0.00000,26.00,0.00,0.00,-0.4200,0.0457,-0.0486,0.0000,0,0
2026-08-25 17:08:08.047546,554,franka,0.46645,0.01829,0.34984,0.00000,-0.02000,-0.00000,0.00000,26.00,0.00,0.00,-0.4200,0.0457,-0.0514,0.0000,0,0
2026-08-25 17:08:08.101597,555,franka,0.46645,0.01729,0.34983,0.00000,-0.02000,-0.00000,0.00000,26.00,0.00,0.00,-0.4229,0.0429,-0.0486,0.0000,0,0
2026-08-25 17:08:08.155597,556,franka,0.46645,0.01628,0.34984,0.00000,-0.02000,-0.00000,0.00000,26.00,0.00,0.00,-0.4229,0.0429,-0.0486,0.0000,0,0
2026-08-25 17:08:08.209159,557,franka,0.46645,0.01528,0.34983,0.00000,-0.02000,-0.00000,0.00000,26.00,0.00,0.00,-0.4257,0.0429,-0.0457,0.0000,0,0
2026-08-25 17:08:08.262744,558,franka,0.46645,0.01427,0.34983,0.00000,-0.02000,-0.00000,0.00000,26.00,0.00,0.00,-0.4229,0.0400,-0.0486,0.0000,0,0
2026-08-25 17:08:08.316338,559,franka,0.46645,0.01325,0.34983,0.00000,-0.02000,-0.00000,0.00000,26.00,0.00,0.00,-0.4257,0.0371,-0.0486,0.0000,0,0
2026-08-25 17:08:08.370299,560,franka,0.46645,0.01223,0.34983,0.00000,-0.02000,-0.00000,0.00000,26.00,0.00,0.00,-0.4286,0.0343,-0.0514,0.0000,0,0
2026-08-25 17:08:08.423930,561,franka,0.46645,0.01121,0.34983,0.00000,-0.02000,-0.00000,0.00000,26.00,0.00,0.00,-0.4286,0.0371,-0.0600,0.0000,0,0
2026-08-25 17:08:08.477646,562,franka,0.46645,0.01019,0.34984,0.00000,-0.02000,-0.00000,0.00000,26.00,0.00,0.00,-0.4314,0.0371,-0.0629,0.0000,0,0
2026-08-25 17:08:08.531365,563,franka,0.46645,0.00919,0.34983,0.00000,-0.02000,-0.00000,0.00000,26.00,0.00,0.00,-0.4314,0.0371,-0.0686,0.0000,0,0
2026-08-25 17:08:08.585121,564,franka,0.46645,0.00819,0.34983,0.00000,-0.02000,-0.00000,0.00000,26.00,0.00,0.00,-0.4371,0.0371,-0.0686,0.0000,0,0
2026-08-25 17:08:08.638907,565,franka,0.46645,0.00617,0.34983,0.00000,-0.02000,-0.00000,0.00000,26.00,0.00,0.00,-0.4400,0.0371,-0.0714,0.0000,0,0
2026-08-25 17:08:08.692793,566,franka,0.46644,0.00516,0.34983,0.00000,-0.02000,-0.00000,0.00000,26.00,0.00,0.00,-0.4457,0.0371,-0.0714,0.0000,0,0
2026-08-25 17:08:08.746680,567,franka,0.46644,0.00414,0.34983,0.00000,-0.02000,-0.00000,0.00000,26.00,0.00,0.00,-0.4371,0.0371,-0.0714,0.0000,0,0
2026-08-25 17:08:08.800521,568,franka,0.46645,0.00313,0.34984,0.00000,-0.02000,-0.00000,0.00000,26.00,0.00,0.00,-0.4371,0.0371,-0.0714,0.0000,0,0
2026-08-25 17:08:08.854070,569,franka,0.46645,0.00211,0.34984,0.00000,-0.02000,-0.00000,0.00000,26.00,0.00,0.00,-0.4400,0.0343,-0.0714,0.0000,0,0
2026-08-25 17:08:08.907630,570,franka,0.46645,0.00111,0.34983,0.00000,-0.02000,-0.00000,0.00000,26.00,0.00,0.00,-0.4371,0.0343,-0.0771,0.0000,0,0
2026-08-25 17:08:08.961362,571,franka,0.46644,0.00009,0.34983,0.00000,-0.02000,-0.00000,0.00000,26.00,0.00,0.00,-0.4457,0.0314,-0.0800,0.0000,0,0
2026-08-25 17:08:09.014834,572,franka,0.46644,-0.00092,0.34983,0.00000,-0.02000,-0.00000,0.00000,26.00,0.00,0.00,-0.4457,0.0314,-0.0771,0.0000,0,0
2026-08-25 17:08:09.068744,573,franka,0.46644,-0.00194,0.34983,0.00000,-0.02000,-0.00000,0.00000,26.00,0.00,0.00,-0.4457,0.0314,-0.0771,0.0000,0,0
2026-08-25 17:08:09.122508,574,franka,0.46644,-0.00294,0.34983,0.00000,-0.02000,-0.00000,0.00000,26.00,0.00,0.00,-0.4457,0.0314,-0.0714,0.0000,0,0
2026-08-25 17:08:09.176139,575,franka,0.46644,-0.00393,0.34983,0.00000,-0.02000,-0.00000,0.00000,26.00,0.00,0.00,-0.4400,0.0286,-0.0743,0.0000,0,0
2026-08-25 17:08:09.229726,576,franka,0.46644,-0.00495,0.34984,0.00000,-0.02000,-0.00000,0.00000,26.00,0.00,0.00,-0.4371,0.0286,-0.0743,0.0000,0,0
2026-08-25 17:08:09.283317,577,franka,0.46644,-0.00597,0.34984,0.00000,-0.02000,-0.00000,0.00000,26.00,0.00,0.00,-0.4371,0.0286,-0.0743,0.0000,0,0
2026-08-25 17:08:09.336892,578,franka,0.46643,-0.00697,0.34984,0.00000,-0.02000,-0.00000,0.00000,26.00,0.00,0.00,-0.4371,0.0286,-0.0771,0.0000,0,0
2026-08-25 17:08:09.390371,579,franka,0.46642,-0.00800,0.34984,0.00000,-0.02000,-0.00000,0.00000,26.00,0.00,0.00,-0.4400,0.0286,-0.0771,0.0000,0,0
2026-08-25 17:08:09.443926,580,franka,0.46642,-0.00902,0.34984,0.00000,-0.02000,-0.00000,0.00000,26.00,0.00,0.00,-0.4400,0.0286,-0.0771,0.0000,0,0
2026-08-25 17:08:09.497535,581,franka,0.46641,-0.01103,0.34983,0.00000,-0.02000,-0.00000,0.00000,26.00,0.00,0.00,-0.4400,0.0286,-0.0771,0.0000,0,0
2026-08-25 17:08:09.551092,582,franka,0.46641,-0.01205,0.34983,0.00000,-0.02000,-0.00000,0.00000,26.00,0.00,0.00,-0.4400,0.0286,-0.0771,0.0000,0,0
2026-08-25 17:08:09.605140,583,franka,0.46642,-0.01305,0.34984,0.00000,-0.02000,-0.00000,0.00000,26.00,0.00,0.00,-0.4429,0.0286,-0.0743,0.0000,0,0
2026-08-25 17:08:09.659277,584,franka,0.46642,-0.01407,0.34984,0.00000,-0.02000,-0.00000,0.00000,26.00,0.00,0.00,-0.4371,0.0257,-0.0714,0.0000,0,0
2026-08-25 17:08:09.712958,585,franka,0.46642,-0.01507,0.34984,0.00000,-0.02000,-0.00000,0.00000,26.00,0.00,0.00,-0.4371,0.0229,-0.0714,0.0000,0,0
2026-08-25 17:08:09.766692,586,franka,0.46641,-0.01609,0.34984,0.00000,-0.02000,-0.00000,0.00000,26.00,0.00,0.00,-0.4371,0.0200,-0.0686,0.0000,0,0
2026-08-25 17:08:09.821053,587,franka,0.46641,-0.01709,0.34983,0.00000,-0.02000,-0.00000,0.00000,26.00,0.00,0.00,-0.4343,0.0229,-0.0686,0.0000,0,0
2026-08-25 17:08:09.874889,588,franka,0.46641,-0.01811,0.34983,0.00000,-0.02000,-0.00000,0.00000,26.00,0.00,0.00,-0.4343,0.0200,-0.0686,0.0000,0,0
2026-08-25 17:08:09.928598,589,franka,0.46641,-0.01911,0.34983,0.00000,-0.02000,-0.00000,0.00000,26.00,0.00,0.00,-0.4229,0.0200,-0.0686,0.0000,0,0
2026-08-25 17:08:09.982249,590,franka,0.46641,-0.02014,0.34984,0.00000,-0.02000,-0.00000,0.00000,26.00,0.00,0.00,-0.4171,0.0200,-0.0686,0.0000,0,0
2026-08-25 17:08:10.035806,591,franka,0.46641,-0.02113,0.34984,0.00000,-0.02000,-0.00000,0.00000,26.00,0.00,0.00,-0.4229,0.0200,-0.0686,0.0000,0,0
2026-08-25 17:08:10.090144,592,franka,0.46641,-0.02212,0.34984,0.00000,-0.02000,-0.00000,0.00000,26.00,0.00,0.00,-0.4143,0.0200,-0.0686,0.0000,0,0
2026-08-25 17:08:10.143787,593,franka,0.46641,-0.02315,0.34984,0.00000,-0.02000,-0.00000,0.00000,26.00,0.00,0.00,-0.4171,0.0200,-0.0686,0.0000,0,0
2026-08-25 17:08:10.197399,594,franka,0.46641,-0.02415,0.34983,0.00000,-0.02000,-0.00000,0.00000,26.00,0.00,0.00,-0.4143,0.0257,-0.0686,0.0000,0,0
2026-08-25 17:08:10.251398,595,franka,0.46641,-0.02517,0.34984,0.00000,-0.02000,-0.00000,0.00000,26.00,0.00,0.00,-0.4114,0.0229,-0.0686,0.0000,0,0
2026-08-25 17:08:10.305542,596,franka,0.46641,-0.02618,0.34983,0.00000,-0.02000,-0.00000,0.00000,26.00,0.00,0.00,-0.4143,0.0229,-0.0743,0.0000,0,0
2026-08-25 17:08:10.359529,597,franka,0.46641,-0.02821,0.34984,0.00000,-0.02000,-0.00000,0.00000,26.00,0.00,0.00,-0.4229,0.0229,-0.0743,0.0000,0,0
2026-08-25 17:08:10.413313,598,franka,0.46641,-0.02922,0.34984,0.00000,-0.02000,-0.00000,0.00000,26.00,0.00,0.00,-0.4171,0.0229,-0.0714,0.0000,0,0
2026-08-25 17:08:10.467722,599,franka,0.46641,-0.03024,0.34984,0.00000,-0.02000,-0.00000,0.00000,26.00,0.00,0.00,-0.4229,0.0229,-0.0657,0.0000,0,0
2026-08-25 17:08:10.521324,600,franka,0.46641,-0.03127,0.34984,0.00000,-0.02000,-0.00000,0.00000,26.00,0.00,0.00,-0.4257,0.0229,-0.0686,0.0000,0,0
2026-08-25 17:08:10.575068,601,franka,0.46641,-0.03229,0.34984,0.00000,-0.02000,-0.00000,0.00000,26.00,0.00,0.00,-0.4171,0.0229,-0.0686,0.0000,0,0
2026-08-25 17:08:10.628753,602,franka,0.46641,-0.03329,0.34984,0.00000,-0.02000,-0.00000,0.00000,26.00,0.00,0.00,-0.4114,0.0200,-0.0686,0.0000,0,0
2026-08-25 17:08:10.683338,603,franka,0.46641,-0.03428,0.34984,0.00000,-0.02000,-0.00000,0.00000,26.00,0.00,0.00,-0.4143,0.0229,-0.0629,0.0000,0,0
2026-08-25 17:08:10.733087,604,franka,0.46641,-0.03530,0.34984,0.00000,-0.02000,-0.00000,0.00000,26.00,0.00,0.00,-0.4114,0.0229,-0.0600,0.0000,0,0
2026-08-25 17:08:10.786908,605,franka,0.46641,-0.03632,0.34983,0.00000,-0.02000,-0.00000,0.00000,26.00,0.00,0.00,-0.4086,0.0229,-0.0571,0.0000,0,0
2026-08-25 17:08:10.840629,606,franka,0.46641,-0.03732,0.34984,0.00000,-0.02000,-0.00000,0.00000,26.00,0.00,0.00,-0.4057,0.0200,-0.0514,0.0000,0,0
2026-08-25 17:08:10.894355,607,franka,0.46641,-0.03832,0.34984,0.00000,-0.02000,-0.00000,0.00000,26.00,0.00,0.00,-0.4000,0.0200,-0.0457,0.0000,0,0
2026-08-25 17:08:10.947931,608,franka,0.46641,-0.03934,0.34984,0.00000,-0.02000,-0.00000,0.00000,26.00,0.00,0.00,-0.3943,0.0200,-0.0429,0.0000,0,0
2026-08-25 17:08:11.001734,609,franka,0.46641,-0.04036,0.34984,0.00000,-0.02000,-0.00000,0.00000,26.00,0.00,0.00,-0.3971,0.0200,-0.0429,0.0000,0,0
2026-08-25 17:08:11.057174,610,franka,0.46641,-0.04136,0.34983,0.00000,-0.02000,-0.00000,0.00000,26.00,0.00,0.00,-0.3943,0.0200,-0.0429,0.0000,0,0
2026-08-25 17:08:11.106661,611,franka,0.46641,-0.04238,0.34983,0.00000,-0.02000,-0.00000,0.00000,26.00,0.00,0.00,-0.3914,0.0229,-0.0429,0.0000,0,0
2026-08-25 17:08:11.160561,612,franka,0.46641,-0.04338,0.34984,0.00000,-0.02000,-0.00000,0.00000,26.00,0.00,0.00,-0.3857,0.0200,-0.0400,0.0000,0,0
2026-08-25 17:08:11.214155,613,franka,0.46640,-0.04438,0.34983,0.00000,-0.02000,-0.00000,0.00000,26.00,0.00,0.00,-0.3600,0.0229,-0.0371,0.0000,0,0
2026-08-25 17:08:11.267911,614,franka,0.46640,-0.04641,0.34983,0.00000,-0.02000,-0.00000,0.00000,26.00,0.00,0.00,-0.2257,0.0200,0.0000,0.0000,0,0
2026-08-25 17:08:11.321804,615,franka,0.46640,-0.04701,0.34983,0.00000,-0.00001,-0.00000,0.00000,26.00,0.00,0.00,-0.0686,0.0000,0.0000,0.0000,0,0
2026-08-25 17:08:11.375504,616,franka,0.46641,-0.04700,0.34983,0.00000,-0.00000,-0.00000,0.00000,26.00,0.00,0.00,0.0000,0.0000,0.0000,0.0000,0,0
2026-08-25 17:08:11.429216,617,franka,0.46641,-0.04695,0.34983,0.00000,0.00000,-0.00000,0.00000,26.00,0.00,0.00,0.0000,0.0000,0.0000,0.0000,0,0
2026-08-25 17:08:11.484104,618,franka,0.46641,-0.04700,0.34983,0.00000,0.00000,-0.00000,0.00000,26.00,0.00,0.00,0.0000,0.0000,0.0000,0.0000,0,0
2026-08-25 17:08:11.537830,619,franka,0.46641,-0.04698,0.34984,0.00000,0.00000,-0.00000,0.00000,26.00,0.00,0.00,0.0000,0.0000,0.0000,0.0000,0,0
2026-08-25 17:08:11.591661,620,franka,0.46641,-0.04698,0.34983,0.00000,0.00000,-0.00000,0.00000,26.00,0.00,0.00,0.0000,0.0000,0.0000,0.0000,0,0
2026-08-25 17:08:11.645093,621,franka,0.46641,-0.04699,0.34983,0.00000,0.00000,-0.00000,0.00000,26.00,0.00,0.00,0.0000,0.0000,0.0000,0.0000,0,0
2026-08-25 17:08:11.699117,622,franka,0.46641,-0.04698,0.34983,0.00000,0.00000,-0.00000,0.00000,26.00,0.00,0.00,0.0000,0.0000,0.0000,0.0000,0,0
2026-08-25 17:08:11.752657,623,franka,0.46641,-0.04699,0.34983,0.00000,0.00000,-0.00000,0.00000,26.00,0.00,0.00,0.0000,0.0000,0.0000,0.0000,0,0
2026-08-25 17:08:11.806380,624,franka,0.46641,-0.04698,0.34983,0.00000,0.00000,-0.00000,0.00000,26.00,0.00,0.00,0.0000,0.0000,0.0000,0.0000,0,0
2026-08-25 17:08:11.859878,625,franka,0.46641,-0.04699,0.34983,0.00000,0.00000,-0.00000,0.00000,26.00,0.00,0.00,0.0000,0.0000,0.0000,0.0000,0,0
2026-08-25 17:08:11.913583,626,franka,0.46641,-0.04698,0.34983,0.00000,0.00000,-0.00000,0.00000,26.00,0.00,0.00,0.0000,0.0000,0.0000,0.0000,0,0
2026-08-25 17:08:11.967446,627,franka,0.46641,-0.04699,0.34983,0.00000,0.00000,-0.00000,0.00000,26.00,0.00,0.00,0.0000,0.0000,0.0000,0.0000,0,0
2026-08-25 17:08:12.021431,628,franka,0.46641,-0.04698,0.34983,0.00000,0.00000,-0.00000,0.00000,26.00,0.00,0.00,0.0000,0.0000,0.0000,0.0000,0,0
2026-08-25 17:08:12.075316,629,franka,0.46641,-0.04698,0.34984,0.00000,0.00000,-0.00000,0.00000,26.00,0.00,0.00,0.0000,0.0000,0.0000,0.0000,0,0
2026-08-25 17:08:12.129003,630,franka,0.46641,-0.04698,0.34983,0.00000,0.00000,-0.00000,0.00000,26.00,0.00,0.00,0.0000,0.0000,0.0000,0.0000,0,0
2026-08-25 17:08:12.182981,631,franka,0.46641,-0.04698,0.34983,0.00000,0.00000,-0.00000,0.00000,26.00,0.00,0.00,0.0000,0.0000,0.0000,0.0000,0,0
2026-08-25 17:08:12.236468,632,franka,0.46641,-0.04699,0.34983,0.00000,0.00000,-0.00000,0.00000,26.00,0.00,0.00,0.0000,0.0000,0.0000,0.0000,0,0
2026-08-25 17:08:12.289980,633,franka,0.46641,-0.04698,0.34983,0.00000,0.00000,-0.00000,0.00000,26.00,0.00,0.00,0.0000,0.0000,0.0000,0.0000,0,0
2026-08-25 17:08:12.342693,634,flowbot,0.46641,-0.04698,0.34983,0.00000,0.00000,-0.00000,0.00000,26.00,0.00,0.00,0.0000,0.0000,0.0000,0.0000,1,0
2026-08-25 17:08:12.398656,635,flowbot,0.46641,-0.04698,0.34983,0.00000,0.00000,-0.00000,0.00000,26.00,0.00,0.00,0.0000,0.0000,0.0000,0.0000,1,0
2026-08-25 17:08:12.454566,636,flowbot,0.46641,-0.04698,0.34983,0.00000,0.00000,-0.00000,0.00000,26.00,0.00,0.00,0.0000,0.0000,0.0000,0.0000,1,0
2026-08-25 17:08:12.506078,637,flowbot,0.46641,-0.04698,0.34983,0.00000,0.00000,-0.00000,0.00000,26.00,0.00,0.00,0.0000,0.0000,0.0000,0.0000,1,0
2026-08-25 17:08:12.559599,638,flowbot,0.46641,-0.04698,0.34983,0.00000,0.00000,-0.00000,0.00000,26.00,0.00,0.00,0.0000,0.0000,0.0000,0.0000,1,0
2026-08-25 17:08:12.608835,639,flowbot,0.46641,-0.04698,0.34983,0.00000,0.00000,-0.00000,0.00000,26.00,0.00,0.00,0.0000,0.0000,0.0000,0.0000,1,0
2026-08-25 17:08:12.664296,640,flowbot,0.46641,-0.04698,0.34983,0.00000,0.00000,-0.00000,0.00000,26.00,0.00,0.00,0.0000,0.0000,0.0000,0.0000,1,0
2026-08-25 17:08:12.716284,641,flowbot,0.46641,-0.04698,0.34983,0.00000,0.00000,-0.00000,0.00000,26.00,0.00,0.00,0.0000,0.0000,0.0000,0.0000,1,0
2026-08-25 17:08:12.773488,642,flowbot,0.46641,-0.04698,0.34983,0.00000,0.00000,-0.00000,0.00000,26.00,0.00,0.00,0.0000,0.0000,0.0000,0.0000,1,0
2026-08-25 17:08:12.827193,643,flowbot,0.46641,-0.04698,0.34983,0.00000,0.00000,-0.00000,0.00000,26.00,0.00,0.00,0.0000,0.0000,0.0000,0.0000,0,0
2026-08-25 17:08:12.874774,644,flowbot,0.46641,-0.04698,0.34983,0.00000,0.00000,-0.00000,0.00000,26.00,0.00,0.00,0.0000,0.0000,0.0000,0.0000,0,0
2026-08-25 17:08:12.927359,645,flowbot,0.46641,-0.04698,0.34983,0.00000,0.00000,-0.00000,0.00000,26.00,0.00,0.00,0.0000,0.0000,0.0000,0.0000,0,0
2026-08-25 17:08:12.978928,646,flowbot,0.46641,-0.04698,0.34983,0.00000,0.00000,-0.00000,0.00000,26.00,0.00,0.00,0.0000,0.0000,0.0000,0.0000,0,0
2026-08-25 17:08:13.029316,647,flowbot,0.46641,-0.04698,0.34983,0.00000,0.00000,-0.00000,0.00000,26.00,0.00,0.00,0.0000,0.0000,0.0000,0.0000,0,0
2026-08-25 17:08:13.081616,648,flowbot,0.46641,-0.04698,0.34983,0.00000,0.00000,-0.00000,0.00000,26.00,0.00,0.00,0.0000,0.0000,0.0000,0.0000,0,0
2026-08-25 17:08:13.134353,649,flowbot,0.46641,-0.04698,0.34983,0.00000,0.00000,-0.00000,0.00000,26.00,0.00,0.00,0.0000,0.0000,0.0000,0.0000,0,0
2026-08-25 17:08:13.186106,650,flowbot,0.46641,-0.04698,0.34983,0.00000,0.00000,-0.00000,0.00000,26.00,0.00,0.00,0.0000,0.0000,0.0000,0.0000,0,0
2026-08-25 17:08:13.236870,651,flowbot,0.46641,-0.04698,0.34983,0.00000,0.00000,-0.00000,0.00000,26.00,0.00,0.00,0.0000,0.0000,0.0000,0.0000,0,0
2026-08-25 17:08:13.289643,652,flowbot,0.46641,-0.04698,0.34983,0.00000,0.00000,-0.00000,0.00000,26.00,0.00,0.00,0.0000,0.0000,0.0000,0.0000,0,0
2026-08-25 17:08:13.340837,653,flowbot,0.46641,-0.04698,0.34983,0.00000,0.00000,-0.00000,0.00000,26.00,0.00,0.00,0.0000,0.0000,0.0000,0.0000,0,0
2026-08-25 17:08:13.389539,654,flowbot,0.46641,-0.04698,0.34983,0.00000,0.00000,-0.00000,0.00000,26.00,0.00,0.00,0.0000,0.0000,0.0000,0.0000,0,0
2026-08-25 17:08:13.442180,655,flowbot,0.46641,-0.04698,0.34983,0.00000,0.00000,-0.00000,0.00000,26.00,0.00,0.00,0.0000,0.0000,0.0000,0.0000,0,0
2026-08-25 17:08:13.497771,656,flowbot,0.46641,-0.04698,0.34983,0.00000,0.00000,-0.00000,0.00000,26.00,0.00,0.00,0.0000,0.0000,0.0000,0.0000,0,0
2026-08-25 17:08:13.546358,657,flowbot,0.46641,-0.04698,0.34983,0.00000,0.00000,-0.00000,0.00000,26.00,0.00,0.00,0.0000,0.0000,0.0000,0.0000,0,0
2026-08-25 17:08:13.600151,658,flowbot,0.46641,-0.04698,0.34983,0.00000,0.00000,-0.00000,0.00000,26.00,0.00,0.00,0.0000,0.0000,0.0000,0.0000,0,0
2026-08-25 17:08:13.653635,659,flowbot,0.46641,-0.04698,0.34983,0.00000,0.00000,-0.00000,0.00000,26.00,0.00,0.00,0.0000,0.0000,0.0000,0.0000,0,0
2026-08-25 17:08:13.709520,660,flowbot,0.46641,-0.04698,0.34983,0.00000,0.00000,-0.00000,0.00000,26.00,0.00,0.00,0.0000,0.0000,0.0000,0.0000,0,0
2026-08-25 17:08:13.761862,661,flowbot,0.46641,-0.04698,0.34983,0.00000,0.00000,-0.00000,0.00000,26.00,0.00,0.00,0.0000,0.0000,0.0000,0.0000,0,0
2026-08-25 17:08:13.812815,662,flowbot,0.46641,-0.04698,0.34983,0.00000,0.00000,-0.00000,0.00000,26.00,0.00,0.00,0.0000,0.0000,0.0000,0.0000,0,0
2026-08-25 17:08:13.863724,663,flowbot,0.46641,-0.04698,0.34983,0.00000,0.00000,-0.00000,0.00000,26.00,0.00,0.00,0.0000,0.0000,0.0000,0.0000,0,0
2026-08-25 17:08:13.917386,664,flowbot,0.46641,-0.04698,0.34983,0.00000,0.00000,-0.00000,0.00000,26.00,0.00,0.00,0.0000,0.0000,0.0000,0.0000,0,0
2026-08-25 17:08:13.970542,665,flowbot,0.46641,-0.04698,0.34983,0.00000,0.00000,-0.00000,0.00000,26.00,0.00,0.00,0.0000,0.0000,0.0000,0.0000,0,0
2026-08-25 17:08:14.020594,666,flowbot,0.46641,-0.04698,0.34983,0.00000,0.00000,-0.00000,0.00000,26.00,0.00,0.00,0.0000,0.0000,0.0000,0.0000,0,0
2026-08-25 17:08:14.074541,667,flowbot,0.46641,-0.04698,0.34983,0.00000,0.00000,-0.00000,0.00000,26.00,0.00,0.00,0.0000,0.0000,0.0000,0.0000,0,0
2026-08-25 17:08:14.132607,668,flowbot,0.46641,-0.04698,0.34983,0.00000,0.00000,-0.00000,0.00000,26.00,0.00,0.00,0.0000,0.0000,0.0000,0.0000,0,0
2026-08-25 17:08:14.186930,669,flowbot,0.46641,-0.04698,0.34983,0.00000,0.00000,-0.00000,0.00000,26.00,0.00,0.00,0.0000,0.0000,0.0000,0.0000,0,0
2026-08-25 17:08:14.241608,670,flowbot,0.46641,-0.04698,0.34983,0.00000,0.00000,-0.00000,0.00000,26.00,0.00,0.00,0.0000,0.0000,0.0000,0.0000,0,0
2026-08-25 17:08:14.297564,671,flowbot,0.46641,-0.04698,0.34983,0.00000,0.00000,-0.00000,0.00000,26.00,0.00,0.00,0.0000,0.0000,0.0000,0.0000,0,0
2026-08-25 17:08:14.349795,672,flowbot,0.46641,-0.04698,0.34983,0.00000,0.00000,-0.00000,0.00000,26.00,0.00,0.00,0.0000,0.0000,0.0000,0.0000,0,0
2026-08-25 17:08:14.403390,673,flowbot,0.46641,-0.04698,0.34983,0.00000,0.00000,-0.00000,0.00000,26.00,0.00,0.00,0.0000,0.0000,0.0000,0.0000,0,0
2026-08-25 17:08:14.452303,674,flowbot,0.46641,-0.04698,0.34983,0.00000,0.00000,-0.00000,0.00000,26.00,0.00,0.00,0.0000,0.0000,0.0000,0.0000,0,0
2026-08-25 17:08:14.505032,675,flowbot,0.46641,-0.04698,0.34983,0.00000,0.00000,-0.00000,0.00000,20.00,20.00,20.00,0.0000,0.0000,0.0000,0.0000,0,1
2026-08-25 17:08:14.559788,676,flowbot,0.46641,-0.04698,0.34983,0.00000,0.00000,-0.00000,0.00000,20.00,20.00,20.00,0.0000,0.0000,0.0000,0.0000,0,1
2026-08-25 17:08:14.608719,677,flowbot,0.46641,-0.04698,0.34983,0.00000,0.00000,-0.00000,0.00000,20.00,20.00,20.00,0.0000,0.0000,0.0000,0.0000,0,1
2026-08-25 17:08:14.660128,678,flowbot,0.46641,-0.04698,0.34983,0.00000,0.00000,-0.00000,0.00000,20.00,20.00,20.00,0.0000,0.0000,0.0000,0.0000,0,1
2026-08-25 17:08:14.713663,679,flowbot,0.46641,-0.04698,0.34983,0.00000,0.00000,-0.00000,0.00000,20.00,20.00,20.00,0.0000,0.0000,0.0000,0.0000,0,1
2026-08-25 17:08:14.764358,680,flowbot,0.46641,-0.04698,0.34983,0.00000,0.00000,-0.00000,0.00000,20.00,20.00,20.00,0.0000,0.0000,0.0000,0.0000,0,1
2026-08-25 17:08:14.815129,681,flowbot,0.46641,-0.04698,0.34983,0.00000,0.00000,-0.00000,0.00000,20.00,20.00,20.00,0.0000,0.0000,0.0000,0.0000,0,1
2026-08-25 17:08:14.865239,682,flowbot,0.46641,-0.04698,0.34983,0.00000,0.00000,-0.00000,0.00000,20.00,20.00,20.00,0.0000,0.0000,0.0000,0.0000,0,0
2026-08-25 17:08:14.921467,683,flowbot,0.46641,-0.04698,0.34983,0.00000,0.00000,-0.00000,0.00000,20.00,20.00,20.00,0.0000,0.0000,0.0000,0.0000,0,0
2026-08-25 17:08:14.978925,684,flowbot,0.46641,-0.04698,0.34983,0.00000,0.00000,-0.00000,0.00000,20.00,20.00,20.00,0.0000,0.0000,0.0000,0.0000,0,0
2026-08-25 17:08:15.029292,685,flowbot,0.46641,-0.04698,0.34983,0.00000,0.00000,-0.00000,0.00000,20.00,20.00,20.00,0.0000,0.0000,0.0000,0.0000,0,0
2026-08-25 17:08:15.079821,686,flowbot,0.46641,-0.04698,0.34983,0.00000,0.00000,-0.00000,0.00000,20.00,20.00,20.00,0.0000,0.0000,0.0000,0.0000,0,0
2026-08-25 17:08:15.131258,687,flowbot,0.46641,-0.04698,0.34983,0.00000,0.00000,-0.00000,0.00000,20.00,20.00,20.00,0.0000,0.0000,0.0000,0.0000,0,0
2026-08-25 17:08:15.187924,688,flowbot,0.46641,-0.04698,0.34983,0.00000,0.00000,-0.00000,0.00000,20.00,20.00,20.00,0.0000,0.0000,0.0000,0.0000,0,0
2026-08-25 17:08:15.241936,689,flowbot,0.46641,-0.04698,0.34983,0.00000,0.00000,-0.00000,0.00000,20.00,20.00,20.00,0.0000,0.0000,0.0000,0.0000,0,0
2026-08-25 17:08:15.293093,690,flowbot,0.46641,-0.04698,0.34983,0.00000,0.00000,-0.00000,0.00000,20.00,20.00,20.00,0.0000,0.0000,0.0000,0.0000,0,0
2026-08-25 17:08:15.345868,691,flowbot,0.46641,-0.04698,0.34983,0.00000,0.00000,-0.00000,0.00000,20.00,20.00,20.00,0.0000,0.0000,0.0000,0.0000,0,0
2026-08-25 17:08:15.396696,692,flowbot,0.46641,-0.04698,0.34983,0.00000,0.00000,-0.00000,0.00000,20.00,20.00,20.00,0.0000,0.0000,0.0000,0.0000,0,0
2026-08-25 17:08:15.450409,693,flowbot,0.46641,-0.04698,0.34983,0.00000,0.00000,-0.00000,0.00000,20.00,20.00,20.00,0.0000,0.0000,0.0000,0.0000,0,0
2026-08-25 17:08:15.501191,694,flowbot,0.46641,-0.04698,0.34983,0.00000,0.00000,-0.00000,0.00000,20.00,20.00,20.00,0.0000,0.0000,0.0000,0.0000,0,0
2026-08-25 17:08:15.559069,695,flowbot,0.46641,-0.04698,0.34983,0.00000,0.00000,-0.00000,0.00000,20.00,20.00,20.00,0.0000,0.0000,0.0000,0.0000,0,0
2026-08-25 17:08:15.610775,696,flowbot,0.46641,-0.04698,0.34983,0.00000,0.00000,-0.00000,0.00000,20.00,20.00,20.00,0.0000,0.0000,0.0000,0.0000,0,0
2026-08-25 17:08:15.665942,697,flowbot,0.46641,-0.04698,0.34983,0.00000,0.00000,-0.00000,0.00000,20.00,20.00,20.00,0.0000,0.0000,0.0000,0.0000,0,0
2026-08-25 17:08:15.724810,698,flowbot,0.46641,-0.04698,0.34983,0.00000,0.00000,-0.00000,0.00000,20.00,20.00,20.00,0.0000,0.0000,0.0000,0.0000,0,0
2026-08-25 17:08:15.775225,699,flowbot,0.46641,-0.04698,0.34983,0.00000,0.00000,-0.00000,0.00000,20.00,20.00,20.00,0.0000,0.0000,0.0000,0.0000,0,0
2026-08-25 17:08:15.826653,700,flowbot,0.46641,-0.04698,0.34983,0.00000,0.00000,-0.00000,0.00000,20.00,20.00,20.00,0.0000,0.0000,0.0000,0.0000,0,0
2026-08-25 17:08:15.873324,701,flowbot,0.46641,-0.04698,0.34983,0.00000,0.00000,-0.00000,0.00000,20.00,20.00,20.00,0.0000,0.0000,0.0000,0.0000,0,0
2026-08-25 17:08:15.932859,702,flowbot,0.46641,-0.04698,0.34983,0.00000,0.00000,-0.00000,0.00000,20.00,20.00,20.00,0.0000,0.0000,0.0000,0.0000,0,0
2026-08-25 17:08:15.988083,703,flowbot,0.46641,-0.04698,0.34983,0.00000,0.00000,-0.00000,0.00000,20.00,20.00,20.00,0.0000,0.0000,0.0000,0.0000,0,0
2026-08-25 17:08:16.043575,704,flowbot,0.46641,-0.04698,0.34983,0.00000,0.00000,-0.00000,0.00000,20.00,20.00,20.00,0.0000,0.0000,0.0000,0.0000,0,0
2026-08-25 17:08:16.092042,705,flowbot,0.46641,-0.04698,0.34983,0.00000,0.00000,-0.00000,0.00000,20.00,20.00,20.00,0.0000,0.0000,0.0000,0.0000,0,0
2026-08-25 17:08:16.146271,706,flowbot,0.46641,-0.04698,0.34983,0.00000,0.00000,-0.00000,0.00000,20.00,20.00,20.00,0.0000,0.0000,0.0000,0.0000,0,0
2026-08-25 17:08:16.199592,707,flowbot,0.46641,-0.04698,0.34983,0.00000,0.00000,-0.00000,0.00000,20.00,20.00,20.00,0.0000,0.0000,0.0000,0.0000,0,0
2026-08-25 17:08:16.248664,708,flowbot,0.46641,-0.04698,0.34983,0.00000,0.00000,-0.00000,0.00000,20.00,20.00,20.00,0.0000,0.0000,0.0000,0.0000,0,0
2026-08-25 17:08:16.302290,709,flowbot,0.46641,-0.04698,0.34983,0.00000,0.00000,-0.00000,0.00000,20.00,20.00,20.00,0.0000,0.0000,0.0000,0.0000,0,0
2026-08-25 17:08:16.359540,710,flowbot,0.46641,-0.04698,0.34983,0.00000,0.00000,-0.00000,0.00000,20.00,20.00,20.00,0.0000,0.0000,0.0000,0.0000,0,0
2026-08-25 17:08:16.412889,711,flowbot,0.46641,-0.04698,0.34983,0.00000,0.00000,-0.00000,0.00000,20.00,20.00,20.00,0.0000,0.0000,0.0000,0.0000,0,0
2026-08-25 17:08:16.460906,712,flowbot,0.46641,-0.04698,0.34983,0.00000,0.00000,-0.00000,0.00000,20.00,20.00,20.00,0.0000,0.0000,0.0000,0.0000,0,0
2026-08-25 17:08:16.514261,713,flowbot,0.46641,-0.04698,0.34983,0.00000,0.00000,-0.00000,0.00000,20.00,20.00,20.00,0.0000,0.0000,0.0000,0.0000,0,0
2026-08-25 17:08:16.569604,714,flowbot,0.46641,-0.04698,0.34983,0.00000,0.00000,-0.00000,0.00000,20.00,20.00,20.00,0.0000,0.0000,0.0000,0.0000,0,0
2026-08-25 17:08:16.623489,715,flowbot,0.46641,-0.04698,0.34983,0.00000,0.00000,-0.00000,0.00000,20.00,20.00,20.00,0.0000,0.0000,0.0000,0.0000,0,0
2026-08-25 17:08:16.676139,716,flowbot,0.46641,-0.04698,0.34983,0.00000,0.00000,-0.00000,0.00000,20.00,20.00,20.00,0.0000,0.0000,0.0000,0.0000,0,0
2026-08-25 17:08:16.728660,717,flowbot,0.46641,-0.04698,0.34983,0.00000,0.00000,-0.00000,0.00000,20.00,20.00,20.00,0.0000,0.0000,0.0000,0.0000,0,0
2026-08-25 17:08:16.781533,718,flowbot,0.46641,-0.04698,0.34983,0.00000,0.00000,-0.00000,0.00000,20.00,20.00,20.00,0.0000,0.0000,0.0000,0.0000,0,0
2026-08-25 17:08:16.831502,719,flowbot,0.46641,-0.04698,0.34983,0.00000,0.00000,-0.00000,0.00000,20.00,20.00,20.00,0.0000,0.0000,0.0000,0.0000,0,0
2026-08-25 17:08:16.885947,720,flowbot,0.46641,-0.04698,0.34983,0.00000,0.00000,-0.00000,0.00000,20.00,20.00,20.00,0.0000,0.0000,0.0000,0.0000,0,0
2026-08-25 17:08:16.933338,721,flowbot,0.46641,-0.04698,0.34983,0.00000,0.00000,-0.00000,0.00000,20.00,20.00,20.00,0.0000,0.0000,0.0000,0.0000,0,0
2026-08-25 17:08:16.987906,722,flowbot,0.46641,-0.04698,0.34983,0.00000,0.00000,-0.00000,0.00000,20.00,20.00,20.00,0.0000,0.0000,0.0000,0.0000,0,0
2026-08-25 17:08:17.044539,723,flowbot,0.46641,-0.04698,0.34983,0.00000,0.00000,-0.00000,0.00000,20.00,20.00,20.00,0.0000,0.0000,0.0000,0.0000,0,0
2026-08-25 17:08:17.097065,724,flowbot,0.46641,-0.04698,0.34983,0.00000,0.00000,-0.00000,0.00000,20.00,20.00,20.00,0.0000,0.0000,0.0000,0.0000,0,0
2026-08-25 17:08:17.150078,725,flowbot,0.46641,-0.04698,0.34983,0.00000,0.00000,-0.00000,0.00000,20.00,20.00,20.00,0.0000,0.0000,0.0000,0.0000,0,0
2026-08-25 17:08:17.203790,726,flowbot,0.46641,-0.04698,0.34983,0.00000,0.00000,-0.00000,0.00000,20.00,20.00,20.00,0.0000,0.0000,0.0000,0.0000,0,0
2026-08-25 17:08:17.255286,727,flowbot,0.46641,-0.04698,0.34983,0.00000,0.00000,-0.00000,0.00000,20.00,20.00,20.00,0.0000,0.0000,0.0000,0.0000,0,0
2026-08-25 17:08:17.307930,728,flowbot,0.46641,-0.04698,0.34983,0.00000,0.00000,-0.00000,0.00000,20.00,20.00,20.00,0.0000,0.0000,0.0000,0.0000,0,0
2026-08-25 17:08:17.358433,729,flowbot,0.46641,-0.04698,0.34983,0.00000,0.00000,-0.00000,0.00000,20.00,20.00,20.00,0.0000,0.0000,0.0000,0.0000,0,0
2026-08-25 17:08:17.415091,730,flowbot,0.46641,-0.04698,0.34983,0.00000,0.00000,-0.00000,0.00000,20.00,20.00,20.00,0.0000,0.0000,0.0000,0.0000,0,0
2026-08-25 17:08:17.471506,731,flowbot,0.46641,-0.04698,0.34983,0.00000,0.00000,-0.00000,0.00000,20.00,20.00,20.00,0.0000,0.0000,0.0000,0.0000,0,0
2026-08-25 17:08:17.523156,732,flowbot,0.46641,-0.04698,0.34983,0.00000,0.00000,-0.00000,0.00000,20.00,20.00,20.00,0.0000,0.0000,0.0000,0.0000,0,0
2026-08-25 17:08:17.573477,733,flowbot,0.46641,-0.04698,0.34983,0.00000,0.00000,-0.00000,0.00000,20.00,20.00,20.00,0.0000,0.0000,0.0000,0.0000,0,0
2026-08-25 17:08:17.627763,734,flowbot,0.46641,-0.04698,0.34983,0.00000,0.00000,-0.00000,0.00000,20.00,20.00,20.00,0.0000,0.0000,0.0000,0.0000,0,0
2026-08-25 17:08:17.679783,735,flowbot,0.46641,-0.04698,0.34983,0.00000,0.00000,-0.00000,0.00000,20.00,20.00,20.00,0.0000,0.0000,0.0000,0.0000,0,0
2026-08-25 17:08:17.734322,736,flowbot,0.46641,-0.04698,0.34983,0.00000,0.00000,-0.00000,0.00000,20.00,20.00,20.00,0.0000,0.0000,0.0000,0.0000,0,0
2026-08-25 17:08:17.785302,737,flowbot,0.46641,-0.04698,0.34983,0.00000,0.00000,-0.00000,0.00000,20.00,20.00,20.00,0.0000,0.0000,0.0000,0.0000,0,0
2026-08-25 17:08:17.838030,738,flowbot,0.46641,-0.04698,0.34983,0.00000,0.00000,-0.00000,0.00000,20.00,20.00,20.00,0.0000,0.0000,0.0000,0.0000,0,0
2026-08-25 17:08:17.898165,739,flowbot,0.46641,-0.04698,0.34983,0.00000,0.00000,-0.00000,0.00000,20.00,20.00,20.00,0.0000,0.0000,0.0000,0.0000,0,0
2026-08-25 17:08:17.947231,740,flowbot,0.46641,-0.04698,0.34983,0.00000,0.00000,-0.00000,0.00000,20.00,20.00,20.00,0.0000,0.0000,0.0000,0.0000,0,0
2026-08-25 17:08:17.994451,741,flowbot,0.46641,-0.04698,0.34983,0.00000,0.00000,-0.00000,0.00000,20.00,20.00,20.00,0.0000,0.0000,0.0000,0.0000,0,0
2026-08-25 17:08:18.052287,742,flowbot,0.46641,-0.04698,0.34983,0.00000,0.00000,-0.00000,0.00000,20.00,20.00,20.00,0.0000,0.0000,0.0000,0.0000,0,0
2026-08-25 17:08:18.112246,743,flowbot,0.46641,-0.04698,0.34983,0.00000,0.00000,-0.00000,0.00000,20.00,20.00,20.00,0.0000,0.0000,0.0000,0.0000,0,0
2026-08-25 17:08:18.165669,744,flowbot,0.46641,-0.04698,0.34983,0.00000,0.00000,-0.00000,0.00000,20.00,20.00,20.00,0.0000,0.0000,0.0000,0.0000,0,0
2026-08-25 17:08:18.217643,745,flowbot,0.46641,-0.04698,0.34983,0.00000,0.00000,-0.00000,0.00000,20.00,20.00,20.00,0.0000,0.0000,0.0000,0.0000,0,0
2026-08-25 17:08:18.273494,746,flowbot,0.46641,-0.04698,0.34983,0.00000,0.00000,-0.00000,0.00000,20.00,20.00,20.00,0.0000,0.0000,0.0000,0.0000,0,0
2026-08-25 17:08:18.323226,747,flowbot,0.46641,-0.04698,0.34983,0.00000,0.00000,-0.00000,0.00000,20.00,20.00,20.00,0.0000,0.0000,0.0000,0.0000,0,0
2026-08-25 17:08:18.376985,748,flowbot,0.46641,-0.04698,0.34983,0.00000,0.00000,-0.00000,0.00000,20.00,20.00,20.00,0.0000,0.0000,0.0000,0.0000,0,0
2026-08-25 17:08:18.430640,749,flowbot,0.46641,-0.04698,0.34983,0.00000,0.00000,-0.00000,0.00000,20.00,20.00,20.00,0.0000,0.0000,0.0000,0.0000,0,0
2026-08-25 17:08:18.481688,750,flowbot,0.46641,-0.04698,0.34983,0.00000,0.00000,-0.00000,0.00000,20.00,20.00,20.00,0.0000,0.0000,0.0000,0.0000,0,0
2026-08-25 17:08:18.536227,751,flowbot,0.46641,-0.04698,0.34983,0.00000,0.00000,-0.00000,0.00000,20.00,20.00,20.00,0.0000,0.0000,0.0000,0.0000,0,0
2026-08-25 17:08:18.587977,752,flowbot,0.46641,-0.04698,0.34983,0.00000,0.00000,-0.00000,0.00000,20.00,20.00,20.00,0.0000,0.0000,0.0000,0.0000,0,0
2026-08-25 17:08:18.639097,753,flowbot,0.46641,-0.04698,0.34983,0.00000,0.00000,-0.00000,0.00000,20.00,20.00,20.00,0.0000,0.0000,0.0000,0.0000,0,0
2026-08-25 17:08:18.695711,754,flowbot,0.46641,-0.04698,0.34983,0.00000,0.00000,-0.00000,0.00000,20.00,20.00,20.00,0.0000,0.0000,0.0000,0.0000,0,0
2026-08-25 17:08:18.744409,755,flowbot,0.46641,-0.04698,0.34983,0.00000,0.00000,-0.00000,0.00000,20.00,20.00,20.00,0.0000,0.0000,0.0000,0.0000,0,0
2026-08-25 17:08:18.800154,756,flowbot,0.46641,-0.04698,0.34983,0.00000,0.00000,-0.00000,0.00000,20.00,20.00,20.00,0.0000,0.0000,0.0000,0.0000,0,0
2026-08-25 17:08:18.851501,757,flowbot,0.46641,-0.04698,0.34983,0.00000,0.00000,-0.00000,0.00000,20.00,20.00,20.00,0.0000,0.0000,0.0000,0.0000,0,0
2026-08-25 17:08:18.906876,758,flowbot,0.46641,-0.04698,0.34983,0.00000,0.00000,-0.00000,0.00000,20.00,20.00,20.00,0.0000,0.0000,0.0000,0.0000,0,0
2026-08-25 17:08:18.960480,759,flowbot,0.46641,-0.04698,0.34983,0.00000,0.00000,-0.00000,0.00000,20.00,20.00,20.00,0.0000,0.0000,0.0000,0.0000,0,0
2026-08-25 17:08:19.010807,760,flowbot,0.46641,-0.04698,0.34983,0.00000,0.00000,-0.00000,0.00000,20.00,20.00,20.00,0.0000,0.0000,0.0000,0.0000,0,0
2026-08-25 17:08:19.062112,761,flowbot,0.46641,-0.04698,0.34983,0.00000,0.00000,-0.00000,0.00000,20.00,20.00,20.00,0.0000,0.0000,0.0000,0.0000,0,0
2026-08-25 17:08:19.118408,762,flowbot,0.46641,-0.04698,0.34983,0.00000,0.00000,-0.00000,0.00000,20.00,20.00,20.00,0.0000,0.0000,0.0000,0.0000,0,0
2026-08-25 17:08:19.174256,763,flowbot,0.46641,-0.04698,0.34983,0.00000,0.00000,-0.00000,0.00000,20.00,20.00,20.00,0.0000,0.0000,0.0000,0.0000,0,0
2026-08-25 17:08:19.228612,764,flowbot,0.46641,-0.04698,0.34983,0.00000,0.00000,-0.00000,0.00000,20.00,20.00,20.00,0.0000,0.0000,0.0000,0.0000,0,0
2026-08-25 17:08:19.281046,765,flowbot,0.46641,-0.04698,0.34983,0.00000,0.00000,-0.00000,0.00000,20.00,20.00,20.00,0.0000,0.0000,0.0000,0.0000,0,0
2026-08-25 17:08:19.334558,766,flowbot,0.46641,-0.04698,0.34983,0.00000,0.00000,-0.00000,0.00000,20.00,20.00,20.00,0.0000,0.0000,0.0000,0.0000,0,0
2026-08-25 17:08:19.386297,767,flowbot,0.46641,-0.04698,0.34983,0.00000,0.00000,-0.00000,0.00000,20.00,20.00,20.00,0.0000,0.0000,0.0000,0.0000,0,0
2026-08-25 17:08:19.438651,768,flowbot,0.46641,-0.04698,0.34983,0.00000,0.00000,-0.00000,0.00000,20.00,20.00,20.00,0.0000,0.0000,0.0000,0.0000,0,0
2026-08-25 17:08:19.488536,769,flowbot,0.46641,-0.04698,0.34983,0.00000,0.00000,-0.00000,0.00000,20.00,20.00,20.00,0.0000,0.0000,0.0000,0.0000,0,0
2026-08-25 17:08:19.541678,770,flowbot,0.46641,-0.04698,0.34983,0.00000,0.00000,-0.00000,0.00000,20.00,20.00,20.00,0.0000,0.0000,0.0000,0.0000,0,0
2026-08-25 17:08:19.594357,771,flowbot,0.46641,-0.04698,0.34983,0.00000,0.00000,-0.00000,0.00000,20.00,20.00,20.00,0.0000,0.0000,0.0000,0.0000,0,0
2026-08-25 17:08:19.647501,772,flowbot,0.46641,-0.04698,0.34983,0.00000,0.00000,-0.00000,0.00000,20.00,20.00,20.00,0.0000,0.0000,0.0000,0.0000,0,0
2026-08-25 17:08:19.697443,773,flowbot,0.46641,-0.04698,0.34983,0.00000,0.00000,-0.00000,0.00000,20.00,20.00,20.00,0.0000,0.0000,0.0000,0.0000,0,0
2026-08-25 17:08:19.750069,774,flowbot,0.46641,-0.04698,0.34983,0.00000,0.00000,-0.00000,0.00000,20.00,20.00,20.00,0.0000,0.0000,0.0000,0.0000,0,0
2026-08-25 17:08:19.801526,775,flowbot,0.46641,-0.04698,0.34983,0.00000,0.00000,-0.00000,0.00000,20.00,20.00,20.00,0.0000,0.0000,0.0000,0.0000,0,0
2026-08-25 17:08:19.853930,776,flowbot,0.46641,-0.04698,0.34983,0.00000,0.00000,-0.00000,0.00000,20.00,20.00,20.00,0.0000,0.0000,0.0000,0.0000,0,0
2026-08-25 17:08:19.908692,777,franka,0.46641,-0.04698,0.34983,0.00000,0.00000,-0.00000,0.00000,20.00,20.00,20.00,0.0000,0.0000,0.0000,0.0000,0,0
2026-08-25 17:08:19.962338,778,franka,0.46640,-0.04699,0.34982,0.00000,0.00000,0.00000,0.00000,20.00,20.00,20.00,0.0000,0.0000,0.0000,0.0000,0,0
2026-08-25 17:08:20.016802,779,franka,0.46640,-0.04699,0.34982,0.00000,0.00000,0.00000,0.00000,20.00,20.00,20.00,0.0000,0.0000,0.0000,0.0000,0,0
2026-08-25 17:08:20.071800,780,franka,0.46640,-0.04699,0.34982,0.00000,0.00000,0.00000,0.00000,20.00,20.00,20.00,0.0000,0.0000,0.0000,0.0000,0,0
2026-08-25 17:08:20.125404,781,franka,0.46639,-0.04699,0.34982,0.00000,0.00000,0.00000,0.00000,20.00,20.00,20.00,0.0000,0.0000,0.0000,0.0000,0,0
2026-08-25 17:08:20.179034,782,franka,0.46640,-0.04699,0.34982,0.00000,0.00000,0.00000,0.00000,20.00,20.00,20.00,0.0000,0.0000,0.0000,0.0000,0,0
2026-08-25 17:08:20.232453,783,franka,0.46639,-0.04699,0.34982,0.00000,0.00000,0.00000,0.00000,20.00,20.00,20.00,0.0000,0.0000,0.0000,0.0000,0,0
2026-08-25 17:08:20.286107,784,franka,0.46639,-0.04699,0.34982,0.00000,0.00000,0.00000,0.00000,20.00,20.00,20.00,0.0000,0.0000,0.0000,0.0000,0,0
2026-08-25 17:08:20.340826,785,franka,0.46639,-0.04699,0.34982,0.00000,0.00000,0.00000,0.00000,20.00,20.00,20.00,0.0000,0.0000,0.0000,0.0000,0,0
2026-08-25 17:08:20.394411,786,franka,0.46639,-0.04699,0.34982,0.00000,0.00000,0.00000,0.00000,20.00,20.00,20.00,0.0000,0.0000,0.0000,0.0000,0,0
2026-08-25 17:08:20.448098,787,franka,0.46639,-0.04699,0.34982,0.00000,0.00000,0.00000,0.00000,20.00,20.00,20.00,0.0000,0.0000,0.0000,0.0000,0,0
2026-08-25 17:08:20.502782,788,franka,0.46639,-0.04699,0.34982,0.00000,0.00000,0.00000,0.00000,20.00,20.00,20.00,0.0000,0.0000,0.0000,0.0000,0,0
2026-08-25 17:08:20.556375,789,franka,0.46639,-0.04699,0.34982,0.00000,0.00000,0.00000,0.00000,20.00,20.00,20.00,0.0000,0.0000,0.0000,0.0000,0,0
2026-08-25 17:08:20.609897,790,franka,0.46639,-0.04699,0.34982,0.00000,0.00000,0.00000,0.00000,20.00,20.00,20.00,0.0000,0.0000,0.0000,0.0000,0,0
2026-08-25 17:08:20.663842,791,franka,0.46639,-0.04699,0.34982,0.00000,0.00000,0.00000,0.00000,20.00,20.00,20.00,0.0000,0.0000,0.0171,0.0000,0,0
2026-08-25 17:08:20.717447,792,franka,0.46639,-0.04699,0.34982,0.00000,0.00000,0.00000,0.00000,20.00,20.00,20.00,0.0000,0.0000,0.0829,0.0000,0,0
2026-08-25 17:08:20.770949,793,franka,0.46639,-0.04700,0.34982,0.00000,0.00000,0.00000,0.00000,20.00,20.00,20.00,0.0000,0.0000,0.1543,0.0000,0,0
2026-08-25 17:08:20.824456,794,franka,0.46639,-0.04699,0.34982,0.00000,0.00000,0.00000,0.00000,20.00,20.00,20.00,0.0000,0.0000,0.2514,0.0000,0,0
2026-08-25 17:08:20.881292,795,franka,0.46639,-0.04700,0.34982,0.00000,0.00000,0.00172,0.00000,20.00,20.00,20.00,0.0000,0.0000,0.2971,0.0000,0,0
2026-08-25 17:08:20.935304,796,franka,0.46636,-0.04699,0.35055,0.00000,0.00000,0.02998,0.00000,20.00,20.00,20.00,0.0000,0.0000,0.3600,0.0000,0,0
2026-08-25 17:08:20.989199,797,franka,0.46639,-0.04696,0.35212,0.00000,0.00000,0.03000,0.00000,20.00,20.00,20.00,0.0000,0.0000,0.4286,0.0000,0,0
2026-08-25 17:08:21.042841,798,franka,0.46638,-0.04697,0.35360,0.00000,0.00000,0.03000,0.00000,20.00,20.00,20.00,0.0000,0.0000,0.4543,0.0000,0,0
2026-08-25 17:08:21.097726,799,franka,0.46640,-0.04699,0.35516,0.00000,0.00000,0.03000,0.00000,20.00,20.00,20.00,0.0000,0.0000,0.5000,0.0000,0,0
2026-08-25 17:08:21.151643,800,franka,0.46637,-0.04697,0.35656,0.00000,0.00000,0.03000,0.00000,20.00,20.00,20.00,0.0000,0.0000,0.5286,0.0000,0,0
2026-08-25 17:08:21.205715,801,franka,0.46638,-0.04698,0.35962,0.00000,0.00000,0.03000,0.00000,20.00,20.00,20.00,0.0000,0.0000,0.4829,0.0000,0,0
2026-08-25 17:08:21.259520,802,franka,0.46639,-0.04698,0.36112,0.00000,0.00000,0.03000,0.00000,20.00,20.00,20.00,0.0000,0.0000,0.5200,0.0000,0,0
2026-08-25 17:08:21.313191,803,franka,0.46639,-0.04698,0.36262,0.00000,0.00000,0.03000,0.00000,20.00,20.00,20.00,0.0000,0.0000,0.5086,0.0000,0,0
2026-08-25 17:08:21.366763,804,franka,0.46639,-0.04698,0.36417,0.00000,0.00000,0.03000,0.00000,20.00,20.00,20.00,0.0000,0.0000,0.5371,0.0000,0,0
2026-08-25 17:08:21.420460,805,franka,0.46637,-0.04698,0.36562,0.00000,0.00000,0.03000,0.00000,20.00,20.00,20.00,0.0000,0.0029,0.5143,0.0000,0,0
2026-08-25 17:08:21.473993,806,franka,0.46639,-0.04698,0.36714,0.00000,0.00000,0.03000,0.00000,20.00,20.00,20.00,0.0000,0.0114,0.4971,0.0000,0,0
2026-08-25 17:08:21.528195,807,franka,0.46639,-0.04698,0.36870,0.00000,0.00000,0.03000,0.00000,20.00,20.00,20.00,0.0000,0.0171,0.5029,0.0000,0,0
2026-08-25 17:08:21.578192,808,franka,0.46639,-0.04698,0.37017,0.00000,0.00000,0.03000,0.00000,20.00,20.00,20.00,0.0000,0.0171,0.5029,0.0000,0,0
2026-08-25 17:08:21.632522,809,franka,0.46638,-0.04698,0.37169,0.00000,0.00000,0.03000,0.00000,20.00,20.00,20.00,0.0000,0.0257,0.5114,0.0000,0,0
2026-08-25 17:08:21.687225,810,franka,0.46639,-0.04698,0.37320,0.00000,0.00000,0.03000,0.00000,20.00,20.00,20.00,0.0000,0.0314,0.4971,0.0000,0,0
2026-08-25 17:08:21.738904,811,franka,0.46640,-0.04698,0.37473,0.00000,0.00000,0.03000,0.00000,20.00,20.00,20.00,0.0000,0.0286,0.5029,0.0000,0,0
2026-08-25 17:08:21.793130,812,franka,0.46639,-0.04697,0.37619,0.00000,0.00000,0.03000,0.00000,20.00,20.00,20.00,0.0000,0.0457,0.4857,0.0000,0,0
2026-08-25 17:08:21.847005,813,franka,0.46639,-0.04698,0.37770,0.00000,0.00000,0.03000,0.00000,20.00,20.00,20.00,0.0000,0.0371,0.4971,0.0000,0,0
2026-08-25 17:08:21.900862,814,franka,0.46638,-0.04698,0.37919,0.00000,0.00000,0.03000,0.00000,20.00,20.00,20.00,0.0000,0.0200,0.5171,0.0000,0,0
2026-08-25 17:08:21.954690,815,franka,0.46639,-0.04698,0.38074,0.00000,0.00000,0.03000,0.00000,20.00,20.00,20.00,0.0000,0.0171,0.5371,0.0000,0,0
2026-08-25 17:08:22.008372,816,franka,0.46639,-0.04698,0.38223,0.00000,0.00000,0.03000,0.00000,20.00,20.00,20.00,0.0000,0.0200,0.5257,0.0000,0,0
2026-08-25 17:08:22.062589,817,franka,0.46639,-0.04698,0.38525,0.00000,0.00000,0.03000,0.00000,20.00,20.00,20.00,0.0000,0.0200,0.5343,0.0000,0,0
2026-08-25 17:08:22.117003,818,franka,0.46639,-0.04698,0.38679,0.00000,0.00000,0.03000,0.00000,20.00,20.00,20.00,0.0000,0.0286,0.5314,0.0000,0,0
2026-08-25 17:08:22.170766,819,franka,0.46640,-0.04698,0.38833,0.00000,0.00000,0.03000,0.00000,20.00,20.00,20.00,0.0000,0.0257,0.5314,0.0000,0,0
2026-08-25 17:08:22.223644,820,franka,0.46639,-0.04698,0.38982,0.00000,0.00000,0.03000,0.00000,20.00,20.00,20.00,0.0000,0.0371,0.5371,0.0000,0,0
2026-08-25 17:08:22.272546,821,franka,0.46638,-0.04698,0.39133,0.00000,0.00000,0.03000,0.00000,20.00,20.00,20.00,0.0000,0.0514,0.5114,0.0000,0,0
2026-08-25 17:08:22.326319,822,franka,0.46639,-0.04698,0.39285,0.00000,0.00000,0.03000,0.00000,20.00,20.00,20.00,0.0000,0.0343,0.5343,0.0000,0,0
2026-08-25 17:08:22.379959,823,franka,0.46639,-0.04698,0.39439,0.00000,0.00000,0.03000,0.00000,20.00,20.00,20.00,0.0000,0.0457,0.5143,0.0000,0,0
2026-08-25 17:08:22.434233,824,franka,0.46639,-0.04698,0.39587,0.00000,0.00000,0.03000,0.00000,20.00,20.00,20.00,0.0000,0.0429,0.5114,0.0000,0,0
2026-08-25 17:08:22.487837,825,franka,0.46639,-0.04698,0.39739,0.00000,0.00000,0.03000,0.00000,20.00,20.00,20.00,0.0000,0.0457,0.5114,0.0000,0,0
2026-08-25 17:08:22.542293,826,franka,0.46639,-0.04698,0.39891,0.00000,0.00000,0.03000,0.00000,20.00,20.00,20.00,0.0000,0.0486,0.5086,0.0000,0,0
2026-08-25 17:08:22.595851,827,franka,0.46640,-0.04698,0.40042,0.00000,0.00000,0.03000,0.00000,20.00,20.00,20.00,0.0000,0.0514,0.5057,0.0000,0,0
2026-08-25 17:08:22.649565,828,franka,0.46639,-0.04699,0.40188,0.00000,0.00000,0.03000,0.00000,20.00,20.00,20.00,0.0000,0.0543,0.5057,0.0000,0,0
2026-08-25 17:08:22.703566,829,franka,0.46639,-0.04698,0.40339,0.00000,0.00000,0.03000,0.00000,20.00,20.00,20.00,0.0000,0.0629,0.5000,0.0000,0,0
2026-08-25 17:08:22.757561,830,franka,0.46639,-0.04699,0.40494,0.00000,0.00000,0.03000,0.00000,20.00,20.00,20.00,0.0000,0.0629,0.5000,0.0000,0,0
2026-08-25 17:08:22.811465,831,franka,0.46640,-0.04699,0.40644,0.00000,0.00000,0.03000,0.00000,20.00,20.00,20.00,0.0000,0.0571,0.5114,0.0000,0,0
2026-08-25 17:08:22.865214,832,franka,0.46639,-0.04699,0.40792,0.00000,0.00000,0.03000,0.00000,20.00,20.00,20.00,0.0000,0.0571,0.5057,0.0000,0,0
2026-08-25 17:08:22.918951,833,franka,0.46640,-0.04698,0.41094,0.00000,0.00000,0.03000,0.00000,20.00,20.00,20.00,0.0000,0.0600,0.4943,0.0000,0,0
2026-08-25 17:08:22.972588,834,franka,0.46640,-0.04699,0.41247,0.00000,0.00000,0.03000,0.00000,20.00,20.00,20.00,0.0000,0.0657,0.4857,0.0000,0,0
2026-08-25 17:08:23.026682,835,franka,0.46639,-0.04699,0.41395,0.00000,0.00000,0.03000,0.00000,20.00,20.00,20.00,0.0000,0.0600,0.4971,0.0000,0,0
2026-08-25 17:08:23.080499,836,franka,0.46639,-0.04698,0.41545,0.00000,0.00000,0.03000,0.00000,20.00,20.00,20.00,0.0000,0.0571,0.4943,0.0000,0,0
2026-08-25 17:08:23.134085,837,franka,0.46640,-0.04698,0.41700,0.00000,0.00000,0.03000,0.00000,20.00,20.00,20.00,0.0000,0.0514,0.5000,0.0000,0,0
2026-08-25 17:08:23.188832,838,franka,0.46640,-0.04699,0.41850,0.00000,0.00000,0.03000,0.00000,20.00,20.00,20.00,0.0000,0.0629,0.4600,0.0000,0,0
2026-08-25 17:08:23.243113,839,franka,0.46639,-0.04699,0.41998,0.00000,0.00000,0.03000,0.00000,20.00,20.00,20.00,0.0000,0.0571,0.4514,0.0000,0,0
2026-08-25 17:08:23.296775,840,franka,0.46639,-0.04699,0.42151,0.00000,0.00000,0.03000,0.00000,20.00,20.00,20.00,0.0000,0.0600,0.4686,0.0000,0,0
2026-08-25 17:08:23.350339,841,franka,0.46640,-0.04699,0.42303,0.00000,0.00000,0.03000,0.00000,20.00,20.00,20.00,0.0000,0.0571,0.4743,0.0000,0,0
2026-08-25 17:08:23.404318,842,franka,0.46639,-0.04699,0.42451,0.00000,0.00000,0.03000,0.00000,20.00,20.00,20.00,0.0000,0.0457,0.4886,0.0000,0,0
2026-08-25 17:08:23.458119,843,franka,0.46639,-0.04699,0.42603,0.00000,0.00000,0.03000,0.00000,20.00,20.00,20.00,0.0000,0.0486,0.4886,0.0000,0,0
2026-08-25 17:08:23.511833,844,franka,0.46640,-0.04699,0.42755,0.00000,0.00000,0.03000,0.00000,20.00,20.00,20.00,0.0000,0.0486,0.4829,0.0000,0,0
2026-08-25 17:08:23.565486,845,franka,0.46640,-0.04699,0.42906,0.00000,0.00000,0.03000,0.00000,20.00,20.00,20.00,0.0000,0.0486,0.4771,0.0000,0,0
2026-08-25 17:08:23.619104,846,franka,0.46640,-0.04699,0.43053,0.00000,0.00000,0.03000,0.00000,20.00,20.00,20.00,0.0000,0.0629,0.4657,0.0000,0,0
2026-08-25 17:08:23.673673,847,franka,0.46640,-0.04699,0.43359,0.00000,0.00000,0.03000,0.00000,20.00,20.00,20.00,0.0000,0.0514,0.4629,0.0000,0,0
2026-08-25 17:08:23.727514,848,franka,0.46640,-0.04699,0.43508,0.00000,0.00000,0.03000,0.00000,20.00,20.00,20.00,0.0000,0.0543,0.4514,0.0000,0,0
2026-08-25 17:08:23.781142,849,franka,0.46639,-0.04699,0.43658,0.00000,0.00000,0.03000,0.00000,20.00,20.00,20.00,0.0000,0.0629,0.4400,0.0000,0,0
2026-08-25 17:08:23.834761,850,franka,0.46640,-0.04698,0.43812,0.00000,0.00000,0.03000,0.00000,20.00,20.00,20.00,0.0000,0.0571,0.4171,0.0000,0,0
2026-08-25 17:08:23.888768,851,franka,0.46640,-0.04698,0.43965,0.00000,0.00000,0.03000,0.00000,20.00,20.00,20.00,0.0000,0.0571,0.4286,0.0000,0,0
2026-08-25 17:08:23.942329,852,franka,0.46640,-0.04698,0.44112,0.00000,0.00000,0.03000,0.00000,20.00,20.00,20.00,0.0000,0.0600,0.4314,0.0000,0,0
2026-08-25 17:08:23.996347,853,franka,0.46639,-0.04698,0.44264,0.00000,0.00000,0.03000,0.00000,20.00,20.00,20.00,0.0000,0.0486,0.4457,0.0000,0,0
2026-08-25 17:08:24.050416,854,franka,0.46640,-0.04698,0.44420,0.00000,0.00000,0.03000,0.00000,20.00,20.00,20.00,0.0000,0.0486,0.4257,0.0000,0,0
2026-08-25 17:08:24.104071,855,franka,0.46640,-0.04697,0.44573,0.00000,0.00000,0.03000,0.00000,20.00,20.00,20.00,0.0000,0.0543,0.3829,0.0000,0,0
2026-08-25 17:08:24.157994,856,franka,0.46640,-0.04698,0.44720,0.00000,0.00000,0.03000,0.00000,20.00,20.00,20.00,0.0000,0.0571,0.2686,0.0000,0,0
2026-08-25 17:08:24.212034,857,franka,0.46640,-0.04698,0.44875,0.00000,0.00000,0.03000,0.00000,20.00,20.00,20.00,0.0000,0.0429,0.0000,0.0000,0,0
2026-08-25 17:08:24.265758,858,franka,0.46640,-0.04697,0.45025,0.00000,0.00000,0.02128,0.00000,20.00,20.00,20.00,0.0000,0.0000,0.0000,0.0000,0,0
2026-08-25 17:08:24.319850,859,franka,0.46640,-0.04698,0.45065,0.00000,0.00000,0.00000,0.00000,20.00,20.00,20.00,0.0000,0.0000,0.0000,0.0000,0,0
2026-08-25 17:08:24.373984,860,franka,0.46640,-0.04699,0.45062,0.00000,0.00000,0.00000,0.00000,20.00,20.00,20.00,0.0000,0.0000,0.0000,0.0000,0,0
2026-08-25 17:08:24.428170,861,franka,0.46640,-0.04699,0.45063,0.00000,0.00000,0.00000,0.00000,20.00,20.00,20.00,0.0000,0.0000,0.0000,0.0000,0,0
2026-08-25 17:08:24.482224,862,franka,0.46640,-0.04699,0.45064,0.00000,0.00000,0.00000,0.00000,20.00,20.00,20.00,0.0000,0.0000,0.0000,0.0000,0,0
2026-08-25 17:08:24.536260,863,franka,0.46640,-0.04698,0.45063,0.00000,0.00000,0.00000,0.00000,20.00,20.00,20.00,0.0000,0.0000,0.0000,0.0000,0,0
2026-08-25 17:08:24.590398,864,franka,0.46640,-0.04699,0.45063,0.00000,0.00000,0.00000,0.00000,20.00,20.00,20.00,0.0000,0.0000,0.0000,0.0000,0,0
2026-08-25 17:08:24.644691,865,franka,0.46640,-0.04699,0.45064,0.00000,0.00000,0.00000,0.00000,20.00,20.00,20.00,0.0000,0.0000,0.0000,0.0000,0,0
2026-08-25 17:08:24.698413,866,franka,0.46640,-0.04699,0.45063,0.00000,0.00000,0.00000,0.00000,20.00,20.00,20.00,0.0000,0.0000,0.0000,0.0000,0,0
2026-08-25 17:08:24.752352,867,franka,0.46640,-0.04699,0.45064,0.00000,0.00000,0.00000,0.00000,20.00,20.00,20.00,0.0000,0.0000,0.0000,0.0000,0,0
2026-08-25 17:08:24.806544,868,franka,0.46640,-0.04699,0.45064,0.00000,0.00000,0.00000,0.00000,20.00,20.00,20.00,0.0000,0.0000,0.0000,0.0000,0,0
2026-08-25 17:08:24.860587,869,franka,0.46640,-0.04699,0.45064,0.00000,0.00000,0.00000,0.00000,20.00,20.00,20.00,0.0000,0.0000,0.0000,0.0000,0,0
2026-08-25 17:08:24.916122,870,franka,0.46640,-0.04699,0.45064,0.00000,0.00000,0.00000,0.00000,20.00,20.00,20.00,0.0000,0.0000,0.0000,0.0000,0,0
2026-08-25 17:08:24.965164,871,franka,0.46640,-0.04699,0.45064,0.00000,0.00000,0.00000,0.00000,20.00,20.00,20.00,0.0000,0.0000,0.0000,0.0000,0,0
2026-08-25 17:08:25.019347,872,franka,0.46640,-0.04699,0.45064,0.00000,0.00000,0.00000,0.00000,20.00,20.00,20.00,0.0000,0.0000,0.0000,0.0000,0,0
2026-08-25 17:08:25.073241,873,franka,0.46640,-0.04699,0.45064,0.00000,0.00000,0.00000,0.00000,20.00,20.00,20.00,0.0000,0.0000,0.0000,0.0000,0,0
2026-08-25 17:08:25.127130,874,franka,0.46640,-0.04699,0.45064,0.00000,0.00000,0.00000,0.00000,20.00,20.00,20.00,0.0000,0.0000,0.0000,0.0000,0,0
2026-08-25 17:08:25.180922,875,franka,0.46640,-0.04699,0.45064,0.00000,0.00000,0.00000,0.00000,20.00,20.00,20.00,0.0000,0.0000,0.0000,0.0000,0,0
2026-08-25 17:08:25.234615,876,franka,0.46640,-0.04699,0.45064,0.00000,0.00000,0.00000,0.00000,20.00,20.00,20.00,0.0000,0.0000,0.0000,0.0000,0,0
2026-08-25 17:08:25.288375,877,franka,0.46640,-0.04699,0.45064,0.00000,0.00000,0.00000,0.00000,20.00,20.00,20.00,0.0000,0.0000,0.0000,0.0000,0,0
2026-08-25 17:08:25.342291,878,franka,0.46640,-0.04699,0.45064,0.00000,0.00000,0.00000,0.00000,20.00,20.00,20.00,0.0000,0.0000,0.0000,0.0000,0,0
2026-08-25 17:08:25.396679,879,franka,0.46640,-0.04699,0.45064,0.00000,0.00000,0.00000,0.00000,20.00,20.00,20.00,0.0000,0.0000,0.0000,0.0000,0,0
2026-08-25 17:08:25.451219,880,flowbot,0.46640,-0.04699,0.45064,0.00000,0.00000,0.00000,0.00000,20.00,20.00,20.00,0.0000,0.0000,0.0000,0.0000,1,0
2026-08-25 17:08:25.505140,881,flowbot,0.46640,-0.04699,0.45064,0.00000,0.00000,0.00000,0.00000,20.00,20.00,20.00,0.0000,0.0000,0.0000,0.0000,1,0
2026-08-25 17:08:25.562003,882,flowbot,0.46640,-0.04699,0.45064,0.00000,0.00000,0.00000,0.00000,20.00,20.00,20.00,0.0000,0.0000,0.0000,0.0000,1,0
2026-08-25 17:08:25.613634,883,flowbot,0.46640,-0.04699,0.45064,0.00000,0.00000,0.00000,0.00000,20.00,20.00,20.00,0.0000,0.0000,0.0000,0.0000,1,0
2026-08-25 17:08:25.662616,884,flowbot,0.46640,-0.04699,0.45064,0.00000,0.00000,0.00000,0.00000,20.00,20.00,20.00,0.0000,0.0000,0.0000,0.0000,1,0
2026-08-25 17:08:25.713655,885,flowbot,0.46640,-0.04699,0.45064,0.00000,0.00000,0.00000,0.00000,20.00,20.00,20.00,0.0000,0.0000,0.0000,0.0000,1,0
2026-08-25 17:08:25.765553,886,flowbot,0.46640,-0.04699,0.45064,0.00000,0.00000,0.00000,0.00000,20.00,20.00,20.00,0.0000,0.0000,0.0000,0.0000,1,0
2026-08-25 17:08:25.819370,887,flowbot,0.46640,-0.04699,0.45064,0.00000,0.00000,0.00000,0.00000,20.00,20.00,20.00,0.0000,0.0000,0.0000,0.0000,1,0
2026-08-25 17:08:25.868320,888,flowbot,0.46640,-0.04699,0.45064,0.00000,0.00000,0.00000,0.00000,20.00,20.00,20.00,0.0000,0.0000,0.0000,0.0000,1,0
2026-08-25 17:08:25.919414,889,flowbot,0.46640,-0.04699,0.45064,0.00000,0.00000,0.00000,0.00000,20.00,20.00,20.00,0.0000,0.0000,0.0000,0.0000,1,0
2026-08-25 17:08:25.972704,890,flowbot,0.46640,-0.04699,0.45064,0.00000,0.00000,0.00000,0.00000,20.00,20.00,20.00,0.0000,0.0000,0.0000,0.0000,0,0
2026-08-25 17:08:26.032387,891,flowbot,0.46640,-0.04699,0.45064,0.00000,0.00000,0.00000,0.00000,20.00,20.00,20.00,0.0000,0.0000,0.0000,0.0000,0,0
2026-08-25 17:08:26.086966,892,flowbot,0.46640,-0.04699,0.45064,0.00000,0.00000,0.00000,0.00000,20.00,20.00,20.00,0.0000,0.0000,0.0000,0.0000,0,0
2026-08-25 17:08:26.136220,893,flowbot,0.46640,-0.04699,0.45064,0.00000,0.00000,0.00000,0.00000,20.00,20.00,20.00,0.0000,0.0000,0.0000,0.0000,0,0
2026-08-25 17:08:26.188198,894,flowbot,0.46640,-0.04699,0.45064,0.00000,0.00000,0.00000,0.00000,20.00,20.00,20.00,0.0000,0.0000,0.0000,0.0000,0,0
2026-08-25 17:08:26.242731,895,flowbot,0.46640,-0.04699,0.45064,0.00000,0.00000,0.00000,0.00000,20.00,20.00,20.00,0.0000,0.0000,0.0000,0.0000,0,0
2026-08-25 17:08:26.292487,896,flowbot,0.46640,-0.04699,0.45064,0.00000,0.00000,0.00000,0.00000,20.00,20.00,20.00,0.0000,0.0000,0.0000,0.0000,0,0
2026-08-25 17:08:26.343064,897,flowbot,0.46640,-0.04699,0.45064,0.00000,0.00000,0.00000,0.00000,20.00,20.00,20.00,0.0000,0.0000,0.0000,0.0000,0,0
2026-08-25 17:08:26.397527,898,flowbot,0.46640,-0.04699,0.45064,0.00000,0.00000,0.00000,0.00000,20.00,20.00,20.00,0.0000,0.0000,0.0000,0.0000,0,0
2026-08-25 17:08:26.455482,899,flowbot,0.46640,-0.04699,0.45064,0.00000,0.00000,0.00000,0.00000,20.00,20.00,20.00,0.0000,0.0000,0.0000,0.0000,0,0
2026-08-25 17:08:26.509172,900,flowbot,0.46640,-0.04699,0.45064,0.00000,0.00000,0.00000,0.00000,20.00,20.00,20.00,0.0000,0.0000,0.0000,0.0000,0,0
2026-08-25 17:08:26.557981,901,flowbot,0.46640,-0.04699,0.45064,0.00000,0.00000,0.00000,0.00000,20.00,20.00,20.00,0.0000,0.0000,0.0000,0.0000,0,0
2026-08-25 17:08:26.613401,902,flowbot,0.46640,-0.04699,0.45064,0.00000,0.00000,0.00000,0.00000,20.00,20.00,20.00,0.0000,0.0000,0.0000,0.0000,0,0
2026-08-25 17:08:26.668950,903,flowbot,0.46640,-0.04699,0.45064,0.00000,0.00000,0.00000,0.00000,20.00,20.00,20.00,0.0000,0.0000,0.0000,0.0000,0,0
2026-08-25 17:08:26.714295,904,flowbot,0.46640,-0.04699,0.45064,0.00000,0.00000,0.00000,0.00000,20.00,20.00,20.00,0.0000,0.0000,0.0000,0.0000,0,0
2026-08-25 17:08:26.767134,905,flowbot,0.46640,-0.04699,0.45064,0.00000,0.00000,0.00000,0.00000,20.00,20.00,20.00,0.0000,0.0000,0.0000,0.0000,0,0
2026-08-25 17:08:26.826594,906,flowbot,0.46640,-0.04699,0.45064,0.00000,0.00000,0.00000,0.00000,19.00,19.00,19.00,0.0000,0.0000,-0.3771,0.0000,0,0
2026-08-25 17:08:26.881880,907,flowbot,0.46640,-0.04699,0.45064,0.00000,0.00000,0.00000,0.00000,19.00,19.00,19.00,0.0000,0.0000,-0.3771,0.0000,0,0
2026-08-25 17:08:26.935946,908,flowbot,0.46640,-0.04699,0.45064,0.00000,0.00000,0.00000,0.00000,19.00,19.00,19.00,0.0000,0.0000,-0.3771,0.0000,0,0
2026-08-25 17:08:26.981069,909,flowbot,0.46640,-0.04699,0.45064,0.00000,0.00000,0.00000,0.00000,19.00,19.00,19.00,0.0000,0.0000,-0.3771,0.0000,0,0
2026-08-25 17:08:27.038342,910,flowbot,0.46640,-0.04699,0.45064,0.00000,0.00000,0.00000,0.00000,20.00,19.00,19.00,0.5743,-0.3086,0.0000,0.0000,0,0
2026-08-25 17:08:27.084746,911,flowbot,0.46640,-0.04699,0.45064,0.00000,0.00000,0.00000,0.00000,20.00,19.00,19.00,0.5743,-0.3086,0.0000,0.0000,0,0
2026-08-25 17:08:27.138923,912,flowbot,0.46640,-0.04699,0.45064,0.00000,0.00000,0.00000,0.00000,20.00,19.00,19.00,0.5743,-0.3086,0.0000,0.0000,0,0
2026-08-25 17:08:27.198592,913,flowbot,0.46640,-0.04699,0.45064,0.00000,0.00000,0.00000,0.00000,20.00,19.00,19.00,0.5743,-0.3086,0.0000,0.0000,0,0
2026-08-25 17:08:27.257393,914,flowbot,0.46640,-0.04699,0.45064,0.00000,0.00000,0.00000,0.00000,21.00,19.00,20.00,1.4029,-0.1829,0.4600,0.0000,0,0
2026-08-25 17:08:27.301460,915,flowbot,0.46640,-0.04699,0.45064,0.00000,0.00000,0.00000,0.00000,21.00,19.00,20.00,1.4029,-0.1829,0.4600,0.0000,0,0
2026-08-25 17:08:27.352489,916,flowbot,0.46640,-0.04699,0.45064,0.00000,0.00000,0.00000,0.00000,21.00,19.00,20.00,1.4029,-0.1829,0.4600,0.0000,0,0
2026-08-25 17:08:27.408968,917,flowbot,0.46640,-0.04699,0.45064,0.00000,0.00000,0.00000,0.00000,21.00,19.00,20.00,1.4029,-0.1829,0.4600,0.0000,0,0
2026-08-25 17:08:27.466215,918,flowbot,0.46640,-0.04699,0.45064,0.00000,0.00000,0.00000,0.00000,23.00,20.00,20.00,1.3486,-0.1286,0.4429,0.0000,0,0
2026-08-25 17:08:27.526378,919,flowbot,0.46640,-0.04699,0.45064,0.00000,0.00000,0.00000,0.00000,23.00,20.00,20.00,1.3486,-0.1286,0.4429,0.0000,0,0
2026-08-25 17:08:27.579380,920,flowbot,0.46640,-0.04699,0.45064,0.00000,0.00000,0.00000,0.00000,23.00,20.00,20.00,1.3486,-0.1286,0.4429,0.0000,0,0
2026-08-25 17:08:27.625755,921,flowbot,0.46640,-0.04699,0.45064,0.00000,0.00000,0.00000,0.00000,23.00,20.00,20.00,1.3486,-0.1286,0.4429,0.0000,0,0
2026-08-25 17:08:27.681103,922,flowbot,0.46640,-0.04699,0.45064,0.00000,0.00000,0.00000,0.00000,24.00,20.00,20.00,0.6629,0.0000,0.1771,0.0000,0,0
2026-08-25 17:08:27.733835,923,flowbot,0.46640,-0.04699,0.45064,0.00000,0.00000,0.00000,0.00000,24.00,20.00,20.00,0.6629,0.0000,0.1771,0.0000,0,0
2026-08-25 17:08:27.789522,924,flowbot,0.46640,-0.04699,0.45064,0.00000,0.00000,0.00000,0.00000,24.00,20.00,20.00,0.6629,0.0000,0.1771,0.0000,0,0
2026-08-25 17:08:27.837972,925,flowbot,0.46640,-0.04699,0.45064,0.00000,0.00000,0.00000,0.00000,22.00,18.00,19.00,0.0000,0.0000,-0.9429,0.0000,0,0
2026-08-25 17:08:27.891641,926,flowbot,0.46640,-0.04699,0.45064,0.00000,0.00000,0.00000,0.00000,22.00,18.00,19.00,0.0000,0.0000,-0.9429,0.0000,0,0
2026-08-25 17:08:27.945792,927,flowbot,0.46640,-0.04699,0.45064,0.00000,0.00000,0.00000,0.00000,22.00,18.00,19.00,0.0000,0.0000,-0.9429,0.0000,0,0
2026-08-25 17:08:27.999339,928,flowbot,0.46640,-0.04699,0.45064,0.00000,0.00000,0.00000,0.00000,22.00,18.00,19.00,0.0000,0.0000,-0.9429,0.0000,0,0
2026-08-25 17:08:28.048426,929,flowbot,0.46640,-0.04699,0.45064,0.00000,0.00000,0.00000,0.00000,21.00,17.00,18.00,0.0000,0.0000,-0.9429,0.0000,0,0
2026-08-25 17:08:28.100263,930,flowbot,0.46640,-0.04699,0.45064,0.00000,0.00000,0.00000,0.00000,21.00,17.00,18.00,0.0000,0.0000,-0.9429,0.0000,0,0
2026-08-25 17:08:28.152254,931,flowbot,0.46640,-0.04699,0.45064,0.00000,0.00000,0.00000,0.00000,21.00,17.00,18.00,0.0000,0.0000,-0.9429,0.0000,0,0
2026-08-25 17:08:28.209468,932,flowbot,0.46640,-0.04699,0.45064,0.00000,0.00000,0.00000,0.00000,21.00,17.00,18.00,0.0000,0.0000,-0.9429,0.0000,0,0
2026-08-25 17:08:28.260750,933,flowbot,0.46640,-0.04699,0.45064,0.00000,0.00000,0.00000,0.00000,20.00,16.00,16.00,0.0000,0.0000,-0.7714,0.0000,0,0
2026-08-25 17:08:28.314920,934,flowbot,0.46640,-0.04699,0.45064,0.00000,0.00000,0.00000,0.00000,20.00,16.00,16.00,0.0000,0.0000,-0.7714,0.0000,0,0
2026-08-25 17:08:28.367539,935,flowbot,0.46640,-0.04699,0.45064,0.00000,0.00000,0.00000,0.00000,20.00,16.00,16.00,0.0000,0.0000,-0.7714,0.0000,0,0
2026-08-25 17:08:28.417471,936,flowbot,0.46640,-0.04699,0.45064,0.00000,0.00000,0.00000,0.00000,20.00,16.00,16.00,0.0000,0.0000,-0.7714,0.0000,0,0
2026-08-25 17:08:28.470095,937,flowbot,0.46640,-0.04699,0.45064,0.00000,0.00000,0.00000,0.00000,20.00,16.00,16.00,0.2971,0.0000,0.0000,0.0000,0,0
2026-08-25 17:08:28.525889,938,flowbot,0.46640,-0.04699,0.45064,0.00000,0.00000,0.00000,0.00000,20.00,16.00,16.00,0.2971,0.0000,0.0000,0.0000,0,0
2026-08-25 17:08:28.577390,939,flowbot,0.46640,-0.04699,0.45064,0.00000,0.00000,0.00000,0.00000,20.00,16.00,16.00,0.2971,0.0000,0.0000,0.0000,0,0
2026-08-25 17:08:28.630644,940,flowbot,0.46640,-0.04699,0.45064,0.00000,0.00000,0.00000,0.00000,20.00,16.00,16.00,0.2971,0.0000,0.0000,0.0000,0,0
2026-08-25 17:08:28.683251,941,flowbot,0.46640,-0.04699,0.45064,0.00000,0.00000,0.00000,0.00000,21.00,15.00,17.00,1.3286,-0.3914,0.1143,0.0000,0,0
2026-08-25 17:08:28.740755,942,flowbot,0.46640,-0.04699,0.45064,0.00000,0.00000,0.00000,0.00000,21.00,15.00,17.00,1.3286,-0.3914,0.1143,0.0000,0,0
2026-08-25 17:08:28.795338,943,flowbot,0.46640,-0.04699,0.45064,0.00000,0.00000,0.00000,0.00000,21.00,15.00,17.00,1.3286,-0.3914,0.1143,0.0000,0,0
2026-08-25 17:08:28.845489,944,flowbot,0.46640,-0.04699,0.45064,0.00000,0.00000,0.00000,0.00000,21.00,15.00,17.00,1.3286,-0.3914,0.1143,0.0000,0,0
2026-08-25 17:08:28.897114,945,flowbot,0.46640,-0.04699,0.45064,0.00000,0.00000,0.00000,0.00000,22.00,15.00,17.00,1.3000,-0.3000,0.1371,0.0000,0,0
2026-08-25 17:08:28.953172,946,flowbot,0.46640,-0.04699,0.45064,0.00000,0.00000,0.00000,0.00000,22.00,15.00,17.00,1.3000,-0.3000,0.1371,0.0000,0,0
2026-08-25 17:08:29.008042,947,flowbot,0.46640,-0.04699,0.45064,0.00000,0.00000,0.00000,0.00000,22.00,15.00,17.00,1.3000,-0.3000,0.1371,0.0000,0,0
2026-08-25 17:08:29.062393,948,flowbot,0.46640,-0.04699,0.45064,0.00000,0.00000,0.00000,0.00000,22.00,15.00,17.00,1.3000,-0.3000,0.1371,0.0000,0,0
2026-08-25 17:08:29.113450,949,flowbot,0.46640,-0.04699,0.45064,0.00000,0.00000,0.00000,0.00000,23.00,15.00,17.00,1.1943,-0.1743,0.0000,0.0000,0,0
2026-08-25 17:08:29.168389,950,flowbot,0.46640,-0.04699,0.45064,0.00000,0.00000,0.00000,0.00000,23.00,15.00,17.00,1.1943,-0.1743,0.0000,0.0000,0,0
2026-08-25 17:08:29.219706,951,flowbot,0.46640,-0.04699,0.45064,0.00000,0.00000,0.00000,0.00000,23.00,15.00,17.00,1.1943,-0.1743,0.0000,0.0000,0,0
2026-08-25 17:08:29.273457,952,flowbot,0.46640,-0.04699,0.45064,0.00000,0.00000,0.00000,0.00000,23.00,15.00,17.00,1.1943,-0.1743,0.0000,0.0000,0,0
2026-08-25 17:08:29.319940,953,flowbot,0.46640,-0.04699,0.45064,0.00000,0.00000,0.00000,0.00000,23.00,14.00,16.00,0.2857,0.0000,-0.6800,0.0000,0,0
2026-08-25 17:08:29.373149,954,flowbot,0.46640,-0.04699,0.45064,0.00000,0.00000,0.00000,0.00000,23.00,14.00,16.00,0.2857,0.0000,-0.6800,0.0000,0,0
2026-08-25 17:08:29.421106,955,flowbot,0.46640,-0.04699,0.45064,0.00000,0.00000,0.00000,0.00000,23.00,14.00,16.00,0.2857,0.0000,-0.6800,0.0000,0,0
2026-08-25 17:08:29.476228,956,flowbot,0.46640,-0.04699,0.45064,0.00000,0.00000,0.00000,0.00000,23.00,14.00,16.00,0.2857,0.0000,-0.6800,0.0000,0,0
2026-08-25 17:08:29.526000,957,flowbot,0.46640,-0.04699,0.45064,0.00000,0.00000,0.00000,0.00000,22.00,13.00,14.00,0.1543,0.0000,-0.8086,0.0000,0,0
2026-08-25 17:08:29.582546,958,flowbot,0.46640,-0.04699,0.45064,0.00000,0.00000,0.00000,0.00000,22.00,13.00,14.00,0.1543,0.0000,-0.8086,0.0000,0,0
2026-08-25 17:08:29.636878,959,flowbot,0.46640,-0.04699,0.45064,0.00000,0.00000,0.00000,0.00000,22.00,13.00,14.00,0.1543,0.0000,-0.8086,0.0000,0,0
2026-08-25 17:08:29.691307,960,flowbot,0.46640,-0.04699,0.45064,0.00000,0.00000,0.00000,0.00000,22.00,13.00,14.00,0.1543,0.0000,-0.8086,0.0000,0,0
2026-08-25 17:08:29.742811,961,flowbot,0.46640,-0.04699,0.45064,0.00000,0.00000,0.00000,0.00000,22.00,12.00,14.00,0.4486,0.0000,-0.3314,0.0000,0,0
2026-08-25 17:08:29.797891,962,flowbot,0.46640,-0.04699,0.45064,0.00000,0.00000,0.00000,0.00000,22.00,12.00,14.00,0.4486,0.0000,-0.3314,0.0000,0,0
2026-08-25 17:08:29.854271,963,flowbot,0.46640,-0.04699,0.45064,0.00000,0.00000,0.00000,0.00000,22.00,12.00,14.00,0.4486,0.0000,-0.3314,0.0000,0,0
2026-08-25 17:08:29.905230,964,flowbot,0.46640,-0.04699,0.45064,0.00000,0.00000,0.00000,0.00000,22.00,12.00,14.00,0.4486,0.0000,-0.3314,0.0000,0,0
2026-08-25 17:08:29.955699,965,flowbot,0.46640,-0.04699,0.45064,0.00000,0.00000,0.00000,0.00000,23.00,12.00,14.00,1.2200,-0.3571,0.0000,0.0000,0,0
2026-08-25 17:08:30.010943,966,flowbot,0.46640,-0.04699,0.45064,0.00000,0.00000,0.00000,0.00000,23.00,12.00,14.00,1.2200,-0.3571,0.0000,0.0000,0,0
2026-08-25 17:08:30.064781,967,flowbot,0.46640,-0.04699,0.45064,0.00000,0.00000,0.00000,0.00000,23.00,12.00,14.00,1.2200,-0.3571,0.0000,0.0000,0,0
2026-08-25 17:08:30.121487,968,flowbot,0.46640,-0.04699,0.45064,0.00000,0.00000,0.00000,0.00000,23.00,12.00,14.00,1.2200,-0.3571,0.0000,0.0000,0,0
2026-08-25 17:08:30.169611,969,flowbot,0.46640,-0.04699,0.45064,0.00000,0.00000,0.00000,0.00000,24.00,12.00,14.00,1.3000,-0.2857,0.0000,0.0000,0,0
2026-08-25 17:08:30.227375,970,flowbot,0.46640,-0.04699,0.45064,0.00000,0.00000,0.00000,0.00000,24.00,12.00,14.00,1.3000,-0.2857,0.0000,0.0000,0,0
2026-08-25 17:08:30.278157,971,flowbot,0.46640,-0.04699,0.45064,0.00000,0.00000,0.00000,0.00000,24.00,12.00,14.00,1.3000,-0.2857,0.0000,0.0000,0,0
2026-08-25 17:08:30.334516,972,flowbot,0.46640,-0.04699,0.45064,0.00000,0.00000,0.00000,0.00000,24.00,12.00,14.00,1.3000,-0.2857,0.0000,0.0000,0,0
2026-08-25 17:08:30.384900,973,flowbot,0.46640,-0.04699,0.45064,0.00000,0.00000,0.00000,0.00000,25.00,12.00,14.00,1.1429,-0.1943,0.0000,0.0000,0,0
2026-08-25 17:08:30.436653,974,flowbot,0.46640,-0.04699,0.45064,0.00000,0.00000,0.00000,0.00000,25.00,12.00,14.00,1.1429,-0.1943,0.0000,0.0000,0,0
2026-08-25 17:08:30.491297,975,flowbot,0.46640,-0.04699,0.45064,0.00000,0.00000,0.00000,0.00000,25.00,12.00,14.00,1.1429,-0.1943,0.0000,0.0000,0,0
2026-08-25 17:08:30.545855,976,flowbot,0.46640,-0.04699,0.45064,0.00000,0.00000,0.00000,0.00000,25.00,12.00,14.00,1.1429,-0.1943,0.0000,0.0000,0,0
2026-08-25 17:08:30.596401,977,flowbot,0.46640,-0.04699,0.45064,0.00000,0.00000,0.00000,0.00000,24.00,11.00,13.00,0.0000,0.0000,-0.7657,0.0000,0,0
2026-08-25 17:08:30.655864,978,flowbot,0.46640,-0.04699,0.45064,0.00000,0.00000,0.00000,0.00000,24.00,11.00,13.00,0.0000,0.0000,-0.7657,0.0000,0,0
2026-08-25 17:08:30.707304,979,flowbot,0.46640,-0.04699,0.45064,0.00000,0.00000,0.00000,0.00000,24.00,11.00,13.00,0.0000,0.0000,-0.7657,0.0000,0,0
2026-08-25 17:08:30.760869,980,flowbot,0.46640,-0.04699,0.45064,0.00000,0.00000,0.00000,0.00000,24.00,11.00,13.00,0.0000,0.0000,-0.7657,0.0000,0,0
2026-08-25 17:08:30.824439,981,flowbot,0.46640,-0.04699,0.45064,0.00000,0.00000,0.00000,0.00000,23.00,9.00,12.00,0.0000,0.0000,-0.8571,0.0000,0,0
2026-08-25 17:08:30.882950,982,flowbot,0.46640,-0.04699,0.45064,0.00000,0.00000,0.00000,0.00000,23.00,9.00,12.00,0.0000,0.0000,-0.8571,0.0000,0,0
2026-08-25 17:08:30.937113,983,flowbot,0.46640,-0.04699,0.45064,0.00000,0.00000,0.00000,0.00000,23.00,9.00,12.00,0.0000,0.0000,-0.8571,0.0000,0,0
2026-08-25 17:08:30.986445,984,flowbot,0.46640,-0.04699,0.45064,0.00000,0.00000,0.00000,0.00000,22.00,8.00,10.00,0.0000,0.0000,-0.9029,0.0000,0,0
2026-08-25 17:08:31.043151,985,flowbot,0.46640,-0.04699,0.45064,0.00000,0.00000,0.00000,0.00000,22.00,8.00,10.00,0.0000,0.0000,-0.9029,0.0000,0,0
2026-08-25 17:08:31.097135,986,flowbot,0.46640,-0.04699,0.45064,0.00000,0.00000,0.00000,0.00000,22.00,8.00,10.00,0.0000,0.0000,-0.9029,0.0000,0,0
2026-08-25 17:08:31.150516,987,flowbot,0.46640,-0.04699,0.45064,0.00000,0.00000,0.00000,0.00000,22.00,8.00,10.00,0.0000,0.0000,-0.9029,0.0000,0,0
2026-08-25 17:08:31.202401,988,flowbot,0.46640,-0.04699,0.45064,0.00000,0.00000,0.00000,0.00000,21.00,6.00,10.00,0.4571,-0.5371,-0.6629,0.0000,0,0
2026-08-25 17:08:31.257198,989,flowbot,0.46640,-0.04699,0.45064,0.00000,0.00000,0.00000,0.00000,21.00,6.00,10.00,0.4571,-0.5371,-0.6629,0.0000,0,0
2026-08-25 17:08:31.311326,990,flowbot,0.46640,-0.04699,0.45064,0.00000,0.00000,0.00000,0.00000,21.00,6.00,10.00,0.4571,-0.5371,-0.6629,0.0000,0,0
2026-08-25 17:08:31.366824,991,flowbot,0.46640,-0.04699,0.45064,0.00000,0.00000,0.00000,0.00000,21.00,6.00,10.00,0.4571,-0.5371,-0.6629,0.0000,0,0
2026-08-25 17:08:31.417204,992,flowbot,0.46640,-0.04699,0.45064,0.00000,0.00000,0.00000,0.00000,22.00,6.00,10.00,0.9000,-0.5371,-0.2057,0.0000,0,0
2026-08-25 17:08:31.474050,993,flowbot,0.46640,-0.04699,0.45064,0.00000,0.00000,0.00000,0.00000,22.00,6.00,10.00,0.9000,-0.5371,-0.2057,0.0000,0,0
2026-08-25 17:08:31.526612,994,flowbot,0.46640,-0.04699,0.45064,0.00000,0.00000,0.00000,0.00000,22.00,6.00,10.00,0.9000,-0.5371,-0.2057,0.0000,0,0
2026-08-25 17:08:31.580434,995,flowbot,0.46640,-0.04699,0.45064,0.00000,0.00000,0.00000,0.00000,22.00,6.00,10.00,0.9000,-0.5371,-0.2057,0.0000,0,0
2026-08-25 17:08:31.633104,996,flowbot,0.46640,-0.04699,0.45064,0.00000,0.00000,0.00000,0.00000,23.00,6.00,10.00,0.8771,-0.4714,-0.1286,0.0000,0,0
2026-08-25 17:08:31.690199,997,flowbot,0.46640,-0.04699,0.45064,0.00000,0.00000,0.00000,0.00000,23.00,6.00,10.00,0.8771,-0.4714,-0.1286,0.0000,0,0
2026-08-25 17:08:31.741360,998,flowbot,0.46640,-0.04699,0.45064,0.00000,0.00000,0.00000,0.00000,23.00,6.00,10.00,0.8771,-0.4714,-0.1286,0.0000,0,0
2026-08-25 17:08:31.792080,999,flowbot,0.46640,-0.04699,0.45064,0.00000,0.00000,0.00000,0.00000,23.00,6.00,10.00,0.8771,-0.4714,-0.1286,0.0000,0,0
2026-08-25 17:08:31.842248,1000,flowbot,0.46640,-0.04699,0.45064,0.00000,0.00000,0.00000,0.00000,23.00,6.00,10.00,0.0000,0.0000,0.0000,0.0000,0,0
2026-08-25 17:08:31.894820,1001,flowbot,0.46640,-0.04699,0.45064,0.00000,0.00000,0.00000,0.00000,23.00,6.00,10.00,0.0000,0.0000,0.0000,0.0000,0,0
2026-08-25 17:08:31.945683,1002,flowbot,0.46640,-0.04699,0.45064,0.00000,0.00000,0.00000,0.00000,23.00,6.00,10.00,0.0000,0.0000,0.0000,0.0000,0,0
2026-08-25 17:08:32.001130,1003,flowbot,0.46640,-0.04699,0.45064,0.00000,0.00000,0.00000,0.00000,23.00,6.00,10.00,0.0000,0.0000,0.0000,0.0000,0,0
2026-08-25 17:08:32.054035,1004,flowbot,0.46640,-0.04699,0.45064,0.00000,0.00000,0.00000,0.00000,22.00,5.00,9.00,0.0000,0.0000,-0.6629,0.0000,0,0
2026-08-25 17:08:32.110753,1005,flowbot,0.46640,-0.04699,0.45064,0.00000,0.00000,0.00000,0.00000,22.00,5.00,9.00,0.0000,0.0000,-0.6629,0.0000,0,0
2026-08-25 17:08:32.163369,1006,flowbot,0.46640,-0.04699,0.45064,0.00000,0.00000,0.00000,0.00000,22.00,5.00,9.00,0.0000,0.0000,-0.6629,0.0000,0,0
2026-08-25 17:08:32.217688,1007,flowbot,0.46640,-0.04699,0.45064,0.00000,0.00000,0.00000,0.00000,22.00,5.00,9.00,0.0000,0.0000,-0.6629,0.0000,0,0
2026-08-25 17:08:32.266720,1008,flowbot,0.46640,-0.04699,0.45064,0.00000,0.00000,0.00000,0.00000,21.00,3.00,8.00,0.0000,0.0000,-0.9800,0.0000,0,0
2026-08-25 17:08:32.321973,1009,flowbot,0.46640,-0.04699,0.45064,0.00000,0.00000,0.00000,0.00000,21.00,3.00,8.00,0.0000,0.0000,-0.9800,0.0000,0,0
2026-08-25 17:08:32.377177,1010,flowbot,0.46640,-0.04699,0.45064,0.00000,0.00000,0.00000,0.00000,21.00,3.00,8.00,0.0000,0.0000,-0.9800,0.0000,0,0
2026-08-25 17:08:32.429220,1011,flowbot,0.46640,-0.04699,0.45064,0.00000,0.00000,0.00000,0.00000,21.00,3.00,8.00,0.0000,0.0000,-0.9800,0.0000,0,0
2026-08-25 17:08:32.481395,1012,flowbot,0.46640,-0.04699,0.45064,0.00000,0.00000,0.00000,0.00000,20.00,1.00,6.00,0.0000,0.0000,-0.9943,0.0000,0,0
2026-08-25 17:08:32.535988,1013,flowbot,0.46640,-0.04699,0.45064,0.00000,0.00000,0.00000,0.00000,20.00,1.00,6.00,0.0000,0.0000,-0.9943,0.0000,0,0
2026-08-25 17:08:32.591862,1014,flowbot,0.46640,-0.04699,0.45064,0.00000,0.00000,0.00000,0.00000,20.00,1.00,6.00,0.0000,0.0000,-0.9943,0.0000,0,0
2026-08-25 17:08:32.643050,1015,flowbot,0.46640,-0.04699,0.45064,0.00000,0.00000,0.00000,0.00000,20.00,1.00,6.00,0.0000,0.0000,-0.9943,0.0000,0,0
2026-08-25 17:08:32.694943,1016,flowbot,0.46640,-0.04699,0.45064,0.00000,0.00000,0.00000,0.00000,20.00,1.00,6.00,0.4886,-0.1286,-0.1314,0.0000,0,0
2026-08-25 17:08:32.750284,1017,flowbot,0.46640,-0.04699,0.45064,0.00000,0.00000,0.00000,0.00000,20.00,1.00,6.00,0.4886,-0.1286,-0.1314,0.0000,0,0
2026-08-25 17:08:32.804544,1018,flowbot,0.46640,-0.04699,0.45064,0.00000,0.00000,0.00000,0.00000,20.00,1.00,6.00,0.4886,-0.1286,-0.1314,0.0000,0,0
2026-08-25 17:08:32.856556,1019,flowbot,0.46640,-0.04699,0.45064,0.00000,0.00000,0.00000,0.00000,20.00,1.00,6.00,0.4886,-0.1286,-0.1314,0.0000,0,0
2026-08-25 17:08:32.907394,1020,flowbot,0.46640,-0.04699,0.45064,0.00000,0.00000,0.00000,0.00000,21.00,1.00,6.00,0.8000,-0.3257,0.0000,0.0000,0,0
2026-08-25 17:08:32.962043,1021,flowbot,0.46640,-0.04699,0.45064,0.00000,0.00000,0.00000,0.00000,21.00,1.00,6.00,0.8000,-0.3257,0.0000,0.0000,0,0
2026-08-25 17:08:33.018338,1022,flowbot,0.46640,-0.04699,0.45064,0.00000,0.00000,0.00000,0.00000,21.00,1.00,6.00,0.8000,-0.3257,0.0000,0.0000,0,0
2026-08-25 17:08:33.067528,1023,flowbot,0.46640,-0.04699,0.45064,0.00000,0.00000,0.00000,0.00000,21.00,1.00,6.00,0.8000,-0.3257,0.0000,0.0000,0,0
2026-08-25 17:08:33.118276,1024,flowbot,0.46640,-0.04699,0.45064,0.00000,0.00000,0.00000,0.00000,21.00,1.00,7.00,0.4286,-0.2429,0.0000,0.0000,0,0
2026-08-25 17:08:33.176747,1025,flowbot,0.46640,-0.04699,0.45064,0.00000,0.00000,0.00000,0.00000,21.00,1.00,7.00,0.4286,-0.2429,0.0000,0.0000,0,0
2026-08-25 17:08:33.227838,1026,flowbot,0.46640,-0.04699,0.45064,0.00000,0.00000,0.00000,0.00000,21.00,1.00,7.00,0.4286,-0.2429,0.0000,0.0000,0,0
2026-08-25 17:08:33.282028,1027,flowbot,0.46640,-0.04699,0.45064,0.00000,0.00000,0.00000,0.00000,21.00,1.00,7.00,0.4286,-0.2429,0.0000,0.0000,0,0
2026-08-25 17:08:33.333667,1028,flowbot,0.46640,-0.04699,0.45064,0.00000,0.00000,0.00000,0.00000,22.00,1.00,7.00,0.4000,0.0000,0.0000,0.0000,0,0
2026-08-25 17:08:33.384749,1029,flowbot,0.46640,-0.04699,0.45064,0.00000,0.00000,0.00000,0.00000,22.00,1.00,7.00,0.4000,0.0000,0.0000,0.0000,0,0
2026-08-25 17:08:33.441207,1030,flowbot,0.46640,-0.04699,0.45064,0.00000,0.00000,0.00000,0.00000,22.00,1.00,7.00,0.4000,0.0000,0.0000,0.0000,0,0
2026-08-25 17:08:33.491317,1031,flowbot,0.46640,-0.04699,0.45064,0.00000,0.00000,0.00000,0.00000,22.00,1.00,7.00,0.4000,0.0000,0.0000,0.0000,0,0
2026-08-25 17:08:33.551163,1032,flowbot,0.46640,-0.04699,0.45064,0.00000,0.00000,0.00000,0.00000,21.00,0.00,5.00,0.0000,0.0000,-0.9514,0.0000,0,0
2026-08-25 17:08:33.599129,1033,flowbot,0.46640,-0.04699,0.45064,0.00000,0.00000,0.00000,0.00000,21.00,0.00,5.00,0.0000,0.0000,-0.9514,0.0000,0,0
2026-08-25 17:08:33.653505,1034,flowbot,0.46640,-0.04699,0.45064,0.00000,0.00000,0.00000,0.00000,21.00,0.00,5.00,0.0000,0.0000,-0.9514,0.0000,0,0
2026-08-25 17:08:33.705438,1035,flowbot,0.46640,-0.04699,0.45064,0.00000,0.00000,0.00000,0.00000,21.00,0.00,5.00,0.0000,0.0000,-0.9514,0.0000,0,0
2026-08-25 17:08:33.755418,1036,flowbot,0.46640,-0.04699,0.45064,0.00000,0.00000,0.00000,0.00000,20.00,0.00,5.00,0.0000,0.0000,-0.4143,0.0000,0,0
2026-08-25 17:08:33.808442,1037,flowbot,0.46640,-0.04699,0.45064,0.00000,0.00000,0.00000,0.00000,20.00,0.00,5.00,0.0000,0.0000,-0.4143,0.0000,0,0
2026-08-25 17:08:33.862193,1038,flowbot,0.46640,-0.04699,0.45064,0.00000,0.00000,0.00000,0.00000,20.00,0.00,5.00,0.0000,0.0000,-0.4143,0.0000,0,0
2026-08-25 17:08:33.916034,1039,flowbot,0.46640,-0.04699,0.45064,0.00000,0.00000,0.00000,0.00000,20.00,0.00,5.00,0.0000,0.0000,-0.4143,0.0000,0,0
2026-08-25 17:08:33.969075,1040,flowbot,0.46640,-0.04699,0.45064,0.00000,0.00000,0.00000,0.00000,20.00,0.00,5.00,0.0000,0.0000,0.0000,0.0000,0,0
2026-08-25 17:08:34.020833,1041,flowbot,0.46640,-0.04699,0.45064,0.00000,0.00000,0.00000,0.00000,20.00,0.00,5.00,0.0000,0.0000,0.0000,0.0000,0,0
2026-08-25 17:08:34.075673,1042,flowbot,0.46640,-0.04699,0.45064,0.00000,0.00000,0.00000,0.00000,20.00,0.00,5.00,0.0000,0.0000,0.0000,0.0000,0,0
2026-08-25 17:08:34.129127,1043,flowbot,0.46640,-0.04699,0.45064,0.00000,0.00000,0.00000,0.00000,20.00,0.00,5.00,0.0000,0.0000,0.0000,0.0000,0,0
2026-08-25 17:08:34.182778,1044,flowbot,0.46640,-0.04699,0.45064,0.00000,0.00000,0.00000,0.00000,21.00,0.00,4.00,0.4286,0.9686,0.1171,0.0000,0,0
2026-08-25 17:08:34.235129,1045,flowbot,0.46640,-0.04699,0.45064,0.00000,0.00000,0.00000,0.00000,21.00,0.00,4.00,0.4286,0.9686,0.1171,0.0000,0,0
2026-08-25 17:08:34.285734,1046,flowbot,0.46640,-0.04699,0.45064,0.00000,0.00000,0.00000,0.00000,21.00,0.00,4.00,0.4286,0.9686,0.1171,0.0000,0,0
2026-08-25 17:08:34.339751,1047,flowbot,0.46640,-0.04699,0.45064,0.00000,0.00000,0.00000,0.00000,21.00,0.00,4.00,0.4286,0.9686,0.1171,0.0000,0,0
2026-08-25 17:08:34.398745,1048,flowbot,0.46640,-0.04699,0.45064,0.00000,0.00000,0.00000,0.00000,21.00,1.00,4.00,0.3457,0.9571,0.2343,0.0000,0,0
2026-08-25 17:08:34.456370,1049,flowbot,0.46640,-0.04699,0.45064,0.00000,0.00000,0.00000,0.00000,21.00,1.00,4.00,0.3457,0.9571,0.2343,0.0000,0,0
2026-08-25 17:08:34.505663,1050,flowbot,0.46640,-0.04699,0.45064,0.00000,0.00000,0.00000,0.00000,21.00,1.00,4.00,0.3457,0.9571,0.2343,0.0000,0,0
2026-08-25 17:08:34.555140,1051,flowbot,0.46640,-0.04699,0.45064,0.00000,0.00000,0.00000,0.00000,21.00,1.00,4.00,0.3457,0.9571,0.2343,0.0000,0,0
2026-08-25 17:08:34.610465,1052,flowbot,0.46640,-0.04699,0.45064,0.00000,0.00000,0.00000,0.00000,21.00,1.00,4.00,0.0000,0.0000,0.0000,0.0000,0,0
2026-08-25 17:08:34.666080,1053,flowbot,0.46640,-0.04699,0.45064,0.00000,0.00000,0.00000,0.00000,21.00,1.00,4.00,0.0000,0.0000,0.0000,0.0000,0,0
2026-08-25 17:08:34.721179,1054,flowbot,0.46640,-0.04699,0.45064,0.00000,0.00000,0.00000,0.00000,21.00,1.00,4.00,0.0000,0.0000,0.0000,0.0000,0,0
2026-08-25 17:08:34.774694,1055,flowbot,0.46640,-0.04699,0.45064,0.00000,0.00000,0.00000,0.00000,21.00,1.00,4.00,0.0000,0.0000,0.0000,0.0000,0,0
2026-08-25 17:08:34.829494,1056,flowbot,0.46640,-0.04699,0.45064,0.00000,0.00000,0.00000,0.00000,21.00,1.00,4.00,0.0000,0.0000,0.0000,0.0000,0,0
2026-08-25 17:08:34.887632,1057,flowbot,0.46640,-0.04699,0.45064,0.00000,0.00000,0.00000,0.00000,21.00,1.00,4.00,0.0000,0.0000,0.0000,0.0000,0,0
2026-08-25 17:08:34.936511,1058,flowbot,0.46640,-0.04699,0.45064,0.00000,0.00000,0.00000,0.00000,21.00,1.00,4.00,0.0000,0.0000,0.0000,0.0000,0,0
2026-08-25 17:08:34.987997,1059,flowbot,0.46640,-0.04699,0.45064,0.00000,0.00000,0.00000,0.00000,22.00,2.00,4.00,0.4971,1.0543,0.2400,0.0000,0,0
2026-08-25 17:08:35.044683,1060,flowbot,0.46640,-0.04699,0.45064,0.00000,0.00000,0.00000,0.00000,22.00,2.00,4.00,0.4971,1.0543,0.2400,0.0000,0,0
2026-08-25 17:08:35.095620,1061,flowbot,0.46640,-0.04699,0.45064,0.00000,0.00000,0.00000,0.00000,22.00,2.00,4.00,0.4971,1.0543,0.2400,0.0000,0,0
2026-08-25 17:08:35.148588,1062,flowbot,0.46640,-0.04699,0.45064,0.00000,0.00000,0.00000,0.00000,22.00,2.00,4.00,0.4971,1.0543,0.2400,0.0000,0,0
2026-08-25 17:08:35.200517,1063,flowbot,0.46640,-0.04699,0.45064,0.00000,0.00000,0.00000,0.00000,22.00,2.00,4.00,0.0000,0.2000,0.0000,0.0000,0,0
2026-08-25 17:08:35.253323,1064,flowbot,0.46640,-0.04699,0.45064,0.00000,0.00000,0.00000,0.00000,22.00,2.00,4.00,0.0000,0.2000,0.0000,0.0000,0,0
2026-08-25 17:08:35.306809,1065,flowbot,0.46640,-0.04699,0.45064,0.00000,0.00000,0.00000,0.00000,22.00,2.00,4.00,0.0000,0.2000,0.0000,0.0000,0,0
2026-08-25 17:08:35.359040,1066,flowbot,0.46640,-0.04699,0.45064,0.00000,0.00000,0.00000,0.00000,22.00,2.00,4.00,0.0000,0.2000,0.0000,0.0000,0,0
2026-08-25 17:08:35.411600,1067,flowbot,0.46640,-0.04699,0.45064,0.00000,0.00000,0.00000,0.00000,22.00,2.00,4.00,0.0000,0.0000,0.0000,0.0000,0,0
2026-08-25 17:08:35.465970,1068,flowbot,0.46640,-0.04699,0.45064,0.00000,0.00000,0.00000,0.00000,22.00,2.00,4.00,0.0000,0.0000,0.0000,0.0000,0,0
2026-08-25 17:08:35.519655,1069,flowbot,0.46640,-0.04699,0.45064,0.00000,0.00000,0.00000,0.00000,22.00,2.00,4.00,0.0000,0.0000,0.0000,0.0000,0,0
2026-08-25 17:08:35.574451,1070,flowbot,0.46640,-0.04699,0.45064,0.00000,0.00000,0.00000,0.00000,22.00,2.00,4.00,0.0000,0.0000,0.0000,0.0000,0,0
2026-08-25 17:08:35.621532,1071,flowbot,0.46640,-0.04699,0.45064,0.00000,0.00000,0.00000,0.00000,22.00,1.00,3.00,0.0000,0.2371,-0.4086,0.0000,0,0
2026-08-25 17:08:35.676173,1072,flowbot,0.46640,-0.04699,0.45064,0.00000,0.00000,0.00000,0.00000,22.00,1.00,3.00,0.0000,0.2371,-0.4086,0.0000,0,0
2026-08-25 17:08:35.728444,1073,flowbot,0.46640,-0.04699,0.45064,0.00000,0.00000,0.00000,0.00000,22.00,1.00,3.00,0.0000,0.2371,-0.4086,0.0000,0,0
2026-08-25 17:08:35.778267,1074,flowbot,0.46640,-0.04699,0.45064,0.00000,0.00000,0.00000,0.00000,22.00,1.00,3.00,0.0000,0.2371,-0.4086,0.0000,0,0
2026-08-25 17:08:35.830540,1075,flowbot,0.46640,-0.04699,0.45064,0.00000,0.00000,0.00000,0.00000,21.00,0.00,2.00,0.0000,0.0000,-0.6800,0.0000,0,0
2026-08-25 17:08:35.884774,1076,flowbot,0.46640,-0.04699,0.45064,0.00000,0.00000,0.00000,0.00000,21.00,0.00,2.00,0.0000,0.0000,-0.6800,0.0000,0,0
2026-08-25 17:08:35.936047,1077,flowbot,0.46640,-0.04699,0.45064,0.00000,0.00000,0.00000,0.00000,21.00,0.00,2.00,0.0000,0.0000,-0.6800,0.0000,0,0
2026-08-25 17:08:35.989157,1078,flowbot,0.46640,-0.04699,0.45064,0.00000,0.00000,0.00000,0.00000,21.00,0.00,2.00,0.0000,0.0000,-0.6800,0.0000,0,0
2026-08-25 17:08:36.040048,1079,flowbot,0.46640,-0.04699,0.45064,0.00000,0.00000,0.00000,0.00000,21.00,0.00,1.00,0.4771,-0.1743,-0.5714,0.0000,0,0
2026-08-25 17:08:36.093486,1080,flowbot,0.46640,-0.04699,0.45064,0.00000,0.00000,0.00000,0.00000,21.00,0.00,1.00,0.4771,-0.1743,-0.5714,0.0000,0,0
2026-08-25 17:08:36.145651,1081,flowbot,0.46640,-0.04699,0.45064,0.00000,0.00000,0.00000,0.00000,21.00,0.00,1.00,0.4771,-0.1743,-0.5714,0.0000,0,0
2026-08-25 17:08:36.200269,1082,flowbot,0.46640,-0.04699,0.45064,0.00000,0.00000,0.00000,0.00000,21.00,0.00,1.00,0.4771,-0.1743,-0.5714,0.0000,0,0
2026-08-25 17:08:36.249338,1083,flowbot,0.46640,-0.04699,0.45064,0.00000,0.00000,0.00000,0.00000,21.00,0.00,1.00,0.5571,-0.1371,0.0000,0.0000,0,0
2026-08-25 17:08:36.307781,1084,flowbot,0.46640,-0.04699,0.45064,0.00000,0.00000,0.00000,0.00000,21.00,0.00,1.00,0.5571,-0.1371,0.0000,0.0000,0,0
2026-08-25 17:08:36.360039,1085,flowbot,0.46640,-0.04699,0.45064,0.00000,0.00000,0.00000,0.00000,21.00,0.00,1.00,0.5571,-0.1371,0.0000,0.0000,0,0
2026-08-25 17:08:36.408595,1086,flowbot,0.46640,-0.04699,0.45064,0.00000,0.00000,0.00000,0.00000,21.00,0.00,1.00,0.5571,-0.1371,0.0000,0.0000,0,0
2026-08-25 17:08:36.463068,1087,flowbot,0.46640,-0.04699,0.45064,0.00000,0.00000,0.00000,0.00000,22.00,0.00,1.00,0.2057,0.0000,0.0000,0.0000,0,0
2026-08-25 17:08:36.511714,1088,flowbot,0.46640,-0.04699,0.45064,0.00000,0.00000,0.00000,0.00000,22.00,0.00,1.00,0.2057,0.0000,0.0000,0.0000,0,0
2026-08-25 17:08:36.565937,1089,flowbot,0.46640,-0.04699,0.45064,0.00000,0.00000,0.00000,0.00000,22.00,0.00,1.00,0.2057,0.0000,0.0000,0.0000,0,0
2026-08-25 17:08:36.616613,1090,flowbot,0.46640,-0.04699,0.45064,0.00000,0.00000,0.00000,0.00000,22.00,0.00,1.00,0.2057,0.0000,0.0000,0.0000,0,0
2026-08-25 17:08:36.677390,1091,flowbot,0.46640,-0.04699,0.45064,0.00000,0.00000,0.00000,0.00000,22.00,0.00,1.00,0.0000,0.0000,0.0000,0.0000,0,0
2026-08-25 17:08:36.720483,1092,flowbot,0.46640,-0.04699,0.45064,0.00000,0.00000,0.00000,0.00000,22.00,0.00,1.00,0.0000,0.0000,0.0000,0.0000,0,0
2026-08-25 17:08:36.774549,1093,flowbot,0.46640,-0.04699,0.45064,0.00000,0.00000,0.00000,0.00000,22.00,0.00,1.00,0.0000,0.0000,0.0000,0.0000,0,0
2026-08-25 17:08:36.824484,1094,flowbot,0.46640,-0.04699,0.45064,0.00000,0.00000,0.00000,0.00000,22.00,0.00,1.00,0.0000,0.0000,0.0000,0.0000,0,0
2026-08-25 17:08:36.884086,1095,flowbot,0.46640,-0.04699,0.45064,0.00000,0.00000,0.00000,0.00000,22.00,0.00,1.00,0.5857,-0.3257,-0.5229,0.0000,0,0
2026-08-25 17:08:36.943600,1096,flowbot,0.46640,-0.04699,0.45064,0.00000,0.00000,0.00000,0.00000,22.00,0.00,1.00,0.5857,-0.3257,-0.5229,0.0000,0,0
2026-08-25 17:08:36.987034,1097,flowbot,0.46640,-0.04699,0.45064,0.00000,0.00000,0.00000,0.00000,22.00,0.00,1.00,0.5857,-0.3257,-0.5229,0.0000,0,0
2026-08-25 17:08:37.043221,1098,flowbot,0.46640,-0.04699,0.45064,0.00000,0.00000,0.00000,0.00000,22.00,0.00,1.00,0.5857,-0.3257,-0.5229,0.0000,0,0
2026-08-25 17:08:37.102444,1099,flowbot,0.46640,-0.04699,0.45064,0.00000,0.00000,0.00000,0.00000,21.00,0.00,0.00,0.3571,-0.5143,-0.8457,0.0000,0,0
2026-08-25 17:08:37.155128,1100,flowbot,0.46640,-0.04699,0.45064,0.00000,0.00000,0.00000,0.00000,21.00,0.00,0.00,0.3571,-0.5143,-0.8457,0.0000,0,0
2026-08-25 17:08:37.207046,1101,flowbot,0.46640,-0.04699,0.45064,0.00000,0.00000,0.00000,0.00000,21.00,0.00,0.00,0.3571,-0.5143,-0.8457,0.0000,0,0
2026-08-25 17:08:37.260796,1102,flowbot,0.46640,-0.04699,0.45064,0.00000,0.00000,0.00000,0.00000,21.00,0.00,0.00,0.3571,-0.5143,-0.8457,0.0000,0,0
2026-08-25 17:08:37.317274,1103,flowbot,0.46640,-0.04699,0.45064,0.00000,0.00000,0.00000,0.00000,22.00,0.00,1.00,0.8600,-0.5257,-0.2000,0.0000,0,0
2026-08-25 17:08:37.376030,1104,flowbot,0.46640,-0.04699,0.45064,0.00000,0.00000,0.00000,0.00000,22.00,0.00,1.00,0.8600,-0.5257,-0.2000,0.0000,0,0
2026-08-25 17:08:37.427851,1105,flowbot,0.46640,-0.04699,0.45064,0.00000,0.00000,0.00000,0.00000,22.00,0.00,1.00,0.8600,-0.5257,-0.2000,0.0000,0,0
2026-08-25 17:08:37.480419,1106,flowbot,0.46640,-0.04699,0.45064,0.00000,0.00000,0.00000,0.00000,23.00,0.00,1.00,0.6286,-0.2971,0.0000,0.0000,0,0
2026-08-25 17:08:37.534100,1107,flowbot,0.46640,-0.04699,0.45064,0.00000,0.00000,0.00000,0.00000,23.00,0.00,1.00,0.6286,-0.2971,0.0000,0.0000,0,0
2026-08-25 17:08:37.587608,1108,flowbot,0.46640,-0.04699,0.45064,0.00000,0.00000,0.00000,0.00000,23.00,0.00,1.00,0.6286,-0.2971,0.0000,0.0000,0,0
2026-08-25 17:08:37.643500,1109,flowbot,0.46640,-0.04699,0.45064,0.00000,0.00000,0.00000,0.00000,23.00,0.00,1.00,0.6286,-0.2971,0.0000,0.0000,0,0
2026-08-25 17:08:37.693461,1110,flowbot,0.46640,-0.04699,0.45064,0.00000,0.00000,0.00000,0.00000,23.00,0.00,1.00,0.6286,-0.2971,0.0000,0.0000,0,0
2026-08-25 17:08:37.744222,1111,flowbot,0.46640,-0.04699,0.45064,0.00000,0.00000,0.00000,0.00000,23.00,0.00,1.00,0.0000,0.0000,0.0000,0.0000,0,0
2026-08-25 17:08:37.804491,1112,flowbot,0.46640,-0.04699,0.45064,0.00000,0.00000,0.00000,0.00000,23.00,0.00,1.00,0.0000,0.0000,0.0000,0.0000,0,0
2026-08-25 17:08:37.856795,1113,flowbot,0.46640,-0.04699,0.45064,0.00000,0.00000,0.00000,0.00000,23.00,0.00,1.00,0.0000,0.0000,0.0000,0.0000,0,0
2026-08-25 17:08:37.909762,1114,flowbot,0.46640,-0.04699,0.45064,0.00000,0.00000,0.00000,0.00000,23.00,0.00,1.00,0.0000,0.0000,0.0000,0.0000,0,0
2026-08-25 17:08:37.964049,1115,flowbot,0.46640,-0.04699,0.45064,0.00000,0.00000,0.00000,0.00000,23.00,0.00,1.00,0.0000,0.0000,0.0000,0.0000,0,0
2026-08-25 17:08:38.019024,1116,flowbot,0.46640,-0.04699,0.45064,0.00000,0.00000,0.00000,0.00000,23.00,0.00,1.00,0.0000,0.0000,0.0000,0.0000,0,0
2026-08-25 17:08:38.073660,1117,flowbot,0.46640,-0.04699,0.45064,0.00000,0.00000,0.00000,0.00000,23.00,0.00,1.00,0.0000,0.0000,0.0000,0.0000,0,0
2026-08-25 17:08:38.128185,1118,flowbot,0.46640,-0.04699,0.45064,0.00000,0.00000,0.00000,0.00000,23.00,0.00,1.00,0.0000,0.0000,0.0000,0.0000,0,0
2026-08-25 17:08:38.181050,1119,flowbot,0.46640,-0.04699,0.45064,0.00000,0.00000,0.00000,0.00000,23.00,0.00,1.00,0.0000,0.0000,0.0000,0.0000,0,0
2026-08-25 17:08:38.229701,1120,flowbot,0.46640,-0.04699,0.45064,0.00000,0.00000,0.00000,0.00000,23.00,0.00,1.00,0.0000,0.0000,0.0000,0.0000,0,0
2026-08-25 17:08:38.282186,1121,flowbot,0.46640,-0.04699,0.45064,0.00000,0.00000,0.00000,0.00000,23.00,0.00,1.00,0.0000,0.0000,0.0000,0.0000,0,0
2026-08-25 17:08:38.335113,1122,flowbot,0.46640,-0.04699,0.45064,0.00000,0.00000,0.00000,0.00000,23.00,0.00,1.00,0.0000,0.0000,0.0000,0.0000,0,0
2026-08-25 17:08:38.389446,1123,flowbot,0.46640,-0.04699,0.45064,0.00000,0.00000,0.00000,0.00000,23.00,0.00,1.00,0.0000,0.0000,0.0000,0.0000,0,0
2026-08-25 17:08:38.444232,1124,flowbot,0.46640,-0.04699,0.45064,0.00000,0.00000,0.00000,0.00000,23.00,0.00,1.00,0.0000,0.0000,0.0000,0.0000,0,0
2026-08-25 17:08:38.497901,1125,flowbot,0.46640,-0.04699,0.45064,0.00000,0.00000,0.00000,0.00000,23.00,0.00,1.00,0.0000,0.0000,0.0000,0.0000,0,0
2026-08-25 17:08:38.549796,1126,flowbot,0.46640,-0.04699,0.45064,0.00000,0.00000,0.00000,0.00000,23.00,0.00,1.00,0.0000,0.0000,0.0000,0.0000,0,0
2026-08-25 17:08:38.601382,1127,flowbot,0.46640,-0.04699,0.45064,0.00000,0.00000,0.00000,0.00000,23.00,0.00,1.00,0.0000,0.0000,0.0000,0.0000,0,0
2026-08-25 17:08:38.654984,1128,flowbot,0.46640,-0.04699,0.45064,0.00000,0.00000,0.00000,0.00000,23.00,0.00,1.00,0.0000,0.0000,0.0000,0.0000,0,0
2026-08-25 17:08:38.707790,1129,flowbot,0.46640,-0.04699,0.45064,0.00000,0.00000,0.00000,0.00000,23.00,0.00,1.00,0.0000,0.0000,0.0000,0.0000,0,0
2026-08-25 17:08:38.759266,1130,flowbot,0.46640,-0.04699,0.45064,0.00000,0.00000,0.00000,0.00000,23.00,0.00,1.00,0.0000,0.0000,0.0000,0.0000,0,0
2026-08-25 17:08:38.814618,1131,flowbot,0.46640,-0.04699,0.45064,0.00000,0.00000,0.00000,0.00000,23.00,0.00,1.00,0.0000,0.0000,0.0000,0.0000,0,0
2026-08-25 17:08:38.865289,1132,flowbot,0.46640,-0.04699,0.45064,0.00000,0.00000,0.00000,0.00000,23.00,0.00,1.00,0.0000,0.0000,0.0000,0.0000,0,0
2026-08-25 17:08:38.917368,1133,flowbot,0.46640,-0.04699,0.45064,0.00000,0.00000,0.00000,0.00000,23.00,0.00,1.00,0.0000,0.0000,0.0000,0.0000,0,0
2026-08-25 17:08:38.967705,1134,flowbot,0.46640,-0.04699,0.45064,0.00000,0.00000,0.00000,0.00000,22.00,0.00,0.00,0.0000,0.0000,-0.7571,0.0000,0,0
2026-08-25 17:08:39.018782,1135,flowbot,0.46640,-0.04699,0.45064,0.00000,0.00000,0.00000,0.00000,22.00,0.00,0.00,0.0000,0.0000,-0.7571,0.0000,0,0
2026-08-25 17:08:39.073189,1136,flowbot,0.46640,-0.04699,0.45064,0.00000,0.00000,0.00000,0.00000,22.00,0.00,0.00,0.0000,0.0000,-0.7571,0.0000,0,0
2026-08-25 17:08:39.127213,1137,flowbot,0.46640,-0.04699,0.45064,0.00000,0.00000,0.00000,0.00000,22.00,0.00,0.00,0.0000,0.0000,-0.7571,0.0000,0,0
2026-08-25 17:08:39.181165,1138,flowbot,0.46640,-0.04699,0.45064,0.00000,0.00000,0.00000,0.00000,22.00,0.00,0.00,0.3429,-0.2514,-0.3000,0.0000,0,0
2026-08-25 17:08:39.236428,1139,flowbot,0.46640,-0.04699,0.45064,0.00000,0.00000,0.00000,0.00000,22.00,0.00,0.00,0.3429,-0.2514,-0.3000,0.0000,0,0
2026-08-25 17:08:39.287995,1140,flowbot,0.46640,-0.04699,0.45064,0.00000,0.00000,0.00000,0.00000,22.00,0.00,0.00,0.3429,-0.2514,-0.3000,0.0000,0,0
2026-08-25 17:08:39.337893,1141,flowbot,0.46640,-0.04699,0.45064,0.00000,0.00000,0.00000,0.00000,22.00,0.00,0.00,0.3429,-0.2514,-0.3000,0.0000,0,0
2026-08-25 17:08:39.392142,1142,flowbot,0.46640,-0.04699,0.45064,0.00000,0.00000,0.00000,0.00000,23.00,0.00,0.00,0.6771,-0.3771,-0.2829,0.0000,0,0
2026-08-25 17:08:39.443676,1143,flowbot,0.46640,-0.04699,0.45064,0.00000,0.00000,0.00000,0.00000,23.00,0.00,0.00,0.6771,-0.3771,-0.2829,0.0000,0,0
2026-08-25 17:08:39.496233,1144,flowbot,0.46640,-0.04699,0.45064,0.00000,0.00000,0.00000,0.00000,23.00,0.00,0.00,0.6771,-0.3771,-0.2829,0.0000,0,0
2026-08-25 17:08:39.550445,1145,flowbot,0.46640,-0.04699,0.45064,0.00000,0.00000,0.00000,0.00000,23.00,0.00,0.00,0.6771,-0.3771,-0.2829,0.0000,0,0
2026-08-25 17:08:39.597653,1146,flowbot,0.46640,-0.04699,0.45064,0.00000,0.00000,0.00000,0.00000,24.00,0.00,0.00,0.5629,-0.4914,-0.1000,0.0000,0,0
2026-08-25 17:08:39.653884,1147,flowbot,0.46640,-0.04699,0.45064,0.00000,0.00000,0.00000,0.00000,24.00,0.00,0.00,0.5629,-0.4914,-0.1000,0.0000,0,0
2026-08-25 17:08:39.704670,1148,flowbot,0.46640,-0.04699,0.45064,0.00000,0.00000,0.00000,0.00000,24.00,0.00,0.00,0.5629,-0.4914,-0.1000,0.0000,0,0
2026-08-25 17:08:39.757043,1149,flowbot,0.46640,-0.04699,0.45064,0.00000,0.00000,0.00000,0.00000,24.00,0.00,0.00,0.5629,-0.4914,-0.1000,0.0000,0,0
2026-08-25 17:08:39.809834,1150,flowbot,0.46640,-0.04699,0.45064,0.00000,0.00000,0.00000,0.00000,24.00,0.00,1.00,0.1257,0.0000,0.0000,0.0000,0,0
2026-08-25 17:08:39.863028,1151,flowbot,0.46640,-0.04699,0.45064,0.00000,0.00000,0.00000,0.00000,24.00,0.00,1.00,0.1257,0.0000,0.0000,0.0000,0,0
2026-08-25 17:08:39.914722,1152,flowbot,0.46640,-0.04699,0.45064,0.00000,0.00000,0.00000,0.00000,24.00,0.00,1.00,0.1257,0.0000,0.0000,0.0000,0,0
2026-08-25 17:08:39.969077,1153,flowbot,0.46640,-0.04699,0.45064,0.00000,0.00000,0.00000,0.00000,24.00,0.00,1.00,0.1257,0.0000,0.0000,0.0000,0,0
2026-08-25 17:08:40.019821,1154,flowbot,0.46640,-0.04699,0.45064,0.00000,0.00000,0.00000,0.00000,24.00,0.00,1.00,0.0000,0.0000,0.0000,0.0000,0,0
2026-08-25 17:08:40.076799,1155,flowbot,0.46640,-0.04699,0.45064,0.00000,0.00000,0.00000,0.00000,24.00,0.00,1.00,0.0000,0.0000,0.0000,0.0000,0,0
2026-08-25 17:08:40.131668,1156,flowbot,0.46640,-0.04699,0.45064,0.00000,0.00000,0.00000,0.00000,24.00,0.00,1.00,0.0000,0.0000,0.0000,0.0000,0,0
2026-08-25 17:08:40.180471,1157,flowbot,0.46640,-0.04699,0.45064,0.00000,0.00000,0.00000,0.00000,24.00,0.00,1.00,0.0000,0.0000,0.0000,0.0000,0,0
2026-08-25 17:08:40.231924,1158,flowbot,0.46640,-0.04699,0.45064,0.00000,0.00000,0.00000,0.00000,24.00,0.00,1.00,0.0000,0.0000,0.0000,0.0000,0,0
2026-08-25 17:08:40.285298,1159,flowbot,0.46640,-0.04699,0.45064,0.00000,0.00000,0.00000,0.00000,24.00,0.00,1.00,0.0000,0.0000,0.0000,0.0000,0,0
2026-08-25 17:08:40.334304,1160,flowbot,0.46640,-0.04699,0.45064,0.00000,0.00000,0.00000,0.00000,24.00,0.00,1.00,0.0000,0.0000,0.0000,0.0000,0,0
2026-08-25 17:08:40.386987,1161,flowbot,0.46640,-0.04699,0.45064,0.00000,0.00000,0.00000,0.00000,24.00,0.00,1.00,0.0000,0.0000,0.0000,0.0000,0,0
2026-08-25 17:08:40.438774,1162,flowbot,0.46640,-0.04699,0.45064,0.00000,0.00000,0.00000,0.00000,24.00,0.00,1.00,0.0000,0.0000,0.0000,0.0000,0,0
2026-08-25 17:08:40.497335,1163,flowbot,0.46640,-0.04699,0.45064,0.00000,0.00000,0.00000,0.00000,24.00,0.00,1.00,0.0000,0.0000,0.0000,0.0000,0,0
2026-08-25 17:08:40.551424,1164,flowbot,0.46640,-0.04699,0.45064,0.00000,0.00000,0.00000,0.00000,24.00,0.00,1.00,0.0000,0.0000,0.0000,0.0000,0,0
2026-08-25 17:08:40.599615,1165,flowbot,0.46640,-0.04699,0.45064,0.00000,0.00000,0.00000,0.00000,24.00,0.00,1.00,0.0000,0.0000,0.0000,0.0000,0,0
2026-08-25 17:08:40.651870,1166,flowbot,0.46640,-0.04699,0.45064,0.00000,0.00000,0.00000,0.00000,24.00,0.00,1.00,0.0000,0.0000,0.0000,0.0000,0,0
2026-08-25 17:08:40.708092,1167,flowbot,0.46640,-0.04699,0.45064,0.00000,0.00000,0.00000,0.00000,24.00,0.00,1.00,0.0000,0.0000,0.0000,0.0000,0,0
2026-08-25 17:08:40.758735,1168,flowbot,0.46640,-0.04699,0.45064,0.00000,0.00000,0.00000,0.00000,24.00,0.00,1.00,0.0000,0.0000,0.0000,0.0000,0,0
2026-08-25 17:08:40.810269,1169,flowbot,0.46640,-0.04699,0.45064,0.00000,0.00000,0.00000,0.00000,24.00,0.00,1.00,0.0000,0.0000,0.0000,0.0000,0,0
2026-08-25 17:08:40.863271,1170,flowbot,0.46640,-0.04699,0.45064,0.00000,0.00000,0.00000,0.00000,24.00,0.00,1.00,0.0000,0.0000,0.0000,0.0000,0,0
2026-08-25 17:08:40.918526,1171,flowbot,0.46640,-0.04699,0.45064,0.00000,0.00000,0.00000,0.00000,24.00,0.00,1.00,0.0000,0.0000,0.0000,0.0000,0,0
2026-08-25 17:08:40.971882,1172,flowbot,0.46640,-0.04699,0.45064,0.00000,0.00000,0.00000,0.00000,24.00,0.00,1.00,0.0000,0.0000,0.0000,0.0000,0,0
2026-08-25 17:08:41.019963,1173,flowbot,0.46640,-0.04699,0.45064,0.00000,0.00000,0.00000,0.00000,24.00,0.00,1.00,0.0000,0.0000,0.0000,0.0000,0,0
2026-08-25 17:08:41.069331,1174,flowbot,0.46640,-0.04699,0.45064,0.00000,0.00000,0.00000,0.00000,24.00,0.00,1.00,0.0000,0.0000,0.0000,0.0000,0,0
2026-08-25 17:08:41.125548,1175,flowbot,0.46640,-0.04699,0.45064,0.00000,0.00000,0.00000,0.00000,24.00,0.00,1.00,0.0000,0.0000,0.0000,0.0000,0,0
2026-08-25 17:08:41.177478,1176,flowbot,0.46640,-0.04699,0.45064,0.00000,0.00000,0.00000,0.00000,24.00,0.00,1.00,0.0000,0.0000,0.0000,0.0000,0,0
2026-08-25 17:08:41.231193,1177,flowbot,0.46640,-0.04699,0.45064,0.00000,0.00000,0.00000,0.00000,24.00,0.00,1.00,0.0000,0.0000,0.0000,0.0000,0,0
2026-08-25 17:08:41.285755,1178,flowbot,0.46640,-0.04699,0.45064,0.00000,0.00000,0.00000,0.00000,24.00,0.00,1.00,0.0000,0.0000,0.0000,0.0000,0,0
2026-08-25 17:08:41.339374,1179,flowbot,0.46640,-0.04699,0.45064,0.00000,0.00000,0.00000,0.00000,24.00,0.00,1.00,0.0000,0.0000,0.0000,0.0000,0,0
2026-08-25 17:08:41.391155,1180,flowbot,0.46640,-0.04699,0.45064,0.00000,0.00000,0.00000,0.00000,24.00,0.00,1.00,0.0000,0.0000,0.0000,0.0000,0,0
2026-08-25 17:08:41.443465,1181,franka,0.46640,-0.04699,0.45064,0.00000,0.00000,0.00000,0.00000,24.00,0.00,1.00,0.0000,0.0000,0.0000,0.0000,1,0
2026-08-25 17:08:41.497297,1182,franka,0.46640,-0.04699,0.45064,0.00000,0.00000,0.00000,0.00000,24.00,0.00,1.00,0.0000,0.0000,0.0000,0.0000,0,0
2026-08-25 17:08:41.551637,1183,franka,0.46640,-0.04700,0.45062,0.00000,0.00000,0.00000,0.00000,24.00,0.00,1.00,0.0000,0.0000,0.0000,0.0000,0,0
2026-08-25 17:08:41.605389,1184,franka,0.46640,-0.04700,0.45061,0.00000,0.00000,0.00000,0.00000,24.00,0.00,1.00,0.0000,0.0000,0.0000,0.0000,0,0
2026-08-25 17:08:41.659268,1185,franka,0.46640,-0.04700,0.45061,0.00000,0.00000,0.00000,0.00000,24.00,0.00,1.00,0.0000,0.0000,0.0000,0.0000,0,0
2026-08-25 17:08:41.712900,1186,franka,0.46640,-0.04700,0.45061,0.00000,0.00000,0.00000,0.00000,24.00,0.00,1.00,0.0000,0.0000,0.0000,0.0000,0,0
2026-08-25 17:08:41.766489,1187,franka,0.46640,-0.04700,0.45061,0.00000,0.00000,0.00000,0.00000,24.00,0.00,1.00,0.0000,0.0000,0.0000,0.0000,0,0
2026-08-25 17:08:41.820142,1188,franka,0.46640,-0.04700,0.45061,0.00000,0.00000,0.00000,0.00000,24.00,0.00,1.00,0.0000,0.0000,0.0000,0.0000,0,0
2026-08-25 17:08:41.873755,1189,franka,0.46640,-0.04700,0.45061,0.00000,0.00000,0.00000,0.00000,24.00,0.00,1.00,0.0000,0.0000,0.0000,0.0000,0,0
2026-08-25 17:08:41.927483,1190,franka,0.46640,-0.04700,0.45061,0.00000,0.00000,0.00000,0.00000,24.00,0.00,1.00,0.0000,0.0000,0.0000,0.0000,0,0
2026-08-25 17:08:41.981044,1191,franka,0.46640,-0.04700,0.45061,0.00000,0.00000,0.00000,0.00000,24.00,0.00,1.00,0.0000,0.0000,0.0000,0.0000,0,0
2026-08-25 17:08:42.034764,1192,franka,0.46640,-0.04700,0.45061,0.00000,0.00000,0.00000,0.00000,24.00,0.00,1.00,0.0000,0.0000,0.0000,0.0000,0,0
2026-08-25 17:08:42.088938,1193,franka,0.46640,-0.04700,0.45061,0.00000,0.00000,0.00000,0.00000,24.00,0.00,1.00,0.0000,0.0000,0.0000,0.0000,0,0
2026-08-25 17:08:42.143607,1194,franka,0.46640,-0.04700,0.45061,0.00000,0.00000,0.00000,0.00000,24.00,0.00,1.00,0.0000,0.0000,0.0000,0.0000,0,0
2026-08-25 17:08:42.197630,1195,franka,0.46640,-0.04700,0.45061,0.00000,0.00000,0.00000,0.00000,24.00,0.00,1.00,0.0000,0.0000,0.0000,0.0000,0,1
2026-08-25 17:08:42.251619,1196,franka,0.46640,-0.04700,0.45061,0.00000,0.00000,0.00000,0.00000,24.00,0.00,1.00,0.0000,0.0000,0.0000,0.0000,0,1
2026-08-25 17:08:42.305264,1197,franka,0.46640,-0.04700,0.45061,0.00000,0.00000,0.00000,0.00000,24.00,0.00,1.00,0.0000,0.0000,0.0000,0.0000,0,1
2026-08-25 17:08:42.358892,1198,franka,0.46640,-0.04700,0.45061,0.00000,0.00000,0.00000,0.00000,24.00,0.00,1.00,0.0000,0.0000,0.0000,0.0000,0,1
2026-08-25 17:08:42.412586,1199,franka,0.46640,-0.04700,0.45061,0.00000,0.00000,0.00000,0.00000,24.00,0.00,1.00,0.0000,0.0000,0.0000,0.0000,0,0
2026-08-25 17:08:42.466115,1200,franka,0.46640,-0.04700,0.45061,0.00000,0.00000,0.00000,0.00000,24.00,0.00,1.00,0.0000,0.0000,0.0000,0.0000,0,0
2026-08-25 17:08:42.519836,1201,franka,0.46640,-0.04700,0.45061,0.00000,0.00000,0.00000,0.00000,24.00,0.00,1.00,0.0000,0.0000,0.0000,0.0000,0,0
2026-08-25 17:08:42.573942,1202,franka,0.46640,-0.04700,0.45061,0.00000,0.00000,0.00000,0.00000,24.00,0.00,1.00,0.1229,0.0429,-0.0257,0.0000,0,0
2026-08-25 17:08:42.628033,1203,franka,0.46641,-0.04691,0.45061,0.00000,0.01132,0.00000,0.00000,24.00,0.00,1.00,0.2657,0.0000,-0.1086,0.0000,0,0
2026-08-25 17:08:42.681983,1204,franka,0.46641,-0.04612,0.45058,0.00000,0.02000,0.00000,0.00000,24.00,0.00,1.00,0.3714,0.0000,-0.2171,-0.0200,0,0
2026-08-25 17:08:42.735677,1205,franka,0.46640,-0.04516,0.45010,0.00000,0.01414,-0.01414,0.00000,24.00,0.00,1.00,0.4714,0.0000,-0.2429,-0.0200,0,0
2026-08-25 17:08:42.789438,1206,franka,0.46640,-0.04451,0.44936,0.00000,0.01414,-0.01414,0.00000,24.00,0.00,1.00,0.5943,0.0000,-0.2686,-0.0229,0,0
2026-08-25 17:08:42.843087,1207,franka,0.46640,-0.04385,0.44865,0.00000,0.01414,-0.01414,0.00000,24.00,0.00,1.00,0.6114,-0.0171,-0.2629,-0.0343,0,0
2026-08-25 17:08:42.896893,1208,franka,0.46640,-0.04304,0.44793,0.00000,0.01414,-0.01414,0.00000,24.00,0.00,1.00,0.5914,-0.0286,-0.2343,-0.0486,0,0
2026-08-25 17:08:42.950490,1209,franka,0.46640,-0.04236,0.44723,0.00000,0.01414,-0.01414,0.00000,24.00,0.00,1.00,0.5486,-0.0486,-0.1971,-0.0686,0,0
2026-08-25 17:08:43.004106,1210,franka,0.46639,-0.04156,0.44670,0.00000,0.01999,-0.00001,0.00000,24.00,0.00,1.00,0.5229,-0.0429,-0.1857,-0.0714,0,0
2026-08-25 17:08:43.057971,1211,franka,0.46641,-0.04055,0.44675,0.00000,0.02000,-0.00000,0.00000,24.00,0.00,1.00,0.5114,-0.0200,-0.1771,-0.0600,0,0
2026-08-25 17:08:43.111716,1212,franka,0.46641,-0.03954,0.44675,0.00000,0.02000,0.00000,0.00000,24.00,0.00,1.00,0.4686,0.0000,-0.1657,-0.0143,0,0
2026-08-25 17:08:43.165481,1213,franka,0.46641,-0.03855,0.44676,0.00000,0.02000,0.00000,0.00000,24.00,0.00,1.00,0.5000,0.0000,-0.1514,0.0000,0,0
2026-08-25 17:08:43.219295,1214,franka,0.46641,-0.03750,0.44672,0.00000,0.02000,0.00000,0.00000,24.00,0.00,1.00,0.5114,0.0000,-0.1371,0.0000,0,0
2026-08-25 17:08:43.273218,1215,franka,0.46641,-0.03648,0.44677,0.00000,0.02000,0.00000,0.00000,24.00,0.00,1.00,0.5286,0.0000,-0.1343,-0.0143,0,0
2026-08-25 17:08:43.326799,1216,franka,0.46641,-0.03549,0.44676,0.00000,0.02000,0.00000,0.00000,24.00,0.00,1.00,0.5457,0.0000,-0.1343,-0.0086,0,0
2026-08-25 17:08:43.380432,1217,franka,0.46642,-0.03449,0.44674,0.00000,0.02000,0.00000,0.00000,24.00,0.00,1.00,0.5371,0.0000,-0.1400,-0.0029,0,0
2026-08-25 17:08:43.434075,1218,franka,0.46641,-0.03248,0.44676,0.00000,0.02000,0.00000,0.00000,24.00,0.00,1.00,0.5371,0.0000,-0.1371,0.0000,0,0
2026-08-25 17:08:43.487834,1219,franka,0.46641,-0.03147,0.44675,0.00000,0.02000,0.00000,0.00000,24.00,0.00,1.00,0.5314,0.0000,-0.1371,0.0000,0,0
2026-08-25 17:08:43.541754,1220,franka,0.46642,-0.03045,0.44674,0.00000,0.02000,0.00000,0.00000,24.00,0.00,1.00,0.5543,0.0000,-0.1400,0.0000,0,0
2026-08-25 17:08:43.595353,1221,franka,0.46642,-0.02944,0.44676,0.00000,0.02000,0.00000,0.00000,24.00,0.00,1.00,0.5371,0.0000,-0.1257,0.0000,0,0
2026-08-25 17:08:43.649285,1222,franka,0.46642,-0.02844,0.44675,0.00000,0.02000,0.00000,0.00000,24.00,0.00,1.00,0.4857,0.0000,-0.0771,0.0000,0,0
2026-08-25 17:08:43.702973,1223,franka,0.46642,-0.02741,0.44675,0.00000,0.02000,0.00000,0.00000,24.00,0.00,1.00,0.3600,0.0000,-0.0200,0.0000,0,0
2026-08-25 17:08:43.757432,1224,franka,0.46642,-0.02640,0.44675,0.00000,0.02000,0.00000,0.00000,24.00,0.00,1.00,0.6029,0.0000,-0.1171,0.0000,0,0
2026-08-25 17:08:43.811785,1225,franka,0.46642,-0.02539,0.44676,0.00000,0.02000,0.00000,0.00000,24.00,0.00,1.00,0.7171,0.0000,-0.1486,0.0000,0,0
2026-08-25 17:08:43.865513,1226,franka,0.46642,-0.02439,0.44676,0.00000,0.02000,0.00000,0.00000,24.00,0.00,1.00,0.7486,0.0000,-0.1543,0.0000,0,0
2026-08-25 17:08:43.919283,1227,franka,0.46642,-0.02337,0.44675,0.00000,0.02000,0.00000,0.00000,24.00,0.00,1.00,0.7343,0.0000,-0.1429,0.0000,0,0
2026-08-25 17:08:43.972918,1228,franka,0.46642,-0.02236,0.44676,0.00000,0.02000,0.00000,0.00000,24.00,0.00,1.00,0.7200,0.0000,-0.1343,0.0000,0,0
2026-08-25 17:08:44.026547,1229,franka,0.46642,-0.02136,0.44676,0.00000,0.02000,0.00000,0.00000,24.00,0.00,1.00,0.5629,0.0000,-0.0543,0.0000,0,0
2026-08-25 17:08:44.080434,1230,franka,0.46642,-0.02034,0.44675,0.00000,0.02000,0.00000,0.00000,24.00,0.00,1.00,0.4057,0.0257,0.0000,0.0000,0,0
2026-08-25 17:08:44.135162,1231,franka,0.46642,-0.01933,0.44675,0.00000,0.02000,0.00000,0.00000,24.00,0.00,1.00,0.2314,0.0171,0.0486,0.0000,0,0
2026-08-25 17:08:44.188805,1232,franka,0.46642,-0.01831,0.44677,0.00000,0.02000,0.00000,0.00000,24.00,0.00,1.00,0.0943,0.0000,0.2514,0.0057,0,0
2026-08-25 17:08:44.243480,1233,franka,0.46639,-0.01776,0.44718,0.00000,-0.00000,0.02000,0.00000,24.00,0.00,1.00,0.0629,0.0000,0.4571,0.0486,0,0
2026-08-25 17:08:44.297402,1234,franka,0.46640,-0.01780,0.44824,0.00000,0.00000,0.02000,0.00000,24.00,0.00,1.00,0.0514,0.0000,0.5286,0.0343,0,0
2026-08-25 17:08:44.350983,1235,franka,0.46638,-0.01773,0.44918,0.00000,0.00000,0.02000,0.00000,24.00,0.00,1.00,0.0543,0.0371,0.5800,0.0400,0,0
2026-08-25 17:08:44.404869,1236,franka,0.46639,-0.01774,0.45023,0.00000,0.00000,0.02000,0.00000,24.00,0.00,1.00,0.0600,0.0371,0.5629,0.0371,0,0
2026-08-25 17:08:44.459130,1237,franka,0.46639,-0.01776,0.45123,0.00000,-0.00000,0.02000,0.00000,24.00,0.00,1.00,0.0600,0.0486,0.5486,0.0400,0,0
2026-08-25 17:08:44.512802,1238,franka,0.46640,-0.01772,0.45229,0.00000,-0.00000,0.02000,0.00000,24.00,0.00,1.00,0.0600,0.0314,0.5600,0.0257,0,0
2026-08-25 17:08:44.566928,1239,franka,0.46639,-0.01774,0.45329,0.00000,-0.00000,0.02000,0.00000,24.00,0.00,1.00,0.0657,0.0257,0.5629,0.0086,0,0
2026-08-25 17:08:44.621725,1240,franka,0.46639,-0.01773,0.45428,0.00000,-0.00000,0.02000,0.00000,24.00,0.00,1.00,0.0629,0.0143,0.5514,0.0000,0,0
2026-08-25 17:08:44.675675,1241,franka,0.46639,-0.01772,0.45531,0.00000,-0.00000,0.02000,0.00000,24.00,0.00,1.00,0.0657,0.0057,0.5086,0.0000,0,0
2026-08-25 17:08:44.729608,1242,franka,0.46639,-0.01774,0.45634,0.00000,-0.00000,0.02000,0.00000,24.00,0.00,1.00,0.0771,0.0200,0.4543,0.0000,0,0
2026-08-25 17:08:44.784243,1243,franka,0.46639,-0.01773,0.45730,0.00000,-0.00000,0.02000,0.00000,24.00,0.00,1.00,0.0000,0.0429,0.2429,0.0000,0,0
2026-08-25 17:08:44.840385,1244,franka,0.46639,-0.01773,0.45832,0.00000,-0.00000,0.01581,0.00000,24.00,0.00,1.00,0.0000,0.0000,0.0000,0.0000,0,0
2026-08-25 17:08:44.889020,1245,franka,0.46640,-0.01774,0.45855,0.00000,-0.00000,0.00000,0.00000,24.00,0.00,1.00,0.0000,0.0000,0.0000,0.0000,0,0
2026-08-25 17:08:44.942589,1246,franka,0.46640,-0.01774,0.45851,0.00000,-0.00000,-0.00000,0.00000,24.00,0.00,1.00,0.2514,0.0429,-0.0743,0.0000,0,0
2026-08-25 17:08:44.996518,1247,franka,0.46640,-0.01769,0.45852,0.00000,0.00807,-0.00000,0.00000,24.00,0.00,1.00,0.5943,0.0000,-0.1057,0.0000,0,0
2026-08-25 17:08:45.050500,1248,franka,0.46642,-0.01584,0.45857,0.00000,0.02000,-0.00000,0.00000,24.00,0.00,1.00,0.7514,0.0000,-0.1314,0.0000,0,0
2026-08-25 17:08:45.104856,1249,franka,0.46642,-0.01483,0.45853,0.00000,0.02000,-0.00000,0.00000,24.00,0.00,1.00,0.8143,0.0000,-0.1457,0.0000,0,0
2026-08-25 17:08:45.158617,1250,franka,0.46642,-0.01390,0.45854,0.00000,0.02000,0.00000,0.00000,24.00,0.00,1.00,0.8457,0.0000,-0.1486,-0.0114,0,0
2026-08-25 17:08:45.212496,1251,franka,0.46642,-0.01281,0.45856,0.00000,0.02000,0.00000,0.00000,24.00,0.00,1.00,0.8514,0.0000,-0.1571,-0.0114,0,0
2026-08-25 17:08:45.266674,1252,franka,0.46642,-0.01182,0.45855,0.00000,0.02000,-0.00000,0.00000,24.00,0.00,1.00,0.8400,0.0000,-0.1429,-0.0171,0,0
2026-08-25 17:08:45.321240,1253,franka,0.46642,-0.01083,0.45854,0.00000,0.02000,-0.00000,0.00000,24.00,0.00,1.00,0.8457,0.0000,-0.1371,-0.0257,0,0
2026-08-25 17:08:45.374980,1254,franka,0.46642,-0.00982,0.45856,0.00000,0.02000,-0.00000,0.00000,24.00,0.00,1.00,0.8514,0.0000,-0.1229,-0.0371,0,0
2026-08-25 17:08:45.428802,1255,franka,0.46643,-0.00880,0.45856,0.00000,0.02000,0.00000,0.00000,24.00,0.00,1.00,0.8629,0.0000,-0.1171,-0.0429,0,0
2026-08-25 17:08:45.483009,1256,franka,0.46643,-0.00782,0.45854,0.00000,0.02000,0.00000,0.00000,24.00,0.00,1.00,0.8686,0.0000,-0.1200,-0.0429,0,0
2026-08-25 17:08:45.537236,1257,franka,0.46642,-0.00678,0.45854,0.00000,0.02000,0.00000,0.00000,24.00,0.00,1.00,0.8657,0.0000,-0.1171,-0.0457,0,0
2026-08-25 17:08:45.590981,1258,franka,0.46643,-0.00578,0.45856,0.00000,0.02000,0.00000,0.00000,24.00,0.00,1.00,0.8657,0.0000,-0.1143,-0.0457,0,0
2026-08-25 17:08:45.644857,1259,franka,0.46642,-0.00478,0.45855,0.00000,0.02000,0.00000,0.00000,24.00,0.00,1.00,0.8686,0.0000,-0.1086,-0.0514,0,0
2026-08-25 17:08:45.698681,1260,franka,0.46642,-0.00376,0.45855,0.00000,0.02000,0.00000,0.00000,24.00,0.00,1.00,0.8800,0.0000,-0.1057,-0.0543,0,0
2026-08-25 17:08:45.752459,1261,franka,0.46642,-0.00274,0.45855,0.00000,0.02000,-0.00000,0.00000,24.00,0.00,1.00,0.8800,-0.0086,-0.1029,-0.0629,0,0
2026-08-25 17:08:45.805961,1262,franka,0.46642,-0.00172,0.45854,0.00000,0.02000,-0.00000,0.00000,24.00,0.00,1.00,0.8829,-0.0057,-0.1000,-0.0629,0,0
2026-08-25 17:08:45.860076,1263,franka,0.46641,0.00031,0.45854,0.00000,0.02000,-0.00000,0.00000,24.00,0.00,1.00,0.8714,0.0000,-0.0971,-0.0629,0,0
2026-08-25 17:08:45.914351,1264,franka,0.46640,0.00132,0.45854,0.00000,0.02000,-0.00000,0.00000,24.00,0.00,1.00,0.8600,0.0000,-0.0914,-0.0629,0,0
2026-08-25 17:08:45.967994,1265,franka,0.46640,0.00232,0.45854,0.00000,0.02000,-0.00000,0.00000,24.00,0.00,1.00,0.8686,0.0000,-0.0914,-0.0629,0,0
2026-08-25 17:08:46.021568,1266,franka,0.46639,0.00334,0.45854,0.00000,0.02000,-0.00000,0.00000,24.00,0.00,1.00,0.8657,0.0000,-0.0943,-0.0600,0,0
2026-08-25 17:08:46.075269,1267,franka,0.46640,0.00433,0.45856,0.00000,0.02000,-0.00000,0.00000,24.00,0.00,1.00,0.8629,0.0000,-0.0943,-0.0600,0,0
2026-08-25 17:08:46.129454,1268,franka,0.46640,0.00537,0.45855,0.00000,0.02000,-0.00000,0.00000,24.00,0.00,1.00,0.8686,0.0000,-0.0943,-0.0600,0,0
2026-08-25 17:08:46.183249,1269,franka,0.46639,0.00638,0.45854,0.00000,0.02000,-0.00000,0.00000,24.00,0.00,1.00,0.8714,0.0000,-0.0943,-0.0600,0,0
2026-08-25 17:08:46.236974,1270,franka,0.46639,0.00738,0.45855,0.00000,0.02000,-0.00000,0.00000,24.00,0.00,1.00,0.8714,0.0000,-0.0943,-0.0600,0,0
2026-08-25 17:08:46.291066,1271,franka,0.46639,0.00840,0.45855,0.00000,0.02000,-0.00000,0.00000,24.00,0.00,1.00,0.8686,0.0000,-0.0943,-0.0600,0,0
2026-08-25 17:08:46.345063,1272,franka,0.46639,0.00939,0.45854,0.00000,0.02000,0.00000,0.00000,24.00,0.00,1.00,0.8714,0.0000,-0.0943,-0.0571,0,0
2026-08-25 17:08:46.398872,1273,franka,0.46639,0.01041,0.45854,0.00000,0.02000,0.00000,0.00000,24.00,0.00,1.00,0.8714,0.0000,-0.0971,-0.0571,0,0
2026-08-25 17:08:46.452533,1274,franka,0.46639,0.01143,0.45855,0.00000,0.02000,0.00000,0.00000,24.00,0.00,1.00,0.8743,0.0000,-0.0943,-0.0543,0,0
2026-08-25 17:08:46.506082,1275,franka,0.46639,0.01246,0.45854,0.00000,0.02000,-0.00000,0.00000,24.00,0.00,1.00,0.8743,0.0000,-0.0943,-0.0543,0,0
2026-08-25 17:08:46.559796,1276,franka,0.46639,0.01348,0.45854,0.00000,0.02000,-0.00000,0.00000,24.00,0.00,1.00,0.8686,0.0000,-0.0914,-0.0514,0,0
2026-08-25 17:08:46.613394,1277,franka,0.46639,0.01447,0.45855,0.00000,0.02000,-0.00000,0.00000,24.00,0.00,1.00,0.8714,0.0000,-0.0886,-0.0514,0,0
2026-08-25 17:08:46.666893,1278,franka,0.46639,0.01547,0.45854,0.00000,0.02000,-0.00000,0.00000,24.00,0.00,1.00,0.8714,0.0000,-0.0857,-0.0514,0,0
2026-08-25 17:08:46.721810,1279,franka,0.46639,0.01749,0.45854,0.00000,0.02000,-0.00000,0.00000,24.00,0.00,1.00,0.8714,0.0000,-0.0829,-0.0514,0,0
2026-08-25 17:08:46.775472,1280,franka,0.46639,0.01849,0.45854,0.00000,0.02000,-0.00000,0.00000,24.00,0.00,1.00,0.8657,0.0000,-0.0829,-0.0514,0,0
2026-08-25 17:08:46.829095,1281,franka,0.46639,0.01952,0.45854,0.00000,0.02000,-0.00000,0.00000,24.00,0.00,1.00,0.8629,0.0000,-0.0829,-0.0514,0,0
2026-08-25 17:08:46.882937,1282,franka,0.46639,0.02053,0.45854,0.00000,0.02000,-0.00000,0.00000,24.00,0.00,1.00,0.8600,0.0000,-0.0800,-0.0514,0,0
2026-08-25 17:08:46.936890,1283,franka,0.46639,0.02155,0.45854,0.00000,0.02000,-0.00000,0.00000,24.00,0.00,1.00,0.8571,0.0000,-0.0829,-0.0543,0,0
2026-08-25 17:08:46.990611,1284,franka,0.46639,0.02255,0.45854,0.00000,0.02000,-0.00000,0.00000,24.00,0.00,1.00,0.8600,0.0000,-0.0829,-0.0543,0,0
2026-08-25 17:08:47.044366,1285,franka,0.46639,0.02358,0.45854,0.00000,0.02000,-0.00000,0.00000,24.00,0.00,1.00,0.8543,0.0000,-0.0771,-0.0543,0,0
2026-08-25 17:08:47.098193,1286,franka,0.46639,0.02459,0.45854,0.00000,0.02000,0.00000,0.00000,24.00,0.00,1.00,0.8514,0.0000,-0.0771,-0.0514,0,0
2026-08-25 17:08:47.152962,1287,franka,0.46639,0.02559,0.45854,0.00000,0.02000,0.00000,0.00000,24.00,0.00,1.00,0.8457,0.0000,-0.0629,-0.0457,0,0
2026-08-25 17:08:47.206740,1288,franka,0.46639,0.02659,0.45854,0.00000,0.02000,0.00000,0.00000,24.00,0.00,1.00,0.8514,0.0000,-0.0629,-0.0429,0,0
2026-08-25 17:08:47.260516,1289,franka,0.46639,0.02758,0.45854,0.00000,0.02000,0.00000,0.00000,24.00,0.00,1.00,0.8571,0.0000,-0.0600,-0.0400,0,0
2026-08-25 17:08:47.314483,1290,franka,0.46639,0.02861,0.45854,0.00000,0.02000,0.00000,0.00000,24.00,0.00,1.00,0.8600,0.0000,-0.0571,-0.0400,0,0
2026-08-25 17:08:47.368350,1291,franka,0.46638,0.02963,0.45855,0.00000,0.02000,0.00000,0.00000,24.00,0.00,1.00,0.8600,0.0000,-0.0571,-0.0400,0,0
2026-08-25 17:08:47.423012,1292,franka,0.46638,0.03064,0.45854,0.00000,0.02000,-0.00000,0.00000,24.00,0.00,1.00,0.8600,0.0000,-0.0571,-0.0400,0,0
2026-08-25 17:08:47.476564,1293,franka,0.46638,0.03265,0.45854,0.00000,0.02000,-0.00000,0.00000,24.00,0.00,1.00,0.8571,0.0000,-0.0571,-0.0400,0,0
2026-08-25 17:08:47.530764,1294,franka,0.46638,0.03367,0.45854,0.00000,0.02000,-0.00000,0.00000,24.00,0.00,1.00,0.8600,0.0000,-0.0571,-0.0400,0,0
2026-08-25 17:08:47.584452,1295,franka,0.46638,0.03467,0.45854,0.00000,0.02000,-0.00000,0.00000,24.00,0.00,1.00,0.8571,0.0000,-0.0571,-0.0400,0,0
2026-08-25 17:08:47.638280,1296,franka,0.46639,0.03569,0.45855,0.00000,0.02000,-0.00000,0.00000,24.00,0.00,1.00,0.8600,0.0000,-0.0571,-0.0400,0,0
2026-08-25 17:08:47.691970,1297,franka,0.46639,0.03670,0.45855,0.00000,0.02000,0.00000,0.00000,24.00,0.00,1.00,0.8600,0.0000,-0.0571,-0.0400,0,0
2026-08-25 17:08:47.745995,1298,franka,0.46639,0.03772,0.45855,0.00000,0.02000,0.00000,0.00000,24.00,0.00,1.00,0.8600,0.0000,-0.0571,-0.0400,0,0
2026-08-25 17:08:47.800013,1299,franka,0.46639,0.03871,0.45856,0.00000,0.02000,0.00000,0.00000,24.00,0.00,1.00,0.8600,0.0000,-0.0571,-0.0400,0,0
2026-08-25 17:08:47.854375,1300,franka,0.46639,0.03971,0.45856,0.00000,0.02000,0.00000,0.00000,24.00,0.00,1.00,0.8629,0.0000,-0.0514,-0.0400,0,0
2026-08-25 17:08:47.907955,1301,franka,0.46639,0.04071,0.45856,0.00000,0.02000,0.00000,0.00000,24.00,0.00,1.00,0.8629,0.0000,-0.0486,-0.0400,0,0
2026-08-25 17:08:47.961772,1302,franka,0.46639,0.04173,0.45855,0.00000,0.02000,0.00000,0.00000,24.00,0.00,1.00,0.8629,0.0000,-0.0486,-0.0400,0,0
2026-08-25 17:08:48.017104,1303,franka,0.46639,0.04273,0.45856,0.00000,0.02000,0.00000,0.00000,24.00,0.00,1.00,0.8657,0.0000,-0.0514,-0.0400,0,0
2026-08-25 17:08:48.071258,1304,franka,0.46639,0.04374,0.45856,0.00000,0.02000,0.00000,0.00000,24.00,0.00,1.00,0.8657,0.0000,-0.0457,-0.0400,0,0
2026-08-25 17:08:48.125168,1305,franka,0.46639,0.04475,0.45856,0.00000,0.02000,0.00000,0.00000,24.00,0.00,1.00,0.8657,-0.0029,-0.0400,-0.0400,0,0
2026-08-25 17:08:48.179510,1306,franka,0.46639,0.04577,0.45856,0.00000,0.02000,-0.00000,0.00000,24.00,0.00,1.00,0.8629,-0.0029,-0.0343,-0.0400,0,0
2026-08-25 17:08:48.233157,1307,franka,0.46639,0.04779,0.45856,0.00000,0.02000,-0.00000,0.00000,24.00,0.00,1.00,0.8600,-0.0114,-0.0257,-0.0400,0,0
2026-08-25 17:08:48.286728,1308,franka,0.46639,0.04882,0.45856,0.00000,0.02000,-0.00000,0.00000,24.00,0.00,1.00,0.8571,-0.0114,-0.0229,-0.0400,0,0
2026-08-25 17:08:48.340405,1309,franka,0.46639,0.04984,0.45857,0.00000,0.02000,-0.00000,0.00000,24.00,0.00,1.00,0.8571,-0.0143,-0.0200,-0.0400,0,0
2026-08-25 17:08:48.393994,1310,franka,0.46639,0.05083,0.45857,0.00000,0.02000,-0.00000,0.00000,24.00,0.00,1.00,0.8571,-0.0171,-0.0114,-0.0400,0,0
2026-08-25 17:08:48.447631,1311,franka,0.46639,0.05183,0.45857,0.00000,0.02000,-0.00000,0.00000,24.00,0.00,1.00,0.8571,-0.0171,-0.0114,-0.0400,0,0
2026-08-25 17:08:48.501481,1312,franka,0.46639,0.05285,0.45857,0.00000,0.02000,-0.00000,0.00000,24.00,0.00,1.00,0.8571,-0.0171,-0.0114,-0.0400,0,0
2026-08-25 17:08:48.555116,1313,franka,0.46640,0.05385,0.45857,0.00000,0.02000,-0.00000,0.00000,24.00,0.00,1.00,0.8571,-0.0171,-0.0086,-0.0400,0,0
2026-08-25 17:08:48.609077,1314,franka,0.46639,0.05487,0.45857,0.00000,0.02000,0.00000,0.00000,24.00,0.00,1.00,0.8571,-0.0171,-0.0086,-0.0400,0,0
2026-08-25 17:08:48.663311,1315,franka,0.46639,0.05588,0.45857,0.00000,0.02000,0.00000,0.00000,24.00,0.00,1.00,0.8571,-0.0171,-0.0114,-0.0429,0,0
2026-08-25 17:08:48.717132,1316,franka,0.46639,0.05689,0.45857,0.00000,0.02000,0.00000,0.00000,24.00,0.00,1.00,0.8543,-0.0143,-0.0114,-0.0429,0,0
2026-08-25 17:08:48.770942,1317,franka,0.46640,0.05789,0.45857,0.00000,0.02000,0.00000,0.00000,24.00,0.00,1.00,0.8514,-0.0171,-0.0057,-0.0429,0,0
2026-08-25 17:08:48.824792,1318,franka,0.46640,0.05891,0.45857,0.00000,0.02000,0.00000,0.00000,24.00,0.00,1.00,0.8514,-0.0143,-0.0057,-0.0429,0,0
2026-08-25 17:08:48.878585,1319,franka,0.46640,0.05991,0.45857,0.00000,0.02000,0.00000,0.00000,24.00,0.00,1.00,0.8486,-0.0171,-0.0029,-0.0429,0,0
2026-08-25 17:08:48.932368,1320,franka,0.46639,0.06092,0.45856,0.00000,0.02000,-0.00000,0.00000,24.00,0.00,1.00,0.8514,-0.0200,-0.0029,-0.0429,0,0
2026-08-25 17:08:48.986186,1321,franka,0.46640,0.06193,0.45857,0.00000,0.02000,-0.00000,0.00000,24.00,0.00,1.00,0.8514,-0.0171,-0.0029,-0.0429,0,0
2026-08-25 17:08:49.040619,1322,franka,0.46640,0.06395,0.45856,0.00000,0.02000,-0.00000,0.00000,24.00,0.00,1.00,0.8514,-0.0143,-0.0057,-0.0429,0,0
2026-08-25 17:08:49.094332,1323,franka,0.46639,0.06497,0.45856,0.00000,0.02000,-0.00000,0.00000,24.00,0.00,1.00,0.8543,-0.0171,-0.0029,-0.0400,0,0
2026-08-25 17:08:49.147894,1324,franka,0.46639,0.06597,0.45855,0.00000,0.02000,-0.00000,0.00000,24.00,0.00,1.00,0.8543,-0.0171,-0.0057,-0.0400,0,0
2026-08-25 17:08:49.202052,1325,franka,0.46639,0.06699,0.45855,0.00000,0.02000,-0.00000,0.00000,24.00,0.00,1.00,0.8543,-0.0171,-0.0029,-0.0400,0,0
2026-08-25 17:08:49.255813,1326,franka,0.46639,0.06802,0.45855,0.00000,0.02000,-0.00000,0.00000,24.00,0.00,1.00,0.8543,-0.0171,-0.0029,-0.0400,0,0
2026-08-25 17:08:49.310509,1327,franka,0.46639,0.06901,0.45855,0.00000,0.02000,-0.00000,0.00000,24.00,0.00,1.00,0.8543,-0.0171,0.0000,-0.0371,0,0
2026-08-25 17:08:49.364421,1328,franka,0.46639,0.07002,0.45855,0.00000,0.02000,-0.00000,0.00000,24.00,0.00,1.00,0.8543,-0.0171,-0.0057,-0.0371,0,0
2026-08-25 17:08:49.418242,1329,franka,0.46639,0.07104,0.45854,0.00000,0.02000,-0.00000,0.00000,24.00,0.00,1.00,0.8543,-0.0143,-0.0029,-0.0371,0,0
2026-08-25 17:08:49.473163,1330,franka,0.46639,0.07205,0.45855,0.00000,0.02000,-0.00000,0.00000,24.00,0.00,1.00,0.8543,-0.0143,0.0000,-0.0371,0,0
2026-08-25 17:08:49.526884,1331,franka,0.46640,0.07305,0.45856,0.00000,0.02000,-0.00000,0.00000,24.00,0.00,1.00,0.8486,-0.0143,0.0000,-0.0371,0,0
2026-08-25 17:08:49.580645,1332,franka,0.46640,0.07407,0.45855,0.00000,0.02000,-0.00000,0.00000,24.00,0.00,1.00,0.8457,-0.0114,0.0000,-0.0371,0,0
2026-08-25 17:08:49.634180,1333,franka,0.46640,0.07509,0.45856,0.00000,0.02000,-0.00000,0.00000,24.00,0.00,1.00,0.8457,-0.0086,0.0000,-0.0371,0,0
2026-08-25 17:08:49.687982,1334,franka,0.46640,0.07611,0.45856,0.00000,0.02000,0.00000,0.00000,24.00,0.00,1.00,0.8371,-0.0143,0.0000,-0.0371,0,0
2026-08-25 17:08:49.741707,1335,franka,0.46640,0.07711,0.45856,0.00000,0.02000,0.00000,0.00000,24.00,0.00,1.00,0.8400,-0.0114,0.0000,-0.0371,0,0
2026-08-25 17:08:49.795801,1336,franka,0.46640,0.07813,0.45856,0.00000,0.02000,0.00000,0.00000,24.00,0.00,1.00,0.8400,-0.0086,0.0000,-0.0343,0,0
2026-08-25 17:08:49.849625,1337,franka,0.46640,0.07915,0.45856,0.00000,0.02000,-0.00000,0.00000,24.00,0.00,1.00,0.8429,-0.0057,0.0000,-0.0343,0,0
2026-08-25 17:08:49.903243,1338,franka,0.46640,0.08117,0.45857,0.00000,0.02000,-0.00000,0.00000,24.00,0.00,1.00,0.8400,-0.0086,0.0000,-0.0343,0,0
2026-08-25 17:08:49.956988,1339,franka,0.46640,0.08219,0.45857,0.00000,0.02000,-0.00000,0.00000,24.00,0.00,1.00,0.8400,0.0000,0.0000,-0.0343,0,0
2026-08-25 17:08:50.010760,1340,franka,0.46640,0.08318,0.45856,0.00000,0.02000,-0.00000,0.00000,24.00,0.00,1.00,0.8400,-0.0057,0.0000,-0.0343,0,0
2026-08-25 17:08:50.064364,1341,franka,0.46640,0.08419,0.45857,0.00000,0.02000,-0.00000,0.00000,24.00,0.00,1.00,0.8400,-0.0057,0.0000,-0.0343,0,0
2026-08-25 17:08:50.118232,1342,franka,0.46640,0.08519,0.45857,0.00000,0.02000,-0.00000,0.00000,24.00,0.00,1.00,0.8400,-0.0057,0.0000,-0.0343,0,0
2026-08-25 17:08:50.172120,1343,franka,0.46640,0.08622,0.45857,0.00000,0.02000,-0.00000,0.00000,24.00,0.00,1.00,0.8429,-0.0057,0.0000,-0.0343,0,0
2026-08-25 17:08:50.225823,1344,franka,0.46640,0.08723,0.45857,0.00000,0.02000,-0.00000,0.00000,24.00,0.00,1.00,0.8400,-0.0086,0.0000,-0.0343,0,0
2026-08-25 17:08:50.279556,1345,franka,0.46640,0.08823,0.45856,0.00000,0.02000,-0.00000,0.00000,24.00,0.00,1.00,0.8400,-0.0086,0.0000,-0.0343,0,0
2026-08-25 17:08:50.334006,1346,franka,0.46640,0.08922,0.45856,0.00000,0.02000,-0.00000,0.00000,24.00,0.00,1.00,0.8400,-0.0086,0.0000,-0.0343,0,0
2026-08-25 17:08:50.388451,1347,franka,0.46640,0.09023,0.45855,0.00000,0.02000,-0.00000,0.00000,24.00,0.00,1.00,0.8400,-0.0171,0.0000,-0.0343,0,0
2026-08-25 17:08:50.442246,1348,franka,0.46639,0.09123,0.45855,0.00000,0.02000,0.00000,0.00000,24.00,0.00,1.00,0.8286,-0.0171,0.0000,-0.0343,0,0
2026-08-25 17:08:50.495868,1349,franka,0.46639,0.09223,0.45855,0.00000,0.02000,0.00000,0.00000,24.00,0.00,1.00,0.8200,-0.0257,0.0000,-0.0343,0,0
2026-08-25 17:08:50.550029,1350,franka,0.46639,0.09325,0.45855,0.00000,0.02000,0.00000,0.00000,24.00,0.00,1.00,0.8114,-0.0314,0.0000,-0.0314,0,0
2026-08-25 17:08:50.603716,1351,franka,0.46639,0.09426,0.45855,0.00000,0.02000,0.00000,0.00000,24.00,0.00,1.00,0.7971,-0.0314,0.0000,-0.0314,0,0
2026-08-25 17:08:50.657414,1352,franka,0.46639,0.09629,0.45856,0.00000,0.02000,0.00000,0.00000,24.00,0.00,1.00,0.7829,-0.0400,0.0000,-0.0314,0,0
2026-08-25 17:08:50.711121,1353,franka,0.46640,0.09729,0.45856,0.00000,0.02000,-0.00000,0.00000,24.00,0.00,1.00,0.7714,-0.0486,0.0000,-0.0286,0,0
2026-08-25 17:08:50.764837,1354,franka,0.46640,0.09831,0.45856,0.00000,0.02000,-0.00000,0.00000,24.00,0.00,1.00,0.7429,-0.1114,0.0000,-0.0143,0,0
2026-08-25 17:08:50.818243,1355,franka,0.46640,0.09933,0.45857,0.00000,0.02000,-0.00000,0.00000,24.00,0.00,1.00,0.7400,-0.2171,0.0000,-0.0057,0,0
2026-08-25 17:08:50.872141,1356,franka,0.46640,0.10033,0.45857,0.00117,0.01941,0.00000,0.00000,24.00,0.00,1.00,0.7143,-0.4057,0.0000,-0.0429,0,0
2026-08-25 17:08:50.926984,1357,franka,0.46697,0.10114,0.45863,0.01414,0.01414,0.00000,0.00000,24.00,0.00,1.00,0.6457,-0.5743,0.0343,-0.0743,0,0
2026-08-25 17:08:50.980855,1358,franka,0.46767,0.10182,0.45857,0.01414,0.01414,0.00000,0.00000,24.00,0.00,1.00,0.5571,-0.5686,0.0286,-0.0171,0,0
2026-08-25 17:08:51.035267,1359,franka,0.46839,0.10252,0.45850,0.01414,0.01414,0.00000,0.00000,24.00,0.00,1.00,0.5229,-0.6029,0.0400,0.0000,0,0
2026-08-25 17:08:51.089637,1360,franka,0.46910,0.10327,0.45857,0.01414,0.01414,0.00000,0.00000,24.00,0.00,1.00,0.4657,-0.5514,0.0714,0.0000,0,0
2026-08-25 17:08:51.145554,1361,franka,0.46981,0.10395,0.45862,0.01414,0.01414,0.00000,0.00000,24.00,0.00,1.00,0.2257,-0.4000,0.0114,-0.0171,0,0
2026-08-25 17:08:51.194259,1362,franka,0.47054,0.10467,0.45853,0.01414,0.01414,0.00000,0.00000,24.00,0.00,1.00,0.1029,0.0000,0.0000,0.0171,0,0
2026-08-25 17:08:51.247913,1363,franka,0.47124,0.10539,0.45856,0.01183,0.01183,-0.00000,0.00000,24.00,0.00,1.00,0.0771,0.0000,0.0000,0.0000,0,0
2026-08-25 17:08:51.301512,1364,franka,0.47135,0.10557,0.45855,0.00000,0.00000,-0.00000,0.00000,24.00,0.00,1.00,0.0914,0.0000,0.0000,0.0000,0,0
2026-08-25 17:08:51.354910,1365,franka,0.47137,0.10549,0.45858,-0.00000,-0.00000,-0.00000,0.00000,24.00,0.00,1.00,0.1229,0.0000,0.0000,0.0000,0,0
2026-08-25 17:08:51.408322,1366,franka,0.47137,0.10551,0.45860,-0.00000,-0.00000,0.00000,0.00000,24.00,0.00,1.00,0.1629,-0.0343,0.0000,0.0000,0,0
2026-08-25 17:08:51.461934,1367,franka,0.47137,0.10553,0.45857,-0.00000,-0.00000,0.00000,0.00000,24.00,0.00,1.00,0.1800,-0.2029,0.0000,0.0000,0,0
2026-08-25 17:08:51.515980,1368,franka,0.47218,0.10561,0.45865,0.01744,0.00612,0.00000,0.00000,24.00,0.00,1.00,0.3057,-0.4886,-0.0086,0.0000,0,0
2026-08-25 17:08:51.569806,1369,franka,0.47294,0.10613,0.45855,0.01414,0.01414,0.00000,0.00000,24.00,0.00,1.00,0.3800,-0.6086,-0.0257,0.0000,0,0
2026-08-25 17:08:51.623452,1370,franka,0.47367,0.10688,0.45846,0.01414,0.01414,0.00000,0.00000,24.00,0.00,1.00,0.3771,-0.6543,-0.0171,0.0000,0,0
2026-08-25 17:08:51.677090,1371,franka,0.47437,0.10762,0.45861,0.01414,0.01414,-0.00000,0.00000,24.00,0.00,1.00,0.3800,-0.6086,0.0000,0.0000,0,0
2026-08-25 17:08:51.730711,1372,franka,0.47510,0.10829,0.45864,0.01414,0.01414,-0.00000,0.00000,24.00,0.00,1.00,0.3800,-0.6543,0.0000,0.0000,0,0
2026-08-25 17:08:51.784425,1373,franka,0.47582,0.10903,0.45850,0.01414,0.01414,-0.00000,0.00000,24.00,0.00,1.00,0.3429,-0.6343,0.0000,0.0000,0,0
2026-08-25 17:08:51.838392,1374,franka,0.47654,0.10975,0.45855,0.01414,0.01414,-0.00000,0.00000,24.00,0.00,1.00,0.2114,-0.3086,0.0000,0.0200,0,0
2026-08-25 17:08:51.892314,1375,franka,0.47719,0.11041,0.45866,0.00543,0.00543,0.00000,0.00000,24.00,0.00,1.00,0.1114,-0.0371,0.0000,0.0000,0,0
2026-08-25 17:08:51.946456,1376,franka,0.47721,0.11053,0.45851,0.00000,0.00000,0.00000,0.00000,24.00,0.00,1.00,0.1029,-0.0057,-0.0286,-0.0057,0,0
2026-08-25 17:08:52.000112,1377,franka,0.47724,0.11044,0.45854,-0.00000,-0.00000,0.00000,0.00000,24.00,0.00,1.00,0.0886,-0.0286,-0.1486,-0.0029,0,0
2026-08-25 17:08:52.053741,1378,franka,0.47722,0.11047,0.45863,-0.00000,-0.00000,0.00000,0.00000,24.00,0.00,1.00,0.0971,-0.0543,-0.2571,0.0000,0,0
2026-08-25 17:08:52.107400,1379,franka,0.47723,0.11048,0.45852,0.00000,0.00000,-0.00807,0.00000,24.00,0.00,1.00,0.1114,-0.0571,-0.2629,0.0000,0,0
2026-08-25 17:08:52.160993,1380,franka,0.47724,0.11043,0.45763,0.00000,0.00000,-0.02000,0.00000,24.00,0.00,1.00,0.1400,-0.0686,-0.3200,0.0000,0,0
2026-08-25 17:08:52.212105,1381,franka,0.47722,0.11046,0.45660,0.00000,0.00000,-0.02000,0.00000,24.00,0.00,1.00,0.1600,-0.0714,-0.3229,0.0000,0,0
2026-08-25 17:08:52.266505,1382,franka,0.47724,0.11046,0.45561,0.00000,0.00000,-0.02000,0.00000,24.00,0.00,1.00,0.1857,-0.0800,-0.2800,0.0000,0,0
2026-08-25 17:08:52.320343,1383,franka,0.47725,0.11044,0.45457,0.00000,0.00000,-0.02000,0.00000,24.00,0.00,1.00,0.1886,-0.0686,-0.2457,0.0000,0,0
2026-08-25 17:08:52.374042,1384,franka,0.47723,0.11045,0.45285,0.00000,0.00000,-0.00060,0.00000,24.00,0.00,1.00,0.1914,-0.0343,-0.1429,0.0000,0,0
2026-08-25 17:08:52.427598,1385,franka,0.47723,0.11045,0.45286,0.00000,0.00000,-0.00000,0.00000,24.00,0.00,1.00,0.1886,-0.0229,-0.0886,0.0000,0,0
2026-08-25 17:08:52.481281,1386,franka,0.47723,0.11046,0.45287,0.00000,0.00000,0.00000,0.00000,24.00,0.00,1.00,0.1914,-0.0286,-0.0829,0.0000,0,0
2026-08-25 17:08:52.535267,1387,franka,0.47723,0.11046,0.45288,-0.00000,-0.00000,0.00000,0.00000,24.00,0.00,1.00,0.1743,-0.0086,-0.0686,0.0000,0,0
2026-08-25 17:08:52.589063,1388,franka,0.47723,0.11046,0.45285,-0.00000,-0.00000,0.00000,0.00000,24.00,0.00,1.00,0.2400,-0.0171,-0.0943,-0.0114,0,0
2026-08-25 17:08:52.640115,1389,franka,0.47723,0.11091,0.45285,-0.00000,0.02000,-0.00000,0.00000,24.00,0.00,1.00,0.4229,-0.0571,-0.1029,-0.0486,0,0
2026-08-25 17:08:52.693540,1390,franka,0.47722,0.11199,0.45289,-0.00000,0.02000,-0.00000,0.00000,24.00,0.00,1.00,0.5343,-0.0571,-0.1229,-0.0686,0,0
2026-08-25 17:08:52.747572,1391,franka,0.47722,0.11303,0.45288,-0.00000,0.02000,-0.00000,0.00000,24.00,0.00,1.00,0.6229,-0.0743,-0.1314,-0.0943,0,0
2026-08-25 17:08:52.801305,1392,franka,0.47723,0.11397,0.45289,0.00000,0.02000,-0.00000,0.00000,24.00,0.00,1.00,0.6657,-0.1086,-0.1057,-0.1000,0,0
2026-08-25 17:08:52.855027,1393,franka,0.47722,0.11501,0.45293,0.00000,0.02000,-0.00000,0.00000,24.00,0.00,1.00,0.6657,-0.1114,-0.0571,-0.1057,0,0
2026-08-25 17:08:52.908717,1394,franka,0.47722,0.11602,0.45288,0.00000,0.02000,-0.00000,0.00000,24.00,0.00,1.00,0.6486,-0.1229,0.0000,-0.1086,0,0
2026-08-25 17:08:52.962371,1395,franka,0.47724,0.11699,0.45290,-0.00000,0.02000,-0.00000,0.00000,24.00,0.00,1.00,0.5114,-0.1000,0.0000,-0.1114,0,0
2026-08-25 17:08:53.016680,1396,franka,0.47722,0.11804,0.45290,-0.00000,0.02000,-0.00000,0.00000,24.00,0.00,1.00,0.2686,0.0000,0.0000,-0.0371,0,0
2026-08-25 17:08:53.070226,1397,franka,0.47723,0.11904,0.45291,-0.00000,0.02000,-0.00000,0.00000,24.00,0.00,1.00,0.2543,0.0000,-0.0400,-0.0029,0,0
2026-08-25 17:08:53.123907,1398,franka,0.47723,0.12002,0.45290,0.00000,0.02000,-0.00000,0.00000,24.00,0.00,1.00,0.3029,0.0000,-0.0543,0.0000,0,0
2026-08-25 17:08:53.177772,1399,franka,0.47723,0.12105,0.45289,0.00000,0.02000,-0.00000,0.00000,24.00,0.00,1.00,0.4029,0.0000,-0.0743,0.0000,0,0
2026-08-25 17:08:53.231409,1400,franka,0.47723,0.12206,0.45290,0.00000,0.02000,-0.00000,0.00000,24.00,0.00,1.00,0.4886,0.0000,-0.0914,-0.0143,0,0
2026-08-25 17:08:53.285715,1401,franka,0.47723,0.12412,0.45289,0.00000,0.02000,-0.00000,0.00000,24.00,0.00,1.00,0.4914,0.0000,-0.0743,-0.0371,0,0
2026-08-25 17:08:53.339510,1402,franka,0.47723,0.12510,0.45290,0.00000,0.02000,-0.00000,0.00000,24.00,0.00,1.00,0.3943,-0.0114,-0.1057,-0.0571,0,0
2026-08-25 17:08:53.393586,1403,franka,0.47723,0.12612,0.45291,-0.00000,0.02000,-0.00000,0.00000,24.00,0.00,1.00,0.2000,-0.0200,0.0000,-0.0857,0,0
2026-08-25 17:08:53.447766,1404,franka,0.47722,0.12663,0.45292,-0.00000,0.00000,-0.00000,0.00000,24.00,0.00,1.00,0.0000,0.0000,0.0000,-0.0143,0,0
2026-08-25 17:08:53.501512,1405,franka,0.47724,0.12656,0.45291,-0.00000,0.00000,-0.00000,0.00000,24.00,0.00,1.00,0.0000,0.0000,0.0000,0.0000,0,0
2026-08-25 17:08:53.554974,1406,franka,0.47725,0.12652,0.45292,-0.00000,-0.00000,-0.00000,0.00000,24.00,0.00,1.00,0.0000,0.0000,0.0000,0.0000,0,0
2026-08-25 17:08:53.608430,1407,franka,0.47723,0.12660,0.45290,0.00000,-0.00000,-0.00000,0.00000,24.00,0.00,1.00,0.0000,0.0000,0.0000,0.0000,0,0
2026-08-25 17:08:53.662156,1408,franka,0.47724,0.12656,0.45290,0.00000,-0.00000,-0.00000,0.00000,24.00,0.00,1.00,0.0000,0.0000,0.0000,0.0000,0,0
2026-08-25 17:08:53.715937,1409,franka,0.47724,0.12656,0.45291,0.00000,-0.00000,-0.00000,0.00000,24.00,0.00,1.00,0.0000,0.0000,0.0000,0.0000,0,0
2026-08-25 17:08:53.769487,1410,franka,0.47723,0.12660,0.45290,0.00000,-0.00000,-0.00000,0.00000,24.00,0.00,1.00,0.0000,0.0000,0.0000,0.0000,0,0
2026-08-25 17:08:53.823615,1411,franka,0.47724,0.12656,0.45290,-0.00000,-0.00000,-0.00000,0.00000,24.00,0.00,1.00,0.0000,0.0000,0.0000,0.0000,0,0
2026-08-25 17:08:53.877294,1412,franka,0.47724,0.12658,0.45290,-0.00000,-0.00000,-0.00000,0.00000,24.00,0.00,1.00,0.0000,0.0000,0.0000,0.0000,0,0
2026-08-25 17:08:53.930813,1413,franka,0.47723,0.12658,0.45290,-0.00000,-0.00000,-0.00000,0.00000,24.00,0.00,1.00,0.0000,0.0000,0.0000,0.0000,0,0
2026-08-25 17:08:53.985509,1414,franka,0.47724,0.12657,0.45290,-0.00000,-0.00000,-0.00000,0.00000,24.00,0.00,1.00,0.0000,0.0000,0.0000,0.0000,0,0
2026-08-25 17:08:54.039476,1415,franka,0.47723,0.12658,0.45290,-0.00000,-0.00000,-0.00000,0.00000,24.00,0.00,1.00,0.0000,0.0000,0.0000,0.0000,1,0
2026-08-25 17:08:54.091125,1416,flowbot,0.47724,0.12657,0.45291,-0.00000,-0.00000,-0.00000,0.00000,24.00,0.00,1.00,0.0000,0.0000,0.0000,0.0000,1,0
2026-08-25 17:08:54.146136,1417,flowbot,0.47724,0.12657,0.45291,-0.00000,-0.00000,-0.00000,0.00000,24.00,0.00,1.00,0.0000,0.0000,0.0000,0.0000,1,0
2026-08-25 17:08:54.201431,1418,flowbot,0.47724,0.12657,0.45291,-0.00000,-0.00000,-0.00000,0.00000,24.00,0.00,1.00,0.0000,0.0000,0.0000,0.0000,1,0
2026-08-25 17:08:54.253889,1419,flowbot,0.47724,0.12657,0.45291,-0.00000,-0.00000,-0.00000,0.00000,24.00,0.00,1.00,0.0000,0.0000,0.0000,0.0000,1,0
2026-08-25 17:08:54.304177,1420,flowbot,0.47724,0.12657,0.45291,-0.00000,-0.00000,-0.00000,0.00000,24.00,0.00,1.00,0.0000,0.0000,0.0000,0.0000,1,0
2026-08-25 17:08:54.356906,1421,flowbot,0.47724,0.12657,0.45291,-0.00000,-0.00000,-0.00000,0.00000,24.00,0.00,1.00,0.0000,0.0000,0.0000,0.0000,1,0
2026-08-25 17:08:54.408621,1422,flowbot,0.47724,0.12657,0.45291,-0.00000,-0.00000,-0.00000,0.00000,24.00,0.00,1.00,0.0000,0.0000,0.0000,0.0000,1,0
2026-08-25 17:08:54.461443,1423,flowbot,0.47724,0.12657,0.45291,-0.00000,-0.00000,-0.00000,0.00000,24.00,0.00,1.00,0.0000,0.0000,0.0000,0.0000,1,0
2026-08-25 17:08:54.514327,1424,flowbot,0.47724,0.12657,0.45291,-0.00000,-0.00000,-0.00000,0.00000,24.00,0.00,1.00,0.0000,0.0000,0.0000,0.0000,0,0
2026-08-25 17:08:54.570498,1425,flowbot,0.47724,0.12657,0.45291,-0.00000,-0.00000,-0.00000,0.00000,24.00,0.00,1.00,0.0000,0.0000,0.0000,0.0000,0,0
2026-08-25 17:08:54.619524,1426,flowbot,0.47724,0.12657,0.45291,-0.00000,-0.00000,-0.00000,0.00000,24.00,0.00,1.00,0.0000,0.0000,0.0000,0.0000,0,0
2026-08-25 17:08:54.670536,1427,flowbot,0.47724,0.12657,0.45291,-0.00000,-0.00000,-0.00000,0.00000,24.00,0.00,1.00,0.0000,0.0000,0.0000,0.0000,0,0
2026-08-25 17:08:54.724803,1428,flowbot,0.47724,0.12657,0.45291,-0.00000,-0.00000,-0.00000,0.00000,24.00,0.00,1.00,0.0000,0.0000,0.0000,0.0000,0,0
2026-08-25 17:08:54.778509,1429,flowbot,0.47724,0.12657,0.45291,-0.00000,-0.00000,-0.00000,0.00000,24.00,0.00,1.00,0.0000,0.0000,0.0000,0.0000,0,0
2026-08-25 17:08:54.836064,1430,flowbot,0.47724,0.12657,0.45291,-0.00000,-0.00000,-0.00000,0.00000,24.00,0.00,1.00,0.0000,0.0000,0.0000,0.0000,0,0
2026-08-25 17:08:54.889226,1431,flowbot,0.47724,0.12657,0.45291,-0.00000,-0.00000,-0.00000,0.00000,24.00,0.00,1.00,0.0000,0.0000,0.0000,0.0000,0,0
2026-08-25 17:08:54.941601,1432,flowbot,0.47724,0.12657,0.45291,-0.00000,-0.00000,-0.00000,0.00000,24.00,0.00,1.00,0.0000,0.0000,0.0000,0.0000,0,0
2026-08-25 17:08:54.998832,1433,flowbot,0.47724,0.12657,0.45291,-0.00000,-0.00000,-0.00000,0.00000,24.00,0.00,1.00,0.0000,0.0000,0.0000,0.0000,0,0
2026-08-25 17:08:55.051711,1434,flowbot,0.47724,0.12657,0.45291,-0.00000,-0.00000,-0.00000,0.00000,24.00,0.00,1.00,0.0000,0.0000,0.0000,0.0000,0,0
2026-08-25 17:08:55.104190,1435,flowbot,0.47724,0.12657,0.45291,-0.00000,-0.00000,-0.00000,0.00000,24.00,0.00,1.00,0.0000,0.0000,0.0000,0.0000,0,0
2026-08-25 17:08:55.157598,1436,flowbot,0.47724,0.12657,0.45291,-0.00000,-0.00000,-0.00000,0.00000,24.00,0.00,1.00,0.0000,0.0000,0.0000,0.0000,0,0
2026-08-25 17:08:55.211641,1437,flowbot,0.47724,0.12657,0.45291,-0.00000,-0.00000,-0.00000,0.00000,24.00,0.00,1.00,0.0000,0.0000,0.0000,0.0000,0,0
2026-08-25 17:08:55.262522,1438,flowbot,0.47724,0.12657,0.45291,-0.00000,-0.00000,-0.00000,0.00000,24.00,0.00,1.00,0.0000,0.0000,0.0000,0.0000,0,0
2026-08-25 17:08:55.315409,1439,flowbot,0.47724,0.12657,0.45291,-0.00000,-0.00000,-0.00000,0.00000,24.00,0.00,1.00,0.0000,0.0000,0.0000,0.0000,0,0
2026-08-25 17:08:55.366093,1440,flowbot,0.47724,0.12657,0.45291,-0.00000,-0.00000,-0.00000,0.00000,24.00,0.00,1.00,0.0000,0.0000,0.0000,0.0000,0,0
2026-08-25 17:08:55.422072,1441,flowbot,0.47724,0.12657,0.45291,-0.00000,-0.00000,-0.00000,0.00000,24.00,0.00,1.00,0.0000,0.0000,0.0000,0.0000,0,0
2026-08-25 17:08:55.473850,1442,flowbot,0.47724,0.12657,0.45291,-0.00000,-0.00000,-0.00000,0.00000,24.00,0.00,1.00,0.0000,0.0000,0.0000,0.0000,0,0
2026-08-25 17:08:55.524879,1443,flowbot,0.47724,0.12657,0.45291,-0.00000,-0.00000,-0.00000,0.00000,24.00,0.00,1.00,0.0000,0.0000,0.0000,0.0000,0,0
2026-08-25 17:08:55.579291,1444,flowbot,0.47724,0.12657,0.45291,-0.00000,-0.00000,-0.00000,0.00000,24.00,0.00,1.00,0.0000,0.0000,0.0000,0.0000,0,0
2026-08-25 17:08:55.628280,1445,flowbot,0.47724,0.12657,0.45291,-0.00000,-0.00000,-0.00000,0.00000,24.00,0.00,1.00,0.0000,0.0000,0.0000,0.0000,0,0
2026-08-25 17:08:55.685047,1446,flowbot_release,0.47724,0.12657,0.45291,-0.00000,-0.00000,-0.00000,0.00000,24.00,0.00,1.00,0.0000,0.0000,0.0000,0.0000,0,0
2026-08-25 17:08:55.737245,1447,flowbot_release,0.47724,0.12657,0.45291,-0.00000,-0.00000,-0.00000,0.00000,24.00,0.00,1.00,0.0000,0.0000,0.0000,0.0000,0,0
2026-08-25 17:08:55.788861,1448,flowbot_release,0.47724,0.12657,0.45291,-0.00000,-0.00000,-0.00000,0.00000,24.00,0.00,1.00,0.0000,0.0000,0.0000,0.0000,0,0
2026-08-25 17:08:55.845434,1449,flowbot_release,0.47724,0.12657,0.45291,-0.00000,-0.00000,-0.00000,0.00000,24.00,0.00,1.00,0.0000,0.0000,0.0000,0.0000,1,1
2026-08-25 17:08:55.896382,1450,flowbot_release,0.47724,0.12657,0.45291,-0.00000,-0.00000,-0.00000,0.00000,24.00,0.00,1.00,0.0000,0.0000,0.0000,0.0000,1,1
2026-08-25 17:08:55.946352,1451,flowbot_release,0.47724,0.12657,0.45291,-0.00000,-0.00000,-0.00000,0.00000,24.00,0.00,1.00,0.0000,0.0000,0.0000,0.0000,1,1
2026-08-25 17:08:56.002450,1452,flowbot_release,0.47724,0.12657,0.45291,-0.00000,-0.00000,-0.00000,0.00000,24.00,0.00,1.00,0.0000,0.0000,0.0000,0.0000,1,1
2026-08-25 17:08:56.052278,1453,flowbot,0.47724,0.12657,0.45291,-0.00000,-0.00000,-0.00000,0.00000,24.00,0.00,1.00,0.0000,0.0000,0.0000,0.0000,1,1
2026-08-25 17:08:56.105342,1454,flowbot,0.47724,0.12657,0.45291,-0.00000,-0.00000,-0.00000,0.00000,24.00,0.00,1.00,0.0000,0.0000,0.0000,0.0000,1,1
2026-08-25 17:08:56.159113,1455,flowbot,0.47724,0.12657,0.45291,-0.00000,-0.00000,-0.00000,0.00000,24.00,0.00,1.00,0.0000,0.0000,0.0000,0.0000,1,1
2026-08-25 17:08:56.211397,1456,flowbot,0.47724,0.12657,0.45291,-0.00000,-0.00000,-0.00000,0.00000,24.00,0.00,1.00,0.0000,0.0000,0.0000,0.0000,1,1
2026-08-25 17:08:56.261354,1457,flowbot,0.47724,0.12657,0.45291,-0.00000,-0.00000,-0.00000,0.00000,24.00,0.00,1.00,0.0000,0.0000,0.0000,0.0000,0,0
2026-08-25 17:08:56.314180,1458,flowbot,0.47724,0.12657,0.45291,-0.00000,-0.00000,-0.00000,0.00000,24.00,0.00,1.00,0.0000,0.0000,0.0000,0.0000,0,0
2026-08-25 17:08:56.369802,1459,flowbot,0.47724,0.12657,0.45291,-0.00000,-0.00000,-0.00000,0.00000,24.00,0.00,1.00,0.0000,0.0000,0.0000,0.0000,0,0
2026-08-25 17:08:56.423196,1460,flowbot,0.47724,0.12657,0.45291,-0.00000,-0.00000,-0.00000,0.00000,24.00,0.00,1.00,0.0000,0.0000,0.0000,0.0000,0,0
2026-08-25 17:08:56.475480,1461,flowbot,0.47724,0.12657,0.45291,-0.00000,-0.00000,-0.00000,0.00000,24.00,0.00,1.00,0.0000,0.0000,0.0000,0.0000,0,0
2026-08-25 17:08:56.531035,1462,flowbot,0.47724,0.12657,0.45291,-0.00000,-0.00000,-0.00000,0.00000,24.00,0.00,1.00,0.0000,0.0000,0.0000,0.0000,0,0
2026-08-25 17:08:56.584161,1463,flowbot,0.47724,0.12657,0.45291,-0.00000,-0.00000,-0.00000,0.00000,24.00,0.00,1.00,0.0000,0.0000,0.0000,0.0000,0,0
2026-08-25 17:08:56.634217,1464,flowbot,0.47724,0.12657,0.45291,-0.00000,-0.00000,-0.00000,0.00000,24.00,0.00,1.00,0.0000,0.0000,0.0000,0.0000,0,0
2026-08-25 17:08:56.683336,1465,flowbot,0.47724,0.12657,0.45291,-0.00000,-0.00000,-0.00000,0.00000,24.00,0.00,1.00,0.0000,0.0000,0.0000,0.0000,0,0
2026-08-25 17:08:56.738874,1466,flowbot,0.47724,0.12657,0.45291,-0.00000,-0.00000,-0.00000,0.00000,24.00,0.00,1.00,0.0000,0.0000,0.0000,0.0000,0,0
2026-08-25 17:08:56.796765,1467,flowbot,0.47724,0.12657,0.45291,-0.00000,-0.00000,-0.00000,0.00000,24.00,0.00,1.00,0.0000,0.0000,0.0000,0.0000,0,0
2026-08-25 17:08:56.852704,1468,flowbot,0.47724,0.12657,0.45291,-0.00000,-0.00000,-0.00000,0.00000,24.00,0.00,1.00,0.0000,0.0000,0.0000,0.0000,0,0
2026-08-25 17:08:56.903357,1469,flowbot,0.47724,0.12657,0.45291,-0.00000,-0.00000,-0.00000,0.00000,24.00,0.00,1.00,0.0000,0.0000,0.0000,0.0000,0,0
2026-08-25 17:08:56.958976,1470,flowbot,0.47724,0.12657,0.45291,-0.00000,-0.00000,-0.00000,0.00000,24.00,0.00,1.00,0.0000,0.0000,0.0000,0.0000,0,0
2026-08-25 17:08:57.012450,1471,flowbot,0.47724,0.12657,0.45291,-0.00000,-0.00000,-0.00000,0.00000,24.00,0.00,1.00,0.0000,0.0000,0.0000,0.0000,0,0
2026-08-25 17:08:57.061341,1472,flowbot,0.47724,0.12657,0.45291,-0.00000,-0.00000,-0.00000,0.00000,24.00,0.00,1.00,0.0000,0.0000,0.0000,0.0000,0,0
2026-08-25 17:08:57.118899,1473,flowbot,0.47724,0.12657,0.45291,-0.00000,-0.00000,-0.00000,0.00000,24.00,0.00,1.00,0.0000,0.0000,0.0000,0.0000,0,0
2026-08-25 17:08:57.168498,1474,flowbot,0.47724,0.12657,0.45291,-0.00000,-0.00000,-0.00000,0.00000,24.00,0.00,1.00,0.0000,0.0000,0.0000,0.0000,0,0
2026-08-25 17:08:57.222394,1475,flowbot,0.47724,0.12657,0.45291,-0.00000,-0.00000,-0.00000,0.00000,24.00,0.00,1.00,0.0000,0.0000,0.0000,0.0000,0,0
2026-08-25 17:08:57.279397,1476,flowbot,0.47724,0.12657,0.45291,-0.00000,-0.00000,-0.00000,0.00000,24.00,0.00,1.00,0.0000,0.0000,0.0000,0.0000,0,0
2026-08-25 17:08:57.329491,1477,flowbot,0.47724,0.12657,0.45291,-0.00000,-0.00000,-0.00000,0.00000,24.00,0.00,1.00,0.0000,0.0000,0.0000,0.0000,0,0
2026-08-25 17:08:57.385534,1478,flowbot,0.47724,0.12657,0.45291,-0.00000,-0.00000,-0.00000,0.00000,24.00,0.00,1.00,0.0000,0.0000,0.0000,0.0000,0,0
2026-08-25 17:08:57.438301,1479,flowbot,0.47724,0.12657,0.45291,-0.00000,-0.00000,-0.00000,0.00000,24.00,0.00,1.00,0.0000,0.0000,0.0000,0.0000,0,0
2026-08-25 17:08:57.494998,1480,flowbot,0.47724,0.12657,0.45291,-0.00000,-0.00000,-0.00000,0.00000,24.00,0.00,1.00,0.0000,0.0000,0.0000,0.0000,0,0
2026-08-25 17:08:57.545920,1481,flowbot,0.47724,0.12657,0.45291,-0.00000,-0.00000,-0.00000,0.00000,24.00,0.00,1.00,0.0000,0.0000,0.0000,0.0000,0,0
2026-08-25 17:08:57.601841,1482,flowbot,0.47724,0.12657,0.45291,-0.00000,-0.00000,-0.00000,0.00000,24.00,0.00,1.00,0.0000,0.0000,0.0000,0.0000,0,0
2026-08-25 17:08:57.652549,1483,flowbot,0.47724,0.12657,0.45291,-0.00000,-0.00000,-0.00000,0.00000,24.00,0.00,1.00,0.0000,0.0000,0.0000,0.0000,0,0
2026-08-25 17:08:57.704219,1484,flowbot,0.47724,0.12657,0.45291,-0.00000,-0.00000,-0.00000,0.00000,24.00,0.00,1.00,0.0000,0.0000,0.0000,0.0000,0,0
2026-08-25 17:08:57.757072,1485,flowbot,0.47724,0.12657,0.45291,-0.00000,-0.00000,-0.00000,0.00000,24.00,0.00,1.00,0.0000,0.0000,0.0000,0.0000,0,0
2026-08-25 17:08:57.809792,1486,flowbot,0.47724,0.12657,0.45291,-0.00000,-0.00000,-0.00000,0.00000,24.00,0.00,1.00,0.0000,0.0000,0.0000,0.0000,0,0
2026-08-25 17:08:57.865149,1487,flowbot,0.47724,0.12657,0.45291,-0.00000,-0.00000,-0.00000,0.00000,24.00,0.00,1.00,0.0000,0.0000,0.0000,0.0000,0,0
2026-08-25 17:08:57.915751,1488,flowbot,0.47724,0.12657,0.45291,-0.00000,-0.00000,-0.00000,0.00000,24.00,0.00,1.00,0.0000,0.0000,0.0000,0.0000,0,0
2026-08-25 17:08:57.966914,1489,flowbot,0.47724,0.12657,0.45291,-0.00000,-0.00000,-0.00000,0.00000,24.00,0.00,1.00,0.0000,0.0000,0.0000,0.0000,0,0
2026-08-25 17:08:58.017402,1490,flowbot,0.47724,0.12657,0.45291,-0.00000,-0.00000,-0.00000,0.00000,24.00,0.00,1.00,0.0000,0.0000,0.0000,0.0000,0,0
2026-08-25 17:08:58.073254,1491,flowbot,0.47724,0.12657,0.45291,-0.00000,-0.00000,-0.00000,0.00000,24.00,0.00,1.00,0.0000,0.0000,0.0000,0.0000,0,0
2026-08-25 17:08:58.125844,1492,flowbot,0.47724,0.12657,0.45291,-0.00000,-0.00000,-0.00000,0.00000,24.00,0.00,1.00,0.0000,0.0000,0.0000,0.0000,0,0
2026-08-25 17:08:58.179398,1493,flowbot,0.47724,0.12657,0.45291,-0.00000,-0.00000,-0.00000,0.00000,24.00,0.00,1.00,0.0000,0.0000,0.0000,0.0000,0,0
2026-08-25 17:08:58.236127,1494,flowbot,0.47724,0.12657,0.45291,-0.00000,-0.00000,-0.00000,0.00000,23.00,0.00,0.00,0.0000,0.2943,-0.6743,0.0000,0,0
2026-08-25 17:08:58.289856,1495,flowbot,0.47724,0.12657,0.45291,-0.00000,-0.00000,-0.00000,0.00000,23.00,0.00,0.00,0.0000,0.2943,-0.6743,0.0000,0,0
2026-08-25 17:08:58.342469,1496,flowbot,0.47724,0.12657,0.45291,-0.00000,-0.00000,-0.00000,0.00000,23.00,0.00,0.00,0.0000,0.2943,-0.6743,0.0000,0,0
2026-08-25 17:08:58.392472,1497,flowbot,0.47724,0.12657,0.45291,-0.00000,-0.00000,-0.00000,0.00000,23.00,0.00,0.00,0.0000,0.2943,-0.6743,0.0000,0,0
2026-08-25 17:08:58.448239,1498,flowbot,0.47724,0.12657,0.45291,-0.00000,-0.00000,-0.00000,0.00000,23.00,0.00,0.00,0.0000,0.1200,-0.4514,0.0000,0,0
2026-08-25 17:08:58.499711,1499,flowbot,0.47724,0.12657,0.45291,-0.00000,-0.00000,-0.00000,0.00000,23.00,0.00,0.00,0.0000,0.1200,-0.4514,0.0000,0,0
2026-08-25 17:08:58.552206,1500,flowbot,0.47724,0.12657,0.45291,-0.00000,-0.00000,-0.00000,0.00000,23.00,0.00,0.00,0.0000,0.1200,-0.4514,0.0000,0,0
2026-08-25 17:08:58.605797,1501,flowbot,0.47724,0.12657,0.45291,-0.00000,-0.00000,-0.00000,0.00000,23.00,0.00,0.00,0.0000,0.0000,0.0000,0.0000,0,0
2026-08-25 17:08:58.660351,1502,flowbot,0.47724,0.12657,0.45291,-0.00000,-0.00000,-0.00000,0.00000,23.00,0.00,0.00,0.0000,0.0000,0.0000,0.0000,0,0
2026-08-25 17:08:58.712826,1503,flowbot,0.47724,0.12657,0.45291,-0.00000,-0.00000,-0.00000,0.00000,23.00,0.00,0.00,0.0000,0.0000,0.0000,0.0000,0,0
2026-08-25 17:08:58.764308,1504,flowbot,0.47724,0.12657,0.45291,-0.00000,-0.00000,-0.00000,0.00000,23.00,0.00,0.00,0.0000,0.0000,0.0000,0.0000,0,0
2026-08-25 17:08:58.818103,1505,flowbot,0.47724,0.12657,0.45291,-0.00000,-0.00000,-0.00000,0.00000,23.00,0.00,0.00,0.0000,0.0000,-0.3400,0.0000,0,0
2026-08-25 17:08:58.873553,1506,flowbot,0.47724,0.12657,0.45291,-0.00000,-0.00000,-0.00000,0.00000,23.00,0.00,0.00,0.0000,0.0000,-0.3400,0.0000,0,0
2026-08-25 17:08:58.928775,1507,flowbot,0.47724,0.12657,0.45291,-0.00000,-0.00000,-0.00000,0.00000,23.00,0.00,0.00,0.0000,0.0000,-0.3400,0.0000,0,0
2026-08-25 17:08:58.980368,1508,flowbot,0.47724,0.12657,0.45291,-0.00000,-0.00000,-0.00000,0.00000,23.00,0.00,0.00,0.0000,0.0000,-0.3400,0.0000,0,0
2026-08-25 17:08:59.030333,1509,flowbot,0.47724,0.12657,0.45291,-0.00000,-0.00000,-0.00000,0.00000,22.00,0.00,0.00,-0.4857,0.0000,0.0000,0.0000,0,0
2026-08-25 17:08:59.084064,1510,flowbot,0.47724,0.12657,0.45291,-0.00000,-0.00000,-0.00000,0.00000,22.00,0.00,0.00,-0.4857,0.0000,0.0000,0.0000,0,0
2026-08-25 17:08:59.139249,1511,flowbot,0.47724,0.12657,0.45291,-0.00000,-0.00000,-0.00000,0.00000,22.00,0.00,0.00,-0.4857,0.0000,0.0000,0.0000,0,0
2026-08-25 17:08:59.190974,1512,flowbot,0.47724,0.12657,0.45291,-0.00000,-0.00000,-0.00000,0.00000,22.00,0.00,0.00,-0.4857,0.0000,0.0000,0.0000,0,0
2026-08-25 17:08:59.245273,1513,flowbot,0.47724,0.12657,0.45291,-0.00000,-0.00000,-0.00000,0.00000,21.00,0.00,0.00,-0.7486,0.0000,0.0000,0.0000,0,0
2026-08-25 17:08:59.296551,1514,flowbot,0.47724,0.12657,0.45291,-0.00000,-0.00000,-0.00000,0.00000,21.00,0.00,0.00,-0.7486,0.0000,0.0000,0.0000,0,0
2026-08-25 17:08:59.352392,1515,flowbot,0.47724,0.12657,0.45291,-0.00000,-0.00000,-0.00000,0.00000,21.00,0.00,0.00,-0.7486,0.0000,0.0000,0.0000,0,0
2026-08-25 17:08:59.405043,1516,flowbot,0.47724,0.12657,0.45291,-0.00000,-0.00000,-0.00000,0.00000,21.00,0.00,0.00,-0.7486,0.0000,0.0000,0.0000,0,0
2026-08-25 17:08:59.455988,1517,flowbot,0.47724,0.12657,0.45291,-0.00000,-0.00000,-0.00000,0.00000,20.00,0.00,0.00,-0.8457,0.1486,0.0000,0.0000,0,0
2026-08-25 17:08:59.510130,1518,flowbot,0.47724,0.12657,0.45291,-0.00000,-0.00000,-0.00000,0.00000,20.00,0.00,0.00,-0.8457,0.1486,0.0000,0.0000,0,0
2026-08-25 17:08:59.561333,1519,flowbot,0.47724,0.12657,0.45291,-0.00000,-0.00000,-0.00000,0.00000,20.00,0.00,0.00,-0.8457,0.1486,0.0000,0.0000,0,0
2026-08-25 17:08:59.616069,1520,flowbot,0.47724,0.12657,0.45291,-0.00000,-0.00000,-0.00000,0.00000,20.00,0.00,0.00,-0.8457,0.1486,0.0000,0.0000,0,0
2026-08-25 17:08:59.667007,1521,flowbot,0.47724,0.12657,0.45291,-0.00000,-0.00000,-0.00000,0.00000,19.00,0.00,0.00,-0.7657,0.2514,0.0000,0.0000,0,0
2026-08-25 17:08:59.723304,1522,flowbot,0.47724,0.12657,0.45291,-0.00000,-0.00000,-0.00000,0.00000,19.00,0.00,0.00,-0.7657,0.2514,0.0000,0.0000,0,0
2026-08-25 17:08:59.776322,1523,flowbot,0.47724,0.12657,0.45291,-0.00000,-0.00000,-0.00000,0.00000,19.00,0.00,0.00,-0.7657,0.2514,0.0000,0.0000,0,0
2026-08-25 17:08:59.828942,1524,flowbot,0.47724,0.12657,0.45291,-0.00000,-0.00000,-0.00000,0.00000,19.00,0.00,0.00,-0.7657,0.2514,0.0000,0.0000,0,0
2026-08-25 17:08:59.878857,1525,flowbot,0.47724,0.12657,0.45291,-0.00000,-0.00000,-0.00000,0.00000,18.00,0.00,0.00,-0.8714,0.2257,0.0000,0.0000,0,0
2026-08-25 17:08:59.932701,1526,flowbot,0.47724,0.12657,0.45291,-0.00000,-0.00000,-0.00000,0.00000,18.00,0.00,0.00,-0.8714,0.2257,0.0000,0.0000,0,0
2026-08-25 17:08:59.986884,1527,flowbot,0.47724,0.12657,0.45291,-0.00000,-0.00000,-0.00000,0.00000,18.00,0.00,0.00,-0.8714,0.2257,0.0000,0.0000,0,0
2026-08-25 17:09:00.042146,1528,flowbot,0.47724,0.12657,0.45291,-0.00000,-0.00000,-0.00000,0.00000,18.00,0.00,0.00,-0.8714,0.2257,0.0000,0.0000,0,0
2026-08-25 17:09:00.092733,1529,flowbot,0.47724,0.12657,0.45291,-0.00000,-0.00000,-0.00000,0.00000,16.00,0.00,0.00,-0.8914,0.1800,0.0000,0.0000,0,0
2026-08-25 17:09:00.150170,1530,flowbot,0.47724,0.12657,0.45291,-0.00000,-0.00000,-0.00000,0.00000,16.00,0.00,0.00,-0.8914,0.1800,0.0000,0.0000,0,0
2026-08-25 17:09:00.204014,1531,flowbot,0.47724,0.12657,0.45291,-0.00000,-0.00000,-0.00000,0.00000,16.00,0.00,0.00,-0.8914,0.1800,0.0000,0.0000,0,0
2026-08-25 17:09:00.258897,1532,flowbot,0.47724,0.12657,0.45291,-0.00000,-0.00000,-0.00000,0.00000,16.00,0.00,0.00,-0.8914,0.1800,0.0000,0.0000,0,0
2026-08-25 17:09:00.317394,1533,flowbot,0.47724,0.12657,0.45291,-0.00000,-0.00000,-0.00000,0.00000,15.00,0.00,0.00,-0.8800,0.1571,0.0000,0.0000,0,0
2026-08-25 17:09:00.372630,1534,flowbot,0.47724,0.12657,0.45291,-0.00000,-0.00000,-0.00000,0.00000,15.00,0.00,0.00,-0.8800,0.1571,0.0000,0.0000,0,0
2026-08-25 17:09:00.420396,1535,flowbot,0.47724,0.12657,0.45291,-0.00000,-0.00000,-0.00000,0.00000,15.00,0.00,0.00,-0.8800,0.1571,0.0000,0.0000,0,0
2026-08-25 17:09:00.471602,1536,flowbot,0.47724,0.12657,0.45291,-0.00000,-0.00000,-0.00000,0.00000,15.00,0.00,0.00,-0.8800,0.1571,0.0000,0.0000,0,0
2026-08-25 17:09:00.525590,1537,flowbot,0.47724,0.12657,0.45291,-0.00000,-0.00000,-0.00000,0.00000,14.00,0.00,0.00,-0.8857,0.1429,0.0000,0.0000,0,0
2026-08-25 17:09:00.584565,1538,flowbot,0.47724,0.12657,0.45291,-0.00000,-0.00000,-0.00000,0.00000,14.00,0.00,0.00,-0.8857,0.1429,0.0000,0.0000,0,0
2026-08-25 17:09:00.636997,1539,flowbot,0.47724,0.12657,0.45291,-0.00000,-0.00000,-0.00000,0.00000,14.00,0.00,0.00,-0.8857,0.1429,0.0000,0.0000,0,0
2026-08-25 17:09:00.686770,1540,flowbot,0.47724,0.12657,0.45291,-0.00000,-0.00000,-0.00000,0.00000,14.00,0.00,0.00,-0.8857,0.1429,0.0000,0.0000,0,0
2026-08-25 17:09:00.745473,1541,flowbot,0.47724,0.12657,0.45291,-0.00000,-0.00000,-0.00000,0.00000,13.00,0.00,0.00,-0.8800,0.2086,0.0000,0.0000,0,0
2026-08-25 17:09:00.794691,1542,flowbot,0.47724,0.12657,0.45291,-0.00000,-0.00000,-0.00000,0.00000,13.00,0.00,0.00,-0.8800,0.2086,0.0000,0.0000,0,0
2026-08-25 17:09:00.848086,1543,flowbot,0.47724,0.12657,0.45291,-0.00000,-0.00000,-0.00000,0.00000,13.00,0.00,0.00,-0.8800,0.2086,0.0000,0.0000,0,0
2026-08-25 17:09:00.900118,1544,flowbot,0.47724,0.12657,0.45291,-0.00000,-0.00000,-0.00000,0.00000,12.00,0.00,0.00,-0.9086,0.1657,0.0000,0.0000,0,0
2026-08-25 17:09:00.954495,1545,flowbot,0.47724,0.12657,0.45291,-0.00000,-0.00000,-0.00000,0.00000,12.00,0.00,0.00,-0.9086,0.1657,0.0000,0.0000,0,0
2026-08-25 17:09:01.009839,1546,flowbot,0.47724,0.12657,0.45291,-0.00000,-0.00000,-0.00000,0.00000,12.00,0.00,0.00,-0.9086,0.1657,0.0000,0.0000,0,0
2026-08-25 17:09:01.062516,1547,flowbot,0.47724,0.12657,0.45291,-0.00000,-0.00000,-0.00000,0.00000,12.00,0.00,0.00,-0.9086,0.1657,0.0000,0.0000,0,0
2026-08-25 17:09:01.114701,1548,flowbot,0.47724,0.12657,0.45291,-0.00000,-0.00000,-0.00000,0.00000,11.00,0.00,0.00,-0.8943,0.1514,0.0000,0.0000,0,0
2026-08-25 17:09:01.169022,1549,flowbot,0.47724,0.12657,0.45291,-0.00000,-0.00000,-0.00000,0.00000,11.00,0.00,0.00,-0.8943,0.1514,0.0000,0.0000,0,0
2026-08-25 17:09:01.220248,1550,flowbot,0.47724,0.12657,0.45291,-0.00000,-0.00000,-0.00000,0.00000,11.00,0.00,0.00,-0.8943,0.1514,0.0000,0.0000,0,0
2026-08-25 17:09:01.276363,1551,flowbot,0.47724,0.12657,0.45291,-0.00000,-0.00000,-0.00000,0.00000,11.00,0.00,0.00,-0.8943,0.1514,0.0000,0.0000,0,0
2026-08-25 17:09:01.328336,1552,flowbot,0.47724,0.12657,0.45291,-0.00000,-0.00000,-0.00000,0.00000,9.00,0.00,0.00,-0.9371,0.1114,0.0000,0.0000,0,0
2026-08-25 17:09:01.387727,1553,flowbot,0.47724,0.12657,0.45291,-0.00000,-0.00000,-0.00000,0.00000,9.00,0.00,0.00,-0.9371,0.1114,0.0000,0.0000,0,0
2026-08-25 17:09:01.442165,1554,flowbot,0.47724,0.12657,0.45291,-0.00000,-0.00000,-0.00000,0.00000,9.00,0.00,0.00,-0.9371,0.1114,0.0000,0.0000,0,0
2026-08-25 17:09:01.495589,1555,flowbot,0.47724,0.12657,0.45291,-0.00000,-0.00000,-0.00000,0.00000,9.00,0.00,0.00,-0.9371,0.1114,0.0000,0.0000,0,0
2026-08-25 17:09:01.547816,1556,flowbot,0.47724,0.12657,0.45291,-0.00000,-0.00000,-0.00000,0.00000,8.00,0.00,0.00,-0.9400,0.0000,0.0000,0.0000,0,0
2026-08-25 17:09:01.605041,1557,flowbot,0.47724,0.12657,0.45291,-0.00000,-0.00000,-0.00000,0.00000,8.00,0.00,0.00,-0.9400,0.0000,0.0000,0.0000,0,0
2026-08-25 17:09:01.660461,1558,flowbot,0.47724,0.12657,0.45291,-0.00000,-0.00000,-0.00000,0.00000,8.00,0.00,0.00,-0.9400,0.0000,0.0000,0.0000,0,0
2026-08-25 17:09:01.710068,1559,flowbot,0.47724,0.12657,0.45291,-0.00000,-0.00000,-0.00000,0.00000,8.00,0.00,0.00,-0.9400,0.0000,0.0000,0.0000,0,0
2026-08-25 17:09:01.760799,1560,flowbot,0.47724,0.12657,0.45291,-0.00000,-0.00000,-0.00000,0.00000,7.00,0.00,0.00,-0.9600,0.0000,0.0000,0.0000,0,0
2026-08-25 17:09:01.816384,1561,flowbot,0.47724,0.12657,0.45291,-0.00000,-0.00000,-0.00000,0.00000,7.00,0.00,0.00,-0.9600,0.0000,0.0000,0.0000,0,0
2026-08-25 17:09:01.868994,1562,flowbot,0.47724,0.12657,0.45291,-0.00000,-0.00000,-0.00000,0.00000,7.00,0.00,0.00,-0.9600,0.0000,0.0000,0.0000,0,0
2026-08-25 17:09:01.924416,1563,flowbot,0.47724,0.12657,0.45291,-0.00000,-0.00000,-0.00000,0.00000,7.00,0.00,0.00,-0.9600,0.0000,0.0000,0.0000,0,0
2026-08-25 17:09:01.973340,1564,flowbot,0.47724,0.12657,0.45291,-0.00000,-0.00000,-0.00000,0.00000,6.00,0.00,0.00,-0.9400,0.0000,0.0000,0.0000,0,0
2026-08-25 17:09:02.029159,1565,flowbot,0.47724,0.12657,0.45291,-0.00000,-0.00000,-0.00000,0.00000,6.00,0.00,0.00,-0.9400,0.0000,0.0000,0.0000,0,0
2026-08-25 17:09:02.078541,1566,flowbot,0.47724,0.12657,0.45291,-0.00000,-0.00000,-0.00000,0.00000,6.00,0.00,0.00,-0.9400,0.0000,0.0000,0.0000,0,0
2026-08-25 17:09:02.135438,1567,flowbot,0.47724,0.12657,0.45291,-0.00000,-0.00000,-0.00000,0.00000,6.00,0.00,0.00,-0.9400,0.0000,0.0000,0.0000,0,0
2026-08-25 17:09:02.186431,1568,flowbot,0.47724,0.12657,0.45291,-0.00000,-0.00000,-0.00000,0.00000,5.00,0.00,0.00,-0.8943,0.0000,0.0000,0.0000,0,0
2026-08-25 17:09:02.240611,1569,flowbot,0.47724,0.12657,0.45291,-0.00000,-0.00000,-0.00000,0.00000,5.00,0.00,0.00,-0.8943,0.0000,0.0000,0.0000,0,0
2026-08-25 17:09:02.291204,1570,flowbot,0.47724,0.12657,0.45291,-0.00000,-0.00000,-0.00000,0.00000,5.00,0.00,0.00,-0.8943,0.0000,0.0000,0.0000,0,0
2026-08-25 17:09:02.344853,1571,flowbot,0.47724,0.12657,0.45291,-0.00000,-0.00000,-0.00000,0.00000,5.00,0.00,0.00,-0.8943,0.0000,0.0000,0.0000,0,0
2026-08-25 17:09:02.395709,1572,flowbot,0.47724,0.12657,0.45291,-0.00000,-0.00000,-0.00000,0.00000,4.00,0.00,0.00,-0.8857,0.0000,0.0000,0.0000,0,0
2026-08-25 17:09:02.450658,1573,flowbot,0.47724,0.12657,0.45291,-0.00000,-0.00000,-0.00000,0.00000,4.00,0.00,0.00,-0.8857,0.0000,0.0000,0.0000,0,0
2026-08-25 17:09:02.504634,1574,flowbot,0.47724,0.12657,0.45291,-0.00000,-0.00000,-0.00000,0.00000,4.00,0.00,0.00,-0.8857,0.0000,0.0000,0.0000,0,0
2026-08-25 17:09:02.556848,1575,flowbot,0.47724,0.12657,0.45291,-0.00000,-0.00000,-0.00000,0.00000,4.00,0.00,0.00,-0.8857,0.0000,0.0000,0.0000,0,0
2026-08-25 17:09:02.614152,1576,flowbot,0.47724,0.12657,0.45291,-0.00000,-0.00000,-0.00000,0.00000,3.00,0.00,0.00,-0.8857,0.0000,0.0000,0.0000,0,0
2026-08-25 17:09:02.664444,1577,flowbot,0.47724,0.12657,0.45291,-0.00000,-0.00000,-0.00000,0.00000,3.00,0.00,0.00,-0.8857,0.0000,0.0000,0.0000,0,0
2026-08-25 17:09:02.716527,1578,flowbot,0.47724,0.12657,0.45291,-0.00000,-0.00000,-0.00000,0.00000,3.00,0.00,0.00,-0.8857,0.0000,0.0000,0.0000,0,0
2026-08-25 17:09:02.770093,1579,flowbot,0.47724,0.12657,0.45291,-0.00000,-0.00000,-0.00000,0.00000,3.00,0.00,0.00,-0.8857,0.0000,0.0000,0.0000,0,0
2026-08-25 17:09:02.829208,1580,flowbot,0.47724,0.12657,0.45291,-0.00000,-0.00000,-0.00000,0.00000,2.00,0.00,0.00,-0.8743,0.0000,0.0000,0.0000,0,0
2026-08-25 17:09:02.875256,1581,flowbot,0.47724,0.12657,0.45291,-0.00000,-0.00000,-0.00000,0.00000,2.00,0.00,0.00,-0.8743,0.0000,0.0000,0.0000,0,0
2026-08-25 17:09:02.934091,1582,flowbot,0.47724,0.12657,0.45291,-0.00000,-0.00000,-0.00000,0.00000,2.00,0.00,0.00,-0.8743,0.0000,0.0000,0.0000,0,0
2026-08-25 17:09:02.985537,1583,flowbot,0.47724,0.12657,0.45291,-0.00000,-0.00000,-0.00000,0.00000,2.00,0.00,0.00,-0.8743,0.0000,0.0000,0.0000,0,0
2026-08-25 17:09:03.035044,1584,flowbot,0.47724,0.12657,0.45291,-0.00000,-0.00000,-0.00000,0.00000,1.00,0.00,0.00,-0.8514,0.0000,0.0000,0.0000,0,0
2026-08-25 17:09:03.090371,1585,flowbot,0.47724,0.12657,0.45291,-0.00000,-0.00000,-0.00000,0.00000,1.00,0.00,0.00,-0.8514,0.0000,0.0000,0.0000,0,0
2026-08-25 17:09:03.142164,1586,flowbot,0.47724,0.12657,0.45291,-0.00000,-0.00000,-0.00000,0.00000,1.00,0.00,0.00,-0.8514,0.0000,0.0000,0.0000,0,0
2026-08-25 17:09:03.196496,1587,flowbot,0.47724,0.12657,0.45291,-0.00000,-0.00000,-0.00000,0.00000,1.00,0.00,0.00,-0.8514,0.0000,0.0000,0.0000,0,0
2026-08-25 17:09:03.246464,1588,flowbot,0.47724,0.12657,0.45291,-0.00000,-0.00000,-0.00000,0.00000,0.00,0.00,0.00,-0.8571,0.1000,0.0000,0.0000,0,0
2026-08-25 17:09:03.301227,1589,flowbot,0.47724,0.12657,0.45291,-0.00000,-0.00000,-0.00000,0.00000,0.00,0.00,0.00,-0.8571,0.1000,0.0000,0.0000,0,0
2026-08-25 17:09:03.355918,1590,flowbot,0.47724,0.12657,0.45291,-0.00000,-0.00000,-0.00000,0.00000,0.00,0.00,0.00,-0.8571,0.1000,0.0000,0.0000,0,0
2026-08-25 17:09:03.408922,1591,flowbot,0.47724,0.12657,0.45291,-0.00000,-0.00000,-0.00000,0.00000,0.00,0.00,0.00,-0.8571,0.1000,0.0000,0.0000,0,0
2026-08-25 17:09:03.459133,1592,flowbot,0.47724,0.12657,0.45291,-0.00000,-0.00000,-0.00000,0.00000,0.00,0.00,0.00,-0.7286,0.1086,0.0000,0.0000,0,0
2026-08-25 17:09:03.515632,1593,flowbot,0.47724,0.12657,0.45291,-0.00000,-0.00000,-0.00000,0.00000,0.00,0.00,0.00,-0.7286,0.1086,0.0000,0.0000,0,0
2026-08-25 17:09:03.573141,1594,flowbot,0.47724,0.12657,0.45291,-0.00000,-0.00000,-0.00000,0.00000,0.00,0.00,0.00,-0.7286,0.1086,0.0000,0.0000,0,0
2026-08-25 17:09:03.624669,1595,flowbot,0.47724,0.12657,0.45291,-0.00000,-0.00000,-0.00000,0.00000,0.00,0.00,0.00,-0.7286,0.1086,0.0000,0.0000,0,0
2026-08-25 17:09:03.680618,1596,flowbot,0.47724,0.12657,0.45291,-0.00000,-0.00000,-0.00000,0.00000,0.00,0.00,0.00,-0.1886,0.0000,-0.9314,0.0000,0,0
2026-08-25 17:09:03.727925,1597,flowbot,0.47724,0.12657,0.45291,-0.00000,-0.00000,-0.00000,0.00000,0.00,0.00,0.00,-0.1886,0.0000,-0.9314,0.0000,0,0
2026-08-25 17:09:03.778377,1598,flowbot,0.47724,0.12657,0.45291,-0.00000,-0.00000,-0.00000,0.00000,0.00,0.00,0.00,-0.1886,0.0000,-0.9314,0.0000,0,0
2026-08-25 17:09:03.830652,1599,flowbot,0.47724,0.12657,0.45291,-0.00000,-0.00000,-0.00000,0.00000,0.00,0.00,0.00,-0.1886,0.0000,-0.9314,0.0000,0,0
2026-08-25 17:09:03.882333,1600,flowbot,0.47724,0.12657,0.45291,-0.00000,-0.00000,-0.00000,0.00000,0.00,0.00,0.00,0.0000,0.0000,-1.0457,0.0000,0,0
2026-08-25 17:09:03.937681,1601,flowbot,0.47724,0.12657,0.45291,-0.00000,-0.00000,-0.00000,0.00000,0.00,0.00,0.00,0.0000,0.0000,-1.0457,0.0000,0,0
2026-08-25 17:09:03.987043,1602,flowbot,0.47724,0.12657,0.45291,-0.00000,-0.00000,-0.00000,0.00000,0.00,0.00,0.00,0.0000,0.0000,-1.0457,0.0000,0,0
2026-08-25 17:09:04.042814,1603,flowbot,0.47724,0.12657,0.45291,-0.00000,-0.00000,-0.00000,0.00000,0.00,0.00,0.00,0.0000,0.0000,-1.0457,0.0000,0,0
2026-08-25 17:09:04.098045,1604,flowbot,0.47724,0.12657,0.45291,-0.00000,-0.00000,-0.00000,0.00000,0.00,0.00,0.00,0.0000,0.0000,-0.5971,0.0000,0,0
2026-08-25 17:09:04.146195,1605,flowbot,0.47724,0.12657,0.45291,-0.00000,-0.00000,-0.00000,0.00000,0.00,0.00,0.00,0.0000,0.0000,-0.5971,0.0000,0,0
2026-08-25 17:09:04.200226,1606,flowbot,0.47724,0.12657,0.45291,-0.00000,-0.00000,-0.00000,0.00000,0.00,0.00,0.00,0.0000,0.0000,-0.5971,0.0000,0,0
2026-08-25 17:09:04.257689,1607,flowbot,0.47724,0.12657,0.45291,-0.00000,-0.00000,-0.00000,0.00000,0.00,0.00,0.00,0.0000,0.0000,-0.5971,0.0000,0,0
2026-08-25 17:09:04.316068,1608,flowbot,0.47724,0.12657,0.45291,-0.00000,-0.00000,-0.00000,0.00000,0.00,0.00,0.00,0.0000,0.0000,-0.3971,0.0000,0,0
2026-08-25 17:09:04.376127,1609,flowbot,0.47724,0.12657,0.45291,-0.00000,-0.00000,-0.00000,0.00000,0.00,0.00,0.00,0.0000,0.0000,-0.3971,0.0000,0,0
2026-08-25 17:09:04.427950,1610,flowbot,0.47724,0.12657,0.45291,-0.00000,-0.00000,-0.00000,0.00000,0.00,0.00,0.00,0.0000,0.0000,-0.3971,0.0000,0,0
2026-08-25 17:09:04.481333,1611,flowbot,0.47724,0.12657,0.45291,-0.00000,-0.00000,-0.00000,0.00000,0.00,0.00,0.00,0.0000,0.0000,-0.3971,0.0000,0,0
2026-08-25 17:09:04.534004,1612,flowbot,0.47724,0.12657,0.45291,-0.00000,-0.00000,-0.00000,0.00000,0.00,0.00,0.00,0.0000,0.0000,-0.9000,0.0000,0,0
2026-08-25 17:09:04.587310,1613,flowbot,0.47724,0.12657,0.45291,-0.00000,-0.00000,-0.00000,0.00000,0.00,0.00,0.00,0.0000,0.0000,-0.9000,0.0000,0,0
2026-08-25 17:09:04.641682,1614,flowbot,0.47724,0.12657,0.45291,-0.00000,-0.00000,-0.00000,0.00000,0.00,0.00,0.00,0.0000,0.0000,-0.9000,0.0000,0,0
2026-08-25 17:09:04.689424,1615,flowbot,0.47724,0.12657,0.45291,-0.00000,-0.00000,-0.00000,0.00000,0.00,0.00,0.00,0.0000,0.0000,-0.9000,0.0000,0,0
2026-08-25 17:09:04.741029,1616,flowbot,0.47724,0.12657,0.45291,-0.00000,-0.00000,-0.00000,0.00000,0.00,0.00,0.00,0.0000,0.0000,-0.1943,0.0000,0,0
2026-08-25 17:09:04.793069,1617,flowbot,0.47724,0.12657,0.45291,-0.00000,-0.00000,-0.00000,0.00000,0.00,0.00,0.00,0.0000,0.0000,-0.1943,0.0000,0,0
2026-08-25 17:09:04.842700,1618,flowbot,0.47724,0.12657,0.45291,-0.00000,-0.00000,-0.00000,0.00000,0.00,0.00,0.00,0.0000,0.0000,-0.1943,0.0000,0,0
2026-08-25 17:09:04.893717,1619,flowbot,0.47724,0.12657,0.45291,-0.00000,-0.00000,-0.00000,0.00000,0.00,0.00,0.00,0.0000,0.0000,-0.1943,0.0000,0,0
2026-08-25 17:09:04.945775,1620,flowbot,0.47724,0.12657,0.45291,-0.00000,-0.00000,-0.00000,0.00000,0.00,0.00,0.00,0.0000,0.0000,-0.6914,0.0000,0,0
2026-08-25 17:09:05.001730,1621,flowbot,0.47724,0.12657,0.45291,-0.00000,-0.00000,-0.00000,0.00000,0.00,0.00,0.00,0.0000,0.0000,-0.6914,0.0000,0,0
2026-08-25 17:09:05.054106,1622,flowbot,0.47724,0.12657,0.45291,-0.00000,-0.00000,-0.00000,0.00000,0.00,0.00,0.00,0.0000,0.0000,-0.6914,0.0000,0,0
2026-08-25 17:09:05.110455,1623,flowbot,0.47724,0.12657,0.45291,-0.00000,-0.00000,-0.00000,0.00000,0.00,0.00,0.00,0.0000,0.0000,-0.6914,0.0000,0,0
2026-08-25 17:09:05.169657,1624,flowbot,0.47724,0.12657,0.45291,-0.00000,-0.00000,-0.00000,0.00000,0.00,0.00,0.00,-0.7286,0.0000,0.0000,0.0000,0,0
2026-08-25 17:09:05.225993,1625,flowbot,0.47724,0.12657,0.45291,-0.00000,-0.00000,-0.00000,0.00000,0.00,0.00,0.00,-0.7286,0.0000,0.0000,0.0000,0,0
2026-08-25 17:09:05.269510,1626,flowbot,0.47724,0.12657,0.45291,-0.00000,-0.00000,-0.00000,0.00000,0.00,0.00,0.00,-0.7286,0.0000,0.0000,0.0000,0,0
2026-08-25 17:09:05.322623,1627,flowbot,0.47724,0.12657,0.45291,-0.00000,-0.00000,-0.00000,0.00000,0.00,0.00,0.00,-0.7286,0.0000,0.0000,0.0000,0,0
2026-08-25 17:09:05.374773,1628,flowbot,0.47724,0.12657,0.45291,-0.00000,-0.00000,-0.00000,0.00000,0.00,0.00,0.00,-0.9600,0.0000,0.0000,0.0000,0,0
2026-08-25 17:09:05.433852,1629,flowbot,0.47724,0.12657,0.45291,-0.00000,-0.00000,-0.00000,0.00000,0.00,0.00,0.00,-0.9600,0.0000,0.0000,0.0000,0,0
2026-08-25 17:09:05.489246,1630,flowbot,0.47724,0.12657,0.45291,-0.00000,-0.00000,-0.00000,0.00000,0.00,0.00,0.00,-0.9600,0.0000,0.0000,0.0000,0,0
2026-08-25 17:09:05.542627,1631,flowbot,0.47724,0.12657,0.45291,-0.00000,-0.00000,-0.00000,0.00000,0.00,0.00,0.00,-0.9600,0.0000,0.0000,0.0000,0,0
2026-08-25 17:09:05.601112,1632,flowbot,0.47724,0.12657,0.45291,-0.00000,-0.00000,-0.00000,0.00000,0.00,0.00,0.00,-0.5714,0.0000,0.0000,0.0000,0,0
2026-08-25 17:09:05.648790,1633,flowbot,0.47724,0.12657,0.45291,-0.00000,-0.00000,-0.00000,0.00000,0.00,0.00,0.00,-0.5714,0.0000,0.0000,0.0000,0,0
2026-08-25 17:09:05.701189,1634,flowbot,0.47724,0.12657,0.45291,-0.00000,-0.00000,-0.00000,0.00000,0.00,0.00,0.00,-0.5714,0.0000,0.0000,0.0000,0,0
2026-08-25 17:09:05.753959,1635,flowbot,0.47724,0.12657,0.45291,-0.00000,-0.00000,-0.00000,0.00000,0.00,0.00,0.00,-0.5714,0.0000,0.0000,0.0000,0,0
2026-08-25 17:09:05.806463,1636,flowbot,0.47724,0.12657,0.45291,-0.00000,-0.00000,-0.00000,0.00000,0.00,0.00,0.00,0.0000,0.0000,0.0000,0.0000,0,0
2026-08-25 17:09:05.862310,1637,flowbot,0.47724,0.12657,0.45291,-0.00000,-0.00000,-0.00000,0.00000,0.00,0.00,0.00,0.0000,0.0000,0.0000,0.0000,0,0
2026-08-25 17:09:05.915193,1638,flowbot,0.47724,0.12657,0.45291,-0.00000,-0.00000,-0.00000,0.00000,0.00,0.00,0.00,0.0000,0.0000,0.0000,0.0000,0,0
2026-08-25 17:09:05.969662,1639,flowbot,0.47724,0.12657,0.45291,-0.00000,-0.00000,-0.00000,0.00000,0.00,0.00,0.00,0.0000,0.0000,0.0000,0.0000,0,0
2026-08-25 17:09:06.029072,1640,flowbot,0.47724,0.12657,0.45291,-0.00000,-0.00000,-0.00000,0.00000,0.00,0.00,0.00,0.0000,0.0000,-1.1086,0.0000,0,0
2026-08-25 17:09:06.072197,1641,flowbot,0.47724,0.12657,0.45291,-0.00000,-0.00000,-0.00000,0.00000,0.00,0.00,0.00,0.0000,0.0000,-1.1086,0.0000,0,0
2026-08-25 17:09:06.125847,1642,flowbot,0.47724,0.12657,0.45291,-0.00000,-0.00000,-0.00000,0.00000,0.00,0.00,0.00,0.0000,0.0000,-1.1086,0.0000,0,0
2026-08-25 17:09:06.178095,1643,flowbot,0.47724,0.12657,0.45291,-0.00000,-0.00000,-0.00000,0.00000,0.00,0.00,0.00,0.0000,0.0000,-1.1086,0.0000,0,0
2026-08-25 17:09:06.229057,1644,flowbot,0.47724,0.12657,0.45291,-0.00000,-0.00000,-0.00000,0.00000,0.00,0.00,0.00,0.0000,0.0000,-0.6429,0.0000,0,0
2026-08-25 17:09:06.283587,1645,flowbot,0.47724,0.12657,0.45291,-0.00000,-0.00000,-0.00000,0.00000,0.00,0.00,0.00,0.0000,0.0000,-0.6429,0.0000,0,0
2026-08-25 17:09:06.339572,1646,flowbot,0.47724,0.12657,0.45291,-0.00000,-0.00000,-0.00000,0.00000,0.00,0.00,0.00,0.0000,0.0000,-0.6429,0.0000,0,0
2026-08-25 17:09:06.389215,1647,flowbot,0.47724,0.12657,0.45291,-0.00000,-0.00000,-0.00000,0.00000,0.00,0.00,0.00,0.0000,0.0000,-0.6429,0.0000,0,0
2026-08-25 17:09:06.438979,1648,flowbot,0.47724,0.12657,0.45291,-0.00000,-0.00000,-0.00000,0.00000,0.00,0.00,0.00,0.0000,-0.1057,-0.7971,0.0000,0,0
2026-08-25 17:09:06.494287,1649,flowbot,0.47724,0.12657,0.45291,-0.00000,-0.00000,-0.00000,0.00000,0.00,0.00,0.00,0.0000,-0.1057,-0.7971,0.0000,0,0
2026-08-25 17:09:06.549196,1650,flowbot,0.47724,0.12657,0.45291,-0.00000,-0.00000,-0.00000,0.00000,0.00,0.00,0.00,0.0000,-0.1057,-0.7971,0.0000,0,0
2026-08-25 17:09:06.601009,1651,flowbot,0.47724,0.12657,0.45291,-0.00000,-0.00000,-0.00000,0.00000,0.00,0.00,0.00,0.0000,-0.1057,-0.7971,0.0000,0,0
2026-08-25 17:09:06.649889,1652,flowbot,0.47724,0.12657,0.45291,-0.00000,-0.00000,-0.00000,0.00000,0.00,0.00,0.00,0.0000,0.0000,0.0000,0.0000,0,0
2026-08-25 17:09:06.706623,1653,flowbot,0.47724,0.12657,0.45291,-0.00000,-0.00000,-0.00000,0.00000,0.00,0.00,0.00,0.0000,0.0000,0.0000,0.0000,0,0
2026-08-25 17:09:06.759700,1654,flowbot,0.47724,0.12657,0.45291,-0.00000,-0.00000,-0.00000,0.00000,0.00,0.00,0.00,0.0000,0.0000,0.0000,0.0000,0,0
2026-08-25 17:09:06.809670,1655,flowbot,0.47724,0.12657,0.45291,-0.00000,-0.00000,-0.00000,0.00000,0.00,0.00,0.00,0.0000,0.0000,0.0000,0.0000,0,0
2026-08-25 17:09:06.860723,1656,flowbot,0.47724,0.12657,0.45291,-0.00000,-0.00000,-0.00000,0.00000,0.00,0.00,0.00,-0.6286,0.0000,0.2886,0.0000,0,0
2026-08-25 17:09:06.912953,1657,flowbot,0.47724,0.12657,0.45291,-0.00000,-0.00000,-0.00000,0.00000,0.00,0.00,0.00,-0.6286,0.0000,0.2886,0.0000,0,0
2026-08-25 17:09:06.971420,1658,flowbot,0.47724,0.12657,0.45291,-0.00000,-0.00000,-0.00000,0.00000,0.00,0.00,0.00,-0.6286,0.0000,0.2886,0.0000,0,0
2026-08-25 17:09:07.021836,1659,flowbot,0.47724,0.12657,0.45291,-0.00000,-0.00000,-0.00000,0.00000,0.00,0.00,0.00,-0.6286,0.0000,0.2886,0.0000,0,0
2026-08-25 17:09:07.074492,1660,flowbot,0.47724,0.12657,0.45291,-0.00000,-0.00000,-0.00000,0.00000,0.00,0.00,0.00,-0.9857,0.0000,0.3829,0.0000,0,0
2026-08-25 17:09:07.128491,1661,flowbot,0.47724,0.12657,0.45291,-0.00000,-0.00000,-0.00000,0.00000,0.00,0.00,0.00,-0.9857,0.0000,0.3829,0.0000,0,0
2026-08-25 17:09:07.179487,1662,flowbot,0.47724,0.12657,0.45291,-0.00000,-0.00000,-0.00000,0.00000,0.00,0.00,0.00,-0.9857,0.0000,0.3829,0.0000,0,0
2026-08-25 17:09:07.234231,1663,flowbot,0.47724,0.12657,0.45291,-0.00000,-0.00000,-0.00000,0.00000,0.00,0.00,0.00,-0.9857,0.0000,0.3829,0.0000,0,0
2026-08-25 17:09:07.284103,1664,flowbot,0.47724,0.12657,0.45291,-0.00000,-0.00000,-0.00000,0.00000,0.00,0.00,0.00,0.0000,0.0000,0.0000,0.0000,0,0
2026-08-25 17:09:07.337761,1665,flowbot,0.47724,0.12657,0.45291,-0.00000,-0.00000,-0.00000,0.00000,0.00,0.00,0.00,0.0000,0.0000,0.0000,0.0000,0,0
2026-08-25 17:09:07.394370,1666,flowbot,0.47724,0.12657,0.45291,-0.00000,-0.00000,-0.00000,0.00000,0.00,0.00,0.00,0.0000,0.0000,0.0000,0.0000,0,0
2026-08-25 17:09:07.444592,1667,flowbot,0.47724,0.12657,0.45291,-0.00000,-0.00000,-0.00000,0.00000,0.00,0.00,0.00,0.0000,0.0000,0.0000,0.0000,0,0
2026-08-25 17:09:07.493544,1668,flowbot,0.47724,0.12657,0.45291,-0.00000,-0.00000,-0.00000,0.00000,0.00,0.00,0.00,0.0000,0.0000,-1.0286,0.0000,0,0
2026-08-25 17:09:07.551362,1669,flowbot,0.47724,0.12657,0.45291,-0.00000,-0.00000,-0.00000,0.00000,0.00,0.00,0.00,0.0000,0.0000,-1.0286,0.0000,0,0
2026-08-25 17:09:07.603332,1670,flowbot,0.47724,0.12657,0.45291,-0.00000,-0.00000,-0.00000,0.00000,0.00,0.00,0.00,0.0000,0.0000,-1.0286,0.0000,0,0
2026-08-25 17:09:07.657658,1671,flowbot,0.47724,0.12657,0.45291,-0.00000,-0.00000,-0.00000,0.00000,0.00,0.00,0.00,0.0000,0.0000,-1.0286,0.0000,0,0
2026-08-25 17:09:07.717332,1672,flowbot,0.47724,0.12657,0.45291,-0.00000,-0.00000,-0.00000,0.00000,0.00,0.00,0.00,0.0000,0.0000,-0.3086,0.0000,0,0
2026-08-25 17:09:07.764164,1673,flowbot,0.47724,0.12657,0.45291,-0.00000,-0.00000,-0.00000,0.00000,0.00,0.00,0.00,0.0000,0.0000,-0.3086,0.0000,0,0
2026-08-25 17:09:07.821067,1674,flowbot,0.47724,0.12657,0.45291,-0.00000,-0.00000,-0.00000,0.00000,0.00,0.00,0.00,0.0000,0.0000,-0.3086,0.0000,0,0
2026-08-25 17:09:07.874454,1675,flowbot,0.47724,0.12657,0.45291,-0.00000,-0.00000,-0.00000,0.00000,0.00,0.00,0.00,0.0000,0.0000,-0.3086,0.0000,0,0
2026-08-25 17:09:07.925616,1676,flowbot,0.47724,0.12657,0.45291,-0.00000,-0.00000,-0.00000,0.00000,0.00,0.00,0.00,0.0000,0.0000,0.0000,0.0000,0,0
2026-08-25 17:09:07.978092,1677,flowbot,0.47724,0.12657,0.45291,-0.00000,-0.00000,-0.00000,0.00000,0.00,0.00,0.00,0.0000,0.0000,0.0000,0.0000,0,0
2026-08-25 17:09:08.029578,1678,flowbot,0.47724,0.12657,0.45291,-0.00000,-0.00000,-0.00000,0.00000,0.00,0.00,0.00,0.0000,0.0000,0.0000,0.0000,0,0
2026-08-25 17:09:08.083827,1679,flowbot,0.47724,0.12657,0.45291,-0.00000,-0.00000,-0.00000,0.00000,0.00,0.00,0.00,0.0000,0.0000,0.0000,0.0000,0,0
2026-08-25 17:09:08.134975,1680,flowbot,0.47724,0.12657,0.45291,-0.00000,-0.00000,-0.00000,0.00000,0.00,0.00,0.00,0.0000,0.0000,0.0000,0.0000,0,0
2026-08-25 17:09:08.185383,1681,flowbot,0.47724,0.12657,0.45291,-0.00000,-0.00000,-0.00000,0.00000,0.00,0.00,0.00,0.0000,0.0000,0.0000,0.0000,0,0
2026-08-25 17:09:08.239930,1682,flowbot,0.47724,0.12657,0.45291,-0.00000,-0.00000,-0.00000,0.00000,0.00,0.00,0.00,0.0000,0.0000,0.0000,0.0000,0,0
2026-08-25 17:09:08.293866,1683,flowbot,0.47724,0.12657,0.45291,-0.00000,-0.00000,-0.00000,0.00000,0.00,0.00,0.00,0.0000,0.0000,0.0000,0.0000,0,0
2026-08-25 17:09:08.354470,1684,flowbot,0.47724,0.12657,0.45291,-0.00000,-0.00000,-0.00000,0.00000,0.00,0.00,0.00,0.0000,0.0000,0.0000,0.0000,0,0
2026-08-25 17:09:08.411156,1685,flowbot,0.47724,0.12657,0.45291,-0.00000,-0.00000,-0.00000,0.00000,0.00,0.00,0.00,0.0000,0.0000,0.0000,0.0000,0,0
2026-08-25 17:09:08.462820,1686,flowbot,0.47724,0.12657,0.45291,-0.00000,-0.00000,-0.00000,0.00000,0.00,0.00,0.00,0.0000,0.0000,0.0000,0.0000,0,0
2026-08-25 17:09:08.522897,1687,flowbot,0.47724,0.12657,0.45291,-0.00000,-0.00000,-0.00000,0.00000,0.00,0.00,0.00,0.0000,0.0000,0.0000,0.0000,0,0
2026-08-25 17:09:08.578797,1688,flowbot,0.47724,0.12657,0.45291,-0.00000,-0.00000,-0.00000,0.00000,0.00,0.00,0.00,0.0000,0.0000,0.0000,0.0000,0,0
2026-08-25 17:09:08.634134,1689,flowbot,0.47724,0.12657,0.45291,-0.00000,-0.00000,-0.00000,0.00000,0.00,0.00,0.00,0.0000,0.0000,0.0000,0.0000,0,0
2026-08-25 17:09:08.688129,1690,flowbot,0.47724,0.12657,0.45291,-0.00000,-0.00000,-0.00000,0.00000,0.00,0.00,0.00,0.0000,0.0000,0.0000,0.0000,1,0
2026-08-25 17:09:08.737680,1691,franka,0.47723,0.12658,0.45290,-0.00000,-0.00000,-0.00000,0.00000,0.00,0.00,0.00,0.0000,0.0000,0.0000,0.0000,0,0
2026-08-25 17:09:08.791455,1692,franka,0.47724,0.12654,0.45292,0.00000,0.00000,0.00000,0.00000,0.00,0.00,0.00,0.0000,0.0000,0.0000,0.0000,0,0
2026-08-25 17:09:08.845472,1693,franka,0.47724,0.12654,0.45292,0.00000,0.00000,0.00000,0.00000,0.00,0.00,0.00,0.0000,0.0000,0.0000,0.0000,0,0
2026-08-25 17:09:08.899089,1694,franka,0.47724,0.12654,0.45292,0.00000,0.00000,0.00000,0.00000,0.00,0.00,0.00,0.0000,0.0000,0.0000,0.0000,0,0
2026-08-25 17:09:08.952674,1695,franka,0.47724,0.12654,0.45292,0.00000,0.00000,0.00000,0.00000,0.00,0.00,0.00,0.0000,0.0000,0.0000,0.0000,0,0
2026-08-25 17:09:09.006321,1696,franka,0.47724,0.12654,0.45292,0.00000,0.00000,0.00000,0.00000,0.00,0.00,0.00,0.0000,0.0000,0.0000,0.0000,0,0
2026-08-25 17:09:09.060521,1697,franka,0.47724,0.12654,0.45292,0.00000,0.00000,0.00000,0.00000,0.00,0.00,0.00,0.0000,0.0000,0.0000,0.0000,0,0
2026-08-25 17:09:09.114272,1698,franka,0.47724,0.12654,0.45292,0.00000,0.00000,0.00000,0.00000,0.00,0.00,0.00,0.0000,0.0000,0.0000,0.0000,0,0
2026-08-25 17:09:09.167984,1699,franka,0.47724,0.12654,0.45292,0.00000,0.00000,0.00000,0.00000,0.00,0.00,0.00,0.0000,0.0000,0.0000,0.0000,0,0
2026-08-25 17:09:09.221672,1700,franka,0.47724,0.12654,0.45292,0.00000,0.00000,0.00000,0.00000,0.00,0.00,0.00,-0.0114,0.0000,0.0000,0.0000,0,0
2026-08-25 17:09:09.275335,1701,franka,0.47724,0.12654,0.45293,0.00000,0.00000,0.00000,0.00000,0.00,0.00,0.00,0.0000,0.0000,0.0000,0.0000,0,0
2026-08-25 17:09:09.329050,1702,franka,0.47724,0.12654,0.45292,0.00000,0.00000,0.00000,0.00000,0.00,0.00,0.00,0.0000,0.0000,0.0000,0.0000,0,0
2026-08-25 17:09:09.383490,1703,franka,0.47724,0.12654,0.45292,0.00000,0.00000,0.00000,0.00000,0.00,0.00,0.00,0.0000,0.0000,0.0000,0.0000,0,0
2026-08-25 17:09:09.437193,1704,franka,0.47724,0.12654,0.45292,0.00000,0.00000,0.00000,0.00000,0.00,0.00,0.00,0.0000,0.0000,0.0000,0.0000,0,0
2026-08-25 17:09:09.490731,1705,franka,0.47724,0.12654,0.45293,0.00000,0.00000,0.00000,0.00000,0.00,0.00,0.00,0.0000,0.0000,0.0000,0.0000,0,0
2026-08-25 17:09:09.544306,1706,franka,0.47724,0.12654,0.45293,0.00000,0.00000,0.00000,0.00000,0.00,0.00,0.00,0.0000,0.0000,0.0000,0.0000,0,0
2026-08-25 17:09:09.598183,1707,franka,0.47724,0.12654,0.45292,0.00000,0.00000,0.00000,0.00000,0.00,0.00,0.00,-0.1286,0.0000,0.0000,0.0000,0,0
2026-08-25 17:09:09.651764,1708,franka,0.47725,0.12632,0.45295,0.00000,-0.01717,0.00000,0.00000,0.00,0.00,0.00,-0.4200,0.0000,0.0000,0.0000,0,0
2026-08-25 17:09:09.705945,1709,franka,0.47721,0.12509,0.45290,0.00000,-0.03000,0.00000,0.00000,0.00,0.00,0.00,-0.5943,0.0000,-0.0600,0.0029,0,0
2026-08-25 17:09:09.761138,1710,franka,0.47727,0.12341,0.45295,0.00000,-0.03000,0.00000,0.00000,0.00,0.00,0.00,-0.7086,0.0000,-0.1029,0.0286,0,0
2026-08-25 17:09:09.814824,1711,franka,0.47725,0.12196,0.45295,0.00000,-0.03000,0.00000,0.00000,0.00,0.00,0.00,-0.6657,0.0000,-0.0971,0.0000,0,0
2026-08-25 17:09:09.868782,1712,franka,0.47724,0.12048,0.45290,0.00000,-0.03000,0.00000,0.00000,0.00,0.00,0.00,-0.6600,0.0000,-0.1086,0.0000,0,0
2026-08-25 17:09:09.922312,1713,franka,0.47726,0.11892,0.45294,0.00000,-0.03000,0.00000,0.00000,0.00,0.00,0.00,-0.6571,0.0000,-0.1143,0.0000,0,0
2026-08-25 17:09:09.975882,1714,franka,0.47725,0.11746,0.45295,0.00000,-0.03000,0.00000,0.00000,0.00,0.00,0.00,-0.6600,0.0000,-0.1057,0.0000,0,0
2026-08-25 17:09:10.029553,1715,franka,0.47725,0.11593,0.45294,0.00000,-0.03000,0.00000,0.00000,0.00,0.00,0.00,-0.6343,0.0000,-0.1057,0.0000,0,0
2026-08-25 17:09:10.083267,1716,franka,0.47726,0.11438,0.45294,0.00000,-0.03000,0.00000,0.00000,0.00,0.00,0.00,-0.6200,0.0143,-0.1086,0.0000,0,0
2026-08-25 17:09:10.137519,1717,franka,0.47725,0.11142,0.45295,0.00000,-0.03000,0.00000,0.00000,0.00,0.00,0.00,-0.6286,0.0257,-0.1229,0.0000,0,0
2026-08-25 17:09:10.191383,1718,franka,0.47726,0.10988,0.45293,0.00000,-0.03000,0.00000,0.00000,0.00,0.00,0.00,-0.6200,0.0257,-0.1171,0.0000,0,0
2026-08-25 17:09:10.245848,1719,franka,0.47725,0.10837,0.45292,0.00000,-0.03000,0.00000,0.00000,0.00,0.00,0.00,-0.6286,0.0371,-0.1114,0.0000,0,0
2026-08-25 17:09:10.299637,1720,franka,0.47725,0.10686,0.45293,0.00000,-0.03000,0.00000,0.00000,0.00,0.00,0.00,-0.6286,0.0343,-0.1086,0.0000,0,0
2026-08-25 17:09:10.353349,1721,franka,0.47724,0.10537,0.45292,0.00000,-0.03000,0.00000,0.00000,0.00,0.00,0.00,-0.5943,0.0286,-0.0971,0.0000,0,0
2026-08-25 17:09:10.406931,1722,franka,0.47724,0.10389,0.45291,0.00000,-0.03000,0.00000,0.00000,0.00,0.00,0.00,-0.5514,0.0429,-0.0971,0.0000,0,0
2026-08-25 17:09:10.461776,1723,franka,0.47725,0.10229,0.45293,0.00000,-0.03000,0.00000,0.00000,0.00,0.00,0.00,-0.5171,0.0429,-0.1000,0.0000,0,0
2026-08-25 17:09:10.515489,1724,franka,0.47725,0.10077,0.45293,0.00000,-0.03000,0.00000,0.00000,0.00,0.00,0.00,-0.5086,0.0600,-0.0971,0.0000,0,0
2026-08-25 17:09:10.569089,1725,franka,0.47725,0.09929,0.45293,0.00000,-0.03000,0.00000,0.00000,0.00,0.00,0.00,-0.4943,0.0600,-0.1029,0.0000,0,0
2026-08-25 17:09:10.623165,1726,franka,0.47725,0.09779,0.45294,0.00000,-0.03000,0.00000,0.00000,0.00,0.00,0.00,-0.4800,0.0657,-0.1057,0.0000,0,0
2026-08-25 17:09:10.676907,1727,franka,0.47725,0.09626,0.45294,0.00000,-0.03000,0.00000,0.00000,0.00,0.00,0.00,-0.4800,0.0571,-0.0971,0.0000,0,0
2026-08-25 17:09:10.730534,1728,franka,0.47725,0.09472,0.45293,0.00000,-0.03000,0.00000,0.00000,0.00,0.00,0.00,-0.4800,0.0629,-0.1086,0.0000,0,0
2026-08-25 17:09:10.784120,1729,franka,0.47725,0.09323,0.45293,0.00000,-0.03000,0.00000,0.00000,0.00,0.00,0.00,-0.4686,0.0657,-0.1086,0.0000,0,0
2026-08-25 17:09:10.837807,1730,franka,0.47724,0.09171,0.45294,0.00000,-0.03000,0.00000,0.00000,0.00,0.00,0.00,-0.4686,0.0800,-0.1257,0.0000,0,0
2026-08-25 17:09:10.891979,1731,franka,0.47725,0.09020,0.45293,0.00000,-0.03000,0.00000,0.00000,0.00,0.00,0.00,-0.4800,0.0771,-0.1257,0.0000,0,0
2026-08-25 17:09:10.945969,1732,franka,0.47724,0.08714,0.45292,0.00000,-0.03000,0.00000,0.00000,0.00,0.00,0.00,-0.4686,0.0771,-0.1143,0.0000,0,0
2026-08-25 17:09:10.999988,1733,franka,0.47724,0.08561,0.45293,0.00000,-0.03000,0.00000,0.00000,0.00,0.00,0.00,-0.4629,0.0771,-0.1143,0.0000,0,0
2026-08-25 17:09:11.054367,1734,franka,0.47725,0.08411,0.45292,0.00000,-0.03000,0.00000,0.00000,0.00,0.00,0.00,-0.4800,0.0829,-0.1200,0.0000,0,0
2026-08-25 17:09:11.108415,1735,franka,0.47725,0.08257,0.45292,0.00000,-0.03000,0.00000,0.00000,0.00,0.00,0.00,-0.4629,0.0771,-0.1200,0.0000,0,0
2026-08-25 17:09:11.162148,1736,franka,0.47725,0.08108,0.45293,0.00000,-0.03000,0.00000,0.00000,0.00,0.00,0.00,-0.4457,0.0771,-0.1171,0.0000,0,0
2026-08-25 17:09:11.215788,1737,franka,0.47725,0.07958,0.45293,0.00000,-0.03000,0.00000,0.00000,0.00,0.00,0.00,-0.4543,0.0686,-0.1343,0.0000,0,0
2026-08-25 17:09:11.269699,1738,franka,0.47725,0.07808,0.45293,0.00000,-0.03000,0.00000,0.00000,0.00,0.00,0.00,-0.4514,0.0771,-0.1429,0.0000,0,0
2026-08-25 17:09:11.323156,1739,franka,0.47725,0.07657,0.45293,0.00000,-0.03000,0.00000,0.00000,0.00,0.00,0.00,-0.4657,0.0743,-0.1229,0.0000,0,0
2026-08-25 17:09:11.376698,1740,franka,0.47725,0.07505,0.45294,0.00000,-0.03000,0.00000,0.00000,0.00,0.00,0.00,-0.4629,0.0743,-0.1143,0.0000,0,0
2026-08-25 17:09:11.430370,1741,franka,0.47725,0.07353,0.45294,0.00000,-0.03000,0.00000,0.00000,0.00,0.00,0.00,-0.4629,0.0743,-0.1114,0.0000,0,0
2026-08-25 17:09:11.484062,1742,franka,0.47725,0.07202,0.45294,0.00000,-0.03000,0.00000,0.00000,0.00,0.00,0.00,-0.4600,0.0686,-0.0971,0.0000,0,0
2026-08-25 17:09:11.538085,1743,franka,0.47725,0.07052,0.45294,0.00000,-0.03000,0.00000,0.00000,0.00,0.00,0.00,-0.4486,0.0514,-0.0886,0.0000,0,0
2026-08-25 17:09:11.592698,1744,franka,0.47725,0.06899,0.45294,0.00000,-0.03000,0.00000,0.00000,0.00,0.00,0.00,-0.4514,0.0514,-0.0914,0.0000,0,0
2026-08-25 17:09:11.646212,1745,franka,0.47725,0.06750,0.45294,0.00000,-0.03000,0.00000,0.00000,0.00,0.00,0.00,-0.4543,0.0600,-0.1000,0.0000,0,0
2026-08-25 17:09:11.699958,1746,franka,0.47725,0.06594,0.45293,0.00000,-0.03000,0.00000,0.00000,0.00,0.00,0.00,-0.4743,0.0743,-0.1114,0.0000,0,0
2026-08-25 17:09:11.753674,1747,franka,0.47725,0.06290,0.45292,0.00000,-0.03000,0.00000,0.00000,0.00,0.00,0.00,-0.5143,0.0857,-0.1229,0.0000,0,0
2026-08-25 17:09:11.807240,1748,franka,0.47724,0.06141,0.45292,0.00000,-0.03000,0.00000,0.00000,0.00,0.00,0.00,-0.5114,0.0914,-0.1171,0.0000,0,0
2026-08-25 17:09:11.860785,1749,franka,0.47724,0.05987,0.45291,0.00000,-0.03000,0.00000,0.00000,0.00,0.00,0.00,-0.5086,0.0886,-0.1114,0.0000,0,0
2026-08-25 17:09:11.914392,1750,franka,0.47724,0.05837,0.45291,0.00000,-0.03000,0.00000,0.00000,0.00,0.00,0.00,-0.5114,0.0914,-0.1000,0.0000,0,0
2026-08-25 17:09:11.968521,1751,franka,0.47725,0.05684,0.45291,0.00000,-0.03000,0.00000,0.00000,0.00,0.00,0.00,-0.5171,0.0886,-0.0857,0.0000,0,0
2026-08-25 17:09:12.022609,1752,franka,0.47725,0.05532,0.45291,0.00000,-0.03000,0.00000,0.00000,0.00,0.00,0.00,-0.5171,0.0886,-0.0800,0.0000,0,0
2026-08-25 17:09:12.077464,1753,franka,0.47725,0.05382,0.45292,0.00000,-0.03000,0.00000,0.00000,0.00,0.00,0.00,-0.5257,0.0886,-0.0686,0.0000,0,0
2026-08-25 17:09:12.131257,1754,franka,0.47725,0.05231,0.45292,0.00000,-0.03000,0.00000,0.00000,0.00,0.00,0.00,-0.5543,0.0914,-0.0543,0.0000,0,0
2026-08-25 17:09:12.185522,1755,franka,0.47725,0.05078,0.45292,0.00000,-0.03000,0.00000,0.00000,0.00,0.00,0.00,-0.5686,0.0943,-0.0486,0.0000,0,0
2026-08-25 17:09:12.239264,1756,franka,0.47725,0.04929,0.45292,0.00000,-0.03000,0.00000,0.00000,0.00,0.00,0.00,-0.5714,0.1029,-0.0486,0.0000,0,0
2026-08-25 17:09:12.293053,1757,franka,0.47725,0.04776,0.45292,0.00000,-0.03000,0.00000,0.00000,0.00,0.00,0.00,-0.5743,0.1057,-0.0486,0.0000,0,0
2026-08-25 17:09:12.346550,1758,franka,0.47725,0.04622,0.45292,0.00000,-0.03000,0.00000,0.00000,0.00,0.00,0.00,-0.5829,0.1114,-0.0486,0.0000,0,0
2026-08-25 17:09:12.400199,1759,franka,0.47725,0.04472,0.45293,0.00000,-0.03000,0.00000,0.00000,0.00,0.00,0.00,-0.5771,0.1114,-0.0486,0.0000,0,0
2026-08-25 17:09:12.454017,1760,franka,0.47725,0.04323,0.45293,0.00000,-0.03000,0.00000,0.00000,0.00,0.00,0.00,-0.5714,0.1086,-0.0514,0.0000,0,0
2026-08-25 17:09:12.508127,1761,franka,0.47725,0.04170,0.45293,0.00000,-0.03000,0.00000,0.00000,0.00,0.00,0.00,-0.5714,0.1114,-0.0486,0.0000,0,0
2026-08-25 17:09:12.561900,1762,franka,0.47725,0.03865,0.45293,0.00000,-0.03000,0.00000,0.00000,0.00,0.00,0.00,-0.5600,0.1057,-0.0429,0.0000,0,0
2026-08-25 17:09:12.615653,1763,franka,0.47725,0.03717,0.45293,0.00000,-0.03000,0.00000,0.00000,0.00,0.00,0.00,-0.5600,0.1057,-0.0457,0.0000,0,0
2026-08-25 17:09:12.669936,1764,franka,0.47725,0.03564,0.45293,0.00000,-0.03000,0.00000,0.00000,0.00,0.00,0.00,-0.5514,0.1029,-0.0429,0.0000,0,0
2026-08-25 17:09:12.723566,1765,franka,0.47725,0.03410,0.45293,0.00000,-0.03000,0.00000,0.00000,0.00,0.00,0.00,-0.5486,0.1029,-0.0486,0.0000,0,0
2026-08-25 17:09:12.777388,1766,franka,0.47725,0.03260,0.45293,0.00000,-0.03000,0.00000,0.00000,0.00,0.00,0.00,-0.5514,0.1029,-0.0429,0.0000,0,0
2026-08-25 17:09:12.831027,1767,franka,0.47725,0.03108,0.45292,0.00000,-0.03000,0.00000,0.00000,0.00,0.00,0.00,-0.5429,0.1057,-0.0457,0.0000,0,0
2026-08-25 17:09:12.884746,1768,franka,0.47725,0.02955,0.45293,0.00000,-0.03000,0.00000,0.00000,0.00,0.00,0.00,-0.5429,0.1057,-0.0486,0.0000,0,0
2026-08-25 17:09:12.938838,1769,franka,0.47725,0.02805,0.45292,0.00000,-0.03000,0.00000,0.00000,0.00,0.00,0.00,-0.5457,0.1057,-0.0514,0.0000,0,0
2026-08-25 17:09:12.992578,1770,franka,0.47725,0.02653,0.45292,0.00000,-0.03000,0.00000,0.00000,0.00,0.00,0.00,-0.5429,0.1114,-0.0543,0.0000,0,0
2026-08-25 17:09:13.046975,1771,franka,0.47725,0.02501,0.45292,0.00000,-0.03000,0.00000,0.00000,0.00,0.00,0.00,-0.5457,0.1086,-0.0514,0.0000,0,0
2026-08-25 17:09:13.100894,1772,franka,0.47724,0.02352,0.45292,0.00000,-0.03000,0.00000,0.00000,0.00,0.00,0.00,-0.5429,0.1086,-0.0514,0.0000,0,0
2026-08-25 17:09:13.154645,1773,franka,0.47725,0.02198,0.45292,0.00000,-0.03000,0.00000,0.00000,0.00,0.00,0.00,-0.5400,0.1029,-0.0400,0.0000,0,0
2026-08-25 17:09:13.209853,1774,franka,0.47724,0.02048,0.45292,0.00000,-0.03000,0.00000,0.00000,0.00,0.00,0.00,-0.5400,0.1000,-0.0314,0.0000,0,0
2026-08-25 17:09:13.258948,1775,franka,0.47724,0.01895,0.45291,0.00000,-0.03000,0.00000,0.00000,0.00,0.00,0.00,-0.5486,0.1057,-0.0257,0.0000,0,0
2026-08-25 17:09:13.312890,1776,franka,0.47724,0.01746,0.45292,0.00000,-0.03000,0.00000,0.00000,0.00,0.00,0.00,-0.5457,0.1114,-0.0314,0.0000,0,0
2026-08-25 17:09:13.366781,1777,franka,0.47724,0.01596,0.45291,0.00000,-0.03000,0.00000,0.00000,0.00,0.00,0.00,-0.5457,0.1229,-0.0286,-0.0057,0,0
2026-08-25 17:09:13.420756,1778,franka,0.47724,0.01292,0.45291,0.00000,-0.03000,0.00000,0.00000,0.00,0.00,0.00,-0.5714,0.1229,-0.0286,-0.0086,0,0
2026-08-25 17:09:13.474235,1779,franka,0.47724,0.01143,0.45291,0.00000,-0.03000,0.00000,0.00000,0.00,0.00,0.00,-0.5829,0.1257,-0.0257,-0.0114,0,0
2026-08-25 17:09:13.527757,1780,franka,0.47724,0.00990,0.45291,0.00000,-0.03000,0.00000,0.00000,0.00,0.00,0.00,-0.5771,0.1371,-0.0257,-0.0257,0,0
2026-08-25 17:09:13.581373,1781,franka,0.47724,0.00839,0.45291,0.00000,-0.03000,0.00000,0.00000,0.00,0.00,0.00,-0.5629,0.1229,-0.0229,-0.0229,0,0
2026-08-25 17:09:13.635009,1782,franka,0.47724,0.00689,0.45291,0.00000,-0.03000,0.00000,0.00000,0.00,0.00,0.00,-0.5171,0.1029,-0.0171,-0.0229,0,0
2026-08-25 17:09:13.688592,1783,franka,0.47724,0.00537,0.45291,0.00000,-0.03000,0.00000,0.00000,0.00,0.00,0.00,-0.5229,0.1086,-0.0114,-0.0257,0,0
2026-08-25 17:09:13.742210,1784,franka,0.47724,0.00384,0.45291,0.00000,-0.03000,0.00000,0.00000,0.00,0.00,0.00,-0.5314,0.1057,-0.0057,-0.0257,0,0
2026-08-25 17:09:13.795755,1785,franka,0.47724,0.00233,0.45290,0.00000,-0.03000,0.00000,0.00000,0.00,0.00,0.00,-0.5200,0.1086,0.0000,-0.0286,0,0
2026-08-25 17:09:13.849301,1786,franka,0.47724,0.00083,0.45291,0.00000,-0.03000,0.00000,0.00000,0.00,0.00,0.00,-0.5286,0.1057,-0.0029,-0.0286,0,0
2026-08-25 17:09:13.902737,1787,franka,0.47724,-0.00069,0.45291,0.00000,-0.03000,0.00000,0.00000,0.00,0.00,0.00,-0.5343,0.1200,0.0000,-0.0314,0,0
2026-08-25 17:09:13.957097,1788,franka,0.47724,-0.00222,0.45291,0.00000,-0.03000,0.00000,0.00000,0.00,0.00,0.00,-0.5343,0.1343,-0.0029,-0.0486,0,0
2026-08-25 17:09:14.011495,1789,franka,0.47724,-0.00373,0.45291,0.00000,-0.03000,0.00000,0.00000,0.00,0.00,0.00,-0.5600,0.1514,-0.0143,-0.0571,0,0
2026-08-25 17:09:14.065481,1790,franka,0.47724,-0.00523,0.45291,0.00000,-0.03000,0.00000,0.00000,0.00,0.00,0.00,-0.5514,0.1457,-0.0200,-0.0600,0,0
2026-08-25 17:09:14.119481,1791,franka,0.47723,-0.00675,0.45291,0.00000,-0.03000,0.00000,0.00000,0.00,0.00,0.00,-0.5429,0.1486,-0.0286,-0.0600,0,0
2026-08-25 17:09:14.172924,1792,franka,0.47722,-0.00828,0.45291,0.00000,-0.03000,0.00000,0.00000,0.00,0.00,0.00,-0.5343,0.1429,-0.0314,-0.0600,0,0
2026-08-25 17:09:14.226646,1793,franka,0.47722,-0.00979,0.45291,0.00000,-0.03000,0.00000,0.00000,0.00,0.00,0.00,-0.5400,0.1429,-0.0429,-0.0629,0,0
2026-08-25 17:09:14.280426,1794,franka,0.47721,-0.01281,0.45291,0.00000,-0.03000,0.00000,0.00000,0.00,0.00,0.00,-0.5429,0.1543,-0.0514,-0.0686,0,0
2026-08-25 17:09:14.334127,1795,franka,0.47721,-0.01433,0.45291,0.00000,-0.03000,0.00000,0.00000,0.00,0.00,0.00,-0.5200,0.1543,-0.0457,-0.0686,0,0
2026-08-25 17:09:14.387878,1796,franka,0.47721,-0.01585,0.45291,0.00000,-0.03000,0.00000,0.00000,0.00,0.00,0.00,-0.4171,0.1286,-0.0229,-0.0771,0,0
2026-08-25 17:09:14.442414,1797,franka,0.47721,-0.01738,0.45291,0.00000,-0.03000,0.00000,0.00000,0.00,0.00,0.00,-0.3114,0.1086,0.0000,-0.0857,0,0
2026-08-25 17:09:14.496010,1798,franka,0.47721,-0.01886,0.45291,0.00000,-0.02645,0.00000,0.00000,0.00,0.00,0.00,-0.0771,0.0657,0.0000,-0.0686,0,0
2026-08-25 17:09:14.549459,1799,franka,0.47721,-0.01952,0.45290,0.00000,-0.00001,0.00000,0.00000,0.00,0.00,0.00,0.0000,0.0000,0.0000,0.0000,0,0
2026-08-25 17:09:14.603625,1800,franka,0.47722,-0.01946,0.45291,0.00000,-0.00000,0.00000,0.00000,0.00,0.00,0.00,0.0000,0.0000,0.0000,0.0000,0,0
2026-08-25 17:09:14.657139,1801,franka,0.47722,-0.01940,0.45291,0.00000,-0.00000,0.00000,0.00000,0.00,0.00,0.00,0.0000,0.0000,0.0000,0.0000,0,0
2026-08-25 17:09:14.710673,1802,franka,0.47722,-0.01949,0.45290,0.00000,-0.00000,0.00000,0.00000,0.00,0.00,0.00,-0.0571,0.0000,-0.0229,0.0000,0,0
2026-08-25 17:09:14.764220,1803,franka,0.47722,-0.01945,0.45292,0.00000,-0.00000,0.00000,0.00000,0.00,0.00,0.00,-0.0800,0.0000,-0.3029,0.0000,0,0
2026-08-25 17:09:14.817854,1804,franka,0.47723,-0.01946,0.45280,0.00000,-0.00000,-0.01392,0.00000,0.00,0.00,0.00,-0.1571,0.0000,-0.5400,0.0000,0,0
2026-08-25 17:09:14.871480,1805,franka,0.47723,-0.01952,0.45154,0.00000,-0.00000,-0.03000,0.00000,0.00,0.00,0.00,-0.0600,0.0000,-0.7229,0.0000,0,0
2026-08-25 17:09:14.925029,1806,franka,0.47725,-0.01948,0.44999,0.00000,-0.00000,-0.03000,0.00000,0.00,0.00,0.00,-0.0600,0.0000,-0.7743,0.0000,0,0
2026-08-25 17:09:14.978524,1807,franka,0.47725,-0.01950,0.44847,0.00000,-0.00000,-0.03000,0.00000,0.00,0.00,0.00,-0.0114,0.0000,-0.9086,0.0000,0,0
2026-08-25 17:09:15.032806,1808,franka,0.47723,-0.01952,0.44695,0.00000,-0.00000,-0.03000,0.00000,0.00,0.00,0.00,-0.0571,0.0000,-0.9029,0.0000,0,0
2026-08-25 17:09:15.087135,1809,franka,0.47724,-0.01951,0.44394,0.00000,-0.00000,-0.03000,0.00000,0.00,0.00,0.00,-0.0800,0.0943,-0.8829,0.0000,0,0
2026-08-25 17:09:15.140775,1810,franka,0.47724,-0.01951,0.44245,0.00000,-0.00000,-0.03000,0.00000,0.00,0.00,0.00,-0.0914,0.0000,-0.9143,0.0000,0,0
2026-08-25 17:09:15.195355,1811,franka,0.47723,-0.01950,0.44093,0.00000,-0.00000,-0.03000,0.00000,0.00,0.00,0.00,-0.0914,0.0000,-0.9257,0.0000,0,0
2026-08-25 17:09:15.249505,1812,franka,0.47724,-0.01953,0.43940,0.00000,-0.00000,-0.03000,0.00000,0.00,0.00,0.00,-0.0771,-0.0171,-0.8886,0.0000,0,0
2026-08-25 17:09:15.303030,1813,franka,0.47724,-0.01951,0.43791,0.00000,-0.00000,-0.03000,0.00000,0.00,0.00,0.00,-0.0857,-0.0171,-0.8486,0.0000,0,0
2026-08-25 17:09:15.357455,1814,franka,0.47723,-0.01951,0.43643,0.00000,-0.00000,-0.03000,0.00000,0.00,0.00,0.00,-0.1171,-0.0343,-0.8086,0.0000,0,0
2026-08-25 17:09:15.411631,1815,franka,0.47723,-0.01952,0.43487,0.00000,-0.00000,-0.03000,0.00000,0.00,0.00,0.00,-0.1171,-0.0200,-0.7829,0.0000,0,0
2026-08-25 17:09:15.465385,1816,franka,0.47724,-0.01951,0.43338,0.00000,-0.00000,-0.03000,0.00000,0.00,0.00,0.00,-0.1457,-0.0086,-0.7400,0.0000,0,0
2026-08-25 17:09:15.519304,1817,franka,0.47723,-0.01952,0.43190,0.00000,-0.00000,-0.03000,0.00000,0.00,0.00,0.00,-0.1229,-0.0029,-0.7286,0.0000,0,0
2026-08-25 17:09:15.572948,1818,franka,0.47723,-0.01951,0.43037,0.00000,-0.00000,-0.03000,0.00000,0.00,0.00,0.00,-0.1371,0.0000,-0.7286,0.0000,0,0
2026-08-25 17:09:15.626673,1819,franka,0.47724,-0.01951,0.42883,0.00000,-0.00000,-0.03000,0.00000,0.00,0.00,0.00,-0.1400,0.0000,-0.7371,0.0000,0,0
2026-08-25 17:09:15.680354,1820,franka,0.47724,-0.01952,0.42734,0.00000,-0.00000,-0.03000,0.00000,0.00,0.00,0.00,-0.1457,0.0000,-0.7543,0.0000,0,0
2026-08-25 17:09:15.733885,1821,franka,0.47723,-0.01951,0.42586,0.00000,-0.00000,-0.03000,0.00000,0.00,0.00,0.00,-0.1400,0.0000,-0.7400,0.0000,0,0
2026-08-25 17:09:15.787743,1822,franka,0.47724,-0.01951,0.42433,0.00000,-0.00000,-0.03000,0.00000,0.00,0.00,0.00,-0.1314,0.0000,-0.7229,0.0000,0,0
2026-08-25 17:09:15.841360,1823,franka,0.47724,-0.01951,0.42130,0.00000,-0.00000,-0.03000,0.00000,0.00,0.00,0.00,-0.1371,-0.0057,-0.7257,0.0000,0,0
2026-08-25 17:09:15.895006,1824,franka,0.47724,-0.01951,0.41979,0.00000,-0.00000,-0.03000,0.00000,0.00,0.00,0.00,-0.1314,0.0000,-0.7314,0.0000,0,0
2026-08-25 17:09:15.949012,1825,franka,0.47725,-0.01951,0.41826,0.00000,-0.00000,-0.03000,0.00000,0.00,0.00,0.00,-0.1371,0.0000,-0.7314,0.0000,0,0
2026-08-25 17:09:16.002634,1826,franka,0.47724,-0.01951,0.41676,0.00000,-0.00000,-0.03000,0.00000,0.00,0.00,0.00,-0.1257,0.0000,-0.7286,0.0000,0,0
2026-08-25 17:09:16.056291,1827,franka,0.47724,-0.01951,0.41524,0.00000,-0.00000,-0.03000,0.00000,0.00,0.00,0.00,-0.1343,0.0000,-0.7257,0.0000,0,0
2026-08-25 17:09:16.110010,1828,franka,0.47724,-0.01951,0.41372,0.00000,-0.00000,-0.03000,0.00000,0.00,0.00,0.00,-0.1114,0.0000,-0.7286,0.0000,0,0
2026-08-25 17:09:16.163971,1829,franka,0.47724,-0.01951,0.41221,0.00000,-0.00000,-0.03000,0.00000,0.00,0.00,0.00,-0.1086,0.0000,-0.7314,0.0000,0,0
2026-08-25 17:09:16.217791,1830,franka,0.47724,-0.01951,0.41071,0.00000,-0.00000,-0.03000,0.00000,0.00,0.00,0.00,-0.1114,0.0000,-0.7229,0.0000,0,0
2026-08-25 17:09:16.272421,1831,franka,0.47724,-0.01951,0.40920,0.00000,-0.00000,-0.03000,0.00000,0.00,0.00,0.00,-0.1029,0.0000,-0.7257,0.0000,0,0
2026-08-25 17:09:16.326166,1832,franka,0.47724,-0.01951,0.40768,0.00000,-0.00000,-0.03000,0.00000,0.00,0.00,0.00,-0.0971,0.0000,-0.7229,0.0000,0,0
2026-08-25 17:09:16.379794,1833,franka,0.47725,-0.01951,0.40621,0.00000,-0.00000,-0.03000,0.00000,0.00,0.00,0.00,-0.0886,0.0000,-0.7229,0.0000,0,0
2026-08-25 17:09:16.433439,1834,franka,0.47725,-0.01951,0.40468,0.00000,-0.00000,-0.03000,0.00000,0.00,0.00,0.00,-0.1029,0.0000,-0.7143,0.0000,0,0
2026-08-25 17:09:16.487120,1835,franka,0.47724,-0.01952,0.40313,0.00000,-0.00000,-0.03000,0.00000,0.00,0.00,0.00,-0.1029,0.0000,-0.7171,0.0000,0,0
2026-08-25 17:09:16.540752,1836,franka,0.47724,-0.01951,0.40162,0.00000,-0.00000,-0.03000,0.00000,0.00,0.00,0.00,-0.1171,0.0000,-0.7171,0.0000,0,0
2026-08-25 17:09:16.595030,1837,franka,0.47725,-0.01952,0.40011,0.00000,-0.00000,-0.03000,0.00000,0.00,0.00,0.00,-0.1200,0.0000,-0.7143,0.0000,0,0
2026-08-25 17:09:16.646794,1838,franka,0.47725,-0.01951,0.39861,0.00000,-0.00000,-0.03000,0.00000,0.00,0.00,0.00,-0.1200,0.0000,-0.7171,0.0000,0,0
2026-08-25 17:09:16.695933,1839,franka,0.47724,-0.01951,0.39707,0.00000,-0.00000,-0.03000,0.00000,0.00,0.00,0.00,-0.1343,0.0000,-0.7286,0.0000,0,0
2026-08-25 17:09:16.749695,1840,franka,0.47725,-0.01951,0.39407,0.00000,-0.00000,-0.03000,0.00000,0.00,0.00,0.00,-0.1571,-0.0057,-0.6914,0.0000,0,0
2026-08-25 17:09:16.803283,1841,franka,0.47725,-0.01951,0.39252,0.00000,-0.00000,-0.03000,0.00000,0.00,0.00,0.00,-0.1686,0.0000,-0.6771,0.0000,0,0
2026-08-25 17:09:16.856991,1842,franka,0.47724,-0.01961,0.39106,0.00000,-0.01197,-0.02506,0.00000,0.00,0.00,0.00,-0.2314,-0.0143,-0.6486,0.0000,0,0
2026-08-25 17:09:16.911167,1843,franka,0.47725,-0.02046,0.38994,0.00000,-0.02121,-0.02121,0.00000,0.00,0.00,0.00,-0.2143,0.0000,-0.5514,0.0000,0,0
2026-08-25 17:09:16.964883,1844,franka,0.47726,-0.02148,0.38884,0.00000,-0.00600,-0.02745,0.00000,0.00,0.00,0.00,-0.1229,0.0000,-0.2800,0.0000,0,0
2026-08-25 17:09:17.018457,1845,franka,0.47725,-0.02158,0.38737,0.00000,-0.00000,-0.02258,0.00000,0.00,0.00,0.00,0.0000,0.0000,-0.0857,0.0000,0,0
2026-08-25 17:09:17.072169,1846,franka,0.47725,-0.02143,0.38689,0.00000,-0.00000,-0.00000,0.00000,0.00,0.00,0.00,0.0000,0.0000,0.0000,0.0000,0,0
2026-08-25 17:09:17.125813,1847,franka,0.47725,-0.02154,0.38690,0.00000,-0.00000,-0.00000,0.00000,0.00,0.00,0.00,0.0000,0.0000,0.0000,0.0000,0,0
2026-08-25 17:09:17.177096,1848,franka,0.47725,-0.02151,0.38693,0.00000,-0.00000,-0.00000,0.00000,0.00,0.00,0.00,0.0000,0.0171,0.0000,0.0000,0,0
2026-08-25 17:09:17.231055,1849,franka,0.47725,-0.02149,0.38688,0.00000,-0.00000,-0.00000,0.00000,0.00,0.00,0.00,0.0000,0.0000,0.0000,0.0000,0,0
2026-08-25 17:09:17.284771,1850,franka,0.47724,-0.02154,0.38688,0.00000,-0.00000,-0.00000,0.00000,0.00,0.00,0.00,0.0000,0.0000,0.0000,0.0000,0,0
2026-08-25 17:09:17.338438,1851,franka,0.47725,-0.02149,0.38690,0.00000,0.00000,-0.00000,0.00000,0.00,0.00,0.00,0.0000,0.0000,-0.0114,0.0000,0,0
2026-08-25 17:09:17.392044,1852,franka,0.47724,-0.02150,0.38689,0.00000,0.00000,-0.00000,0.00000,0.00,0.00,0.00,0.0000,0.0000,-0.0743,0.0000,0,0
2026-08-25 17:09:17.446273,1853,franka,0.47725,-0.02152,0.38688,0.00000,0.00000,-0.00000,0.00000,0.00,0.00,0.00,0.0000,0.0000,-0.0686,0.0000,0,0
2026-08-25 17:09:17.500663,1854,franka,0.47725,-0.02150,0.38691,0.00000,-0.00000,-0.00000,0.00000,0.00,0.00,0.00,-0.1286,0.0000,-0.0857,0.0000,0,0
2026-08-25 17:09:17.554142,1855,franka,0.47724,-0.02152,0.38689,0.00000,-0.00000,0.00000,0.00000,0.00,0.00,0.00,-0.2171,0.0000,-0.0743,0.0000,0,0
2026-08-25 17:09:17.607738,1856,franka,0.47724,-0.02151,0.38688,0.00000,-0.00419,0.00000,0.00000,0.00,0.00,0.00,-0.3514,0.0000,-0.0971,-0.0200,0,0
2026-08-25 17:09:17.661244,1857,franka,0.47722,-0.02399,0.38689,0.00000,-0.03000,0.00000,0.00000,0.00,0.00,0.00,-0.2457,0.0000,-0.1200,-0.0200,0,0
2026-08-25 17:09:17.714799,1858,franka,0.47722,-0.02554,0.38685,0.00000,-0.03000,0.00000,0.00000,0.00,0.00,0.00,-0.2371,0.0000,-0.1200,-0.0086,0,0
2026-08-25 17:09:17.768481,1859,franka,0.47722,-0.02694,0.38688,0.00000,-0.02517,0.00000,0.00000,0.00,0.00,0.00,-0.1543,0.0000,-0.0771,0.0000,0,0
2026-08-25 17:09:17.823101,1860,franka,0.47722,-0.02764,0.38688,0.00000,-0.00000,0.00000,0.00000,0.00,0.00,0.00,-0.1486,0.0000,-0.1086,0.0000,0,0
2026-08-25 17:09:17.876893,1861,franka,0.47723,-0.02751,0.38688,0.00000,-0.00000,0.00000,0.00000,0.00,0.00,0.00,-0.1086,0.0000,-0.0400,0.0000,0,0
2026-08-25 17:09:17.930943,1862,franka,0.47723,-0.02746,0.38688,0.00000,-0.00000,0.00000,0.00000,0.00,0.00,0.00,-0.0400,0.0000,0.0000,0.0000,0,0
2026-08-25 17:09:17.984499,1863,franka,0.47722,-0.02760,0.38688,0.00000,-0.00000,0.00000,0.00000,0.00,0.00,0.00,0.0000,0.0057,0.0000,-0.0400,0,0
2026-08-25 17:09:18.038240,1864,franka,0.47723,-0.02752,0.38688,0.00000,-0.00000,0.00000,0.00000,0.00,0.00,0.00,0.0000,0.0514,-0.2000,-0.0286,0,0
2026-08-25 17:09:18.092188,1865,franka,0.47723,-0.02753,0.38688,0.00000,-0.00000,0.00000,0.00000,0.00,0.00,0.00,0.0000,0.0000,-0.3857,-0.0457,0,0
2026-08-25 17:09:18.146007,1866,franka,0.47722,-0.02757,0.38687,0.00000,-0.00000,-0.00483,0.00000,0.00,0.00,0.00,0.1486,0.0000,-0.5771,-0.0743,0,0
2026-08-25 17:09:18.200155,1867,franka,0.47725,-0.02753,0.38596,0.00000,-0.00000,-0.03000,0.00000,0.00,0.00,0.00,0.1829,0.0000,-0.6800,-0.1143,0,0
2026-08-25 17:09:18.254419,1868,franka,0.47724,-0.02759,0.38437,0.00000,-0.00000,-0.03000,0.00000,0.00,0.00,0.00,0.1800,-0.0629,-0.7171,-0.1143,0,0
2026-08-25 17:09:18.307977,1869,franka,0.47725,-0.02758,0.38286,0.00000,-0.00000,-0.03000,0.00000,0.00,0.00,0.00,0.1429,-0.0800,-0.7343,-0.1229,0,0
2026-08-25 17:09:18.361813,1870,franka,0.47725,-0.02755,0.38138,0.00000,-0.00000,-0.03000,0.00000,0.00,0.00,0.00,0.1400,-0.0914,-0.7314,-0.1286,0,0
2026-08-25 17:09:18.415778,1871,franka,0.47724,-0.02756,0.37830,0.00000,-0.00000,-0.03000,0.00000,0.00,0.00,0.00,0.1629,-0.0943,-0.7343,-0.1200,0,0
2026-08-25 17:09:18.469348,1872,franka,0.47725,-0.02757,0.37684,0.00000,-0.00000,-0.03000,0.00000,0.00,0.00,0.00,0.1800,-0.1057,-0.7314,-0.1171,0,0
2026-08-25 17:09:18.522668,1873,franka,0.47726,-0.02752,0.37539,0.00000,0.00742,-0.02688,0.00000,0.00,0.00,0.00,0.2029,-0.0600,-0.7400,-0.1114,0,0
2026-08-25 17:09:18.577039,1874,franka,0.47725,-0.02669,0.37420,0.00000,0.02121,-0.02121,0.00000,0.00,0.00,0.00,0.2143,-0.0800,-0.7343,-0.1057,0,0
2026-08-25 17:09:18.630914,1875,franka,0.47725,-0.02549,0.37311,0.00000,0.01949,-0.02204,0.00000,0.00,0.00,0.00,0.1971,-0.0086,-0.7429,-0.0886,0,0
2026-08-25 17:09:18.684607,1876,franka,0.47726,-0.02515,0.37181,0.00000,0.00000,-0.03000,0.00000,0.00,0.00,0.00,0.1743,-0.0029,-0.7429,-0.0743,0,0
2026-08-25 17:09:18.738160,1877,franka,0.47725,-0.02526,0.37021,0.00000,0.00000,-0.03000,0.00000,0.00,0.00,0.00,0.1600,-0.0486,-0.7400,-0.0771,0,0
2026-08-25 17:09:18.791871,1878,franka,0.47726,-0.02519,0.36872,0.00000,0.00000,-0.03000,0.00000,0.00,0.00,0.00,0.1429,-0.0114,-0.7600,-0.0829,0,0
2026-08-25 17:09:18.845434,1879,franka,0.47726,-0.02520,0.36723,0.00000,0.00000,-0.03000,0.00000,0.00,0.00,0.00,0.1171,-0.0629,-0.7486,-0.0800,0,0
2026-08-25 17:09:18.899253,1880,franka,0.47725,-0.02525,0.36570,0.00000,0.00000,-0.03000,0.00000,0.00,0.00,0.00,0.0914,-0.0571,-0.7514,-0.0714,0,0
2026-08-25 17:09:18.953130,1881,franka,0.47724,-0.02519,0.36414,0.00000,0.00000,-0.03000,0.00000,0.00,0.00,0.00,0.0914,-0.0686,-0.7543,-0.0771,0,0
2026-08-25 17:09:19.006581,1882,franka,0.47726,-0.02521,0.36266,0.00000,0.00000,-0.03000,0.00000,0.00,0.00,0.00,0.1057,-0.0514,-0.7829,-0.0914,0,0
2026-08-25 17:09:19.060143,1883,franka,0.47726,-0.02525,0.36116,0.00000,-0.00000,-0.03000,0.00000,0.00,0.00,0.00,0.1086,-0.0429,-0.8000,-0.0914,0,0
2026-08-25 17:09:19.113625,1884,franka,0.47725,-0.02520,0.35960,0.00000,-0.00000,-0.03000,0.00000,0.00,0.00,0.00,0.1171,-0.0514,-0.7914,-0.0886,0,0
2026-08-25 17:09:19.168363,1885,franka,0.47725,-0.02522,0.35810,0.00000,-0.00000,-0.03000,0.00000,0.00,0.00,0.00,0.1257,-0.0600,-0.8057,-0.0943,0,0
2026-08-25 17:09:19.221898,1886,franka,0.47726,-0.02521,0.35659,0.00000,-0.00000,-0.03000,0.00000,0.00,0.00,0.00,0.1343,-0.0686,-0.8029,-0.0971,0,0
2026-08-25 17:09:19.275470,1887,franka,0.47726,-0.02523,0.35355,0.00000,-0.00000,-0.03000,0.00000,0.00,0.00,0.00,0.1314,-0.0800,-0.8029,-0.0971,0,0
2026-08-25 17:09:19.329100,1888,franka,0.47726,-0.02521,0.35204,0.00000,-0.00000,-0.03000,0.00000,0.00,0.00,0.00,0.1314,-0.0914,-0.7971,-0.1000,0,0
2026-08-25 17:09:19.383691,1889,franka,0.47725,-0.02521,0.35052,0.00000,-0.00000,-0.03000,0.00000,0.00,0.00,0.00,0.1371,-0.1029,-0.8029,-0.1029,0,0
2026-08-25 17:09:19.437428,1890,franka,0.47725,-0.02522,0.34898,0.00000,-0.00000,-0.03000,0.00000,0.00,0.00,0.00,0.1400,-0.0971,-0.7971,-0.1000,0,0
2026-08-25 17:09:19.491490,1891,franka,0.47726,-0.02522,0.34750,0.00000,-0.00000,-0.03000,0.00000,0.00,0.00,0.00,0.1371,-0.0743,-0.8086,-0.0971,0,0
2026-08-25 17:09:19.545102,1892,franka,0.47726,-0.02522,0.34598,0.00000,-0.00000,-0.03000,0.00000,0.00,0.00,0.00,0.1514,-0.1029,-0.8029,-0.1057,0,0
2026-08-25 17:09:19.598526,1893,franka,0.47726,-0.02521,0.34446,0.00000,-0.00000,-0.03000,0.00000,0.00,0.00,0.00,0.1371,-0.1000,-0.7914,-0.0943,0,0
2026-08-25 17:09:19.653208,1894,franka,0.47726,-0.02521,0.34293,0.00000,-0.00000,-0.03000,0.00000,0.00,0.00,0.00,0.1343,-0.1057,-0.7886,-0.0943,0,0
2026-08-25 17:09:19.706702,1895,franka,0.47726,-0.02522,0.34145,0.00000,-0.00000,-0.03000,0.00000,0.00,0.00,0.00,0.1314,-0.1057,-0.7743,-0.0971,0,0
2026-08-25 17:09:19.760657,1896,franka,0.47727,-0.02522,0.33992,0.00000,-0.00000,-0.03000,0.00000,0.00,0.00,0.00,0.1143,-0.0857,-0.7429,-0.0943,0,0
2026-08-25 17:09:19.814114,1897,franka,0.47727,-0.02522,0.33838,0.00000,-0.00000,-0.03000,0.00000,0.00,0.00,0.00,0.1057,-0.0714,-0.7714,-0.0914,0,0
2026-08-25 17:09:19.868801,1898,franka,0.47726,-0.02522,0.33689,0.00000,-0.00000,-0.03000,0.00000,0.00,0.00,0.00,0.0943,0.0000,-0.8029,-0.0686,0,0
2026-08-25 17:09:19.922985,1899,franka,0.47725,-0.02522,0.33534,0.00000,-0.00000,-0.03000,0.00000,0.00,0.00,0.00,0.0800,0.0000,-0.8114,-0.0600,0,0
2026-08-25 17:09:19.976959,1900,franka,0.47726,-0.02522,0.33385,0.00000,-0.00000,-0.03000,0.00000,0.00,0.00,0.00,0.0571,-0.0057,-0.8029,-0.0543,0,0
2026-08-25 17:09:20.031458,1901,franka,0.47726,-0.02522,0.33232,0.00000,-0.00000,-0.03000,0.00000,0.00,0.00,0.00,0.0200,-0.0143,-0.8229,-0.0314,0,0
2026-08-25 17:09:20.085176,1902,franka,0.47726,-0.02521,0.32929,0.00000,-0.00000,-0.03000,0.00000,0.00,0.00,0.00,0.0143,0.0000,-0.8171,-0.0543,0,0
2026-08-25 17:09:20.139040,1903,franka,0.47726,-0.02521,0.32775,0.00000,-0.00000,-0.03000,0.00000,0.00,0.00,0.00,0.0000,-0.0514,-0.8371,-0.0543,0,0
2026-08-25 17:09:20.192512,1904,franka,0.47727,-0.02522,0.32627,0.00000,-0.00000,-0.03000,0.00000,0.00,0.00,0.00,0.0029,0.0000,-0.8543,-0.0486,0,0
2026-08-25 17:09:20.246135,1905,franka,0.47727,-0.02522,0.32474,0.00000,-0.00000,-0.03000,0.00000,0.00,0.00,0.00,0.0000,-0.0971,-0.8714,0.0000,0,0
2026-08-25 17:09:20.299551,1906,franka,0.47727,-0.02522,0.32324,0.00000,-0.00000,-0.03000,0.00000,0.00,0.00,0.00,-0.0371,-0.1486,-0.8343,0.0000,0,0
2026-08-25 17:09:20.353275,1907,franka,0.47727,-0.02522,0.32171,0.00000,-0.00000,-0.03000,0.00000,0.00,0.00,0.00,-0.0543,-0.0343,-0.9086,0.0000,0,0
2026-08-25 17:09:20.406627,1908,franka,0.47726,-0.02522,0.32017,0.00000,-0.00000,-0.03000,0.00000,0.00,0.00,0.00,0.0000,0.0000,-0.9486,0.0000,0,0
2026-08-25 17:09:20.460275,1909,franka,0.47727,-0.02522,0.31864,0.00000,-0.00000,-0.03000,0.00000,0.00,0.00,0.00,-0.0457,0.0000,-0.9514,0.0000,0,0
2026-08-25 17:09:20.513979,1910,franka,0.47727,-0.02522,0.31715,0.00000,-0.00000,-0.03000,0.00000,0.00,0.00,0.00,-0.0571,0.0000,-1.0000,0.0000,0,0
2026-08-25 17:09:20.567846,1911,franka,0.47727,-0.02522,0.31565,0.00000,-0.00000,-0.03000,0.00000,0.00,0.00,0.00,-0.0514,-0.0114,-1.0000,0.0000,0,0
2026-08-25 17:09:20.621425,1912,franka,0.47727,-0.02522,0.31415,0.00000,-0.00000,-0.03000,0.00000,0.00,0.00,0.00,0.0000,0.0029,-1.0000,0.0000,0,0
2026-08-25 17:09:20.675920,1913,franka,0.47727,-0.02522,0.31265,0.00000,-0.00000,-0.03000,0.00000,0.00,0.00,0.00,0.0000,0.0571,-1.0000,0.0000,0,0
2026-08-25 17:09:20.729816,1914,franka,0.47727,-0.02522,0.31112,0.00000,-0.00000,-0.03000,0.00000,0.00,0.00,0.00,0.0000,0.0171,-1.0000,0.0000,0,0
2026-08-25 17:09:20.783488,1915,franka,0.47727,-0.02522,0.30959,0.00000,-0.00000,-0.03000,0.00000,0.00,0.00,0.00,0.0000,0.0000,-1.0000,0.0000,0,0
2026-08-25 17:09:20.833549,1916,franka,0.47728,-0.02522,0.30810,0.00000,-0.00000,-0.03000,0.00000,0.00,0.00,0.00,0.0000,0.0000,-0.9800,0.0171,0,0
2026-08-25 17:09:20.887022,1917,franka,0.47728,-0.02522,0.30657,0.00000,-0.00000,-0.03000,0.00000,0.00,0.00,0.00,-0.0114,0.0000,-0.7229,0.0114,0,0
2026-08-25 17:09:20.940452,1918,franka,0.47727,-0.02522,0.30503,0.00000,-0.00000,-0.03000,0.00000,0.00,0.00,0.00,0.0000,0.0000,-0.4029,0.0343,0,0
2026-08-25 17:09:20.993835,1919,franka,0.47726,-0.02522,0.30218,0.00000,-0.00000,-0.01283,0.00000,0.00,0.00,0.00,0.0000,0.0000,-0.0457,0.0000,0,0
2026-08-25 17:09:21.047488,1920,franka,0.47726,-0.02520,0.30202,0.00000,-0.00000,-0.00000,0.00000,0.00,0.00,0.00,0.0000,0.0000,0.0000,0.0000,0,0
2026-08-25 17:09:21.101220,1921,franka,0.47726,-0.02521,0.30201,0.00000,-0.00000,-0.00000,0.00000,0.00,0.00,0.00,0.0000,0.0000,0.0000,0.0000,0,0
2026-08-25 17:09:21.155039,1922,franka,0.47726,-0.02521,0.30205,0.00000,-0.00000,-0.00000,0.00000,0.00,0.00,0.00,0.0000,0.0000,0.0000,0.0000,0,0
2026-08-25 17:09:21.209196,1923,franka,0.47725,-0.02520,0.30198,0.00000,-0.00000,-0.00000,0.00000,0.00,0.00,0.00,0.0000,0.0000,0.0000,0.0000,0,0
2026-08-25 17:09:21.262599,1924,franka,0.47726,-0.02521,0.30202,0.00000,-0.00000,-0.00000,0.00000,0.00,0.00,0.00,0.0571,0.0000,0.0000,0.0371,0,0
2026-08-25 17:09:21.316804,1925,franka,0.47726,-0.02520,0.30202,0.00000,-0.00000,-0.00000,0.00000,0.00,0.00,0.00,0.0000,-0.0457,0.0057,0.0000,0,0
2026-08-25 17:09:21.370357,1926,franka,0.47725,-0.02521,0.30200,0.00000,-0.00000,-0.00000,0.00000,0.00,0.00,0.00,0.0000,0.0000,0.0000,0.0000,0,0
2026-08-25 17:09:21.423965,1927,franka,0.47726,-0.02520,0.30201,0.00000,-0.00000,-0.00000,0.00000,0.00,0.00,0.00,0.0000,-0.0171,0.0000,0.0000,0,0
2026-08-25 17:09:21.478374,1928,franka,0.47726,-0.02521,0.30202,0.00000,-0.00000,-0.00000,0.00000,0.00,0.00,0.00,0.0714,-0.2371,-0.1371,0.0000,0,0
2026-08-25 17:09:21.532550,1929,franka,0.47736,-0.02520,0.30197,0.01392,-0.00000,-0.00000,0.00000,0.00,0.00,0.00,0.1000,-0.5371,-0.2714,0.0000,0,0
2026-08-25 17:09:21.585907,1930,franka,0.47862,-0.02525,0.30196,0.02458,-0.00000,-0.01327,0.00000,0.00,0.00,0.00,0.0686,-0.7229,-0.3200,0.0000,0,0
2026-08-25 17:09:21.639729,1931,franka,0.47965,-0.02524,0.30085,0.02121,-0.00000,-0.02121,0.00000,0.00,0.00,0.00,0.0800,-0.8943,-0.3057,0.0000,0,0
2026-08-25 17:09:21.693651,1932,franka,0.48073,-0.02520,0.29975,0.02121,-0.00000,-0.02121,0.00000,0.00,0.00,0.00,0.0571,-0.9571,-0.2943,0.0000,0,0
2026-08-25 17:09:21.747539,1933,franka,0.48185,-0.02521,0.29880,0.02121,-0.00000,-0.02121,0.00000,0.00,0.00,0.00,0.0571,-0.9571,-0.2943,0.0000,0,0
2026-08-25 17:09:21.801354,1934,franka,0.48394,-0.02521,0.29653,0.02121,-0.00000,-0.02121,0.00000,0.00,0.00,0.00,0.0571,-0.9571,-0.2943,0.0000,0,0
2026-08-25 17:09:21.855536,1935,franka,0.48502,-0.02523,0.29553,0.02121,-0.00000,-0.02121,0.00000,0.00,0.00,0.00,0.0571,-0.9571,-0.2943,0.0000,0,0
2026-08-25 17:09:21.911041,1936,franka,0.48612,-0.02522,0.29449,0.02121,-0.00000,-0.02121,0.00000,0.00,0.00,0.00,0.0571,-0.9571,-0.2943,0.0000,0,0
2026-08-25 17:09:21.964575,1937,franka,0.48716,-0.02522,0.29336,0.02121,-0.00000,-0.02121,0.00000,0.00,0.00,0.00,0.0457,-0.9800,-0.2943,0.0000,0,0
2026-08-25 17:09:22.018113,1938,franka,0.48825,-0.02523,0.29231,0.02121,-0.00000,-0.02121,0.00000,0.00,0.00,0.00,0.0457,-0.9800,-0.2943,0.0000,0,0
2026-08-25 17:09:22.071844,1939,franka,0.48932,-0.02522,0.29128,0.02121,-0.00000,-0.02121,0.00000,0.00,0.00,0.00,0.0457,-0.9800,-0.2943,0.0000,0,0
2026-08-25 17:09:22.125395,1940,franka,0.49038,-0.02522,0.29015,0.02121,-0.00000,-0.02121,0.00000,0.00,0.00,0.00,0.0457,-0.9800,-0.2943,0.0000,0,0
2026-08-25 17:09:22.179965,1941,franka,0.49143,-0.02523,0.28908,0.02121,-0.00000,-0.02121,0.00000,0.00,0.00,0.00,0.0400,-0.1686,0.0000,0.0000,0,0
2026-08-25 17:09:22.233827,1942,franka,0.49239,-0.02522,0.28823,0.00730,-0.00000,-0.00730,0.00000,0.00,0.00,0.00,0.0000,0.0000,0.0000,0.0000,0,0
2026-08-25 17:09:22.287660,1943,franka,0.49244,-0.02519,0.28810,0.00000,-0.00000,-0.00000,0.00000,0.00,0.00,0.00,0.0000,0.0000,0.0000,0.0000,0,0
2026-08-25 17:09:22.341252,1944,franka,0.49244,-0.02520,0.28812,-0.00000,-0.00000,-0.00000,0.00000,0.00,0.00,0.00,0.0000,0.0000,0.0000,0.0000,0,0
2026-08-25 17:09:22.395811,1945,franka,0.49246,-0.02521,0.28819,-0.00000,-0.00000,-0.00000,0.00000,0.00,0.00,0.00,0.0000,0.0000,0.0000,0.0000,0,0
2026-08-25 17:09:22.449538,1946,franka,0.49243,-0.02521,0.28807,-0.00000,-0.00000,0.00000,0.00000,0.00,0.00,0.00,0.0000,0.0000,0.0000,0.0000,0,0
2026-08-25 17:09:22.502883,1947,franka,0.49245,-0.02521,0.28813,-0.00000,-0.00000,0.00000,0.00000,0.00,0.00,0.00,0.0000,0.0000,0.0000,0.0000,0,0
2026-08-25 17:09:22.557974,1948,franka,0.49245,-0.02521,0.28815,-0.00000,-0.00000,0.00000,0.00000,0.00,0.00,0.00,0.0000,0.0000,0.0000,0.0000,0,0
2026-08-25 17:09:22.611961,1949,franka,0.49244,-0.02521,0.28812,-0.00000,-0.00000,0.00000,0.00000,0.00,0.00,0.00,0.0000,0.0000,0.0000,0.0000,0,0
2026-08-25 17:09:22.665842,1950,franka,0.49245,-0.02521,0.28814,-0.00000,-0.00000,0.00000,0.00000,0.00,0.00,0.00,0.0000,0.0000,0.0000,0.0000,0,0
2026-08-25 17:09:22.720151,1951,franka,0.49244,-0.02521,0.28812,-0.00000,-0.00000,0.00000,0.00000,0.00,0.00,0.00,0.0000,0.0000,0.0000,0.0000,0,0
2026-08-25 17:09:22.773756,1952,franka,0.49245,-0.02521,0.28812,-0.00000,-0.00000,0.00000,0.00000,0.00,0.00,0.00,0.0000,0.0000,0.0000,0.0000,0,0
2026-08-25 17:09:22.827352,1953,franka,0.49245,-0.02520,0.28814,-0.00000,-0.00000,0.00000,0.00000,0.00,0.00,0.00,0.0000,0.0000,0.0000,0.0000,0,0
2026-08-25 17:09:22.881007,1954,franka,0.49244,-0.02521,0.28812,-0.00000,-0.00000,0.00000,0.00000,0.00,0.00,0.00,0.0000,0.0000,0.0000,0.0000,0,0
2026-08-25 17:09:22.934638,1955,franka,0.49245,-0.02520,0.28812,-0.00000,-0.00000,0.00000,0.00000,0.00,0.00,0.00,0.0000,0.0000,0.0000,0.0000,0,0
2026-08-25 17:09:22.989328,1956,franka,0.49245,-0.02521,0.28814,-0.00000,-0.00000,0.00000,0.00000,0.00,0.00,0.00,0.0000,0.0000,0.0000,0.0000,0,0
2026-08-25 17:09:23.043198,1957,franka,0.49245,-0.02521,0.28812,-0.00000,-0.00000,0.00000,0.00000,0.00,0.00,0.00,0.0000,0.0000,0.0000,0.0000,0,0
2026-08-25 17:09:23.097083,1958,franka,0.49245,-0.02521,0.28812,-0.00000,-0.00000,0.00000,0.00000,0.00,0.00,0.00,0.0000,0.0000,0.0000,0.0000,0,0
2026-08-25 17:09:23.151473,1959,franka,0.49245,-0.02521,0.28813,-0.00000,-0.00000,0.00000,0.00000,0.00,0.00,0.00,0.0000,-0.0029,0.0000,0.0000,0,0
2026-08-25 17:09:23.201179,1960,franka,0.49244,-0.02521,0.28812,-0.00000,-0.00000,0.00000,0.00000,0.00,0.00,0.00,0.0000,0.0000,0.0000,0.0000,0,0
2026-08-25 17:09:23.254928,1961,franka,0.49244,-0.02520,0.28812,-0.00000,-0.00000,0.00000,0.00000,0.00,0.00,0.00,0.0000,-0.0829,0.0000,0.0000,0,0
2026-08-25 17:09:23.308577,1962,franka,0.49245,-0.02521,0.28813,-0.00000,-0.00000,0.00000,0.00000,0.00,0.00,0.00,0.0000,-0.1571,0.0000,0.0000,0,0
2026-08-25 17:09:23.362233,1963,franka,0.49245,-0.02521,0.28812,-0.00000,-0.00000,0.00000,0.00000,0.00,0.00,0.00,0.0000,-0.3400,-0.0200,-0.0171,0,0
2026-08-25 17:09:23.415876,1964,franka,0.49310,-0.02522,0.28812,0.02955,-0.00000,0.00000,0.00000,0.00,0.00,0.00,0.0000,-0.4829,-0.0400,-0.0314,0,0
2026-08-25 17:09:23.469442,1965,franka,0.49611,-0.02524,0.28809,0.03000,-0.00000,0.00000,0.00000,0.00,0.00,0.00,0.0000,-0.4971,-0.0514,-0.0143,0,0
2026-08-25 17:09:23.523098,1966,franka,0.49765,-0.02523,0.28815,0.03000,-0.00000,0.00000,0.00000,0.00,0.00,0.00,0.0000,-0.6143,-0.0771,0.0000,0,0
2026-08-25 17:09:23.576632,1967,franka,0.49915,-0.02525,0.28820,0.03000,-0.00000,0.00000,0.00000,0.00,0.00,0.00,0.0000,-0.7057,-0.0857,0.0000,0,0
2026-08-25 17:09:23.630126,1968,franka,0.50066,-0.02522,0.28810,0.03000,-0.00000,0.00000,0.00000,0.00,0.00,0.00,0.0000,-0.7829,-0.0971,0.0000,0,0
2026-08-25 17:09:23.683568,1969,franka,0.50220,-0.02523,0.28812,0.03000,-0.00000,0.00000,0.00000,0.00,0.00,0.00,0.0000,-0.8114,-0.1086,0.0000,0,0
2026-08-25 17:09:23.737176,1970,franka,0.50371,-0.02524,0.28819,0.03000,-0.00000,0.00000,0.00000,0.00,0.00,0.00,0.0000,-0.8114,-0.1086,0.0000,0,0
2026-08-25 17:09:23.790673,1971,franka,0.50525,-0.02524,0.28818,0.03000,-0.00000,0.00000,0.00000,0.00,0.00,0.00,0.0000,-0.8114,-0.1086,0.0000,0,0
2026-08-25 17:09:23.844454,1972,franka,0.50672,-0.02522,0.28809,0.03000,-0.00000,0.00000,0.00000,0.00,0.00,0.00,0.0000,-0.8114,-0.1086,0.0000,0,0
2026-08-25 17:09:23.898118,1973,franka,0.50824,-0.02523,0.28818,0.03000,-0.00000,0.00000,0.00000,0.00,0.00,0.00,0.0000,-0.8114,-0.1086,0.0000,0,0
2026-08-25 17:09:23.951518,1974,franka,0.50975,-0.02523,0.28817,0.03000,-0.00000,0.00000,0.00000,0.00,0.00,0.00,0.0000,-0.8114,-0.1086,0.0000,0,0
2026-08-25 17:09:24.004981,1975,franka,0.51125,-0.02523,0.28810,0.03000,-0.00000,0.00000,0.00000,0.00,0.00,0.00,0.0000,-0.8114,-0.1086,0.0000,0,0
2026-08-25 17:09:24.058794,1976,franka,0.51278,-0.02523,0.28819,0.03000,-0.00000,0.00000,0.00000,0.00,0.00,0.00,0.0000,-0.8514,-0.1200,0.0000,0,0
2026-08-25 17:09:24.112569,1977,franka,0.51430,-0.02523,0.28816,0.03000,-0.00000,0.00000,0.00000,0.00,0.00,0.00,0.0000,-0.8514,-0.1200,0.0000,0,0
2026-08-25 17:09:24.166486,1978,franka,0.51581,-0.02523,0.28811,0.03000,-0.00000,0.00000,0.00000,0.00,0.00,0.00,0.0000,-0.8514,-0.1200,0.0000,0,0
2026-08-25 17:09:24.220025,1979,franka,0.51737,-0.02523,0.28818,0.03000,-0.00000,0.00000,0.00000,0.00,0.00,0.00,0.0000,-0.8514,-0.1200,0.0000,0,0
2026-08-25 17:09:24.273821,1980,franka,0.51888,-0.02523,0.28814,0.03000,-0.00000,0.00000,0.00000,0.00,0.00,0.00,0.0000,-0.8514,-0.1200,0.0000,0,0
2026-08-25 17:09:24.327344,1981,franka,0.52039,-0.02523,0.28815,0.03000,-0.00000,0.00000,0.00000,0.00,0.00,0.00,0.0000,-0.9057,-0.1257,0.0000,0,0
2026-08-25 17:09:24.380989,1982,franka,0.52345,-0.02523,0.28816,0.03000,-0.00000,0.00000,0.00000,0.00,0.00,0.00,0.0000,-0.9057,-0.1257,0.0000,0,0
2026-08-25 17:09:24.434366,1983,franka,0.52499,-0.02523,0.28816,0.03000,-0.00000,0.00000,0.00000,0.00,0.00,0.00,0.0000,-0.9143,-0.1286,0.0000,0,0
2026-08-25 17:09:24.488131,1984,franka,0.52650,-0.02523,0.28814,0.03000,-0.00000,0.00000,0.00000,0.00,0.00,0.00,0.0000,-0.9171,-0.1314,0.0000,0,0
2026-08-25 17:09:24.541695,1985,franka,0.52802,-0.02523,0.28817,0.03000,-0.00000,0.00000,0.00000,0.00,0.00,0.00,0.0000,-0.9143,-0.1314,0.0000,0,0
2026-08-25 17:09:24.595255,1986,franka,0.52954,-0.02522,0.28814,0.03000,-0.00000,0.00000,0.00000,0.00,0.00,0.00,0.0000,-0.9086,-0.1343,0.0000,0,0
2026-08-25 17:09:24.649459,1987,franka,0.53104,-0.02522,0.28816,0.03000,-0.00000,0.00000,0.00000,0.00,0.00,0.00,0.0000,-0.9057,-0.1343,0.0000,0,0
2026-08-25 17:09:24.703257,1988,franka,0.53255,-0.02523,0.28818,0.03000,-0.00000,0.00000,0.00000,0.00,0.00,0.00,0.0000,-0.9029,-0.1371,0.0000,0,0
2026-08-25 17:09:24.757009,1989,franka,0.53406,-0.02522,0.28812,0.03000,-0.00000,0.00000,0.00000,0.00,0.00,0.00,0.0000,-0.9029,-0.1371,0.0000,0,0
2026-08-25 17:09:24.810843,1990,franka,0.53562,-0.02523,0.28820,0.03000,-0.00000,0.00000,0.00000,0.00,0.00,0.00,0.0000,-0.9029,-0.1400,0.0000,0,0
2026-08-25 17:09:24.865093,1991,franka,0.53710,-0.02523,0.28814,0.03000,-0.00000,0.00000,0.00000,0.00,0.00,0.00,0.0000,-0.8943,-0.1429,0.0000,0,0
2026-08-25 17:09:24.919077,1992,franka,0.53860,-0.02522,0.28814,0.03000,-0.00000,0.00000,0.00000,0.00,0.00,0.00,0.0000,-0.8971,-0.1457,0.0000,0,0
2026-08-25 17:09:24.973132,1993,franka,0.54015,-0.02522,0.28820,0.03000,-0.00000,0.00000,0.00000,0.00,0.00,0.00,0.0000,-0.8971,-0.1457,0.0000,0,0
2026-08-25 17:09:25.027403,1994,franka,0.54162,-0.02523,0.28814,0.03000,-0.00000,0.00000,0.00000,0.00,0.00,0.00,0.0000,-0.8914,-0.1457,0.0000,0,0
2026-08-25 17:09:25.081269,1995,franka,0.54318,-0.02522,0.28818,0.03000,-0.00000,0.00000,0.00000,0.00,0.00,0.00,0.0000,-0.8857,-0.1514,0.0000,0,0
2026-08-25 17:09:25.134649,1996,franka,0.54465,-0.02522,0.28815,0.03000,-0.00000,0.00000,0.00000,0.00,0.00,0.00,0.0000,-0.8829,-0.1486,0.0000,0,0
2026-08-25 17:09:25.188072,1997,franka,0.54619,-0.02522,0.28816,0.03000,-0.00000,0.00000,0.00000,0.00,0.00,0.00,0.0000,-0.8771,-0.1486,0.0000,0,0
2026-08-25 17:09:25.242024,1998,franka,0.54921,-0.02523,0.28816,0.03000,-0.00000,0.00000,0.00000,0.00,0.00,0.00,0.0000,-0.8771,-0.1514,0.0000,0,0
2026-08-25 17:09:25.295961,1999,franka,0.55074,-0.02523,0.28821,0.03000,-0.00000,0.00000,0.00000,0.00,0.00,0.00,0.0000,-0.8800,-0.1543,0.0000,0,0
2026-08-25 17:09:25.349575,2000,franka,0.55223,-0.02522,0.28812,0.03000,-0.00000,0.00000,0.00000,0.00,0.00,0.00,0.0000,-0.8800,-0.1543,0.0000,0,0
2026-08-25 17:09:25.403194,2001,franka,0.55379,-0.02522,0.28820,0.03000,-0.00000,0.00000,0.00000,0.00,0.00,0.00,0.0000,-0.8686,-0.1543,0.0000,0,0
2026-08-25 17:09:25.456915,2002,franka,0.55527,-0.02522,0.28816,0.03000,-0.00000,0.00000,0.00000,0.00,0.00,0.00,0.0000,-0.8543,-0.1571,0.0000,0,0
2026-08-25 17:09:25.510447,2003,franka,0.55680,-0.02522,0.28813,0.03000,-0.00000,0.00000,0.00000,0.00,0.00,0.00,0.0000,-0.8486,-0.1600,0.0000,0,0
2026-08-25 17:09:25.564049,2004,franka,0.55836,-0.02522,0.28821,0.03000,-0.00000,0.00000,0.00000,0.00,0.00,0.00,0.0000,-0.8429,-0.1600,0.0000,0,0
2026-08-25 17:09:25.617517,2005,franka,0.55982,-0.02523,0.28814,0.03000,-0.00000,0.00000,0.00000,0.00,0.00,0.00,0.0000,-0.8429,-0.1600,0.0000,0,0
2026-08-25 17:09:25.672557,2006,franka,0.56136,-0.02522,0.28819,0.03000,-0.00000,0.00000,0.00000,0.00,0.00,0.00,0.0000,-0.8229,-0.1657,0.0000,0,0
2026-08-25 17:09:25.727847,2007,franka,0.56286,-0.02522,0.28815,0.03000,-0.00000,0.00000,0.00000,0.00,0.00,0.00,0.0000,-0.8229,-0.1686,0.0000,0,0
2026-08-25 17:09:25.781776,2008,franka,0.56440,-0.02523,0.28818,0.03000,-0.00000,0.00000,0.00000,0.00,0.00,0.00,0.0000,-0.8200,-0.1686,0.0000,0,0
2026-08-25 17:09:25.835469,2009,franka,0.56590,-0.02522,0.28816,0.03000,-0.00000,0.00000,0.00000,0.00,0.00,0.00,0.0000,-0.8143,-0.1714,0.0000,0,0
2026-08-25 17:09:25.889390,2010,franka,0.56742,-0.02522,0.28816,0.03000,-0.00000,0.00000,0.00000,0.00,0.00,0.00,0.0000,-0.8143,-0.1714,0.0000,0,0
2026-08-25 17:09:25.942843,2011,franka,0.56898,-0.02523,0.28821,0.03000,-0.00000,0.00000,0.00000,0.00,0.00,0.00,0.0000,-0.8114,-0.1743,0.0000,0,0
2026-08-25 17:09:25.996444,2012,franka,0.57047,-0.02523,0.28812,0.03000,-0.00000,0.00000,0.00000,0.00,0.00,0.00,0.0000,-0.7971,-0.1743,0.0000,0,0
2026-08-25 17:09:26.050029,2013,franka,0.57353,-0.02523,0.28813,0.03000,-0.00000,0.00000,0.00000,0.00,0.00,0.00,0.0000,-0.7743,-0.1800,0.0000,0,0
2026-08-25 17:09:26.104434,2014,franka,0.57506,-0.02523,0.28818,0.03000,-0.00000,0.00000,0.00000,0.00,0.00,0.00,0.0057,-0.7371,-0.1943,0.0000,0,0
2026-08-25 17:09:26.158007,2015,franka,0.57658,-0.02522,0.28818,0.03000,-0.00000,0.00000,0.00000,0.00,0.00,0.00,0.0171,-0.7229,-0.2000,0.0000,0,0
2026-08-25 17:09:26.211753,2016,franka,0.57808,-0.02523,0.28817,0.03000,-0.00000,0.00000,0.00000,0.00,0.00,0.00,0.0171,-0.7029,-0.2057,0.0000,0,0
2026-08-25 17:09:26.265423,2017,franka,0.57957,-0.02523,0.28808,0.02480,-0.00000,-0.01262,0.00000,0.00,0.00,0.00,0.0200,-0.6714,-0.2057,0.0000,0,0
2026-08-25 17:09:26.319003,2018,franka,0.58063,-0.02523,0.28705,0.02121,-0.00000,-0.02121,0.00000,0.00,0.00,0.00,0.0086,-0.6029,-0.2057,0.0000,0,0
2026-08-25 17:09:26.373012,2019,franka,0.58171,-0.02523,0.28596,0.02181,-0.00000,-0.02004,0.00000,0.00,0.00,0.00,0.0229,-0.5029,-0.1714,0.0000,0,0
2026-08-25 17:09:26.423128,2020,franka,0.58309,-0.02524,0.28561,0.03000,-0.00000,-0.00000,0.00000,0.00,0.00,0.00,0.0171,-0.5000,-0.1743,0.0000,0,0
2026-08-25 17:09:26.476720,2021,franka,0.58461,-0.02523,0.28571,0.03000,-0.00000,-0.00000,0.00000,0.00,0.00,0.00,0.0086,-0.4829,-0.1714,0.0000,0,0
2026-08-25 17:09:26.530198,2022,franka,0.58612,-0.02524,0.28565,0.03000,-0.00000,-0.00000,0.00000,0.00,0.00,0.00,0.0429,-0.4714,-0.1800,0.0114,0,0
2026-08-25 17:09:26.583810,2023,franka,0.58762,-0.02523,0.28563,0.03000,-0.00000,0.00000,0.00000,0.00,0.00,0.00,0.0286,-0.2829,-0.0943,0.0029,0,0
2026-08-25 17:09:26.637789,2024,franka,0.58912,-0.02522,0.28565,0.03000,-0.00000,0.00000,0.00000,0.00,0.00,0.00,0.0000,-0.0543,0.0000,0.0000,0,0
2026-08-25 17:09:26.691567,2025,franka,0.59001,-0.02526,0.28571,0.00073,-0.00000,0.00000,0.00000,0.00,0.00,0.00,0.0000,0.0000,0.0000,0.0000,0,0
2026-08-25 17:09:26.745157,2026,franka,0.58999,-0.02524,0.28561,0.00000,-0.00000,0.00000,0.00000,0.00,0.00,0.00,0.0000,0.0000,0.0000,0.0000,0,0
2026-08-25 17:09:26.799339,2027,franka,0.59000,-0.02522,0.28568,0.00000,-0.00000,0.00000,0.00000,0.00,0.00,0.00,0.0000,0.0000,0.0000,0.0000,0,0
2026-08-25 17:09:26.853852,2028,franka,0.59000,-0.02523,0.28567,0.00000,-0.00000,-0.00000,0.00000,0.00,0.00,0.00,0.0000,0.0000,0.0000,0.0000,0,0
2026-08-25 17:09:26.907884,2029,franka,0.59000,-0.02522,0.28566,0.00000,-0.00000,-0.00000,0.00000,0.00,0.00,0.00,0.0000,0.0000,0.0000,0.0000,0,0
2026-08-25 17:09:26.961751,2030,franka,0.59000,-0.02523,0.28567,0.00000,-0.00000,-0.00000,0.00000,0.00,0.00,0.00,0.0000,0.0000,0.0000,0.0000,0,0
2026-08-25 17:09:27.015726,2031,franka,0.59000,-0.02522,0.28562,0.00000,-0.00000,-0.00000,0.00000,0.00,0.00,0.00,0.0000,-0.0057,0.0000,0.0000,0,0
2026-08-25 17:09:27.067462,2032,franka,0.59000,-0.02522,0.28565,0.00000,-0.00000,-0.00000,0.00000,0.00,0.00,0.00,0.0000,-0.0429,0.0000,0.0000,0,0
2026-08-25 17:09:27.121250,2033,franka,0.59000,-0.02524,0.28567,0.00000,-0.00000,-0.00000,0.00000,0.00,0.00,0.00,0.0000,-0.0343,-0.0171,0.0000,0,0
2026-08-25 17:09:27.175336,2034,franka,0.59000,-0.02522,0.28564,0.00000,-0.00000,-0.00000,0.00000,0.00,0.00,0.00,0.0000,-0.1086,-0.0857,0.0000,0,0
2026-08-25 17:09:27.229136,2035,franka,0.59000,-0.02522,0.28564,0.00000,-0.00000,-0.00000,0.00000,0.00,0.00,0.00,0.0114,-0.1457,-0.0914,0.0000,0,0
2026-08-25 17:09:27.283028,2036,franka,0.59000,-0.02523,0.28566,0.00068,-0.00000,-0.00000,0.00000,0.00,0.00,0.00,0.0257,-0.2343,-0.1400,0.0000,0,0
2026-08-25 17:09:27.337231,2037,franka,0.59077,-0.02523,0.28564,0.02994,-0.00000,-0.00000,0.00000,0.00,0.00,0.00,0.0400,-0.4257,-0.2171,0.0114,0,0
2026-08-25 17:09:27.391192,2038,franka,0.59214,-0.02523,0.28531,0.02132,-0.00000,-0.02100,0.00000,0.00,0.00,0.00,0.0743,-0.5657,-0.2514,0.0457,0,0
2026-08-25 17:09:27.444656,2039,franka,0.59322,-0.02525,0.28416,0.02121,-0.00000,-0.02121,0.00000,0.00,0.00,0.00,0.0400,-0.7314,-0.2371,0.0457,0,0
2026-08-25 17:09:27.498431,2040,franka,0.59428,-0.02522,0.28313,0.02121,-0.00000,-0.02121,0.00000,0.00,0.00,0.00,0.0171,-0.7514,-0.2314,0.0571,0,0
2026-08-25 17:09:27.551775,2041,franka,0.59535,-0.02525,0.28214,0.02121,-0.00000,-0.02121,0.00000,0.00,0.00,0.00,0.0971,-0.5057,-0.1714,0.1457,0,0
2026-08-25 17:09:27.606269,2042,franka,0.59643,-0.02523,0.28102,0.02459,-0.00000,-0.01315,0.00000,0.00,0.00,0.00,0.1086,-0.1257,0.0000,0.0943,0,0
2026-08-25 17:09:27.659636,2043,franka,0.59790,-0.02524,0.28090,0.02193,-0.00000,-0.00000,0.00000,0.00,0.00,0.00,0.0057,0.0000,0.0000,0.0000,0,0
2026-08-25 17:09:27.713547,2044,franka,0.59829,-0.02524,0.28091,0.00000,-0.00000,0.00000,0.00000,0.00,0.00,0.00,0.0000,0.0000,0.0000,0.0000,0,0
2026-08-25 17:09:27.767957,2045,franka,0.59830,-0.02523,0.28094,-0.00000,-0.00000,-0.00000,0.00000,0.00,0.00,0.00,0.0000,0.0000,0.0000,0.0000,0,0
2026-08-25 17:09:27.821643,2046,franka,0.59828,-0.02524,0.28087,-0.00000,-0.00000,-0.00000,0.00000,0.00,0.00,0.00,-0.0629,0.0200,0.0000,-0.0743,0,0
2026-08-25 17:09:27.875072,2047,franka,0.59829,-0.02522,0.28090,-0.00000,-0.00000,0.00292,0.00000,0.00,0.00,0.00,0.0000,0.1457,0.2514,0.0000,0,0
2026-08-25 17:09:27.928805,2048,franka,0.59827,-0.02525,0.28173,-0.00000,-0.00000,0.02999,0.00000,0.00,0.00,0.00,-0.0286,0.0000,0.2971,0.0000,0,0
2026-08-25 17:09:27.982393,2049,franka,0.59828,-0.02524,0.28324,-0.00000,-0.00000,0.03000,0.00000,0.00,0.00,0.00,0.0000,-0.0343,0.2657,0.0000,0,0
2026-08-25 17:09:28.035306,2050,franka,0.59824,-0.02524,0.28470,-0.00000,-0.00000,0.03000,0.00000,0.00,0.00,0.00,0.0000,0.0000,0.4486,0.0000,0,0
2026-08-25 17:09:28.089917,2051,franka,0.59828,-0.02525,0.28629,-0.00000,-0.00000,0.03000,0.00000,0.00,0.00,0.00,0.0000,0.0000,0.5543,0.0000,0,0
2026-08-25 17:09:28.143628,2052,franka,0.59825,-0.02525,0.28766,-0.00000,-0.00000,0.03000,0.00000,0.00,0.00,0.00,0.0000,0.0171,0.4514,0.0000,0,0
2026-08-25 17:09:28.197245,2053,franka,0.59828,-0.02525,0.28929,-0.00000,-0.00000,0.03000,0.00000,0.00,0.00,0.00,0.0000,0.0000,0.1114,0.0000,0,0
2026-08-25 17:09:28.251013,2054,franka,0.59827,-0.02526,0.29079,-0.00000,-0.00000,0.02645,0.00000,0.00,0.00,0.00,0.0000,0.0000,0.0000,0.0000,0,0
2026-08-25 17:09:28.304435,2055,franka,0.59827,-0.02524,0.29135,-0.00000,-0.00000,0.00001,0.00000,0.00,0.00,0.00,0.0000,0.0000,0.0000,0.0000,0,0
2026-08-25 17:09:28.358569,2056,franka,0.59827,-0.02524,0.29133,-0.00000,-0.00000,0.00000,0.00000,0.00,0.00,0.00,0.0000,0.0000,0.0000,0.0000,0,0
2026-08-25 17:09:28.412449,2057,franka,0.59828,-0.02524,0.29135,-0.00000,-0.00000,0.00000,0.00000,0.00,0.00,0.00,0.0000,0.0000,0.0000,0.0000,0,0
2026-08-25 17:09:28.464897,2058,franka,0.59828,-0.02524,0.29136,-0.00000,-0.00000,0.00000,0.00000,0.00,0.00,0.00,0.0000,0.0000,0.0000,0.0000,0,0
2026-08-25 17:09:28.518699,2059,franka,0.59828,-0.02525,0.29138,-0.00000,-0.00000,0.00000,0.00000,0.00,0.00,0.00,0.0000,0.0000,0.0000,0.0000,0,0
2026-08-25 17:09:28.572179,2060,franka,0.59828,-0.02524,0.29137,-0.00000,-0.00000,0.00000,0.00000,0.00,0.00,0.00,0.0000,0.0000,0.0000,0.0000,0,0
2026-08-25 17:09:28.626487,2061,flowbot,0.59828,-0.02524,0.29138,-0.00000,-0.00000,0.00000,0.00000,0.00,0.00,0.00,0.0000,0.0000,0.0000,0.0000,1,0
2026-08-25 17:09:28.680597,2062,flowbot,0.59828,-0.02524,0.29138,-0.00000,-0.00000,0.00000,0.00000,0.00,0.00,0.00,0.0000,0.0000,0.0000,0.0000,1,0
2026-08-25 17:09:28.736129,2063,flowbot,0.59828,-0.02524,0.29138,-0.00000,-0.00000,0.00000,0.00000,0.00,0.00,0.00,0.0000,0.0000,0.0000,0.0000,1,0
2026-08-25 17:09:28.788228,2064,flowbot,0.59828,-0.02524,0.29138,-0.00000,-0.00000,0.00000,0.00000,0.00,0.00,0.00,0.0000,0.0000,0.0000,0.0000,1,0
2026-08-25 17:09:28.843093,2065,flowbot,0.59828,-0.02524,0.29138,-0.00000,-0.00000,0.00000,0.00000,0.00,0.00,0.00,0.0000,0.0000,0.0000,0.0000,1,0
2026-08-25 17:09:28.893907,2066,flowbot,0.59828,-0.02524,0.29138,-0.00000,-0.00000,0.00000,0.00000,0.00,0.00,0.00,0.0000,0.0000,0.0000,0.0000,1,0
2026-08-25 17:09:28.953391,2067,flowbot,0.59828,-0.02524,0.29138,-0.00000,-0.00000,0.00000,0.00000,0.00,0.00,0.00,0.0000,0.0000,0.0000,0.0000,1,0
2026-08-25 17:09:29.004810,2068,flowbot,0.59828,-0.02524,0.29138,-0.00000,-0.00000,0.00000,0.00000,0.00,0.00,0.00,0.0000,0.0000,0.0000,0.0000,1,0
2026-08-25 17:09:29.055494,2069,flowbot,0.59828,-0.02524,0.29138,-0.00000,-0.00000,0.00000,0.00000,0.00,0.00,0.00,0.0000,0.0000,0.0000,0.0000,1,0
2026-08-25 17:09:29.108355,2070,flowbot,0.59828,-0.02524,0.29138,-0.00000,-0.00000,0.00000,0.00000,0.00,0.00,0.00,0.0000,0.0000,0.0000,0.0000,0,0
2026-08-25 17:09:29.160746,2071,flowbot,0.59828,-0.02524,0.29138,-0.00000,-0.00000,0.00000,0.00000,0.00,0.00,0.00,0.0000,0.0000,0.0000,0.0000,0,0
2026-08-25 17:09:29.212658,2072,flowbot,0.59828,-0.02524,0.29138,-0.00000,-0.00000,0.00000,0.00000,0.00,0.00,0.00,0.0000,0.0000,0.0000,0.0000,0,0
2026-08-25 17:09:29.265358,2073,flowbot,0.59828,-0.02524,0.29138,-0.00000,-0.00000,0.00000,0.00000,0.00,0.00,0.00,0.0000,0.0000,0.0000,0.0000,0,0
2026-08-25 17:09:29.312595,2074,flowbot,0.59828,-0.02524,0.29138,-0.00000,-0.00000,0.00000,0.00000,0.00,0.00,0.00,0.0000,0.0000,0.0000,0.0000,0,0
2026-08-25 17:09:29.368098,2075,flowbot,0.59828,-0.02524,0.29138,-0.00000,-0.00000,0.00000,0.00000,0.00,0.00,0.00,0.0000,0.0000,0.0000,0.0000,0,0
2026-08-25 17:09:29.419532,2076,flowbot,0.59828,-0.02524,0.29138,-0.00000,-0.00000,0.00000,0.00000,0.00,0.00,0.00,0.0000,0.0000,0.0000,0.0000,0,0
2026-08-25 17:09:29.471035,2077,flowbot,0.59828,-0.02524,0.29138,-0.00000,-0.00000,0.00000,0.00000,0.00,0.00,0.00,0.0000,0.0000,0.0000,0.0000,0,0
2026-08-25 17:09:29.526323,2078,flowbot,0.59828,-0.02524,0.29138,-0.00000,-0.00000,0.00000,0.00000,0.00,0.00,0.00,0.0000,0.0000,0.0000,0.0000,0,0
2026-08-25 17:09:29.581683,2079,flowbot,0.59828,-0.02524,0.29138,-0.00000,-0.00000,0.00000,0.00000,0.00,0.00,0.00,0.0000,0.0000,0.0000,0.0000,0,0
2026-08-25 17:09:29.636104,2080,flowbot,0.59828,-0.02524,0.29138,-0.00000,-0.00000,0.00000,0.00000,0.00,0.00,0.00,0.0000,0.0000,0.0000,0.0000,0,0
2026-08-25 17:09:29.691710,2081,flowbot,0.59828,-0.02524,0.29138,-0.00000,-0.00000,0.00000,0.00000,0.00,0.00,0.00,0.0000,0.0000,0.0000,0.0000,0,0
2026-08-25 17:09:29.743615,2082,flowbot,0.59828,-0.02524,0.29138,-0.00000,-0.00000,0.00000,0.00000,0.00,0.00,0.00,0.0000,0.0000,0.0000,0.0000,0,0
2026-08-25 17:09:29.802572,2083,flowbot,0.59828,-0.02524,0.29138,-0.00000,-0.00000,0.00000,0.00000,0.00,0.00,0.00,0.0000,0.0000,0.0000,0.0000,0,0
2026-08-25 17:09:29.854226,2084,flowbot,0.59828,-0.02524,0.29138,-0.00000,-0.00000,0.00000,0.00000,0.00,0.00,0.00,0.0000,0.0000,0.0000,0.0000,0,0
2026-08-25 17:09:29.907488,2085,flowbot,0.59828,-0.02524,0.29138,-0.00000,-0.00000,0.00000,0.00000,0.00,0.00,0.00,0.0000,0.0000,0.0000,0.0000,0,0
2026-08-25 17:09:29.957944,2086,flowbot,0.59828,-0.02524,0.29138,-0.00000,-0.00000,0.00000,0.00000,0.00,0.00,0.00,0.7257,0.0000,0.0000,0.0000,0,0
2026-08-25 17:09:30.011288,2087,flowbot,0.59828,-0.02524,0.29138,-0.00000,-0.00000,0.00000,0.00000,0.00,0.00,0.00,0.7257,0.0000,0.0000,0.0000,0,0
2026-08-25 17:09:30.067102,2088,flowbot,0.59828,-0.02524,0.29138,-0.00000,-0.00000,0.00000,0.00000,0.00,0.00,0.00,0.7257,0.0000,0.0000,0.0000,0,0
2026-08-25 17:09:30.121619,2089,flowbot,0.59828,-0.02524,0.29138,-0.00000,-0.00000,0.00000,0.00000,0.00,0.00,0.00,0.7257,0.0000,0.0000,0.0000,0,0
2026-08-25 17:09:30.174105,2090,flowbot,0.59828,-0.02524,0.29138,-0.00000,-0.00000,0.00000,0.00000,0.00,0.00,0.00,1.3771,0.0000,0.2857,0.0000,0,0
2026-08-25 17:09:30.231427,2091,flowbot,0.59828,-0.02524,0.29138,-0.00000,-0.00000,0.00000,0.00000,0.00,0.00,0.00,1.3771,0.0000,0.2857,0.0000,0,0
2026-08-25 17:09:30.284058,2092,flowbot,0.59828,-0.02524,0.29138,-0.00000,-0.00000,0.00000,0.00000,0.00,0.00,0.00,1.3771,0.0000,0.2857,0.0000,0,0
2026-08-25 17:09:30.338267,2093,flowbot,0.59828,-0.02524,0.29138,-0.00000,-0.00000,0.00000,0.00000,0.00,0.00,0.00,1.3771,0.0000,0.2857,0.0000,0,0
2026-08-25 17:09:30.395038,2094,flowbot,0.59828,-0.02524,0.29138,-0.00000,-0.00000,0.00000,0.00000,0.00,0.00,0.00,1.3714,0.0000,0.2857,0.0000,0,0
2026-08-25 17:09:30.452112,2095,flowbot,0.59828,-0.02524,0.29138,-0.00000,-0.00000,0.00000,0.00000,0.00,0.00,0.00,1.3714,0.0000,0.2857,0.0000,0,0
2026-08-25 17:09:30.504605,2096,flowbot,0.59828,-0.02524,0.29138,-0.00000,-0.00000,0.00000,0.00000,0.00,0.00,0.00,1.3714,0.0000,0.2857,0.0000,0,0
2026-08-25 17:09:30.551986,2097,flowbot,0.59828,-0.02524,0.29138,-0.00000,-0.00000,0.00000,0.00000,0.00,0.00,0.00,1.3714,0.0000,0.2857,0.0000,0,0
2026-08-25 17:09:30.603144,2098,flowbot,0.59828,-0.02524,0.29138,-0.00000,-0.00000,0.00000,0.00000,1.00,0.00,0.00,1.3714,0.0000,0.2686,0.0000,0,0
2026-08-25 17:09:30.663325,2099,flowbot,0.59828,-0.02524,0.29138,-0.00000,-0.00000,0.00000,0.00000,1.00,0.00,0.00,1.3714,0.0000,0.2686,0.0000,0,0
2026-08-25 17:09:30.716645,2100,flowbot,0.59828,-0.02524,0.29138,-0.00000,-0.00000,0.00000,0.00000,1.00,0.00,0.00,1.3714,0.0000,0.2686,0.0000,0,0
2026-08-25 17:09:30.770501,2101,flowbot,0.59828,-0.02524,0.29138,-0.00000,-0.00000,0.00000,0.00000,2.00,0.00,0.00,1.3486,0.0000,0.2486,0.0000,0,0
2026-08-25 17:09:30.824248,2102,flowbot,0.59828,-0.02524,0.29138,-0.00000,-0.00000,0.00000,0.00000,2.00,0.00,0.00,1.3486,0.0000,0.2486,0.0000,0,0
2026-08-25 17:09:30.875275,2103,flowbot,0.59828,-0.02524,0.29138,-0.00000,-0.00000,0.00000,0.00000,2.00,0.00,0.00,1.3486,0.0000,0.2486,0.0000,0,0
2026-08-25 17:09:30.927216,2104,flowbot,0.59828,-0.02524,0.29138,-0.00000,-0.00000,0.00000,0.00000,2.00,0.00,0.00,1.3486,0.0000,0.2486,0.0000,0,0
2026-08-25 17:09:30.982694,2105,flowbot,0.59828,-0.02524,0.29138,-0.00000,-0.00000,0.00000,0.00000,4.00,0.00,0.00,1.3343,0.0000,0.1914,0.0000,0,0
2026-08-25 17:09:31.036918,2106,flowbot,0.59828,-0.02524,0.29138,-0.00000,-0.00000,0.00000,0.00000,4.00,0.00,0.00,1.3343,0.0000,0.1914,0.0000,0,0
2026-08-25 17:09:31.092701,2107,flowbot,0.59828,-0.02524,0.29138,-0.00000,-0.00000,0.00000,0.00000,4.00,0.00,0.00,1.3343,0.0000,0.1914,0.0000,0,0
2026-08-25 17:09:31.147098,2108,flowbot,0.59828,-0.02524,0.29138,-0.00000,-0.00000,0.00000,0.00000,4.00,0.00,0.00,1.3343,0.0000,0.1914,0.0000,0,0
2026-08-25 17:09:31.199567,2109,flowbot,0.59828,-0.02524,0.29138,-0.00000,-0.00000,0.00000,0.00000,5.00,0.00,0.00,1.1714,0.0000,0.0000,0.0000,0,0
2026-08-25 17:09:31.259930,2110,flowbot,0.59828,-0.02524,0.29138,-0.00000,-0.00000,0.00000,0.00000,5.00,0.00,0.00,1.1714,0.0000,0.0000,0.0000,0,0
2026-08-25 17:09:31.311609,2111,flowbot,0.59828,-0.02524,0.29138,-0.00000,-0.00000,0.00000,0.00000,5.00,0.00,0.00,1.1714,0.0000,0.0000,0.0000,0,0
2026-08-25 17:09:31.363264,2112,flowbot,0.59828,-0.02524,0.29138,-0.00000,-0.00000,0.00000,0.00000,5.00,0.00,0.00,1.1714,0.0000,0.0000,0.0000,0,0
2026-08-25 17:09:31.412629,2113,flowbot,0.59828,-0.02524,0.29138,-0.00000,-0.00000,0.00000,0.00000,5.00,0.00,0.00,0.4857,0.0000,-0.3943,0.0000,0,0
2026-08-25 17:09:31.465715,2114,flowbot,0.59828,-0.02524,0.29138,-0.00000,-0.00000,0.00000,0.00000,5.00,0.00,0.00,0.4857,0.0000,-0.3943,0.0000,0,0
2026-08-25 17:09:31.515528,2115,flowbot,0.59828,-0.02524,0.29138,-0.00000,-0.00000,0.00000,0.00000,5.00,0.00,0.00,0.4857,0.0000,-0.3943,0.0000,0,0
2026-08-25 17:09:31.570304,2116,flowbot,0.59828,-0.02524,0.29138,-0.00000,-0.00000,0.00000,0.00000,5.00,0.00,0.00,0.4857,0.0000,-0.3943,0.0000,0,0
2026-08-25 17:09:31.622112,2117,flowbot,0.59828,-0.02524,0.29138,-0.00000,-0.00000,0.00000,0.00000,6.00,0.00,0.00,0.9657,-0.3743,0.0000,0.0000,0,0
2026-08-25 17:09:31.679877,2118,flowbot,0.59828,-0.02524,0.29138,-0.00000,-0.00000,0.00000,0.00000,6.00,0.00,0.00,0.9657,-0.3743,0.0000,0.0000,0,0
2026-08-25 17:09:31.728837,2119,flowbot,0.59828,-0.02524,0.29138,-0.00000,-0.00000,0.00000,0.00000,6.00,0.00,0.00,0.9657,-0.3743,0.0000,0.0000,0,0
2026-08-25 17:09:31.781452,2120,flowbot,0.59828,-0.02524,0.29138,-0.00000,-0.00000,0.00000,0.00000,6.00,0.00,0.00,0.9657,-0.3743,0.0000,0.0000,0,0
2026-08-25 17:09:31.832402,2121,flowbot,0.59828,-0.02524,0.29138,-0.00000,-0.00000,0.00000,0.00000,8.00,0.00,0.00,1.0629,-0.2486,0.0000,0.0000,0,0
2026-08-25 17:09:31.883251,2122,flowbot,0.59828,-0.02524,0.29138,-0.00000,-0.00000,0.00000,0.00000,8.00,0.00,0.00,1.0629,-0.2486,0.0000,0.0000,0,0
2026-08-25 17:09:31.938839,2123,flowbot,0.59828,-0.02524,0.29138,-0.00000,-0.00000,0.00000,0.00000,8.00,0.00,0.00,1.0629,-0.2486,0.0000,0.0000,0,0
2026-08-25 17:09:31.993000,2124,flowbot,0.59828,-0.02524,0.29138,-0.00000,-0.00000,0.00000,0.00000,8.00,0.00,0.00,1.0629,-0.2486,0.0000,0.0000,0,0
2026-08-25 17:09:32.040865,2125,flowbot,0.59828,-0.02524,0.29138,-0.00000,-0.00000,0.00000,0.00000,8.00,0.00,0.00,0.8886,-0.1714,-0.3886,0.0000,0,0
2026-08-25 17:09:32.094162,2126,flowbot,0.59828,-0.02524,0.29138,-0.00000,-0.00000,0.00000,0.00000,8.00,0.00,0.00,0.8886,-0.1714,-0.3886,0.0000,0,0
2026-08-25 17:09:32.146792,2127,flowbot,0.59828,-0.02524,0.29138,-0.00000,-0.00000,0.00000,0.00000,8.00,0.00,0.00,0.8886,-0.1714,-0.3886,0.0000,0,0
2026-08-25 17:09:32.198682,2128,flowbot,0.59828,-0.02524,0.29138,-0.00000,-0.00000,0.00000,0.00000,8.00,0.00,0.00,0.8886,-0.1714,-0.3886,0.0000,0,0
2026-08-25 17:09:32.249127,2129,flowbot,0.59828,-0.02524,0.29138,-0.00000,-0.00000,0.00000,0.00000,8.00,0.00,0.00,0.8886,-0.1714,-0.3886,0.0000,0,0
2026-08-25 17:09:32.304181,2130,flowbot,0.59828,-0.02524,0.29138,-0.00000,-0.00000,0.00000,0.00000,8.00,0.00,0.00,0.1486,0.0000,-0.7714,0.0000,0,0
2026-08-25 17:09:32.353567,2131,flowbot,0.59828,-0.02524,0.29138,-0.00000,-0.00000,0.00000,0.00000,8.00,0.00,0.00,0.1486,0.0000,-0.7714,0.0000,0,0
2026-08-25 17:09:32.404747,2132,flowbot,0.59828,-0.02524,0.29138,-0.00000,-0.00000,0.00000,0.00000,8.00,0.00,0.00,0.1486,0.0000,-0.7714,0.0000,0,0
2026-08-25 17:09:32.457475,2133,flowbot,0.59828,-0.02524,0.29138,-0.00000,-0.00000,0.00000,0.00000,8.00,0.00,0.00,0.2029,0.0000,-0.8229,0.0000,0,0
2026-08-25 17:09:32.509828,2134,flowbot,0.59828,-0.02524,0.29138,-0.00000,-0.00000,0.00000,0.00000,8.00,0.00,0.00,0.2029,0.0000,-0.8229,0.0000,0,0
2026-08-25 17:09:32.560677,2135,flowbot,0.59828,-0.02524,0.29138,-0.00000,-0.00000,0.00000,0.00000,8.00,0.00,0.00,0.2029,0.0000,-0.8229,0.0000,0,0
2026-08-25 17:09:32.615328,2136,flowbot,0.59828,-0.02524,0.29138,-0.00000,-0.00000,0.00000,0.00000,8.00,0.00,0.00,0.2029,0.0000,-0.8229,0.0000,0,0
2026-08-25 17:09:32.664159,2137,flowbot,0.59828,-0.02524,0.29138,-0.00000,-0.00000,0.00000,0.00000,8.00,0.00,0.00,0.2029,0.0000,-0.8229,0.0000,0,0
2026-08-25 17:09:32.718554,2138,flowbot,0.59828,-0.02524,0.29138,-0.00000,-0.00000,0.00000,0.00000,8.00,0.00,0.00,0.4886,-0.2771,-0.5086,0.0000,0,0
2026-08-25 17:09:32.779609,2139,flowbot,0.59828,-0.02524,0.29138,-0.00000,-0.00000,0.00000,0.00000,8.00,0.00,0.00,0.4886,-0.2771,-0.5086,0.0000,0,0
2026-08-25 17:09:32.832339,2140,flowbot,0.59828,-0.02524,0.29138,-0.00000,-0.00000,0.00000,0.00000,8.00,0.00,0.00,0.4886,-0.2771,-0.5086,0.0000,0,0
2026-08-25 17:09:32.882420,2141,flowbot,0.59828,-0.02524,0.29138,-0.00000,-0.00000,0.00000,0.00000,8.00,0.00,0.00,0.4886,-0.2771,-0.5086,0.0000,0,0
2026-08-25 17:09:32.934176,2142,flowbot,0.59828,-0.02524,0.29138,-0.00000,-0.00000,0.00000,0.00000,8.00,0.00,0.00,0.9457,-0.3343,-0.2343,0.0000,0,0
2026-08-25 17:09:32.992602,2143,flowbot,0.59828,-0.02524,0.29138,-0.00000,-0.00000,0.00000,0.00000,8.00,0.00,0.00,0.9457,-0.3343,-0.2343,0.0000,0,0
2026-08-25 17:09:33.046018,2144,flowbot,0.59828,-0.02524,0.29138,-0.00000,-0.00000,0.00000,0.00000,8.00,0.00,0.00,0.9457,-0.3343,-0.2343,0.0000,0,0
2026-08-25 17:09:33.096261,2145,flowbot,0.59828,-0.02524,0.29138,-0.00000,-0.00000,0.00000,0.00000,8.00,0.00,0.00,0.9457,-0.3343,-0.2343,0.0000,0,0
2026-08-25 17:09:33.148683,2146,flowbot,0.59828,-0.02524,0.29138,-0.00000,-0.00000,0.00000,0.00000,9.00,0.00,0.00,0.7143,-0.2800,0.0000,0.0000,0,0
2026-08-25 17:09:33.204844,2147,flowbot,0.59828,-0.02524,0.29138,-0.00000,-0.00000,0.00000,0.00000,9.00,0.00,0.00,0.7143,-0.2800,0.0000,0.0000,0,0
2026-08-25 17:09:33.254610,2148,flowbot,0.59828,-0.02524,0.29138,-0.00000,-0.00000,0.00000,0.00000,9.00,0.00,0.00,0.7143,-0.2800,0.0000,0.0000,0,0
2026-08-25 17:09:33.305558,2149,flowbot,0.59828,-0.02524,0.29138,-0.00000,-0.00000,0.00000,0.00000,9.00,0.00,0.00,0.7143,-0.2800,0.0000,0.0000,0,0
2026-08-25 17:09:33.364311,2150,flowbot,0.59828,-0.02524,0.29138,-0.00000,-0.00000,0.00000,0.00000,10.00,0.00,0.00,0.4800,-0.1457,0.4486,0.0000,0,0
2026-08-25 17:09:33.413047,2151,flowbot,0.59828,-0.02524,0.29138,-0.00000,-0.00000,0.00000,0.00000,10.00,0.00,0.00,0.4800,-0.1457,0.4486,0.0000,0,0
2026-08-25 17:09:33.466902,2152,flowbot,0.59828,-0.02524,0.29138,-0.00000,-0.00000,0.00000,0.00000,10.00,0.00,0.00,0.4800,-0.1457,0.4486,0.0000,0,0
2026-08-25 17:09:33.518418,2153,flowbot,0.59828,-0.02524,0.29138,-0.00000,-0.00000,0.00000,0.00000,10.00,0.00,0.00,0.4800,-0.1457,0.4486,0.0000,0,0
2026-08-25 17:09:33.569477,2154,flowbot,0.59828,-0.02524,0.29138,-0.00000,-0.00000,0.00000,0.00000,11.00,0.00,0.00,0.5629,0.0000,0.1829,0.0000,0,0
2026-08-25 17:09:33.622934,2155,flowbot,0.59828,-0.02524,0.29138,-0.00000,-0.00000,0.00000,0.00000,11.00,0.00,0.00,0.5629,0.0000,0.1829,0.0000,0,0
2026-08-25 17:09:33.677010,2156,flowbot,0.59828,-0.02524,0.29138,-0.00000,-0.00000,0.00000,0.00000,11.00,0.00,0.00,0.5629,0.0000,0.1829,0.0000,0,0
2026-08-25 17:09:33.727003,2157,flowbot,0.59828,-0.02524,0.29138,-0.00000,-0.00000,0.00000,0.00000,11.00,0.00,0.00,0.5629,0.0000,0.1829,0.0000,0,0
2026-08-25 17:09:33.778876,2158,flowbot,0.59828,-0.02524,0.29138,-0.00000,-0.00000,0.00000,0.00000,10.00,0.00,0.00,0.2000,0.2086,-0.6657,0.0000,0,0
2026-08-25 17:09:33.835895,2159,flowbot,0.59828,-0.02524,0.29138,-0.00000,-0.00000,0.00000,0.00000,10.00,0.00,0.00,0.2000,0.2086,-0.6657,0.0000,0,0
2026-08-25 17:09:33.887931,2160,flowbot,0.59828,-0.02524,0.29138,-0.00000,-0.00000,0.00000,0.00000,10.00,0.00,0.00,0.2000,0.2086,-0.6657,0.0000,0,0
2026-08-25 17:09:33.940303,2161,flowbot,0.59828,-0.02524,0.29138,-0.00000,-0.00000,0.00000,0.00000,10.00,0.00,0.00,0.2000,0.2086,-0.6657,0.0000,0,0
2026-08-25 17:09:33.990035,2162,flowbot,0.59828,-0.02524,0.29138,-0.00000,-0.00000,0.00000,0.00000,10.00,0.00,0.00,0.0000,0.3971,-0.5429,0.0000,0,0
2026-08-25 17:09:34.044700,2163,flowbot,0.59828,-0.02524,0.29138,-0.00000,-0.00000,0.00000,0.00000,10.00,0.00,0.00,0.0000,0.3971,-0.5429,0.0000,0,0
2026-08-25 17:09:34.098984,2164,flowbot,0.59828,-0.02524,0.29138,-0.00000,-0.00000,0.00000,0.00000,10.00,0.00,0.00,0.0000,0.3971,-0.5429,0.0000,0,0
2026-08-25 17:09:34.149650,2165,flowbot,0.59828,-0.02524,0.29138,-0.00000,-0.00000,0.00000,0.00000,10.00,0.00,0.00,0.0000,0.3971,-0.5429,0.0000,0,0
2026-08-25 17:09:34.199977,2166,flowbot,0.59828,-0.02524,0.29138,-0.00000,-0.00000,0.00000,0.00000,10.00,0.00,0.00,0.0000,0.0000,0.0000,0.0000,0,0
2026-08-25 17:09:34.254878,2167,flowbot,0.59828,-0.02524,0.29138,-0.00000,-0.00000,0.00000,0.00000,10.00,0.00,0.00,0.0000,0.0000,0.0000,0.0000,0,0
2026-08-25 17:09:34.312174,2168,flowbot,0.59828,-0.02524,0.29138,-0.00000,-0.00000,0.00000,0.00000,10.00,0.00,0.00,0.0000,0.0000,0.0000,0.0000,0,0
2026-08-25 17:09:34.362431,2169,flowbot,0.59828,-0.02524,0.29138,-0.00000,-0.00000,0.00000,0.00000,10.00,0.00,0.00,0.0000,0.0000,0.0000,0.0000,0,0
2026-08-25 17:09:34.414473,2170,flowbot,0.59828,-0.02524,0.29138,-0.00000,-0.00000,0.00000,0.00000,10.00,0.00,0.00,0.0000,0.4914,0.0000,0.0000,0,0
2026-08-25 17:09:34.470401,2171,flowbot,0.59828,-0.02524,0.29138,-0.00000,-0.00000,0.00000,0.00000,10.00,0.00,0.00,0.0000,0.4914,0.0000,0.0000,0,0
2026-08-25 17:09:34.519344,2172,flowbot,0.59828,-0.02524,0.29138,-0.00000,-0.00000,0.00000,0.00000,10.00,0.00,0.00,0.0000,0.4914,0.0000,0.0000,0,0
2026-08-25 17:09:34.572831,2173,flowbot,0.59828,-0.02524,0.29138,-0.00000,-0.00000,0.00000,0.00000,10.00,0.00,0.00,0.0000,0.4914,0.0000,0.0000,0,0
2026-08-25 17:09:34.623848,2174,flowbot,0.59828,-0.02524,0.29138,-0.00000,-0.00000,0.00000,0.00000,10.00,0.00,0.00,0.0000,1.1314,0.0000,0.0000,0,0
2026-08-25 17:09:34.680012,2175,flowbot,0.59828,-0.02524,0.29138,-0.00000,-0.00000,0.00000,0.00000,10.00,0.00,0.00,0.0000,1.1314,0.0000,0.0000,0,0
2026-08-25 17:09:34.729680,2176,flowbot,0.59828,-0.02524,0.29138,-0.00000,-0.00000,0.00000,0.00000,10.00,0.00,0.00,0.0000,1.1314,0.0000,0.0000,0,0
2026-08-25 17:09:34.779487,2177,flowbot,0.59828,-0.02524,0.29138,-0.00000,-0.00000,0.00000,0.00000,10.00,0.00,0.00,0.0000,1.1314,0.0000,0.0000,0,0
2026-08-25 17:09:34.829039,2178,flowbot,0.59828,-0.02524,0.29138,-0.00000,-0.00000,0.00000,0.00000,10.00,0.00,0.00,0.0000,0.0000,0.0000,0.0000,0,0
2026-08-25 17:09:34.886820,2179,flowbot,0.59828,-0.02524,0.29138,-0.00000,-0.00000,0.00000,0.00000,10.00,0.00,0.00,0.0000,0.0000,0.0000,0.0000,0,0
2026-08-25 17:09:34.939765,2180,flowbot,0.59828,-0.02524,0.29138,-0.00000,-0.00000,0.00000,0.00000,10.00,0.00,0.00,0.0000,0.0000,0.0000,0.0000,0,0
2026-08-25 17:09:34.990440,2181,flowbot,0.59828,-0.02524,0.29138,-0.00000,-0.00000,0.00000,0.00000,10.00,0.00,0.00,0.0000,0.0000,0.0000,0.0000,0,0
2026-08-25 17:09:35.041975,2182,flowbot,0.59828,-0.02524,0.29138,-0.00000,-0.00000,0.00000,0.00000,10.00,0.00,0.00,0.4114,-0.2114,-0.3571,0.0000,0,0
2026-08-25 17:09:35.098697,2183,flowbot,0.59828,-0.02524,0.29138,-0.00000,-0.00000,0.00000,0.00000,10.00,0.00,0.00,0.4114,-0.2114,-0.3571,0.0000,0,0
2026-08-25 17:09:35.151048,2184,flowbot,0.59828,-0.02524,0.29138,-0.00000,-0.00000,0.00000,0.00000,10.00,0.00,0.00,0.4114,-0.2114,-0.3571,0.0000,0,0
2026-08-25 17:09:35.205520,2185,flowbot,0.59828,-0.02524,0.29138,-0.00000,-0.00000,0.00000,0.00000,10.00,0.00,0.00,0.4114,-0.2114,-0.3571,0.0000,0,0
2026-08-25 17:09:35.256877,2186,flowbot,0.59828,-0.02524,0.29138,-0.00000,-0.00000,0.00000,0.00000,10.00,0.00,0.00,0.7000,-0.5743,-0.4257,0.0000,0,0
2026-08-25 17:09:35.311264,2187,flowbot,0.59828,-0.02524,0.29138,-0.00000,-0.00000,0.00000,0.00000,10.00,0.00,0.00,0.7000,-0.5743,-0.4257,0.0000,0,0
2026-08-25 17:09:35.362320,2188,flowbot,0.59828,-0.02524,0.29138,-0.00000,-0.00000,0.00000,0.00000,10.00,0.00,0.00,0.7000,-0.5743,-0.4257,0.0000,0,0
2026-08-25 17:09:35.417453,2189,flowbot,0.59828,-0.02524,0.29138,-0.00000,-0.00000,0.00000,0.00000,10.00,0.00,0.00,0.7000,-0.5743,-0.4257,0.0000,0,0
2026-08-25 17:09:35.469584,2190,flowbot,0.59828,-0.02524,0.29138,-0.00000,-0.00000,0.00000,0.00000,10.00,0.00,0.00,0.8314,-0.6429,-0.2629,0.0000,0,0
2026-08-25 17:09:35.530483,2191,flowbot,0.59828,-0.02524,0.29138,-0.00000,-0.00000,0.00000,0.00000,10.00,0.00,0.00,0.8314,-0.6429,-0.2629,0.0000,0,0
2026-08-25 17:09:35.579734,2192,flowbot,0.59828,-0.02524,0.29138,-0.00000,-0.00000,0.00000,0.00000,10.00,0.00,0.00,0.8314,-0.6429,-0.2629,0.0000,0,0
2026-08-25 17:09:35.636908,2193,flowbot,0.59828,-0.02524,0.29138,-0.00000,-0.00000,0.00000,0.00000,10.00,0.00,0.00,0.8314,-0.6429,-0.2629,0.0000,0,0
2026-08-25 17:09:35.697389,2194,flowbot,0.59828,-0.02524,0.29138,-0.00000,-0.00000,0.00000,0.00000,10.00,0.00,0.00,0.7857,-0.5086,-0.1800,0.0000,0,0
2026-08-25 17:09:35.743097,2195,flowbot,0.59828,-0.02524,0.29138,-0.00000,-0.00000,0.00000,0.00000,10.00,0.00,0.00,0.7857,-0.5086,-0.1800,0.0000,0,0
2026-08-25 17:09:35.794270,2196,flowbot,0.59828,-0.02524,0.29138,-0.00000,-0.00000,0.00000,0.00000,10.00,0.00,0.00,0.7857,-0.5086,-0.1800,0.0000,0,0
2026-08-25 17:09:35.851384,2197,flowbot,0.59828,-0.02524,0.29138,-0.00000,-0.00000,0.00000,0.00000,10.00,0.00,0.00,0.7857,-0.5086,-0.1800,0.0000,0,0
2026-08-25 17:09:35.912912,2198,flowbot,0.59828,-0.02524,0.29138,-0.00000,-0.00000,0.00000,0.00000,10.00,0.00,0.00,0.1371,0.0000,0.0000,0.0000,0,0
2026-08-25 17:09:35.963138,2199,flowbot,0.59828,-0.02524,0.29138,-0.00000,-0.00000,0.00000,0.00000,10.00,0.00,0.00,0.1371,0.0000,0.0000,0.0000,0,0
2026-08-25 17:09:36.017884,2200,flowbot,0.59828,-0.02524,0.29138,-0.00000,-0.00000,0.00000,0.00000,10.00,0.00,0.00,0.1371,0.0000,0.0000,0.0000,0,0
2026-08-25 17:09:36.066048,2201,flowbot,0.59828,-0.02524,0.29138,-0.00000,-0.00000,0.00000,0.00000,10.00,0.00,0.00,0.1371,0.0000,0.0000,0.0000,0,0
2026-08-25 17:09:36.122117,2202,flowbot,0.59828,-0.02524,0.29138,-0.00000,-0.00000,0.00000,0.00000,11.00,0.00,0.00,0.4057,0.0000,0.0000,0.0000,0,0
2026-08-25 17:09:36.182572,2203,flowbot,0.59828,-0.02524,0.29138,-0.00000,-0.00000,0.00000,0.00000,11.00,0.00,0.00,0.4057,0.0000,0.0000,0.0000,0,0
2026-08-25 17:09:36.232163,2204,flowbot,0.59828,-0.02524,0.29138,-0.00000,-0.00000,0.00000,0.00000,11.00,0.00,0.00,0.4057,0.0000,0.0000,0.0000,0,0
2026-08-25 17:09:36.283037,2205,flowbot,0.59828,-0.02524,0.29138,-0.00000,-0.00000,0.00000,0.00000,13.00,0.00,0.00,1.4286,-0.1457,0.2971,0.0000,0,0
2026-08-25 17:09:36.336118,2206,flowbot,0.59828,-0.02524,0.29138,-0.00000,-0.00000,0.00000,0.00000,13.00,0.00,0.00,1.4286,-0.1457,0.2971,0.0000,0,0
2026-08-25 17:09:36.385097,2207,flowbot,0.59828,-0.02524,0.29138,-0.00000,-0.00000,0.00000,0.00000,13.00,0.00,0.00,1.4286,-0.1457,0.2971,0.0000,0,0
2026-08-25 17:09:36.436371,2208,flowbot,0.59828,-0.02524,0.29138,-0.00000,-0.00000,0.00000,0.00000,13.00,0.00,0.00,1.4286,-0.1457,0.2971,0.0000,0,0
2026-08-25 17:09:36.487163,2209,flowbot,0.59828,-0.02524,0.29138,-0.00000,-0.00000,0.00000,0.00000,13.00,0.00,0.00,1.4286,-0.1457,0.2971,0.0000,0,0
2026-08-25 17:09:36.544450,2210,flowbot,0.59828,-0.02524,0.29138,-0.00000,-0.00000,0.00000,0.00000,15.00,0.00,0.00,1.2800,0.0000,0.2200,0.0000,0,0
2026-08-25 17:09:36.597199,2211,flowbot,0.59828,-0.02524,0.29138,-0.00000,-0.00000,0.00000,0.00000,15.00,0.00,0.00,1.2800,0.0000,0.2200,0.0000,0,0
2026-08-25 17:09:36.650717,2212,flowbot,0.59828,-0.02524,0.29138,-0.00000,-0.00000,0.00000,0.00000,15.00,0.00,0.00,1.2800,0.0000,0.2200,0.0000,0,0
2026-08-25 17:09:36.702109,2213,flowbot,0.59828,-0.02524,0.29138,-0.00000,-0.00000,0.00000,0.00000,15.00,0.00,0.00,1.2800,0.0000,0.2200,0.0000,0,0
2026-08-25 17:09:36.757367,2214,flowbot,0.59828,-0.02524,0.29138,-0.00000,-0.00000,0.00000,0.00000,17.00,0.00,0.00,1.2914,0.0000,0.2343,0.0000,0,0
2026-08-25 17:09:36.808385,2215,flowbot,0.59828,-0.02524,0.29138,-0.00000,-0.00000,0.00000,0.00000,17.00,0.00,0.00,1.2914,0.0000,0.2343,0.0000,0,0
2026-08-25 17:09:36.861289,2216,flowbot,0.59828,-0.02524,0.29138,-0.00000,-0.00000,0.00000,0.00000,17.00,0.00,0.00,1.2914,0.0000,0.2343,0.0000,0,0
2026-08-25 17:09:36.915630,2217,flowbot,0.59828,-0.02524,0.29138,-0.00000,-0.00000,0.00000,0.00000,19.00,0.00,0.00,1.3257,0.0000,0.2400,0.0000,0,0
2026-08-25 17:09:36.970856,2218,flowbot,0.59828,-0.02524,0.29138,-0.00000,-0.00000,0.00000,0.00000,19.00,0.00,0.00,1.3257,0.0000,0.2400,0.0000,0,0
2026-08-25 17:09:37.030800,2219,flowbot,0.59828,-0.02524,0.29138,-0.00000,-0.00000,0.00000,0.00000,19.00,0.00,0.00,1.3257,0.0000,0.2400,0.0000,0,0
2026-08-25 17:09:37.085126,2220,flowbot,0.59828,-0.02524,0.29138,-0.00000,-0.00000,0.00000,0.00000,19.00,0.00,0.00,1.3257,0.0000,0.2400,0.0000,0,0
2026-08-25 17:09:37.136620,2221,flowbot,0.59828,-0.02524,0.29138,-0.00000,-0.00000,0.00000,0.00000,19.00,0.00,0.00,1.3257,0.0000,0.2400,0.0000,0,0
2026-08-25 17:09:37.190917,2222,flowbot,0.59828,-0.02524,0.29138,-0.00000,-0.00000,0.00000,0.00000,20.00,0.00,0.00,0.7086,0.0000,-0.2743,0.0000,0,0
2026-08-25 17:09:37.244954,2223,flowbot,0.59828,-0.02524,0.29138,-0.00000,-0.00000,0.00000,0.00000,20.00,0.00,0.00,0.7086,0.0000,-0.2743,0.0000,0,0
2026-08-25 17:09:37.300479,2224,flowbot,0.59828,-0.02524,0.29138,-0.00000,-0.00000,0.00000,0.00000,20.00,0.00,0.00,0.7086,0.0000,-0.2743,0.0000,0,0
2026-08-25 17:09:37.352227,2225,flowbot,0.59828,-0.02524,0.29138,-0.00000,-0.00000,0.00000,0.00000,20.00,0.00,0.00,0.7086,0.0000,-0.2743,0.0000,0,0
2026-08-25 17:09:37.410304,2226,flowbot,0.59828,-0.02524,0.29138,-0.00000,-0.00000,0.00000,0.00000,19.00,0.00,0.00,0.1543,0.0000,-0.8543,0.0000,0,0
2026-08-25 17:09:37.467760,2227,flowbot,0.59828,-0.02524,0.29138,-0.00000,-0.00000,0.00000,0.00000,19.00,0.00,0.00,0.1543,0.0000,-0.8543,0.0000,0,0
2026-08-25 17:09:37.523864,2228,flowbot,0.59828,-0.02524,0.29138,-0.00000,-0.00000,0.00000,0.00000,19.00,0.00,0.00,0.1543,0.0000,-0.8543,0.0000,0,0
2026-08-25 17:09:37.576194,2229,flowbot,0.59828,-0.02524,0.29138,-0.00000,-0.00000,0.00000,0.00000,19.00,0.00,0.00,0.0000,0.0000,-0.8371,0.0000,0,0
2026-08-25 17:09:37.630257,2230,flowbot,0.59828,-0.02524,0.29138,-0.00000,-0.00000,0.00000,0.00000,19.00,0.00,0.00,0.0000,0.0000,-0.8371,0.0000,0,0
2026-08-25 17:09:37.680211,2231,flowbot,0.59828,-0.02524,0.29138,-0.00000,-0.00000,0.00000,0.00000,19.00,0.00,0.00,0.0000,0.0000,-0.8371,0.0000,0,0
2026-08-25 17:09:37.741262,2232,flowbot,0.59828,-0.02524,0.29138,-0.00000,-0.00000,0.00000,0.00000,19.00,0.00,0.00,0.0000,0.0000,-0.8371,0.0000,0,0
2026-08-25 17:09:37.784147,2233,flowbot,0.59828,-0.02524,0.29138,-0.00000,-0.00000,0.00000,0.00000,19.00,0.00,0.00,0.0000,0.0000,-0.8371,0.0000,0,0
2026-08-25 17:09:37.841457,2234,flowbot,0.59828,-0.02524,0.29138,-0.00000,-0.00000,0.00000,0.00000,19.00,0.00,0.00,0.0000,0.1943,-0.7400,0.0000,0,0
2026-08-25 17:09:37.898512,2235,flowbot,0.59828,-0.02524,0.29138,-0.00000,-0.00000,0.00000,0.00000,19.00,0.00,0.00,0.0000,0.1943,-0.7400,0.0000,0,0
2026-08-25 17:09:37.953449,2236,flowbot,0.59828,-0.02524,0.29138,-0.00000,-0.00000,0.00000,0.00000,19.00,0.00,0.00,0.0000,0.1943,-0.7400,0.0000,0,0
2026-08-25 17:09:38.004106,2237,flowbot,0.59828,-0.02524,0.29138,-0.00000,-0.00000,0.00000,0.00000,19.00,0.00,0.00,0.0000,0.1943,-0.7400,0.0000,0,0
2026-08-25 17:09:38.060199,2238,flowbot,0.59828,-0.02524,0.29138,-0.00000,-0.00000,0.00000,0.00000,20.00,0.00,0.00,0.3257,0.0000,0.0000,0.0000,0,0
2026-08-25 17:09:38.114098,2239,flowbot,0.59828,-0.02524,0.29138,-0.00000,-0.00000,0.00000,0.00000,20.00,0.00,0.00,0.3257,0.0000,0.0000,0.0000,0,0
2026-08-25 17:09:38.169026,2240,flowbot,0.59828,-0.02524,0.29138,-0.00000,-0.00000,0.00000,0.00000,20.00,0.00,0.00,0.3257,0.0000,0.0000,0.0000,0,0
2026-08-25 17:09:38.216535,2241,flowbot,0.59828,-0.02524,0.29138,-0.00000,-0.00000,0.00000,0.00000,20.00,0.00,0.00,0.3257,0.0000,0.0000,0.0000,0,0
2026-08-25 17:09:38.271655,2242,flowbot,0.59828,-0.02524,0.29138,-0.00000,-0.00000,0.00000,0.00000,22.00,0.00,0.00,1.2486,0.0000,0.4514,0.0000,0,0
2026-08-25 17:09:38.331812,2243,flowbot,0.59828,-0.02524,0.29138,-0.00000,-0.00000,0.00000,0.00000,22.00,0.00,0.00,1.2486,0.0000,0.4514,0.0000,0,0
2026-08-25 17:09:38.388842,2244,flowbot,0.59828,-0.02524,0.29138,-0.00000,-0.00000,0.00000,0.00000,22.00,0.00,0.00,1.2486,0.0000,0.4514,0.0000,0,0
2026-08-25 17:09:38.441640,2245,flowbot,0.59828,-0.02524,0.29138,-0.00000,-0.00000,0.00000,0.00000,23.00,0.00,0.00,0.8771,0.0000,0.2629,0.0000,0,0
2026-08-25 17:09:38.494582,2246,flowbot,0.59828,-0.02524,0.29138,-0.00000,-0.00000,0.00000,0.00000,23.00,0.00,0.00,0.8771,0.0000,0.2629,0.0000,0,0
2026-08-25 17:09:38.548820,2247,flowbot,0.59828,-0.02524,0.29138,-0.00000,-0.00000,0.00000,0.00000,23.00,0.00,0.00,0.8771,0.0000,0.2629,0.0000,0,0
2026-08-25 17:09:38.601374,2248,flowbot,0.59828,-0.02524,0.29138,-0.00000,-0.00000,0.00000,0.00000,23.00,0.00,0.00,0.8771,0.0000,0.2629,0.0000,0,0
2026-08-25 17:09:38.652998,2249,flowbot,0.59828,-0.02524,0.29138,-0.00000,-0.00000,0.00000,0.00000,23.00,0.00,0.00,0.0000,0.0000,0.0000,0.0000,0,0
2026-08-25 17:09:38.710241,2250,flowbot,0.59828,-0.02524,0.29138,-0.00000,-0.00000,0.00000,0.00000,23.00,0.00,0.00,0.0000,0.0000,0.0000,0.0000,0,0
2026-08-25 17:09:38.763593,2251,flowbot,0.59828,-0.02524,0.29138,-0.00000,-0.00000,0.00000,0.00000,23.00,0.00,0.00,0.0000,0.0000,0.0000,0.0000,0,0
2026-08-25 17:09:38.818552,2252,flowbot,0.59828,-0.02524,0.29138,-0.00000,-0.00000,0.00000,0.00000,23.00,0.00,0.00,0.0000,0.0000,0.0000,0.0000,0,0
2026-08-25 17:09:38.866359,2253,flowbot,0.59828,-0.02524,0.29138,-0.00000,-0.00000,0.00000,0.00000,23.00,0.00,0.00,0.0000,0.1086,-0.7657,0.0000,0,0
2026-08-25 17:09:38.918837,2254,flowbot,0.59828,-0.02524,0.29138,-0.00000,-0.00000,0.00000,0.00000,23.00,0.00,0.00,0.0000,0.1086,-0.7657,0.0000,0,0
2026-08-25 17:09:38.976251,2255,flowbot,0.59828,-0.02524,0.29138,-0.00000,-0.00000,0.00000,0.00000,23.00,0.00,0.00,0.0000,0.1086,-0.7657,0.0000,0,0
2026-08-25 17:09:39.030824,2256,flowbot,0.59828,-0.02524,0.29138,-0.00000,-0.00000,0.00000,0.00000,23.00,0.00,0.00,0.0000,0.1086,-0.7657,0.0000,0,0
2026-08-25 17:09:39.084082,2257,flowbot,0.59828,-0.02524,0.29138,-0.00000,-0.00000,0.00000,0.00000,23.00,0.00,0.00,0.1571,0.0000,0.0000,0.0000,0,0
2026-08-25 17:09:39.138761,2258,flowbot,0.59828,-0.02524,0.29138,-0.00000,-0.00000,0.00000,0.00000,23.00,0.00,0.00,0.1571,0.0000,0.0000,0.0000,0,0
2026-08-25 17:09:39.189010,2259,flowbot,0.59828,-0.02524,0.29138,-0.00000,-0.00000,0.00000,0.00000,23.00,0.00,0.00,0.1571,0.0000,0.0000,0.0000,0,0
2026-08-25 17:09:39.244385,2260,flowbot,0.59828,-0.02524,0.29138,-0.00000,-0.00000,0.00000,0.00000,23.00,0.00,0.00,0.1571,0.0000,0.0000,0.0000,0,0
2026-08-25 17:09:39.292359,2261,flowbot,0.59828,-0.02524,0.29138,-0.00000,-0.00000,0.00000,0.00000,23.00,0.00,0.00,0.6600,0.0000,0.0000,0.0000,0,0
2026-08-25 17:09:39.346841,2262,flowbot,0.59828,-0.02524,0.29138,-0.00000,-0.00000,0.00000,0.00000,23.00,0.00,0.00,0.6600,0.0000,0.0000,0.0000,0,0
2026-08-25 17:09:39.397195,2263,flowbot,0.59828,-0.02524,0.29138,-0.00000,-0.00000,0.00000,0.00000,23.00,0.00,0.00,0.6600,0.0000,0.0000,0.0000,0,0
2026-08-25 17:09:39.448249,2264,flowbot,0.59828,-0.02524,0.29138,-0.00000,-0.00000,0.00000,0.00000,23.00,0.00,0.00,0.6600,0.0000,0.0000,0.0000,0,0
2026-08-25 17:09:39.501315,2265,flowbot,0.59828,-0.02524,0.29138,-0.00000,-0.00000,0.00000,0.00000,23.00,0.00,0.00,0.0000,0.0000,0.0000,0.0000,0,0
2026-08-25 17:09:39.553295,2266,flowbot,0.59828,-0.02524,0.29138,-0.00000,-0.00000,0.00000,0.00000,23.00,0.00,0.00,0.0000,0.0000,0.0000,0.0000,0,0
2026-08-25 17:09:39.607153,2267,flowbot,0.59828,-0.02524,0.29138,-0.00000,-0.00000,0.00000,0.00000,23.00,0.00,0.00,0.0000,0.0000,0.0000,0.0000,0,0
2026-08-25 17:09:39.659392,2268,flowbot,0.59828,-0.02524,0.29138,-0.00000,-0.00000,0.00000,0.00000,23.00,0.00,0.00,0.0000,0.0000,0.0000,0.0000,0,0
2026-08-25 17:09:39.712808,2269,flowbot,0.59828,-0.02524,0.29138,-0.00000,-0.00000,0.00000,0.00000,23.00,0.00,0.00,0.0000,0.0000,0.0000,0.0000,0,0
2026-08-25 17:09:39.763545,2270,flowbot,0.59828,-0.02524,0.29138,-0.00000,-0.00000,0.00000,0.00000,23.00,0.00,0.00,0.0000,0.0000,0.0000,0.0000,0,0
2026-08-25 17:09:39.814440,2271,flowbot,0.59828,-0.02524,0.29138,-0.00000,-0.00000,0.00000,0.00000,23.00,0.00,0.00,0.0000,0.0000,0.0000,0.0000,0,0
2026-08-25 17:09:39.867871,2272,flowbot,0.59828,-0.02524,0.29138,-0.00000,-0.00000,0.00000,0.00000,23.00,0.00,0.00,0.0000,0.0000,0.0000,0.0000,0,0
2026-08-25 17:09:39.914825,2273,flowbot,0.59828,-0.02524,0.29138,-0.00000,-0.00000,0.00000,0.00000,23.00,0.00,0.00,0.0000,0.0000,0.0000,0.0000,0,0
2026-08-25 17:09:39.969242,2274,flowbot,0.59828,-0.02524,0.29138,-0.00000,-0.00000,0.00000,0.00000,23.00,0.00,0.00,0.0000,0.0000,0.0000,0.0000,0,0
2026-08-25 17:09:40.028519,2275,flowbot,0.59828,-0.02524,0.29138,-0.00000,-0.00000,0.00000,0.00000,23.00,0.00,0.00,0.0000,0.0000,0.0000,0.0000,0,0
2026-08-25 17:09:40.080043,2276,flowbot,0.59828,-0.02524,0.29138,-0.00000,-0.00000,0.00000,0.00000,23.00,0.00,0.00,0.0000,0.0000,0.0000,0.0000,0,0
2026-08-25 17:09:40.133822,2277,flowbot,0.59828,-0.02524,0.29138,-0.00000,-0.00000,0.00000,0.00000,23.00,0.00,0.00,0.0000,0.0000,-0.6943,0.0000,0,0
2026-08-25 17:09:40.185404,2278,flowbot,0.59828,-0.02524,0.29138,-0.00000,-0.00000,0.00000,0.00000,23.00,0.00,0.00,0.0000,0.0000,-0.6943,0.0000,0,0
2026-08-25 17:09:40.238916,2279,flowbot,0.59828,-0.02524,0.29138,-0.00000,-0.00000,0.00000,0.00000,23.00,0.00,0.00,0.0000,0.0000,-0.6943,0.0000,0,0
2026-08-25 17:09:40.293282,2280,flowbot,0.59828,-0.02524,0.29138,-0.00000,-0.00000,0.00000,0.00000,23.00,0.00,0.00,0.0000,0.0000,-0.6943,0.0000,0,0
2026-08-25 17:09:40.340740,2281,flowbot,0.59828,-0.02524,0.29138,-0.00000,-0.00000,0.00000,0.00000,23.00,0.00,0.00,0.0000,0.0000,-0.1800,0.0000,0,0
2026-08-25 17:09:40.392894,2282,flowbot,0.59828,-0.02524,0.29138,-0.00000,-0.00000,0.00000,0.00000,23.00,0.00,0.00,0.0000,0.0000,-0.1800,0.0000,0,0
2026-08-25 17:09:40.446404,2283,flowbot,0.59828,-0.02524,0.29138,-0.00000,-0.00000,0.00000,0.00000,23.00,0.00,0.00,0.0000,0.0000,-0.1800,0.0000,0,0
2026-08-25 17:09:40.497863,2284,flowbot,0.59828,-0.02524,0.29138,-0.00000,-0.00000,0.00000,0.00000,23.00,0.00,0.00,0.0000,0.0000,-0.1800,0.0000,0,0
2026-08-25 17:09:40.550388,2285,flowbot,0.59828,-0.02524,0.29138,-0.00000,-0.00000,0.00000,0.00000,23.00,0.00,0.00,0.0000,0.0000,-0.1800,0.0000,0,0
2026-08-25 17:09:40.604806,2286,flowbot,0.59828,-0.02524,0.29138,-0.00000,-0.00000,0.00000,0.00000,23.00,0.00,0.00,0.4486,-0.1200,0.0000,0.0000,0,0
2026-08-25 17:09:40.657792,2287,flowbot,0.59828,-0.02524,0.29138,-0.00000,-0.00000,0.00000,0.00000,23.00,0.00,0.00,0.4486,-0.1200,0.0000,0.0000,0,0
2026-08-25 17:09:40.714091,2288,flowbot,0.59828,-0.02524,0.29138,-0.00000,-0.00000,0.00000,0.00000,23.00,0.00,0.00,0.4486,-0.1200,0.0000,0.0000,0,0
2026-08-25 17:09:40.763885,2289,flowbot,0.59828,-0.02524,0.29138,-0.00000,-0.00000,0.00000,0.00000,23.00,0.00,0.00,0.4486,-0.1200,0.0000,0.0000,0,0
2026-08-25 17:09:40.815888,2290,flowbot,0.59828,-0.02524,0.29138,-0.00000,-0.00000,0.00000,0.00000,23.00,0.00,0.00,0.0000,0.0000,0.0000,0.0000,0,0
2026-08-25 17:09:40.875243,2291,flowbot,0.59828,-0.02524,0.29138,-0.00000,-0.00000,0.00000,0.00000,23.00,0.00,0.00,0.0000,0.0000,0.0000,0.0000,0,0
2026-08-25 17:09:40.929939,2292,flowbot,0.59828,-0.02524,0.29138,-0.00000,-0.00000,0.00000,0.00000,23.00,0.00,0.00,0.0000,0.0000,0.0000,0.0000,0,0
2026-08-25 17:09:40.983441,2293,flowbot,0.59828,-0.02524,0.29138,-0.00000,-0.00000,0.00000,0.00000,23.00,0.00,0.00,0.0000,0.0000,0.0000,0.0000,0,0
2026-08-25 17:09:41.041688,2294,flowbot,0.59828,-0.02524,0.29138,-0.00000,-0.00000,0.00000,0.00000,23.00,0.00,0.00,0.0000,0.0000,0.0000,0.0000,0,0
2026-08-25 17:09:41.093577,2295,flowbot,0.59828,-0.02524,0.29138,-0.00000,-0.00000,0.00000,0.00000,23.00,0.00,0.00,0.0000,0.0000,0.0000,0.0000,0,0
2026-08-25 17:09:41.149432,2296,flowbot,0.59828,-0.02524,0.29138,-0.00000,-0.00000,0.00000,0.00000,23.00,0.00,0.00,0.0000,0.0000,0.0000,0.0000,0,0
2026-08-25 17:09:41.201113,2297,flowbot,0.59828,-0.02524,0.29138,-0.00000,-0.00000,0.00000,0.00000,23.00,0.00,0.00,0.0000,0.0000,0.0000,0.0000,0,0
2026-08-25 17:09:41.255713,2298,flowbot,0.59828,-0.02524,0.29138,-0.00000,-0.00000,0.00000,0.00000,23.00,0.00,0.00,0.0000,0.0000,0.0000,0.0000,0,0
2026-08-25 17:09:41.310310,2299,flowbot,0.59828,-0.02524,0.29138,-0.00000,-0.00000,0.00000,0.00000,23.00,0.00,0.00,0.0000,0.0000,0.0000,0.0000,0,0
2026-08-25 17:09:41.361777,2300,flowbot,0.59828,-0.02524,0.29138,-0.00000,-0.00000,0.00000,0.00000,23.00,0.00,0.00,0.0000,0.0000,0.0000,0.0000,0,0
2026-08-25 17:09:41.416031,2301,flowbot,0.59828,-0.02524,0.29138,-0.00000,-0.00000,0.00000,0.00000,23.00,0.00,0.00,0.0000,0.0000,0.0000,0.0000,0,0
2026-08-25 17:09:41.470411,2302,flowbot,0.59828,-0.02524,0.29138,-0.00000,-0.00000,0.00000,0.00000,23.00,0.00,0.00,0.0000,0.0000,0.0000,0.0000,0,0
2026-08-25 17:09:41.520707,2303,flowbot,0.59828,-0.02524,0.29138,-0.00000,-0.00000,0.00000,0.00000,23.00,0.00,0.00,0.0000,0.0000,0.0000,0.0000,0,0
2026-08-25 17:09:41.574057,2304,flowbot,0.59828,-0.02524,0.29138,-0.00000,-0.00000,0.00000,0.00000,23.00,0.00,0.00,0.0000,0.0000,0.0000,0.0000,0,0
2026-08-25 17:09:41.625680,2305,flowbot,0.59828,-0.02524,0.29138,-0.00000,-0.00000,0.00000,0.00000,23.00,0.00,0.00,0.0000,0.0000,0.0000,0.0000,0,0
2026-08-25 17:09:41.680844,2306,flowbot,0.59828,-0.02524,0.29138,-0.00000,-0.00000,0.00000,0.00000,23.00,0.00,0.00,0.0000,0.0000,0.0000,0.0000,0,0
2026-08-25 17:09:41.738728,2307,flowbot,0.59828,-0.02524,0.29138,-0.00000,-0.00000,0.00000,0.00000,23.00,0.00,0.00,0.0000,0.0000,0.0000,0.0000,0,0
2026-08-25 17:09:41.789529,2308,flowbot,0.59828,-0.02524,0.29138,-0.00000,-0.00000,0.00000,0.00000,23.00,0.00,0.00,0.0000,0.0000,0.0000,0.0000,0,0
2026-08-25 17:09:41.841218,2309,flowbot,0.59828,-0.02524,0.29138,-0.00000,-0.00000,0.00000,0.00000,23.00,0.00,0.00,0.0000,0.0000,0.0000,0.0000,0,0
2026-08-25 17:09:41.894593,2310,flowbot,0.59828,-0.02524,0.29138,-0.00000,-0.00000,0.00000,0.00000,23.00,0.00,0.00,0.0000,0.0000,0.0000,0.0000,0,0
2026-08-25 17:09:41.945127,2311,flowbot,0.59828,-0.02524,0.29138,-0.00000,-0.00000,0.00000,0.00000,23.00,0.00,0.00,0.0000,0.0000,0.0000,0.0000,0,0
2026-08-25 17:09:41.999882,2312,flowbot,0.59828,-0.02524,0.29138,-0.00000,-0.00000,0.00000,0.00000,23.00,0.00,0.00,0.0000,0.0000,0.0000,0.0000,0,0
2026-08-25 17:09:42.050962,2313,flowbot,0.59828,-0.02524,0.29138,-0.00000,-0.00000,0.00000,0.00000,23.00,0.00,0.00,0.0000,0.0000,0.0000,0.0000,0,0
2026-08-25 17:09:42.103878,2314,flowbot,0.59828,-0.02524,0.29138,-0.00000,-0.00000,0.00000,0.00000,23.00,0.00,0.00,0.0000,0.0000,0.0000,0.0000,0,0
2026-08-25 17:09:42.155319,2315,flowbot,0.59828,-0.02524,0.29138,-0.00000,-0.00000,0.00000,0.00000,23.00,0.00,0.00,0.0000,0.0000,0.0000,0.0000,0,0
2026-08-25 17:09:42.207269,2316,flowbot,0.59828,-0.02524,0.29138,-0.00000,-0.00000,0.00000,0.00000,23.00,0.00,0.00,0.0000,0.0000,0.0000,0.0000,0,0
2026-08-25 17:09:42.255332,2317,flowbot,0.59828,-0.02524,0.29138,-0.00000,-0.00000,0.00000,0.00000,23.00,0.00,0.00,0.0000,0.0000,0.0000,0.0000,0,0
2026-08-25 17:09:42.311403,2318,flowbot,0.59828,-0.02524,0.29138,-0.00000,-0.00000,0.00000,0.00000,23.00,0.00,0.00,0.0000,0.0000,0.0000,0.0000,0,0
2026-08-25 17:09:42.367160,2319,flowbot,0.59828,-0.02524,0.29138,-0.00000,-0.00000,0.00000,0.00000,23.00,0.00,0.00,0.0000,0.0000,0.0000,0.0000,0,0
2026-08-25 17:09:42.424258,2320,flowbot,0.59828,-0.02524,0.29138,-0.00000,-0.00000,0.00000,0.00000,23.00,0.00,0.00,0.0000,0.0000,0.0000,0.0000,0,0
2026-08-25 17:09:42.476011,2321,flowbot,0.59828,-0.02524,0.29138,-0.00000,-0.00000,0.00000,0.00000,23.00,0.00,0.00,0.0000,0.0000,-0.9514,0.0000,0,0
2026-08-25 17:09:42.532837,2322,flowbot,0.59828,-0.02524,0.29138,-0.00000,-0.00000,0.00000,0.00000,23.00,0.00,0.00,0.0000,0.0000,-0.9514,0.0000,0,0
2026-08-25 17:09:42.582306,2323,flowbot,0.59828,-0.02524,0.29138,-0.00000,-0.00000,0.00000,0.00000,23.00,0.00,0.00,0.0000,0.0000,-0.9514,0.0000,0,0
2026-08-25 17:09:42.634476,2324,flowbot,0.59828,-0.02524,0.29138,-0.00000,-0.00000,0.00000,0.00000,23.00,0.00,0.00,0.0000,0.0000,-0.9514,0.0000,0,0
2026-08-25 17:09:42.681965,2325,flowbot,0.59828,-0.02524,0.29138,-0.00000,-0.00000,0.00000,0.00000,23.00,0.00,0.00,0.0000,0.0000,0.0000,0.0000,0,0
2026-08-25 17:09:42.735105,2326,flowbot,0.59828,-0.02524,0.29138,-0.00000,-0.00000,0.00000,0.00000,23.00,0.00,0.00,0.0000,0.0000,0.0000,0.0000,0,0
2026-08-25 17:09:42.790108,2327,flowbot,0.59828,-0.02524,0.29138,-0.00000,-0.00000,0.00000,0.00000,23.00,0.00,0.00,0.0000,0.0000,0.0000,0.0000,0,0
2026-08-25 17:09:42.844324,2328,flowbot,0.59828,-0.02524,0.29138,-0.00000,-0.00000,0.00000,0.00000,23.00,0.00,0.00,0.0000,0.0000,0.0000,0.0000,0,0
2026-08-25 17:09:42.896266,2329,flowbot,0.59828,-0.02524,0.29138,-0.00000,-0.00000,0.00000,0.00000,23.00,0.00,0.00,0.0000,0.0000,-0.6057,0.0000,0,0
2026-08-25 17:09:42.952628,2330,flowbot,0.59828,-0.02524,0.29138,-0.00000,-0.00000,0.00000,0.00000,23.00,0.00,0.00,0.0000,0.0000,-0.6057,0.0000,0,0
2026-08-25 17:09:43.005949,2331,flowbot,0.59828,-0.02524,0.29138,-0.00000,-0.00000,0.00000,0.00000,23.00,0.00,0.00,0.0000,0.0000,-0.6057,0.0000,0,0
2026-08-25 17:09:43.063321,2332,flowbot,0.59828,-0.02524,0.29138,-0.00000,-0.00000,0.00000,0.00000,23.00,0.00,0.00,0.0000,0.0000,-0.6057,0.0000,0,0
2026-08-25 17:09:43.114079,2333,flowbot,0.59828,-0.02524,0.29138,-0.00000,-0.00000,0.00000,0.00000,23.00,0.00,0.00,0.0000,0.0000,-1.2571,0.0000,0,0
2026-08-25 17:09:43.171572,2334,flowbot,0.59828,-0.02524,0.29138,-0.00000,-0.00000,0.00000,0.00000,23.00,0.00,0.00,0.0000,0.0000,-1.2571,0.0000,0,0
2026-08-25 17:09:43.221130,2335,flowbot,0.59828,-0.02524,0.29138,-0.00000,-0.00000,0.00000,0.00000,23.00,0.00,0.00,0.0000,0.0000,-1.2571,0.0000,0,0
2026-08-25 17:09:43.274449,2336,flowbot,0.59828,-0.02524,0.29138,-0.00000,-0.00000,0.00000,0.00000,23.00,0.00,0.00,0.0000,0.0000,-1.2571,0.0000,0,0
2026-08-25 17:09:43.324613,2337,flowbot,0.59828,-0.02524,0.29138,-0.00000,-0.00000,0.00000,0.00000,23.00,0.00,0.00,0.2514,0.0000,0.1629,0.0000,0,0
2026-08-25 17:09:43.377050,2338,flowbot,0.59828,-0.02524,0.29138,-0.00000,-0.00000,0.00000,0.00000,23.00,0.00,0.00,0.2514,0.0000,0.1629,0.0000,0,0
2026-08-25 17:09:43.430635,2339,flowbot,0.59828,-0.02524,0.29138,-0.00000,-0.00000,0.00000,0.00000,23.00,0.00,0.00,0.2514,0.0000,0.1629,0.0000,0,0
2026-08-25 17:09:43.480658,2340,flowbot,0.59828,-0.02524,0.29138,-0.00000,-0.00000,0.00000,0.00000,23.00,0.00,0.00,0.2514,0.0000,0.1629,0.0000,0,0
2026-08-25 17:09:43.532667,2341,flowbot,0.59828,-0.02524,0.29138,-0.00000,-0.00000,0.00000,0.00000,24.00,0.00,0.00,0.4286,-0.3657,-0.1486,0.0000,0,0
2026-08-25 17:09:43.590915,2342,flowbot,0.59828,-0.02524,0.29138,-0.00000,-0.00000,0.00000,0.00000,24.00,0.00,0.00,0.4286,-0.3657,-0.1486,0.0000,0,0
2026-08-25 17:09:43.645160,2343,flowbot,0.59828,-0.02524,0.29138,-0.00000,-0.00000,0.00000,0.00000,24.00,0.00,0.00,0.4286,-0.3657,-0.1486,0.0000,0,0
2026-08-25 17:09:43.694911,2344,flowbot,0.59828,-0.02524,0.29138,-0.00000,-0.00000,0.00000,0.00000,24.00,0.00,0.00,0.4286,-0.3657,-0.1486,0.0000,0,0
2026-08-25 17:09:43.745437,2345,flowbot,0.59828,-0.02524,0.29138,-0.00000,-0.00000,0.00000,0.00000,24.00,0.00,0.00,0.0000,0.0000,0.0000,0.0000,0,0
2026-08-25 17:09:43.799491,2346,flowbot,0.59828,-0.02524,0.29138,-0.00000,-0.00000,0.00000,0.00000,24.00,0.00,0.00,0.0000,0.0000,0.0000,0.0000,0,0
2026-08-25 17:09:43.852509,2347,flowbot,0.59828,-0.02524,0.29138,-0.00000,-0.00000,0.00000,0.00000,24.00,0.00,0.00,0.0000,0.0000,0.0000,0.0000,0,0
2026-08-25 17:09:43.907388,2348,flowbot,0.59828,-0.02524,0.29138,-0.00000,-0.00000,0.00000,0.00000,24.00,0.00,0.00,0.0000,0.0000,0.0000,0.0000,0,0
2026-08-25 17:09:43.954040,2349,flowbot,0.59828,-0.02524,0.29138,-0.00000,-0.00000,0.00000,0.00000,24.00,0.00,0.00,0.0000,0.0000,-0.6829,0.0000,0,0
2026-08-25 17:09:44.005348,2350,flowbot,0.59828,-0.02524,0.29138,-0.00000,-0.00000,0.00000,0.00000,24.00,0.00,0.00,0.0000,0.0000,-0.6829,0.0000,0,0
2026-08-25 17:09:44.056202,2351,flowbot,0.59828,-0.02524,0.29138,-0.00000,-0.00000,0.00000,0.00000,24.00,0.00,0.00,0.0000,0.0000,-0.6829,0.0000,0,0
2026-08-25 17:09:44.108107,2352,flowbot,0.59828,-0.02524,0.29138,-0.00000,-0.00000,0.00000,0.00000,24.00,0.00,0.00,0.0000,0.0000,-0.6829,0.0000,0,0
2026-08-25 17:09:44.156523,2353,flowbot,0.59828,-0.02524,0.29138,-0.00000,-0.00000,0.00000,0.00000,24.00,0.00,0.00,0.0000,0.0000,-1.1371,0.0000,0,0
2026-08-25 17:09:44.208384,2354,flowbot,0.59828,-0.02524,0.29138,-0.00000,-0.00000,0.00000,0.00000,24.00,0.00,0.00,0.0000,0.0000,-1.1371,0.0000,0,0
2026-08-25 17:09:44.263338,2355,flowbot,0.59828,-0.02524,0.29138,-0.00000,-0.00000,0.00000,0.00000,24.00,0.00,0.00,0.0000,0.0000,-1.1371,0.0000,0,0
2026-08-25 17:09:44.319715,2356,flowbot,0.59828,-0.02524,0.29138,-0.00000,-0.00000,0.00000,0.00000,24.00,0.00,0.00,0.0000,0.0000,-1.1371,0.0000,0,0
2026-08-25 17:09:44.368721,2357,flowbot,0.59828,-0.02524,0.29138,-0.00000,-0.00000,0.00000,0.00000,24.00,0.00,0.00,0.0000,0.0000,-1.1371,0.0000,0,0
2026-08-25 17:09:44.423744,2358,flowbot,0.59828,-0.02524,0.29138,-0.00000,-0.00000,0.00000,0.00000,24.00,0.00,0.00,0.0000,0.0000,0.0000,0.0000,0,0
2026-08-25 17:09:44.482303,2359,flowbot,0.59828,-0.02524,0.29138,-0.00000,-0.00000,0.00000,0.00000,24.00,0.00,0.00,0.0000,0.0000,0.0000,0.0000,0,0
2026-08-25 17:09:44.537114,2360,flowbot,0.59828,-0.02524,0.29138,-0.00000,-0.00000,0.00000,0.00000,24.00,0.00,0.00,0.0000,0.0000,0.0000,0.0000,0,0
2026-08-25 17:09:44.589234,2361,flowbot,0.59828,-0.02524,0.29138,-0.00000,-0.00000,0.00000,0.00000,24.00,0.00,0.00,0.4971,-0.3486,-0.1886,0.0000,0,0
2026-08-25 17:09:44.640036,2362,flowbot,0.59828,-0.02524,0.29138,-0.00000,-0.00000,0.00000,0.00000,24.00,0.00,0.00,0.4971,-0.3486,-0.1886,0.0000,0,0
2026-08-25 17:09:44.694340,2363,flowbot,0.59828,-0.02524,0.29138,-0.00000,-0.00000,0.00000,0.00000,24.00,0.00,0.00,0.4971,-0.3486,-0.1886,0.0000,0,0
2026-08-25 17:09:44.745218,2364,flowbot,0.59828,-0.02524,0.29138,-0.00000,-0.00000,0.00000,0.00000,24.00,0.00,0.00,0.4971,-0.3486,-0.1886,0.0000,0,0
2026-08-25 17:09:44.798449,2365,flowbot,0.59828,-0.02524,0.29138,-0.00000,-0.00000,0.00000,0.00000,24.00,0.00,0.00,0.2600,-0.1143,0.0000,0.0000,0,0
2026-08-25 17:09:44.852719,2366,flowbot,0.59828,-0.02524,0.29138,-0.00000,-0.00000,0.00000,0.00000,24.00,0.00,0.00,0.2600,-0.1143,0.0000,0.0000,0,0
2026-08-25 17:09:44.906940,2367,flowbot,0.59828,-0.02524,0.29138,-0.00000,-0.00000,0.00000,0.00000,24.00,0.00,0.00,0.2600,-0.1143,0.0000,0.0000,0,0
2026-08-25 17:09:44.962072,2368,flowbot,0.59828,-0.02524,0.29138,-0.00000,-0.00000,0.00000,0.00000,24.00,0.00,0.00,0.2600,-0.1143,0.0000,0.0000,0,0
2026-08-25 17:09:45.015309,2369,flowbot,0.59828,-0.02524,0.29138,-0.00000,-0.00000,0.00000,0.00000,24.00,0.00,0.00,0.0000,0.0000,0.0000,0.0000,0,0
2026-08-25 17:09:45.071485,2370,flowbot,0.59828,-0.02524,0.29138,-0.00000,-0.00000,0.00000,0.00000,24.00,0.00,0.00,0.0000,0.0000,0.0000,0.0000,0,0
2026-08-25 17:09:45.124310,2371,flowbot,0.59828,-0.02524,0.29138,-0.00000,-0.00000,0.00000,0.00000,24.00,0.00,0.00,0.0000,0.0000,0.0000,0.0000,0,0
2026-08-25 17:09:45.182201,2372,flowbot,0.59828,-0.02524,0.29138,-0.00000,-0.00000,0.00000,0.00000,24.00,0.00,0.00,0.0000,0.0000,0.0000,0.0000,0,0
2026-08-25 17:09:45.235759,2373,flowbot,0.59828,-0.02524,0.29138,-0.00000,-0.00000,0.00000,0.00000,24.00,0.00,0.00,0.0000,0.0000,0.0000,0.0000,0,0
2026-08-25 17:09:45.288069,2374,flowbot,0.59828,-0.02524,0.29138,-0.00000,-0.00000,0.00000,0.00000,24.00,0.00,0.00,0.0000,0.0000,0.0000,0.0000,0,0
2026-08-25 17:09:45.339884,2375,flowbot,0.59828,-0.02524,0.29138,-0.00000,-0.00000,0.00000,0.00000,24.00,0.00,0.00,0.0000,0.0000,0.0000,0.0000,0,0
2026-08-25 17:09:45.394800,2376,flowbot,0.59828,-0.02524,0.29138,-0.00000,-0.00000,0.00000,0.00000,24.00,0.00,0.00,0.0000,0.0000,0.0000,0.0000,0,0
2026-08-25 17:09:45.444420,2377,flowbot,0.59828,-0.02524,0.29138,-0.00000,-0.00000,0.00000,0.00000,24.00,0.00,0.00,-0.1571,-0.1543,-0.9714,0.0000,0,0
2026-08-25 17:09:45.499057,2378,flowbot,0.59828,-0.02524,0.29138,-0.00000,-0.00000,0.00000,0.00000,24.00,0.00,0.00,-0.1571,-0.1543,-0.9714,0.0000,0,0
2026-08-25 17:09:45.552701,2379,flowbot,0.59828,-0.02524,0.29138,-0.00000,-0.00000,0.00000,0.00000,24.00,0.00,0.00,-0.1571,-0.1543,-0.9714,0.0000,0,0
2026-08-25 17:09:45.605156,2380,flowbot,0.59828,-0.02524,0.29138,-0.00000,-0.00000,0.00000,0.00000,24.00,0.00,0.00,-0.1571,-0.1543,-0.9714,0.0000,0,0
2026-08-25 17:09:45.658940,2381,flowbot,0.59828,-0.02524,0.29138,-0.00000,-0.00000,0.00000,0.00000,24.00,0.00,0.00,0.0000,0.0000,-1.0743,0.0000,0,0
2026-08-25 17:09:45.709124,2382,flowbot,0.59828,-0.02524,0.29138,-0.00000,-0.00000,0.00000,0.00000,24.00,0.00,0.00,0.0000,0.0000,-1.0743,0.0000,0,0
2026-08-25 17:09:45.766804,2383,flowbot,0.59828,-0.02524,0.29138,-0.00000,-0.00000,0.00000,0.00000,24.00,0.00,0.00,0.0000,0.0000,-1.0743,0.0000,0,0
2026-08-25 17:09:45.818067,2384,flowbot,0.59828,-0.02524,0.29138,-0.00000,-0.00000,0.00000,0.00000,24.00,0.00,0.00,0.0000,0.0000,-1.0743,0.0000,0,0
2026-08-25 17:09:45.870832,2385,flowbot,0.59828,-0.02524,0.29138,-0.00000,-0.00000,0.00000,0.00000,24.00,0.00,0.00,0.2971,-0.3000,-0.5600,0.0000,0,0
2026-08-25 17:09:45.926355,2386,flowbot,0.59828,-0.02524,0.29138,-0.00000,-0.00000,0.00000,0.00000,24.00,0.00,0.00,0.2971,-0.3000,-0.5600,0.0000,0,0
2026-08-25 17:09:45.980355,2387,flowbot,0.59828,-0.02524,0.29138,-0.00000,-0.00000,0.00000,0.00000,24.00,0.00,0.00,0.2971,-0.3000,-0.5600,0.0000,0,0
2026-08-25 17:09:46.033844,2388,flowbot,0.59828,-0.02524,0.29138,-0.00000,-0.00000,0.00000,0.00000,24.00,0.00,0.00,0.2971,-0.3000,-0.5600,0.0000,0,0
2026-08-25 17:09:46.086117,2389,flowbot,0.59828,-0.02524,0.29138,-0.00000,-0.00000,0.00000,0.00000,24.00,0.00,0.00,0.3143,-0.3200,-0.1000,0.0000,0,0
2026-08-25 17:09:46.141283,2390,flowbot,0.59828,-0.02524,0.29138,-0.00000,-0.00000,0.00000,0.00000,24.00,0.00,0.00,0.3143,-0.3200,-0.1000,0.0000,0,0
2026-08-25 17:09:46.195383,2391,flowbot,0.59828,-0.02524,0.29138,-0.00000,-0.00000,0.00000,0.00000,24.00,0.00,0.00,0.3143,-0.3200,-0.1000,0.0000,0,0
2026-08-25 17:09:46.247370,2392,flowbot,0.59828,-0.02524,0.29138,-0.00000,-0.00000,0.00000,0.00000,24.00,0.00,0.00,0.3143,-0.3200,-0.1000,0.0000,0,0
2026-08-25 17:09:46.301481,2393,flowbot,0.59828,-0.02524,0.29138,-0.00000,-0.00000,0.00000,0.00000,24.00,0.00,0.00,0.0000,0.0000,0.0000,0.0000,0,0
2026-08-25 17:09:46.354048,2394,flowbot,0.59828,-0.02524,0.29138,-0.00000,-0.00000,0.00000,0.00000,24.00,0.00,0.00,0.0000,0.0000,0.0000,0.0000,0,0
2026-08-25 17:09:46.410597,2395,flowbot,0.59828,-0.02524,0.29138,-0.00000,-0.00000,0.00000,0.00000,24.00,0.00,0.00,0.0000,0.0000,0.0000,0.0000,0,0
2026-08-25 17:09:46.462171,2396,flowbot,0.59828,-0.02524,0.29138,-0.00000,-0.00000,0.00000,0.00000,24.00,0.00,0.00,0.0000,0.0000,0.0000,0.0000,0,0
2026-08-25 17:09:46.514059,2397,flowbot,0.59828,-0.02524,0.29138,-0.00000,-0.00000,0.00000,0.00000,24.00,0.00,0.00,-0.1229,0.0000,-1.1771,0.0000,0,0
2026-08-25 17:09:46.568739,2398,flowbot,0.59828,-0.02524,0.29138,-0.00000,-0.00000,0.00000,0.00000,24.00,0.00,0.00,-0.1229,0.0000,-1.1771,0.0000,0,0
2026-08-25 17:09:46.620142,2399,flowbot,0.59828,-0.02524,0.29138,-0.00000,-0.00000,0.00000,0.00000,24.00,0.00,0.00,-0.1229,0.0000,-1.1771,0.0000,0,0
2026-08-25 17:09:46.672047,2400,flowbot,0.59828,-0.02524,0.29138,-0.00000,-0.00000,0.00000,0.00000,24.00,0.00,0.00,-0.1229,0.0000,-1.1771,0.0000,0,0
2026-08-25 17:09:46.723835,2401,flowbot,0.59828,-0.02524,0.29138,-0.00000,-0.00000,0.00000,0.00000,24.00,0.00,0.00,0.0000,0.0000,-1.1686,0.0000,0,0
2026-08-25 17:09:46.779085,2402,flowbot,0.59828,-0.02524,0.29138,-0.00000,-0.00000,0.00000,0.00000,24.00,0.00,0.00,0.0000,0.0000,-1.1686,0.0000,0,0
2026-08-25 17:09:46.835377,2403,flowbot,0.59828,-0.02524,0.29138,-0.00000,-0.00000,0.00000,0.00000,24.00,0.00,0.00,0.0000,0.0000,-1.1686,0.0000,0,0
2026-08-25 17:09:46.889692,2404,flowbot,0.59828,-0.02524,0.29138,-0.00000,-0.00000,0.00000,0.00000,24.00,0.00,0.00,0.0000,0.0000,-1.1686,0.0000,0,0
2026-08-25 17:09:46.940714,2405,flowbot,0.59828,-0.02524,0.29138,-0.00000,-0.00000,0.00000,0.00000,24.00,0.00,0.00,0.0000,0.0000,-1.1686,0.0000,0,0
2026-08-25 17:09:46.995272,2406,flowbot,0.59828,-0.02524,0.29138,-0.00000,-0.00000,0.00000,0.00000,24.00,0.00,0.00,0.0000,0.0000,0.1200,0.0000,0,0
2026-08-25 17:09:47.047056,2407,flowbot,0.59828,-0.02524,0.29138,-0.00000,-0.00000,0.00000,0.00000,24.00,0.00,0.00,0.0000,0.0000,0.1200,0.0000,0,0
2026-08-25 17:09:47.103386,2408,flowbot,0.59828,-0.02524,0.29138,-0.00000,-0.00000,0.00000,0.00000,24.00,0.00,0.00,0.0000,0.0000,0.1200,0.0000,0,0
2026-08-25 17:09:47.153656,2409,flowbot,0.59828,-0.02524,0.29138,-0.00000,-0.00000,0.00000,0.00000,24.00,0.00,0.00,0.0000,0.0000,0.1200,0.0000,0,0
2026-08-25 17:09:47.209211,2410,flowbot,0.59828,-0.02524,0.29138,-0.00000,-0.00000,0.00000,0.00000,24.00,0.00,0.00,1.0400,-0.3486,0.0000,0.0000,0,0
2026-08-25 17:09:47.265924,2411,flowbot,0.59828,-0.02524,0.29138,-0.00000,-0.00000,0.00000,0.00000,24.00,0.00,0.00,1.0400,-0.3486,0.0000,0.0000,0,0
2026-08-25 17:09:47.319609,2412,flowbot,0.59828,-0.02524,0.29138,-0.00000,-0.00000,0.00000,0.00000,24.00,0.00,0.00,1.0400,-0.3486,0.0000,0.0000,0,0
2026-08-25 17:09:47.366214,2413,flowbot,0.59828,-0.02524,0.29138,-0.00000,-0.00000,0.00000,0.00000,24.00,0.00,0.00,1.0400,-0.3486,0.0000,0.0000,0,0
2026-08-25 17:09:47.421910,2414,flowbot,0.59828,-0.02524,0.29138,-0.00000,-0.00000,0.00000,0.00000,24.00,0.00,0.00,1.1086,-0.2971,0.1571,0.0000,0,0
2026-08-25 17:09:47.478327,2415,flowbot,0.59828,-0.02524,0.29138,-0.00000,-0.00000,0.00000,0.00000,24.00,0.00,0.00,1.1086,-0.2971,0.1571,0.0000,0,0
2026-08-25 17:09:47.534392,2416,flowbot,0.59828,-0.02524,0.29138,-0.00000,-0.00000,0.00000,0.00000,24.00,0.00,0.00,1.1086,-0.2971,0.1571,0.0000,0,0
2026-08-25 17:09:47.588892,2417,flowbot,0.59828,-0.02524,0.29138,-0.00000,-0.00000,0.00000,0.00000,24.00,0.00,0.00,0.0000,0.0000,0.0000,0.0000,0,0
2026-08-25 17:09:47.643305,2418,flowbot,0.59828,-0.02524,0.29138,-0.00000,-0.00000,0.00000,0.00000,24.00,0.00,0.00,0.0000,0.0000,0.0000,0.0000,0,0
2026-08-25 17:09:47.700024,2419,flowbot,0.59828,-0.02524,0.29138,-0.00000,-0.00000,0.00000,0.00000,24.00,0.00,0.00,0.0000,0.0000,0.0000,0.0000,0,0
2026-08-25 17:09:47.754812,2420,flowbot,0.59828,-0.02524,0.29138,-0.00000,-0.00000,0.00000,0.00000,24.00,0.00,0.00,0.0000,0.0000,0.0000,0.0000,0,0
2026-08-25 17:09:47.803315,2421,flowbot,0.59828,-0.02524,0.29138,-0.00000,-0.00000,0.00000,0.00000,24.00,0.00,0.00,1.2486,-0.2286,0.1057,0.0000,0,0
2026-08-25 17:09:47.858475,2422,flowbot,0.59828,-0.02524,0.29138,-0.00000,-0.00000,0.00000,0.00000,24.00,0.00,0.00,1.2486,-0.2286,0.1057,0.0000,0,0
2026-08-25 17:09:47.908723,2423,flowbot,0.59828,-0.02524,0.29138,-0.00000,-0.00000,0.00000,0.00000,24.00,0.00,0.00,1.2486,-0.2286,0.1057,0.0000,0,0
2026-08-25 17:09:47.963439,2424,flowbot,0.59828,-0.02524,0.29138,-0.00000,-0.00000,0.00000,0.00000,24.00,0.00,0.00,1.2486,-0.2286,0.1057,0.0000,0,0
2026-08-25 17:09:48.015294,2425,flowbot,0.59828,-0.02524,0.29138,-0.00000,-0.00000,0.00000,0.00000,24.00,0.00,0.00,1.2057,-0.3200,0.0000,0.0000,0,0
2026-08-25 17:09:48.068403,2426,flowbot,0.59828,-0.02524,0.29138,-0.00000,-0.00000,0.00000,0.00000,24.00,0.00,0.00,1.2057,-0.3200,0.0000,0.0000,0,0
2026-08-25 17:09:48.124969,2427,flowbot,0.59828,-0.02524,0.29138,-0.00000,-0.00000,0.00000,0.00000,24.00,0.00,0.00,1.2057,-0.3200,0.0000,0.0000,0,0
2026-08-25 17:09:48.177694,2428,flowbot,0.59828,-0.02524,0.29138,-0.00000,-0.00000,0.00000,0.00000,24.00,0.00,0.00,1.2057,-0.3200,0.0000,0.0000,0,0
2026-08-25 17:09:48.229177,2429,flowbot,0.59828,-0.02524,0.29138,-0.00000,-0.00000,0.00000,0.00000,24.00,0.00,0.00,1.2057,-0.3200,0.0000,0.0000,0,0
2026-08-25 17:09:48.283454,2430,flowbot,0.59828,-0.02524,0.29138,-0.00000,-0.00000,0.00000,0.00000,24.00,0.00,0.00,0.0000,0.0000,0.0000,0.0000,0,0
2026-08-25 17:09:48.335907,2431,flowbot,0.59828,-0.02524,0.29138,-0.00000,-0.00000,0.00000,0.00000,24.00,0.00,0.00,0.0000,0.0000,0.0000,0.0000,0,0
2026-08-25 17:09:48.388478,2432,flowbot,0.59828,-0.02524,0.29138,-0.00000,-0.00000,0.00000,0.00000,24.00,0.00,0.00,0.0000,0.0000,0.0000,0.0000,0,0
2026-08-25 17:09:48.440058,2433,flowbot,0.59828,-0.02524,0.29138,-0.00000,-0.00000,0.00000,0.00000,24.00,0.00,0.00,0.0000,0.0000,0.0000,0.0000,0,0
2026-08-25 17:09:48.492550,2434,flowbot,0.59828,-0.02524,0.29138,-0.00000,-0.00000,0.00000,0.00000,24.00,0.00,0.00,-0.2457,-0.1571,-0.1971,0.0000,0,0
2026-08-25 17:09:48.546826,2435,flowbot,0.59828,-0.02524,0.29138,-0.00000,-0.00000,0.00000,0.00000,24.00,0.00,0.00,-0.2457,-0.1571,-0.1971,0.0000,0,0
2026-08-25 17:09:48.600441,2436,flowbot,0.59828,-0.02524,0.29138,-0.00000,-0.00000,0.00000,0.00000,24.00,0.00,0.00,-0.2457,-0.1571,-0.1971,0.0000,0,0
2026-08-25 17:09:48.654150,2437,flowbot,0.59828,-0.02524,0.29138,-0.00000,-0.00000,0.00000,0.00000,24.00,0.00,0.00,-0.2829,0.1400,0.0000,0.0000,0,0
2026-08-25 17:09:48.704923,2438,flowbot,0.59828,-0.02524,0.29138,-0.00000,-0.00000,0.00000,0.00000,24.00,0.00,0.00,-0.2829,0.1400,0.0000,0.0000,0,0
2026-08-25 17:09:48.757260,2439,flowbot,0.59828,-0.02524,0.29138,-0.00000,-0.00000,0.00000,0.00000,24.00,0.00,0.00,-0.2829,0.1400,0.0000,0.0000,0,0
2026-08-25 17:09:48.811479,2440,flowbot,0.59828,-0.02524,0.29138,-0.00000,-0.00000,0.00000,0.00000,24.00,0.00,0.00,-0.2829,0.1400,0.0000,0.0000,0,0
2026-08-25 17:09:48.859798,2441,flowbot,0.59828,-0.02524,0.29138,-0.00000,-0.00000,0.00000,0.00000,23.00,0.00,0.00,-0.5229,0.1514,0.2486,0.0000,0,0
2026-08-25 17:09:48.918346,2442,flowbot,0.59828,-0.02524,0.29138,-0.00000,-0.00000,0.00000,0.00000,23.00,0.00,0.00,-0.5229,0.1514,0.2486,0.0000,0,0
2026-08-25 17:09:48.967987,2443,flowbot,0.59828,-0.02524,0.29138,-0.00000,-0.00000,0.00000,0.00000,23.00,0.00,0.00,-0.5229,0.1514,0.2486,0.0000,0,0
2026-08-25 17:09:49.021608,2444,flowbot,0.59828,-0.02524,0.29138,-0.00000,-0.00000,0.00000,0.00000,23.00,0.00,0.00,-0.5229,0.1514,0.2486,0.0000,0,0
2026-08-25 17:09:49.071948,2445,flowbot,0.59828,-0.02524,0.29138,-0.00000,-0.00000,0.00000,0.00000,24.00,0.00,0.00,0.0000,0.2457,0.2686,0.0000,0,0
2026-08-25 17:09:49.124288,2446,flowbot,0.59828,-0.02524,0.29138,-0.00000,-0.00000,0.00000,0.00000,24.00,0.00,0.00,0.0000,0.2457,0.2686,0.0000,0,0
2026-08-25 17:09:49.180678,2447,flowbot,0.59828,-0.02524,0.29138,-0.00000,-0.00000,0.00000,0.00000,24.00,0.00,0.00,0.0000,0.2457,0.2686,0.0000,0,0
2026-08-25 17:09:49.234745,2448,flowbot,0.59828,-0.02524,0.29138,-0.00000,-0.00000,0.00000,0.00000,24.00,0.00,0.00,0.0000,0.2457,0.2686,0.0000,0,0
2026-08-25 17:09:49.282476,2449,flowbot,0.59828,-0.02524,0.29138,-0.00000,-0.00000,0.00000,0.00000,24.00,0.00,0.00,0.0000,0.0000,0.0000,0.0000,0,0
2026-08-25 17:09:49.336205,2450,flowbot,0.59828,-0.02524,0.29138,-0.00000,-0.00000,0.00000,0.00000,24.00,0.00,0.00,0.0000,0.0000,0.0000,0.0000,0,0
2026-08-25 17:09:49.390669,2451,flowbot,0.59828,-0.02524,0.29138,-0.00000,-0.00000,0.00000,0.00000,24.00,0.00,0.00,0.0000,0.0000,0.0000,0.0000,0,0
2026-08-25 17:09:49.442008,2452,flowbot,0.59828,-0.02524,0.29138,-0.00000,-0.00000,0.00000,0.00000,24.00,0.00,0.00,0.0000,0.0000,0.0000,0.0000,0,0
2026-08-25 17:09:49.494669,2453,flowbot,0.59828,-0.02524,0.29138,-0.00000,-0.00000,0.00000,0.00000,23.00,0.00,0.00,0.1057,0.0000,-0.4057,0.0000,0,0
2026-08-25 17:09:49.550172,2454,flowbot,0.59828,-0.02524,0.29138,-0.00000,-0.00000,0.00000,0.00000,23.00,0.00,0.00,0.1057,0.0000,-0.4057,0.0000,0,0
2026-08-25 17:09:49.603598,2455,flowbot,0.59828,-0.02524,0.29138,-0.00000,-0.00000,0.00000,0.00000,23.00,0.00,0.00,0.1057,0.0000,-0.4057,0.0000,0,0
2026-08-25 17:09:49.652916,2456,flowbot,0.59828,-0.02524,0.29138,-0.00000,-0.00000,0.00000,0.00000,23.00,0.00,0.00,0.1057,0.0000,-0.4057,0.0000,0,0
2026-08-25 17:09:49.704820,2457,flowbot,0.59828,-0.02524,0.29138,-0.00000,-0.00000,0.00000,0.00000,23.00,0.00,0.00,0.0000,0.0000,-0.8286,0.0000,0,0
2026-08-25 17:09:49.760033,2458,flowbot,0.59828,-0.02524,0.29138,-0.00000,-0.00000,0.00000,0.00000,23.00,0.00,0.00,0.0000,0.0000,-0.8286,0.0000,0,0
2026-08-25 17:09:49.811960,2459,flowbot,0.59828,-0.02524,0.29138,-0.00000,-0.00000,0.00000,0.00000,23.00,0.00,0.00,0.0000,0.0000,-0.8286,0.0000,0,0
2026-08-25 17:09:49.867127,2460,flowbot,0.59828,-0.02524,0.29138,-0.00000,-0.00000,0.00000,0.00000,23.00,0.00,0.00,0.0000,0.0000,-0.8286,0.0000,0,0
2026-08-25 17:09:49.916727,2461,flowbot,0.59828,-0.02524,0.29138,-0.00000,-0.00000,0.00000,0.00000,23.00,0.00,0.00,0.0000,0.2286,0.0000,0.0000,0,0
2026-08-25 17:09:49.970206,2462,flowbot,0.59828,-0.02524,0.29138,-0.00000,-0.00000,0.00000,0.00000,23.00,0.00,0.00,0.0000,0.2286,0.0000,0.0000,0,0
2026-08-25 17:09:50.022597,2463,flowbot,0.59828,-0.02524,0.29138,-0.00000,-0.00000,0.00000,0.00000,23.00,0.00,0.00,0.0000,0.2286,0.0000,0.0000,0,0
2026-08-25 17:09:50.080942,2464,flowbot,0.59828,-0.02524,0.29138,-0.00000,-0.00000,0.00000,0.00000,23.00,0.00,0.00,0.0000,0.2286,0.0000,0.0000,0,0
2026-08-25 17:09:50.128406,2465,flowbot,0.59828,-0.02524,0.29138,-0.00000,-0.00000,0.00000,0.00000,23.00,0.00,0.00,0.0000,0.2286,0.0000,0.0000,0,0
2026-08-25 17:09:50.183365,2466,flowbot,0.59828,-0.02524,0.29138,-0.00000,-0.00000,0.00000,0.00000,23.00,0.00,0.00,0.0000,0.0000,-0.6429,0.0000,0,0
2026-08-25 17:09:50.245104,2467,flowbot,0.59828,-0.02524,0.29138,-0.00000,-0.00000,0.00000,0.00000,23.00,0.00,0.00,0.0000,0.0000,-0.6429,0.0000,0,0
2026-08-25 17:09:50.295952,2468,flowbot,0.59828,-0.02524,0.29138,-0.00000,-0.00000,0.00000,0.00000,23.00,0.00,0.00,0.0000,0.0000,-0.6429,0.0000,0,0
2026-08-25 17:09:50.348527,2469,flowbot,0.59828,-0.02524,0.29138,-0.00000,-0.00000,0.00000,0.00000,23.00,0.00,0.00,0.0000,0.0000,-0.6743,0.0000,0,0
2026-08-25 17:09:50.401989,2470,flowbot,0.59828,-0.02524,0.29138,-0.00000,-0.00000,0.00000,0.00000,23.00,0.00,0.00,0.0000,0.0000,-0.6743,0.0000,0,0
2026-08-25 17:09:50.457457,2471,flowbot,0.59828,-0.02524,0.29138,-0.00000,-0.00000,0.00000,0.00000,23.00,0.00,0.00,0.0000,0.0000,-0.6743,0.0000,0,0
2026-08-25 17:09:50.511222,2472,flowbot,0.59828,-0.02524,0.29138,-0.00000,-0.00000,0.00000,0.00000,23.00,0.00,0.00,0.0000,0.0000,-0.6743,0.0000,0,0
2026-08-25 17:09:50.565398,2473,flowbot,0.59828,-0.02524,0.29138,-0.00000,-0.00000,0.00000,0.00000,23.00,0.00,0.00,0.0000,0.0000,-0.6743,0.0000,0,0
2026-08-25 17:09:50.620449,2474,flowbot,0.59828,-0.02524,0.29138,-0.00000,-0.00000,0.00000,0.00000,23.00,0.00,0.00,0.0000,0.0000,-0.8286,0.0000,0,0
2026-08-25 17:09:50.677941,2475,flowbot,0.59828,-0.02524,0.29138,-0.00000,-0.00000,0.00000,0.00000,23.00,0.00,0.00,0.0000,0.0000,-0.8286,0.0000,0,0
2026-08-25 17:09:50.728370,2476,flowbot,0.59828,-0.02524,0.29138,-0.00000,-0.00000,0.00000,0.00000,23.00,0.00,0.00,0.0000,0.0000,-0.8286,0.0000,0,0
2026-08-25 17:09:50.782059,2477,flowbot,0.59828,-0.02524,0.29138,-0.00000,-0.00000,0.00000,0.00000,23.00,0.00,0.00,0.0000,0.3714,0.0000,0.0000,0,0
2026-08-25 17:09:50.834691,2478,flowbot,0.59828,-0.02524,0.29138,-0.00000,-0.00000,0.00000,0.00000,23.00,0.00,0.00,0.0000,0.3714,0.0000,0.0000,0,0
2026-08-25 17:09:50.890232,2479,flowbot,0.59828,-0.02524,0.29138,-0.00000,-0.00000,0.00000,0.00000,23.00,0.00,0.00,0.0000,0.3714,0.0000,0.0000,0,0
2026-08-25 17:09:50.939529,2480,flowbot,0.59828,-0.02524,0.29138,-0.00000,-0.00000,0.00000,0.00000,23.00,0.00,0.00,0.0000,0.3714,0.0000,0.0000,0,0
2026-08-25 17:09:50.989652,2481,flowbot,0.59828,-0.02524,0.29138,-0.00000,-0.00000,0.00000,0.00000,23.00,0.00,0.00,0.0000,0.0000,0.0000,0.0000,0,0
2026-08-25 17:09:51.045799,2482,flowbot,0.59828,-0.02524,0.29138,-0.00000,-0.00000,0.00000,0.00000,23.00,0.00,0.00,0.0000,0.0000,0.0000,0.0000,0,0
2026-08-25 17:09:51.100376,2483,flowbot,0.59828,-0.02524,0.29138,-0.00000,-0.00000,0.00000,0.00000,23.00,0.00,0.00,0.0000,0.0000,0.0000,0.0000,0,0
2026-08-25 17:09:51.151024,2484,flowbot,0.59828,-0.02524,0.29138,-0.00000,-0.00000,0.00000,0.00000,23.00,0.00,0.00,0.0000,0.0000,0.0000,0.0000,0,0
2026-08-25 17:09:51.205146,2485,flowbot,0.59828,-0.02524,0.29138,-0.00000,-0.00000,0.00000,0.00000,23.00,0.00,0.00,0.0000,0.3286,0.0000,0.0000,0,0
2026-08-25 17:09:51.256921,2486,flowbot,0.59828,-0.02524,0.29138,-0.00000,-0.00000,0.00000,0.00000,23.00,0.00,0.00,0.0000,0.3286,0.0000,0.0000,0,0
2026-08-25 17:09:51.316774,2487,flowbot,0.59828,-0.02524,0.29138,-0.00000,-0.00000,0.00000,0.00000,23.00,0.00,0.00,0.0000,0.3286,0.0000,0.0000,0,0
2026-08-25 17:09:51.369010,2488,flowbot,0.59828,-0.02524,0.29138,-0.00000,-0.00000,0.00000,0.00000,23.00,0.00,0.00,0.0000,0.3286,0.0000,0.0000,0,0
2026-08-25 17:09:51.418371,2489,flowbot,0.59828,-0.02524,0.29138,-0.00000,-0.00000,0.00000,0.00000,23.00,0.00,0.00,0.0000,0.3286,0.0000,0.0000,0,0
2026-08-25 17:09:51.468748,2490,flowbot,0.59828,-0.02524,0.29138,-0.00000,-0.00000,0.00000,0.00000,23.00,0.00,0.00,0.1086,0.7886,0.0000,0.0000,0,0
2026-08-25 17:09:51.526341,2491,flowbot,0.59828,-0.02524,0.29138,-0.00000,-0.00000,0.00000,0.00000,23.00,0.00,0.00,0.1086,0.7886,0.0000,0.0000,0,0
2026-08-25 17:09:51.577920,2492,flowbot,0.59828,-0.02524,0.29138,-0.00000,-0.00000,0.00000,0.00000,23.00,0.00,0.00,0.1086,0.7886,0.0000,0.0000,0,0
2026-08-25 17:09:51.630052,2493,flowbot,0.59828,-0.02524,0.29138,-0.00000,-0.00000,0.00000,0.00000,23.00,0.00,0.00,0.0000,0.0000,0.0000,0.0000,0,0
2026-08-25 17:09:51.683108,2494,flowbot,0.59828,-0.02524,0.29138,-0.00000,-0.00000,0.00000,0.00000,23.00,0.00,0.00,0.0000,0.0000,0.0000,0.0000,0,0
2026-08-25 17:09:51.734060,2495,flowbot,0.59828,-0.02524,0.29138,-0.00000,-0.00000,0.00000,0.00000,23.00,0.00,0.00,0.0000,0.0000,0.0000,0.0000,0,0
2026-08-25 17:09:51.791984,2496,flowbot,0.59828,-0.02524,0.29138,-0.00000,-0.00000,0.00000,0.00000,23.00,0.00,0.00,0.0000,0.0000,0.0000,0.0000,0,0
2026-08-25 17:09:51.842453,2497,flowbot,0.59828,-0.02524,0.29138,-0.00000,-0.00000,0.00000,0.00000,23.00,0.00,0.00,0.0000,0.0000,0.0000,0.0000,0,0
2026-08-25 17:09:51.899497,2498,flowbot,0.59828,-0.02524,0.29138,-0.00000,-0.00000,0.00000,0.00000,23.00,0.00,0.00,0.0000,0.0000,0.0000,0.0000,0,0
2026-08-25 17:09:51.952889,2499,flowbot,0.59828,-0.02524,0.29138,-0.00000,-0.00000,0.00000,0.00000,23.00,0.00,0.00,0.0000,0.0000,0.0000,0.0000,0,0
2026-08-25 17:09:52.009424,2500,flowbot,0.59828,-0.02524,0.29138,-0.00000,-0.00000,0.00000,0.00000,23.00,0.00,0.00,0.0000,0.0000,0.0000,0.0000,0,0
2026-08-25 17:09:52.060021,2501,flowbot,0.59828,-0.02524,0.29138,-0.00000,-0.00000,0.00000,0.00000,23.00,0.00,0.00,0.4057,-0.1657,-0.3657,0.0000,0,0
2026-08-25 17:09:52.117591,2502,flowbot,0.59828,-0.02524,0.29138,-0.00000,-0.00000,0.00000,0.00000,23.00,0.00,0.00,0.4057,-0.1657,-0.3657,0.0000,0,0
2026-08-25 17:09:52.171149,2503,flowbot,0.59828,-0.02524,0.29138,-0.00000,-0.00000,0.00000,0.00000,23.00,0.00,0.00,0.4057,-0.1657,-0.3657,0.0000,0,0
2026-08-25 17:09:52.227110,2504,flowbot,0.59828,-0.02524,0.29138,-0.00000,-0.00000,0.00000,0.00000,23.00,0.00,0.00,0.4057,-0.1657,-0.3657,0.0000,0,0
2026-08-25 17:09:52.279351,2505,flowbot,0.59828,-0.02524,0.29138,-0.00000,-0.00000,0.00000,0.00000,23.00,0.00,0.00,0.0000,0.0000,0.0000,0.0000,0,0
2026-08-25 17:09:52.337878,2506,flowbot,0.59828,-0.02524,0.29138,-0.00000,-0.00000,0.00000,0.00000,23.00,0.00,0.00,0.0000,0.0000,0.0000,0.0000,0,0
2026-08-25 17:09:52.386549,2507,flowbot,0.59828,-0.02524,0.29138,-0.00000,-0.00000,0.00000,0.00000,23.00,0.00,0.00,0.0000,0.0000,0.0000,0.0000,0,0
2026-08-25 17:09:52.441260,2508,flowbot,0.59828,-0.02524,0.29138,-0.00000,-0.00000,0.00000,0.00000,23.00,0.00,0.00,0.0000,0.0000,0.0000,0.0000,0,0
2026-08-25 17:09:52.497705,2509,flowbot,0.59828,-0.02524,0.29138,-0.00000,-0.00000,0.00000,0.00000,23.00,0.00,0.00,0.0000,0.4257,-0.5429,0.0000,0,0
2026-08-25 17:09:52.545907,2510,flowbot,0.59828,-0.02524,0.29138,-0.00000,-0.00000,0.00000,0.00000,23.00,0.00,0.00,0.0000,0.4257,-0.5429,0.0000,0,0
2026-08-25 17:09:52.597966,2511,flowbot,0.59828,-0.02524,0.29138,-0.00000,-0.00000,0.00000,0.00000,23.00,0.00,0.00,0.0000,0.4257,-0.5429,0.0000,0,0
2026-08-25 17:09:52.653963,2512,flowbot,0.59828,-0.02524,0.29138,-0.00000,-0.00000,0.00000,0.00000,23.00,0.00,0.00,0.0000,0.4257,-0.5429,0.0000,0,0
2026-08-25 17:09:52.712669,2513,flowbot,0.59828,-0.02524,0.29138,-0.00000,-0.00000,0.00000,0.00000,23.00,0.00,0.00,0.2857,0.2371,-0.3571,0.0000,0,0
2026-08-25 17:09:52.769134,2514,flowbot,0.59828,-0.02524,0.29138,-0.00000,-0.00000,0.00000,0.00000,23.00,0.00,0.00,0.2857,0.2371,-0.3571,0.0000,0,0
2026-08-25 17:09:52.827863,2515,flowbot,0.59828,-0.02524,0.29138,-0.00000,-0.00000,0.00000,0.00000,23.00,0.00,0.00,0.2857,0.2371,-0.3571,0.0000,0,0
2026-08-25 17:09:52.872093,2516,flowbot,0.59828,-0.02524,0.29138,-0.00000,-0.00000,0.00000,0.00000,23.00,0.00,0.00,0.2857,0.2371,-0.3571,0.0000,0,0
2026-08-25 17:09:52.927649,2517,flowbot,0.59828,-0.02524,0.29138,-0.00000,-0.00000,0.00000,0.00000,23.00,0.00,0.00,0.5000,0.0000,-0.2714,0.0000,0,0
2026-08-25 17:09:52.983817,2518,flowbot,0.59828,-0.02524,0.29138,-0.00000,-0.00000,0.00000,0.00000,23.00,0.00,0.00,0.5000,0.0000,-0.2714,0.0000,0,0
2026-08-25 17:09:53.037237,2519,flowbot,0.59828,-0.02524,0.29138,-0.00000,-0.00000,0.00000,0.00000,23.00,0.00,0.00,0.5000,0.0000,-0.2714,0.0000,0,0
2026-08-25 17:09:53.091220,2520,flowbot,0.59828,-0.02524,0.29138,-0.00000,-0.00000,0.00000,0.00000,23.00,0.00,0.00,0.0000,0.0000,0.0000,0.0000,0,0
2026-08-25 17:09:53.143046,2521,flowbot,0.59828,-0.02524,0.29138,-0.00000,-0.00000,0.00000,0.00000,23.00,0.00,0.00,0.0000,0.0000,0.0000,0.0000,0,0
2026-08-25 17:09:53.194871,2522,flowbot,0.59828,-0.02524,0.29138,-0.00000,-0.00000,0.00000,0.00000,23.00,0.00,0.00,0.0000,0.0000,0.0000,0.0000,0,0
2026-08-25 17:09:53.249129,2523,flowbot,0.59828,-0.02524,0.29138,-0.00000,-0.00000,0.00000,0.00000,23.00,0.00,0.00,0.0000,0.0000,0.0000,0.0000,0,0
2026-08-25 17:09:53.298461,2524,flowbot,0.59828,-0.02524,0.29138,-0.00000,-0.00000,0.00000,0.00000,23.00,0.00,0.00,0.0000,0.0000,0.0000,0.0000,0,0
2026-08-25 17:09:53.356041,2525,flowbot,0.59828,-0.02524,0.29138,-0.00000,-0.00000,0.00000,0.00000,23.00,0.00,0.00,0.0000,0.0000,0.0000,0.0000,0,0
2026-08-25 17:09:53.406005,2526,flowbot,0.59828,-0.02524,0.29138,-0.00000,-0.00000,0.00000,0.00000,23.00,0.00,0.00,0.0000,0.0000,0.0000,0.0000,0,0
2026-08-25 17:09:53.456499,2527,flowbot,0.59828,-0.02524,0.29138,-0.00000,-0.00000,0.00000,0.00000,23.00,0.00,0.00,0.0000,0.0000,0.0000,0.0000,0,0
2026-08-25 17:09:53.510533,2528,flowbot,0.59828,-0.02524,0.29138,-0.00000,-0.00000,0.00000,0.00000,23.00,0.00,0.00,0.0000,0.3771,-0.5000,0.0000,0,0
2026-08-25 17:09:53.564286,2529,flowbot,0.59828,-0.02524,0.29138,-0.00000,-0.00000,0.00000,0.00000,23.00,0.00,0.00,0.0000,0.3771,-0.5000,0.0000,0,0
2026-08-25 17:09:53.622436,2530,flowbot,0.59828,-0.02524,0.29138,-0.00000,-0.00000,0.00000,0.00000,23.00,0.00,0.00,0.0000,0.3771,-0.5000,0.0000,0,0
2026-08-25 17:09:53.672827,2531,flowbot,0.59828,-0.02524,0.29138,-0.00000,-0.00000,0.00000,0.00000,23.00,0.00,0.00,0.0000,0.3771,-0.5000,0.0000,0,0
2026-08-25 17:09:53.725257,2532,flowbot,0.59828,-0.02524,0.29138,-0.00000,-0.00000,0.00000,0.00000,23.00,0.00,0.00,0.0000,0.9086,0.0000,0.0000,0,0
2026-08-25 17:09:53.780144,2533,flowbot,0.59828,-0.02524,0.29138,-0.00000,-0.00000,0.00000,0.00000,23.00,0.00,0.00,0.0000,0.9086,0.0000,0.0000,0,0
2026-08-25 17:09:53.831432,2534,flowbot,0.59828,-0.02524,0.29138,-0.00000,-0.00000,0.00000,0.00000,23.00,0.00,0.00,0.0000,0.9086,0.0000,0.0000,0,0
2026-08-25 17:09:53.882761,2535,flowbot,0.59828,-0.02524,0.29138,-0.00000,-0.00000,0.00000,0.00000,23.00,0.00,0.00,0.0000,0.9086,0.0000,0.0000,0,0
2026-08-25 17:09:53.935814,2536,flowbot,0.59828,-0.02524,0.29138,-0.00000,-0.00000,0.00000,0.00000,23.00,0.00,0.00,0.0000,0.6000,0.0000,0.0000,0,0
2026-08-25 17:09:53.992029,2537,flowbot,0.59828,-0.02524,0.29138,-0.00000,-0.00000,0.00000,0.00000,23.00,0.00,0.00,0.0000,0.6000,0.0000,0.0000,0,0
2026-08-25 17:09:54.045713,2538,flowbot,0.59828,-0.02524,0.29138,-0.00000,-0.00000,0.00000,0.00000,23.00,0.00,0.00,0.0000,0.6000,0.0000,0.0000,0,0
2026-08-25 17:09:54.097315,2539,flowbot,0.59828,-0.02524,0.29138,-0.00000,-0.00000,0.00000,0.00000,23.00,0.00,0.00,0.0000,0.6000,0.0000,0.0000,0,0
2026-08-25 17:09:54.151283,2540,flowbot,0.59828,-0.02524,0.29138,-0.00000,-0.00000,0.00000,0.00000,23.00,0.00,0.00,0.0000,0.0000,0.0000,0.0000,0,0
2026-08-25 17:09:54.204128,2541,flowbot,0.59828,-0.02524,0.29138,-0.00000,-0.00000,0.00000,0.00000,23.00,0.00,0.00,0.0000,0.0000,0.0000,0.0000,0,0
2026-08-25 17:09:54.259271,2542,flowbot,0.59828,-0.02524,0.29138,-0.00000,-0.00000,0.00000,0.00000,23.00,0.00,0.00,0.0000,0.0000,0.0000,0.0000,0,0
2026-08-25 17:09:54.314404,2543,flowbot,0.59828,-0.02524,0.29138,-0.00000,-0.00000,0.00000,0.00000,23.00,0.00,0.00,0.0000,0.0000,0.0000,0.0000,0,0
2026-08-25 17:09:54.365477,2544,flowbot,0.59828,-0.02524,0.29138,-0.00000,-0.00000,0.00000,0.00000,23.00,0.00,0.00,0.1486,-1.1914,0.0000,0.0000,0,0
2026-08-25 17:09:54.417275,2545,flowbot,0.59828,-0.02524,0.29138,-0.00000,-0.00000,0.00000,0.00000,23.00,0.00,0.00,0.1486,-1.1914,0.0000,0.0000,0,0
2026-08-25 17:09:54.470721,2546,flowbot,0.59828,-0.02524,0.29138,-0.00000,-0.00000,0.00000,0.00000,23.00,0.00,0.00,0.1486,-1.1914,0.0000,0.0000,0,0
2026-08-25 17:09:54.522307,2547,flowbot,0.59828,-0.02524,0.29138,-0.00000,-0.00000,0.00000,0.00000,23.00,0.00,0.00,0.1486,-1.1914,0.0000,0.0000,0,0
2026-08-25 17:09:54.575094,2548,flowbot,0.59828,-0.02524,0.29138,-0.00000,-0.00000,0.00000,0.00000,23.00,0.00,0.00,0.0000,-0.1000,0.0000,0.0000,0,0
2026-08-25 17:09:54.630255,2549,flowbot,0.59828,-0.02524,0.29138,-0.00000,-0.00000,0.00000,0.00000,23.00,0.00,0.00,0.0000,-0.1000,0.0000,0.0000,0,0
2026-08-25 17:09:54.681700,2550,flowbot,0.59828,-0.02524,0.29138,-0.00000,-0.00000,0.00000,0.00000,23.00,0.00,0.00,0.0000,-0.1000,0.0000,0.0000,0,0
2026-08-25 17:09:54.738035,2551,flowbot,0.59828,-0.02524,0.29138,-0.00000,-0.00000,0.00000,0.00000,23.00,0.00,0.00,0.0000,-0.1000,0.0000,0.0000,0,0
2026-08-25 17:09:54.787790,2552,flowbot,0.59828,-0.02524,0.29138,-0.00000,-0.00000,0.00000,0.00000,23.00,0.00,0.00,0.1057,-0.5200,0.0000,0.0000,0,0
2026-08-25 17:09:54.843674,2553,flowbot,0.59828,-0.02524,0.29138,-0.00000,-0.00000,0.00000,0.00000,23.00,0.00,0.00,0.1057,-0.5200,0.0000,0.0000,0,0
2026-08-25 17:09:54.896486,2554,flowbot,0.59828,-0.02524,0.29138,-0.00000,-0.00000,0.00000,0.00000,23.00,0.00,0.00,0.1057,-0.5200,0.0000,0.0000,0,0
2026-08-25 17:09:54.947011,2555,flowbot,0.59828,-0.02524,0.29138,-0.00000,-0.00000,0.00000,0.00000,23.00,0.00,0.00,0.1057,-0.5200,0.0000,0.0000,0,0
2026-08-25 17:09:54.999017,2556,flowbot,0.59828,-0.02524,0.29138,-0.00000,-0.00000,0.00000,0.00000,25.00,0.00,0.00,0.8314,-0.6000,0.2886,0.0000,0,0
2026-08-25 17:09:55.053446,2557,flowbot,0.59828,-0.02524,0.29138,-0.00000,-0.00000,0.00000,0.00000,25.00,0.00,0.00,0.8314,-0.6000,0.2886,0.0000,0,0
2026-08-25 17:09:55.105285,2558,flowbot,0.59828,-0.02524,0.29138,-0.00000,-0.00000,0.00000,0.00000,25.00,0.00,0.00,0.8314,-0.6000,0.2886,0.0000,0,0
2026-08-25 17:09:55.163013,2559,flowbot,0.59828,-0.02524,0.29138,-0.00000,-0.00000,0.00000,0.00000,25.00,0.00,0.00,0.8314,-0.6000,0.2886,0.0000,0,0
2026-08-25 17:09:55.214245,2560,flowbot,0.59828,-0.02524,0.29138,-0.00000,-0.00000,0.00000,0.00000,25.00,0.00,0.00,0.0000,0.0000,0.0000,0.0000,0,0
2026-08-25 17:09:55.270801,2561,flowbot,0.59828,-0.02524,0.29138,-0.00000,-0.00000,0.00000,0.00000,25.00,0.00,0.00,0.0000,0.0000,0.0000,0.0000,0,0
2026-08-25 17:09:55.322226,2562,flowbot,0.59828,-0.02524,0.29138,-0.00000,-0.00000,0.00000,0.00000,25.00,0.00,0.00,0.0000,0.0000,0.0000,0.0000,0,0
2026-08-25 17:09:55.376393,2563,flowbot,0.59828,-0.02524,0.29138,-0.00000,-0.00000,0.00000,0.00000,25.00,0.00,0.00,0.0000,0.0000,0.0000,0.0000,0,0
2026-08-25 17:09:55.427311,2564,flowbot,0.59828,-0.02524,0.29138,-0.00000,-0.00000,0.00000,0.00000,25.00,0.00,0.00,0.8571,-0.4000,0.3657,0.0000,0,0
2026-08-25 17:09:55.480632,2565,flowbot,0.59828,-0.02524,0.29138,-0.00000,-0.00000,0.00000,0.00000,25.00,0.00,0.00,0.8571,-0.4000,0.3657,0.0000,0,0
2026-08-25 17:09:55.533749,2566,flowbot,0.59828,-0.02524,0.29138,-0.00000,-0.00000,0.00000,0.00000,25.00,0.00,0.00,0.8571,-0.4000,0.3657,0.0000,0,0
2026-08-25 17:09:55.584148,2567,flowbot,0.59828,-0.02524,0.29138,-0.00000,-0.00000,0.00000,0.00000,25.00,0.00,0.00,0.8571,-0.4000,0.3657,0.0000,0,0
2026-08-25 17:09:55.634844,2568,flowbot,0.59828,-0.02524,0.29138,-0.00000,-0.00000,0.00000,0.00000,25.00,0.00,0.00,1.0114,-0.3286,0.4143,0.0000,0,0
2026-08-25 17:09:55.689917,2569,flowbot,0.59828,-0.02524,0.29138,-0.00000,-0.00000,0.00000,0.00000,25.00,0.00,0.00,1.0114,-0.3286,0.4143,0.0000,0,0
2026-08-25 17:09:55.741971,2570,flowbot,0.59828,-0.02524,0.29138,-0.00000,-0.00000,0.00000,0.00000,25.00,0.00,0.00,1.0114,-0.3286,0.4143,0.0000,0,0
2026-08-25 17:09:55.791867,2571,flowbot,0.59828,-0.02524,0.29138,-0.00000,-0.00000,0.00000,0.00000,25.00,0.00,0.00,1.0114,-0.3286,0.4143,0.0000,0,0
2026-08-25 17:09:55.841876,2572,flowbot,0.59828,-0.02524,0.29138,-0.00000,-0.00000,0.00000,0.00000,25.00,0.00,0.00,0.5257,-0.2857,0.1857,0.0000,0,0
2026-08-25 17:09:55.895489,2573,flowbot,0.59828,-0.02524,0.29138,-0.00000,-0.00000,0.00000,0.00000,25.00,0.00,0.00,0.5257,-0.2857,0.1857,0.0000,0,0
2026-08-25 17:09:55.954086,2574,flowbot,0.59828,-0.02524,0.29138,-0.00000,-0.00000,0.00000,0.00000,25.00,0.00,0.00,0.5257,-0.2857,0.1857,0.0000,0,0
2026-08-25 17:09:56.011035,2575,flowbot,0.59828,-0.02524,0.29138,-0.00000,-0.00000,0.00000,0.00000,25.00,0.00,0.00,0.5257,-0.2857,0.1857,0.0000,0,0
2026-08-25 17:09:56.060563,2576,flowbot,0.59828,-0.02524,0.29138,-0.00000,-0.00000,0.00000,0.00000,25.00,0.00,0.00,0.5257,-0.2857,0.1857,0.0000,0,0
2026-08-25 17:09:56.111054,2577,flowbot,0.59828,-0.02524,0.29138,-0.00000,-0.00000,0.00000,0.00000,25.00,0.00,0.00,0.9486,-0.3571,0.3743,0.0000,0,0
2026-08-25 17:09:56.166894,2578,flowbot,0.59828,-0.02524,0.29138,-0.00000,-0.00000,0.00000,0.00000,25.00,0.00,0.00,0.9486,-0.3571,0.3743,0.0000,0,0
2026-08-25 17:09:56.211415,2579,flowbot,0.59828,-0.02524,0.29138,-0.00000,-0.00000,0.00000,0.00000,25.00,0.00,0.00,0.9486,-0.3571,0.3743,0.0000,0,0
2026-08-25 17:09:56.264030,2580,flowbot,0.59828,-0.02524,0.29138,-0.00000,-0.00000,0.00000,0.00000,25.00,0.00,0.00,0.9486,-0.3571,0.3743,0.0000,0,0
2026-08-25 17:09:56.317653,2581,flowbot,0.59828,-0.02524,0.29138,-0.00000,-0.00000,0.00000,0.00000,25.00,0.00,0.00,0.0000,0.0000,0.0000,0.0000,0,0
2026-08-25 17:09:56.367595,2582,flowbot,0.59828,-0.02524,0.29138,-0.00000,-0.00000,0.00000,0.00000,25.00,0.00,0.00,0.0000,0.0000,0.0000,0.0000,0,0
2026-08-25 17:09:56.417843,2583,flowbot,0.59828,-0.02524,0.29138,-0.00000,-0.00000,0.00000,0.00000,25.00,0.00,0.00,0.0000,0.0000,0.0000,0.0000,0,0
2026-08-25 17:09:56.470745,2584,flowbot,0.59828,-0.02524,0.29138,-0.00000,-0.00000,0.00000,0.00000,25.00,0.00,0.00,0.0000,0.0000,0.0000,0.0000,0,0
2026-08-25 17:09:56.520361,2585,flowbot,0.59828,-0.02524,0.29138,-0.00000,-0.00000,0.00000,0.00000,25.00,0.00,0.00,0.0000,0.0000,0.0000,0.0000,0,0
2026-08-25 17:09:56.572409,2586,flowbot,0.59828,-0.02524,0.29138,-0.00000,-0.00000,0.00000,0.00000,25.00,0.00,0.00,0.0000,0.0000,0.0000,0.0000,0,0
2026-08-25 17:09:56.624757,2587,flowbot,0.59828,-0.02524,0.29138,-0.00000,-0.00000,0.00000,0.00000,25.00,0.00,0.00,0.0000,0.0000,0.0000,0.0000,0,0
2026-08-25 17:09:56.674855,2588,flowbot,0.59828,-0.02524,0.29138,-0.00000,-0.00000,0.00000,0.00000,25.00,0.00,0.00,0.0000,0.0000,0.0000,0.0000,0,0
2026-08-25 17:09:56.726133,2589,flowbot,0.59828,-0.02524,0.29138,-0.00000,-0.00000,0.00000,0.00000,25.00,0.00,0.00,0.0000,0.0000,0.0000,0.0000,0,0
2026-08-25 17:09:56.779066,2590,flowbot,0.59828,-0.02524,0.29138,-0.00000,-0.00000,0.00000,0.00000,25.00,0.00,0.00,0.0000,0.0000,0.0000,0.0000,0,0
2026-08-25 17:09:56.833707,2591,flowbot,0.59828,-0.02524,0.29138,-0.00000,-0.00000,0.00000,0.00000,25.00,0.00,0.00,0.0000,0.0000,0.0000,0.0000,0,0
2026-08-25 17:09:56.882051,2592,flowbot,0.59828,-0.02524,0.29138,-0.00000,-0.00000,0.00000,0.00000,25.00,0.00,0.00,0.0000,0.0000,0.0000,0.0000,0,0
2026-08-25 17:09:56.934090,2593,flowbot,0.59828,-0.02524,0.29138,-0.00000,-0.00000,0.00000,0.00000,25.00,0.00,0.00,0.0000,0.0000,0.0000,0.0000,0,0
2026-08-25 17:09:56.990148,2594,flowbot,0.59828,-0.02524,0.29138,-0.00000,-0.00000,0.00000,0.00000,25.00,0.00,0.00,0.0000,0.0000,0.0000,0.0000,0,0
2026-08-25 17:09:57.046216,2595,flowbot,0.59828,-0.02524,0.29138,-0.00000,-0.00000,0.00000,0.00000,25.00,0.00,0.00,0.0000,0.0000,0.0000,0.0000,0,0
2026-08-25 17:09:57.099452,2596,flowbot,0.59828,-0.02524,0.29138,-0.00000,-0.00000,0.00000,0.00000,25.00,0.00,0.00,0.0000,0.0000,0.0000,0.0000,0,0
2026-08-25 17:09:57.150195,2597,flowbot,0.59828,-0.02524,0.29138,-0.00000,-0.00000,0.00000,0.00000,25.00,0.00,0.00,0.0000,0.0000,0.0000,0.0000,0,0
2026-08-25 17:09:57.207710,2598,flowbot,0.59828,-0.02524,0.29138,-0.00000,-0.00000,0.00000,0.00000,25.00,0.00,0.00,0.0000,0.0000,0.0000,0.0000,0,0
2026-08-25 17:09:57.263109,2599,flowbot,0.59828,-0.02524,0.29138,-0.00000,-0.00000,0.00000,0.00000,25.00,0.00,0.00,0.0000,0.0000,0.0000,0.0000,0,0
2026-08-25 17:09:57.315669,2600,flowbot,0.59828,-0.02524,0.29138,-0.00000,-0.00000,0.00000,0.00000,25.00,0.00,0.00,0.0000,0.0000,0.0000,0.0000,0,0
2026-08-25 17:09:57.364161,2601,flowbot,0.59828,-0.02524,0.29138,-0.00000,-0.00000,0.00000,0.00000,25.00,0.00,0.00,0.0000,0.0000,0.0000,0.0000,0,0
2026-08-25 17:09:57.417541,2602,flowbot,0.59828,-0.02524,0.29138,-0.00000,-0.00000,0.00000,0.00000,25.00,0.00,0.00,0.0000,0.0000,0.0000,0.0000,0,0
2026-08-25 17:09:57.471032,2603,flowbot,0.59828,-0.02524,0.29138,-0.00000,-0.00000,0.00000,0.00000,25.00,0.00,0.00,0.0000,0.0000,0.0000,0.0000,0,0
2026-08-25 17:09:57.525053,2604,flowbot,0.59828,-0.02524,0.29138,-0.00000,-0.00000,0.00000,0.00000,25.00,0.00,0.00,0.0000,0.0000,0.0000,0.0000,0,0
2026-08-25 17:09:57.577572,2605,flowbot,0.59828,-0.02524,0.29138,-0.00000,-0.00000,0.00000,0.00000,25.00,0.00,0.00,0.0000,0.0000,0.0000,0.0000,0,0
2026-08-25 17:09:57.633995,2606,flowbot,0.59828,-0.02524,0.29138,-0.00000,-0.00000,0.00000,0.00000,25.00,0.00,0.00,0.0000,0.0000,0.0000,0.0000,0,0
2026-08-25 17:09:57.691005,2607,flowbot,0.59828,-0.02524,0.29138,-0.00000,-0.00000,0.00000,0.00000,25.00,0.00,0.00,0.0000,0.0000,0.0000,0.0000,0,0
2026-08-25 17:09:57.738821,2608,flowbot,0.59828,-0.02524,0.29138,-0.00000,-0.00000,0.00000,0.00000,25.00,0.00,0.00,0.0000,0.0000,0.0000,0.0000,0,0
2026-08-25 17:09:57.790329,2609,flowbot,0.59828,-0.02524,0.29138,-0.00000,-0.00000,0.00000,0.00000,25.00,0.00,0.00,0.0000,0.0000,0.0000,0.0000,0,0
2026-08-25 17:09:57.847595,2610,flowbot,0.59828,-0.02524,0.29138,-0.00000,-0.00000,0.00000,0.00000,25.00,0.00,0.00,0.0000,0.0000,0.0000,0.0000,0,0
2026-08-25 17:09:57.902668,2611,flowbot,0.59828,-0.02524,0.29138,-0.00000,-0.00000,0.00000,0.00000,25.00,0.00,0.00,0.0000,0.0000,0.0000,0.0000,0,0
2026-08-25 17:09:57.954843,2612,flowbot,0.59828,-0.02524,0.29138,-0.00000,-0.00000,0.00000,0.00000,25.00,0.00,0.00,0.0000,0.0000,0.0000,0.0000,0,0
2026-08-25 17:09:58.004951,2613,flowbot,0.59828,-0.02524,0.29138,-0.00000,-0.00000,0.00000,0.00000,25.00,0.00,0.00,0.0000,0.0000,0.0000,0.0000,0,0
2026-08-25 17:09:58.059617,2614,flowbot,0.59828,-0.02524,0.29138,-0.00000,-0.00000,0.00000,0.00000,25.00,0.00,0.00,0.0000,0.0000,0.0000,0.0000,0,0
2026-08-25 17:09:58.113892,2615,flowbot,0.59828,-0.02524,0.29138,-0.00000,-0.00000,0.00000,0.00000,25.00,0.00,0.00,0.0000,0.0000,0.0000,0.0000,0,0
2026-08-25 17:09:58.169167,2616,flowbot,0.59828,-0.02524,0.29138,-0.00000,-0.00000,0.00000,0.00000,25.00,0.00,0.00,0.0000,0.0000,0.0000,0.0000,0,0
2026-08-25 17:09:58.219688,2617,flowbot,0.59828,-0.02524,0.29138,-0.00000,-0.00000,0.00000,0.00000,25.00,0.00,0.00,0.0000,0.0000,0.0000,0.0000,0,0
2026-08-25 17:09:58.270619,2618,flowbot,0.59828,-0.02524,0.29138,-0.00000,-0.00000,0.00000,0.00000,25.00,0.00,0.00,0.0000,0.0000,0.0000,0.0000,0,0
2026-08-25 17:09:58.321593,2619,flowbot,0.59828,-0.02524,0.29138,-0.00000,-0.00000,0.00000,0.00000,25.00,0.00,0.00,0.0000,0.0000,0.0000,0.0000,0,0
2026-08-25 17:09:58.376000,2620,flowbot,0.59828,-0.02524,0.29138,-0.00000,-0.00000,0.00000,0.00000,25.00,0.00,0.00,0.0000,0.0000,0.0000,0.0000,0,0
2026-08-25 17:09:58.426639,2621,flowbot,0.59828,-0.02524,0.29138,-0.00000,-0.00000,0.00000,0.00000,25.00,0.00,0.00,0.0000,0.0000,0.0000,0.0000,0,0
2026-08-25 17:09:58.482253,2622,flowbot,0.59828,-0.02524,0.29138,-0.00000,-0.00000,0.00000,0.00000,25.00,0.00,0.00,0.0000,0.0000,0.0000,0.0000,0,0
2026-08-25 17:09:58.536355,2623,flowbot,0.59828,-0.02524,0.29138,-0.00000,-0.00000,0.00000,0.00000,25.00,0.00,0.00,0.0000,0.0000,0.0000,0.0000,0,0
2026-08-25 17:09:58.585785,2624,flowbot,0.59828,-0.02524,0.29138,-0.00000,-0.00000,0.00000,0.00000,25.00,0.00,0.00,0.0000,0.0000,0.0000,0.0000,0,0
2026-08-25 17:09:58.637011,2625,flowbot,0.59828,-0.02524,0.29138,-0.00000,-0.00000,0.00000,0.00000,25.00,0.00,0.00,0.0000,0.0000,0.0000,0.0000,0,0
2026-08-25 17:09:58.694027,2626,flowbot,0.59828,-0.02524,0.29138,-0.00000,-0.00000,0.00000,0.00000,25.00,0.00,0.00,0.0000,0.0000,0.0000,0.0000,0,0
2026-08-25 17:09:58.747217,2627,flowbot,0.59828,-0.02524,0.29138,-0.00000,-0.00000,0.00000,0.00000,25.00,0.00,0.00,0.0000,0.0000,0.0000,0.0000,0,0
2026-08-25 17:09:58.798401,2628,flowbot,0.59828,-0.02524,0.29138,-0.00000,-0.00000,0.00000,0.00000,25.00,0.00,0.00,0.0000,0.0000,0.0000,0.0000,0,0
2026-08-25 17:09:58.850305,2629,flowbot,0.59828,-0.02524,0.29138,-0.00000,-0.00000,0.00000,0.00000,25.00,0.00,0.00,0.0000,0.0000,0.0000,0.0000,0,0
2026-08-25 17:09:58.907263,2630,flowbot,0.59828,-0.02524,0.29138,-0.00000,-0.00000,0.00000,0.00000,25.00,0.00,0.00,0.0000,0.0000,0.0000,0.0000,0,0
2026-08-25 17:09:58.957863,2631,flowbot,0.59828,-0.02524,0.29138,-0.00000,-0.00000,0.00000,0.00000,25.00,0.00,0.00,0.0000,0.0000,0.0000,0.0000,0,0
2026-08-25 17:09:59.009722,2632,flowbot,0.59828,-0.02524,0.29138,-0.00000,-0.00000,0.00000,0.00000,25.00,0.00,0.00,0.0000,0.0000,0.0000,0.0000,0,0
2026-08-25 17:09:59.064250,2633,franka,0.59828,-0.02524,0.29138,-0.00000,-0.00000,0.00000,0.00000,25.00,0.00,0.00,0.0000,0.0000,0.0000,0.0000,1,0
2026-08-25 17:09:59.118020,2634,franka,0.59828,-0.02524,0.29137,-0.00000,-0.00000,0.00000,0.00000,25.00,0.00,0.00,0.0000,0.0000,0.0000,0.0000,0,0
2026-08-25 17:09:59.171762,2635,franka,0.59828,-0.02528,0.29139,0.00000,0.00000,0.00000,0.00000,25.00,0.00,0.00,0.0000,0.0000,0.0000,0.0000,0,0
2026-08-25 17:09:59.225400,2636,franka,0.59828,-0.02529,0.29139,0.00000,0.00000,0.00000,0.00000,25.00,0.00,0.00,0.0000,0.0000,0.0000,0.0000,0,0
2026-08-25 17:09:59.278991,2637,franka,0.59828,-0.02529,0.29139,0.00000,0.00000,0.00000,0.00000,25.00,0.00,0.00,0.0000,0.0000,0.0000,0.0000,0,0
2026-08-25 17:09:59.332786,2638,franka,0.59828,-0.02529,0.29139,0.00000,0.00000,0.00000,0.00000,25.00,0.00,0.00,0.0000,0.0000,0.0000,0.0000,0,0
2026-08-25 17:09:59.386346,2639,franka,0.59828,-0.02528,0.29139,0.00000,0.00000,0.00000,0.00000,25.00,0.00,0.00,0.0000,0.0000,0.0000,0.0000,0,0
2026-08-25 17:09:59.440406,2640,franka,0.59828,-0.02529,0.29139,0.00000,0.00000,0.00000,0.00000,25.00,0.00,0.00,0.0000,0.0000,0.0000,0.0000,0,0
2026-08-25 17:09:59.494094,2641,franka,0.59828,-0.02529,0.29140,0.00000,0.00000,0.00000,0.00000,25.00,0.00,0.00,0.0000,0.0000,0.0000,0.0000,0,0
2026-08-25 17:09:59.548012,2642,franka,0.59828,-0.02529,0.29139,0.00000,0.00000,0.00000,0.00000,25.00,0.00,0.00,0.0000,0.1171,0.0000,0.0600,0,0
2026-08-25 17:09:59.601737,2643,franka,0.59828,-0.02529,0.29139,0.00000,0.00000,0.00000,0.00000,25.00,0.00,0.00,0.0000,0.0371,0.0000,0.0200,0,0
2026-08-25 17:09:59.655245,2644,franka,0.59828,-0.02529,0.29139,0.00000,0.00000,0.00000,0.00000,25.00,0.00,0.00,0.0000,0.0000,0.0000,0.0000,0,0
2026-08-25 17:09:59.709441,2645,franka,0.59828,-0.02529,0.29139,0.00000,0.00000,0.00000,0.00000,25.00,0.00,0.00,0.0000,0.0000,0.0000,0.0000,0,0
2026-08-25 17:09:59.762834,2646,franka,0.59828,-0.02529,0.29139,0.00000,0.00000,0.00000,0.00000,25.00,0.00,0.00,0.0000,-0.0457,0.0000,0.0000,0,0
2026-08-25 17:09:59.816610,2647,franka,0.59828,-0.02529,0.29139,0.00000,0.00000,0.00000,0.00000,25.00,0.00,0.00,0.0000,0.0000,0.0000,0.0000,0,0
2026-08-25 17:09:59.871020,2648,franka,0.59829,-0.02529,0.29140,0.00000,0.00000,0.00000,0.00000,25.00,0.00,0.00,0.0000,0.0000,0.0000,0.0000,0,0
2026-08-25 17:09:59.924733,2649,franka,0.59829,-0.02529,0.29140,0.00000,0.00000,0.00000,0.00000,25.00,0.00,0.00,0.0000,0.0000,0.0000,0.0000,0,0
2026-08-25 17:09:59.978400,2650,franka,0.59828,-0.02529,0.29139,0.00000,0.00000,0.00000,0.00000,25.00,0.00,0.00,0.0000,0.0000,0.0000,0.0000,0,0
2026-08-25 17:10:00.032194,2651,franka,0.59828,-0.02529,0.29139,0.00000,0.00000,0.00000,0.00000,25.00,0.00,0.00,0.0000,0.0000,0.0000,0.0000,0,0
2026-08-25 17:10:00.085816,2652,franka,0.59828,-0.02529,0.29139,0.00000,0.00000,0.00000,0.00000,25.00,0.00,0.00,0.0000,-0.0229,0.0000,0.0000,0,0
2026-08-25 17:10:00.139873,2653,franka,0.59828,-0.02529,0.29139,0.00000,0.00000,0.00000,0.00000,25.00,0.00,0.00,0.0000,0.0000,0.0000,0.0000,0,0
2026-08-25 17:10:00.193453,2654,franka,0.59829,-0.02529,0.29140,0.00000,0.00000,0.00000,0.00000,25.00,0.00,0.00,0.0000,0.0000,0.0000,0.0000,0,0
2026-08-25 17:10:00.247078,2655,franka,0.59829,-0.02529,0.29140,0.00000,0.00000,0.00000,0.00000,25.00,0.00,0.00,0.0000,0.0000,0.0000,0.0000,0,0
2026-08-25 17:10:00.301290,2656,franka,0.59829,-0.02529,0.29140,0.00000,0.00000,0.00000,0.00000,25.00,0.00,0.00,0.0000,0.0000,0.0000,0.0000,0,0
2026-08-25 17:10:00.355075,2657,franka,0.59829,-0.02529,0.29139,0.00000,0.00000,0.00000,0.00000,25.00,0.00,0.00,0.0000,0.0000,0.0000,0.0000,0,0
2026-08-25 17:10:00.408604,2658,franka,0.59829,-0.02529,0.29140,0.00000,0.00000,0.00000,0.00000,25.00,0.00,0.00,0.0000,0.0000,0.0000,0.0000,0,0
2026-08-25 17:10:00.463339,2659,franka,0.59829,-0.02529,0.29140,0.00000,0.00000,0.00000,0.00000,25.00,0.00,0.00,0.0000,0.0000,0.0000,0.0000,0,0
2026-08-25 17:10:00.517824,2660,franka,0.59829,-0.02529,0.29140,0.00000,0.00000,0.00000,0.00000,25.00,0.00,0.00,0.0000,0.0000,0.0000,0.0000,0,1
2026-08-25 17:10:00.572004,2661,franka,0.59829,-0.02529,0.29140,0.00000,0.00000,0.00000,0.00000,25.00,0.00,0.00,0.0000,0.0000,0.0000,0.0000,0,1
2026-08-25 17:10:00.625908,2662,franka,0.59829,-0.02529,0.29140,0.00000,0.00000,0.00000,0.00000,25.00,0.00,0.00,0.0000,0.0000,0.0000,0.0000,0,1
2026-08-25 17:10:00.679601,2663,franka,0.59829,-0.02529,0.29140,0.00000,0.00000,0.00000,0.00000,25.00,0.00,0.00,0.0000,0.0000,0.0000,0.0000,0,1
2026-08-25 17:10:00.733321,2664,franka,0.59829,-0.02529,0.29140,0.00000,0.00000,0.00000,0.00000,25.00,0.00,0.00,0.0000,0.0000,0.0000,0.0000,0,0
2026-08-25 17:10:00.786889,2665,franka,0.59828,-0.02529,0.29140,0.00000,0.00000,0.00000,0.00000,25.00,0.00,0.00,0.0000,0.0000,0.0000,0.0000,0,0
2026-08-25 17:10:00.840794,2666,franka,0.59828,-0.02529,0.29140,0.00000,0.00000,0.00000,0.00000,25.00,0.00,0.00,0.0000,0.0000,0.0000,0.0000,0,0
2026-08-25 17:10:00.894472,2667,franka,0.59829,-0.02529,0.29140,0.00000,0.00000,0.00000,0.00000,25.00,0.00,0.00,0.0000,0.0000,0.0000,0.0000,0,0
2026-08-25 17:10:00.948151,2668,franka,0.59828,-0.02529,0.29139,0.00000,0.00000,0.00000,0.00000,25.00,0.00,0.00,0.0000,0.0000,0.0000,0.0000,0,0
2026-08-25 17:10:01.003178,2669,franka,0.59829,-0.02529,0.29140,0.00000,0.00000,0.00000,0.00000,25.00,0.00,0.00,0.0000,0.0000,0.0000,0.0000,0,0
2026-08-25 17:10:01.057458,2670,franka,0.59829,-0.02529,0.29140,0.00000,0.00000,0.00000,0.00000,25.00,0.00,0.00,0.0457,-0.0286,-0.0086,0.0000,0,0
2026-08-25 17:10:01.111109,2671,franka,0.59829,-0.02529,0.29140,0.00000,0.00000,0.00000,0.00000,25.00,0.00,0.00,0.0000,-0.2343,0.0000,0.0229,0,0
2026-08-25 17:10:01.164871,2672,franka,0.59851,-0.02529,0.29138,0.01846,0.00000,0.00000,0.00000,25.00,0.00,0.00,0.0771,-0.2971,0.0000,0.0143,0,0
2026-08-25 17:10:01.218756,2673,franka,0.59954,-0.02535,0.29152,0.02000,0.00000,0.00000,0.00000,25.00,0.00,0.00,0.0771,-0.4200,-0.0257,0.0543,0,0
2026-08-25 17:10:01.272207,2674,franka,0.60055,-0.02536,0.29147,0.02000,0.00000,0.00000,0.00000,25.00,0.00,0.00,0.0829,-0.5686,-0.0429,0.0971,0,0
2026-08-25 17:10:01.325774,2675,franka,0.60155,-0.02532,0.29142,0.02000,0.00000,0.00000,0.00000,25.00,0.00,0.00,0.0857,-0.6771,-0.0371,0.1686,0,0
2026-08-25 17:10:01.380339,2676,franka,0.60260,-0.02534,0.29154,0.02000,0.00000,0.00000,0.00000,25.00,0.00,0.00,0.0857,-0.6486,-0.0571,0.1971,0,0
2026-08-25 17:10:01.433706,2677,franka,0.60359,-0.02534,0.29149,0.02000,0.00000,0.00000,0.00000,25.00,0.00,0.00,0.1171,-0.6857,-0.0743,0.1743,0,0
2026-08-25 17:10:01.487626,2678,franka,0.60459,-0.02532,0.29147,0.02000,0.00000,0.00000,0.00000,25.00,0.00,0.00,0.1114,-0.7400,-0.1086,0.1314,0,0
2026-08-25 17:10:01.542062,2679,franka,0.60659,-0.02535,0.29150,0.02000,0.00000,0.00000,0.00000,25.00,0.00,0.00,0.1371,-0.6200,-0.1543,0.1171,0,0
2026-08-25 17:10:01.595925,2680,franka,0.60759,-0.02532,0.29148,0.02000,0.00000,0.00000,0.00000,25.00,0.00,0.00,0.1000,-0.6000,-0.1600,0.1486,0,0
2026-08-25 17:10:01.649694,2681,franka,0.60861,-0.02533,0.29148,0.02000,0.00000,0.00000,0.00000,25.00,0.00,0.00,0.1200,-0.6314,-0.1829,0.1514,0,0
2026-08-25 17:10:01.703826,2682,franka,0.60961,-0.02535,0.29149,0.02000,0.00000,0.00000,0.00000,25.00,0.00,0.00,0.1143,-0.6314,-0.1800,0.1457,0,0
2026-08-25 17:10:01.757998,2683,franka,0.61061,-0.02533,0.29149,0.02000,0.00000,0.00000,0.00000,25.00,0.00,0.00,0.1229,-0.6771,-0.2171,0.1571,0,0
2026-08-25 17:10:01.811661,2684,franka,0.61152,-0.02532,0.29127,0.01415,0.00000,-0.01413,0.00000,25.00,0.00,0.00,0.1029,-0.6629,-0.2057,0.1629,0,0
2026-08-25 17:10:01.865112,2685,franka,0.61222,-0.02533,0.29049,0.01414,0.00000,-0.01414,0.00000,25.00,0.00,0.00,0.1029,-0.5714,-0.2114,0.1657,0,0
2026-08-25 17:10:01.918538,2686,franka,0.61293,-0.02533,0.28980,0.01414,0.00000,-0.01414,0.00000,25.00,0.00,0.00,0.1057,-0.5000,-0.2286,0.1257,0,0
2026-08-25 17:10:01.972085,2687,franka,0.61364,-0.02533,0.28904,0.01414,0.00000,-0.01414,0.00000,25.00,0.00,0.00,0.0971,-0.3343,-0.0629,0.0171,0,0
2026-08-25 17:10:02.026478,2688,franka,0.61451,-0.02534,0.28865,0.02000,0.00000,-0.00000,0.00000,25.00,0.00,0.00,0.0257,-0.4086,-0.1429,0.0571,0,0
2026-08-25 17:10:02.080813,2689,franka,0.61552,-0.02532,0.28867,0.02000,0.00000,-0.00000,0.00000,25.00,0.00,0.00,0.0657,-0.3086,-0.2514,0.0714,0,0
2026-08-25 17:10:02.134908,2690,franka,0.61638,-0.02532,0.28832,0.01414,0.00000,-0.01414,0.00000,25.00,0.00,0.00,0.0629,-0.1971,-0.2800,0.0686,0,0
2026-08-25 17:10:02.188633,2691,franka,0.61697,-0.02534,0.28759,0.00060,0.00000,-0.01969,0.00000,25.00,0.00,0.00,0.0971,-0.1314,-0.1200,0.0457,0,0
2026-08-25 17:10:02.242537,2692,franka,0.61698,-0.02531,0.28657,0.00000,0.00000,-0.01453,0.00000,25.00,0.00,0.00,0.0000,0.0000,0.0000,-0.0457,0,0
2026-08-25 17:10:02.296184,2693,franka,0.61698,-0.02531,0.28637,-0.00000,0.00000,-0.00000,0.00000,25.00,0.00,0.00,0.0457,-0.0457,0.0000,-0.0629,0,0
2026-08-25 17:10:02.350012,2694,franka,0.61698,-0.02532,0.28637,-0.00000,0.00000,-0.00000,0.00000,25.00,0.00,0.00,0.0000,-0.0429,-0.0057,-0.0771,0,0
2026-08-25 17:10:02.403730,2695,franka,0.61698,-0.02531,0.28637,-0.00000,0.00000,-0.00000,0.00000,25.00,0.00,0.00,0.0114,-0.0743,-0.0571,-0.0857,0,0
2026-08-25 17:10:02.457894,2696,franka,0.61698,-0.02532,0.28638,-0.00000,0.00000,-0.00000,0.00000,25.00,0.00,0.00,0.0000,-0.0171,0.0000,-0.0343,0,0
2026-08-25 17:10:02.511387,2697,franka,0.61698,-0.02532,0.28638,-0.00000,0.00000,-0.00000,0.00000,25.00,0.00,0.00,0.0000,-0.0171,0.0000,-0.0257,0,0
2026-08-25 17:10:02.565021,2698,franka,0.61698,-0.02530,0.28637,-0.00000,0.00000,-0.00000,0.00000,25.00,0.00,0.00,0.0000,-0.0486,0.0000,-0.0257,0,0
2026-08-25 17:10:02.618923,2699,franka,0.61698,-0.02533,0.28637,-0.00000,0.00000,0.00000,0.00000,25.00,0.00,0.00,0.0000,0.0000,-0.0743,0.0000,0,0
2026-08-25 17:10:02.673059,2700,franka,0.61698,-0.02532,0.28638,-0.00000,0.00000,0.00000,0.00000,25.00,0.00,0.00,0.0000,0.1743,-0.2343,0.0000,0,0
2026-08-25 17:10:02.726606,2701,franka,0.61696,-0.02531,0.28635,-0.00612,0.00000,-0.00612,0.00000,25.00,0.00,0.00,0.0000,0.3286,-0.3429,0.0000,0,0
2026-08-25 17:10:02.780180,2702,franka,0.61629,-0.02528,0.28563,-0.01414,0.00000,-0.01414,0.00000,25.00,0.00,0.00,0.0000,0.4486,-0.4200,0.0000,0,0
2026-08-25 17:10:02.833621,2703,franka,0.61558,-0.02528,0.28491,-0.01414,0.00000,-0.01414,0.00000,25.00,0.00,0.00,0.0000,0.5200,-0.4686,0.0000,0,0
2026-08-25 17:10:02.887281,2704,franka,0.61488,-0.02529,0.28425,-0.01414,0.00000,-0.01414,0.00000,25.00,0.00,0.00,0.0000,0.5171,-0.4800,0.0000,0,0
2026-08-25 17:10:02.941564,2705,franka,0.61414,-0.02531,0.28347,-0.01414,0.00000,-0.01414,0.00000,25.00,0.00,0.00,0.0000,0.5543,-0.5086,0.0000,0,0
2026-08-25 17:10:02.995208,2706,franka,0.61343,-0.02529,0.28277,-0.01414,0.00000,-0.01414,0.00000,25.00,0.00,0.00,0.0000,0.5486,-0.5543,0.0057,0,0
2026-08-25 17:10:03.049321,2707,franka,0.61271,-0.02529,0.28204,-0.01414,0.00000,-0.01414,0.00000,25.00,0.00,0.00,0.0229,0.5429,-0.5829,0.0114,0,0
2026-08-25 17:10:03.102938,2708,franka,0.61201,-0.02530,0.28136,-0.01414,0.00000,-0.01414,0.00000,25.00,0.00,0.00,0.0171,0.5486,-0.6114,0.0200,0,0
2026-08-25 17:10:03.156576,2709,franka,0.61129,-0.02529,0.28062,-0.01414,0.00000,-0.01414,0.00000,25.00,0.00,0.00,0.0371,0.5343,-0.6543,0.0143,0,0
2026-08-25 17:10:03.210802,2710,franka,0.60984,-0.02530,0.27920,-0.01414,0.00000,-0.01414,0.00000,25.00,0.00,0.00,0.0343,0.4943,-0.6800,0.0057,0,0
2026-08-25 17:10:03.264320,2711,franka,0.60913,-0.02529,0.27845,-0.01414,0.00000,-0.01414,0.00000,25.00,0.00,0.00,0.0571,0.4600,-0.6800,0.0000,0,0
2026-08-25 17:10:03.318578,2712,franka,0.60843,-0.02529,0.27776,-0.01414,0.00000,-0.01414,0.00000,25.00,0.00,0.00,0.0857,0.4400,-0.6771,0.0029,0,0
2026-08-25 17:10:03.372225,2713,franka,0.60770,-0.02530,0.27705,-0.01414,0.00000,-0.01414,0.00000,25.00,0.00,0.00,0.1086,0.3943,-0.6857,0.0229,0,0
2026-08-25 17:10:03.427359,2714,franka,0.60700,-0.02530,0.27634,-0.01414,0.00000,-0.01414,0.00000,25.00,0.00,0.00,0.1571,0.3657,-0.6600,0.0571,0,0
2026-08-25 17:10:03.481527,2715,franka,0.60629,-0.02528,0.27561,-0.01414,0.00000,-0.01414,0.00000,25.00,0.00,0.00,0.1714,0.2971,-0.5914,0.0629,0,0
2026-08-25 17:10:03.535229,2716,franka,0.60557,-0.02524,0.27491,-0.01264,0.00677,-0.01264,0.00000,25.00,0.00,0.00,0.2171,0.3000,-0.5886,0.0800,0,0
2026-08-25 17:10:03.589040,2717,franka,0.60497,-0.02483,0.27431,-0.01155,0.01155,-0.01155,0.00000,25.00,0.00,0.00,0.2543,0.2086,-0.5229,0.1171,0,0
2026-08-25 17:10:03.643131,2718,franka,0.60437,-0.02416,0.27371,-0.01148,0.01159,-0.01159,0.00000,25.00,0.00,0.00,0.3314,0.1686,-0.4943,0.1429,0,0
2026-08-25 17:10:03.696828,2719,franka,0.60427,-0.02345,0.27312,-0.00000,0.01414,-0.01414,0.00000,25.00,0.00,0.00,0.4400,0.1571,-0.4486,0.1371,0,0
2026-08-25 17:10:03.750426,2720,franka,0.60426,-0.02277,0.27241,-0.00000,0.01414,-0.01414,0.00000,25.00,0.00,0.00,0.4829,0.1457,-0.3914,0.1257,0,0
2026-08-25 17:10:03.804005,2721,franka,0.60424,-0.02203,0.27163,-0.00000,0.01414,-0.01414,0.00000,25.00,0.00,0.00,0.4714,0.1257,-0.3800,0.1286,0,0
2026-08-25 17:10:03.857810,2722,franka,0.60426,-0.02131,0.27097,-0.00000,0.01414,-0.01414,0.00000,25.00,0.00,0.00,0.4571,0.1114,-0.3771,0.1229,0,0
2026-08-25 17:10:03.911898,2723,franka,0.60426,-0.02062,0.27027,-0.00000,0.01414,-0.01414,0.00000,25.00,0.00,0.00,0.4657,0.1086,-0.3686,0.1143,0,0
2026-08-25 17:10:03.965527,2724,franka,0.60424,-0.01988,0.26949,-0.00000,0.01414,-0.01414,0.00000,25.00,0.00,0.00,0.4686,0.1229,-0.3686,0.1143,0,0
2026-08-25 17:10:04.019339,2725,franka,0.60426,-0.01849,0.26813,0.00000,0.01414,-0.01414,0.00000,25.00,0.00,0.00,0.4857,0.1371,-0.3657,0.1143,0,0
2026-08-25 17:10:04.073423,2726,franka,0.60425,-0.01775,0.26738,0.00000,0.01414,-0.01414,0.00000,25.00,0.00,0.00,0.4971,0.1571,-0.3686,0.1143,0,0
2026-08-25 17:10:04.128076,2727,franka,0.60424,-0.01703,0.26666,-0.00000,0.01414,-0.01414,0.00000,25.00,0.00,0.00,0.5143,0.1714,-0.3829,0.1200,0,0
2026-08-25 17:10:04.181611,2728,franka,0.60426,-0.01633,0.26597,-0.00000,0.01414,-0.01414,0.00000,25.00,0.00,0.00,0.5171,0.1829,-0.3857,0.1200,0,0
2026-08-25 17:10:04.235554,2729,franka,0.60426,-0.01561,0.26526,-0.00000,0.01414,-0.01414,0.00000,25.00,0.00,0.00,0.5143,0.1857,-0.4257,0.1257,0,0
2026-08-25 17:10:04.289378,2730,franka,0.60426,-0.01489,0.26454,-0.00000,0.01414,-0.01414,0.00000,25.00,0.00,0.00,0.5057,0.2057,-0.5057,0.1400,0,0
2026-08-25 17:10:04.343938,2731,franka,0.60400,-0.01426,0.26388,-0.01155,0.01155,-0.01155,0.00000,25.00,0.00,0.00,0.4914,0.2629,-0.5743,0.1371,0,0
2026-08-25 17:10:04.397617,2732,franka,0.60340,-0.01369,0.26324,-0.01155,0.01155,-0.01155,0.00000,25.00,0.00,0.00,0.4257,0.3514,-0.6257,0.1457,0,0
2026-08-25 17:10:04.451631,2733,franka,0.60280,-0.01311,0.26269,-0.01155,0.01155,-0.01155,0.00000,25.00,0.00,0.00,0.3800,0.5000,-0.6200,0.1229,0,0
2026-08-25 17:10:04.505428,2734,franka,0.60222,-0.01252,0.26208,-0.01155,0.01155,-0.01155,0.00000,25.00,0.00,0.00,0.3057,0.5514,-0.5829,0.1086,0,0
2026-08-25 17:10:04.559443,2735,franka,0.60163,-0.01192,0.26146,-0.01155,0.01155,-0.01155,0.00000,25.00,0.00,0.00,0.2600,0.5771,-0.5600,0.1143,0,0
2026-08-25 17:10:04.613810,2736,franka,0.60107,-0.01137,0.26094,-0.01155,0.01155,-0.01155,0.00000,25.00,0.00,0.00,0.1857,0.6457,-0.5171,0.1314,0,0
2026-08-25 17:10:04.667777,2737,franka,0.60047,-0.01078,0.26032,-0.01155,0.01155,-0.01155,0.00000,25.00,0.00,0.00,0.1657,0.7000,-0.5000,0.1371,0,0
2026-08-25 17:10:04.721902,2738,franka,0.59982,-0.01046,0.25966,-0.01414,0.00000,-0.01414,0.00000,25.00,0.00,0.00,0.1314,0.7514,-0.4829,0.1343,0,0
2026-08-25 17:10:04.775623,2739,franka,0.59841,-0.01049,0.25827,-0.01414,-0.00000,-0.01414,0.00000,25.00,0.00,0.00,0.1086,0.7771,-0.4657,0.1286,0,0
2026-08-25 17:10:04.829639,2740,franka,0.59767,-0.01044,0.25751,-0.01414,-0.00000,-0.01414,0.00000,25.00,0.00,0.00,0.0914,0.7914,-0.4629,0.1143,0,0
2026-08-25 17:10:04.883340,2741,franka,0.59696,-0.01043,0.25680,-0.01414,-0.00000,-0.01414,0.00000,25.00,0.00,0.00,0.0686,0.8086,-0.4571,0.1057,0,0
2026-08-25 17:10:04.936705,2742,franka,0.59626,-0.01045,0.25611,-0.01414,-0.00000,-0.01414,0.00000,25.00,0.00,0.00,0.0571,0.8200,-0.4514,0.0943,0,0
2026-08-25 17:10:04.990100,2743,franka,0.59553,-0.01044,0.25537,-0.01414,-0.00000,-0.01414,0.00000,25.00,0.00,0.00,0.0657,0.8029,-0.4229,0.0971,0,0
2026-08-25 17:10:05.043929,2744,franka,0.59481,-0.01044,0.25463,-0.01414,-0.00000,-0.01414,0.00000,25.00,0.00,0.00,0.0657,0.7943,-0.4057,0.1114,0,0
2026-08-25 17:10:05.097294,2745,franka,0.59409,-0.01045,0.25393,-0.01414,-0.00000,-0.01414,0.00000,25.00,0.00,0.00,0.0657,0.7829,-0.3800,0.1314,0,0
2026-08-25 17:10:05.151021,2746,franka,0.59339,-0.01043,0.25323,-0.01414,-0.00000,-0.01414,0.00000,25.00,0.00,0.00,0.0714,0.7600,-0.3543,0.1629,0,0
2026-08-25 17:10:05.204587,2747,franka,0.59267,-0.01044,0.25249,-0.01414,-0.00000,-0.01414,0.00000,25.00,0.00,0.00,0.0657,0.7343,-0.3400,0.1771,0,0
2026-08-25 17:10:05.257920,2748,franka,0.59196,-0.01045,0.25180,-0.01414,-0.00000,-0.01414,0.00000,25.00,0.00,0.00,0.0743,0.6857,-0.3229,0.2029,0,0
2026-08-25 17:10:05.311304,2749,franka,0.59124,-0.01043,0.25108,-0.01414,-0.00000,-0.01414,0.00000,25.00,0.00,0.00,0.1086,0.6686,-0.3257,0.2029,0,0
2026-08-25 17:10:05.364745,2750,franka,0.59052,-0.01044,0.25035,-0.01414,-0.00000,-0.01414,0.00000,25.00,0.00,0.00,0.2029,0.6086,-0.3200,0.2257,0,0
2026-08-25 17:10:05.418316,2751,franka,0.58981,-0.01034,0.24965,-0.01184,0.01057,-0.01184,0.00000,25.00,0.00,0.00,0.2943,0.5343,-0.3200,0.2371,0,0
2026-08-25 17:10:05.471878,2752,franka,0.58924,-0.00992,0.24909,-0.01155,0.01155,-0.01155,0.00000,25.00,0.00,0.00,0.3057,0.4886,-0.3143,0.2286,0,0
2026-08-25 17:10:05.526311,2753,franka,0.58866,-0.00925,0.24850,-0.01155,0.01155,-0.01155,0.00000,25.00,0.00,0.00,0.3400,0.4257,-0.2800,0.2457,0,0
2026-08-25 17:10:05.580377,2754,franka,0.58809,-0.00867,0.24792,-0.01155,0.01155,-0.01155,0.00000,25.00,0.00,0.00,0.3829,0.4200,-0.2829,0.2514,0,0
2026-08-25 17:10:05.635263,2755,franka,0.58692,-0.00753,0.24676,-0.01155,0.01155,-0.01155,0.00000,25.00,0.00,0.00,0.4229,0.3857,-0.2571,0.2629,0,0
2026-08-25 17:10:05.684243,2756,franka,0.58633,-0.00694,0.24615,-0.01155,0.01155,-0.01155,0.00000,25.00,0.00,0.00,0.4314,0.3800,-0.2571,0.2657,0,0
2026-08-25 17:10:05.737993,2757,franka,0.58575,-0.00636,0.24559,-0.01155,0.01155,-0.01155,0.00000,25.00,0.00,0.00,0.4400,0.3486,-0.2629,0.2743,0,0
2026-08-25 17:10:05.791869,2758,franka,0.58517,-0.00578,0.24501,-0.01155,0.01155,-0.01155,0.00000,25.00,0.00,0.00,0.4114,0.3286,-0.2686,0.2771,0,0
2026-08-25 17:10:05.845388,2759,franka,0.58458,-0.00520,0.24442,-0.01155,0.01155,-0.01155,0.00000,25.00,0.00,0.00,0.4143,0.3171,-0.2714,0.2600,0,0
2026-08-25 17:10:05.898899,2760,franka,0.58400,-0.00462,0.24383,-0.01155,0.01155,-0.01155,0.00000,25.00,0.00,0.00,0.3714,0.3086,-0.2514,0.2400,0,0
2026-08-25 17:10:05.952726,2761,franka,0.58343,-0.00401,0.24330,-0.01278,0.01278,-0.00607,0.00000,25.00,0.00,0.00,0.3086,0.1971,-0.1714,0.1886,0,0
2026-08-25 17:10:06.006219,2762,franka,0.58273,-0.00333,0.24321,-0.00867,0.01644,-0.00000,0.00000,25.00,0.00,0.00,0.2657,0.0629,-0.1914,0.1229,0,0
2026-08-25 17:10:06.059913,2763,franka,0.58269,-0.00242,0.24327,-0.00000,0.01744,-0.00612,0.00000,25.00,0.00,0.00,0.2743,0.0343,-0.2371,0.1200,0,0
2026-08-25 17:10:06.113439,2764,franka,0.58271,-0.00157,0.24272,-0.00000,0.01414,-0.01414,0.00000,25.00,0.00,0.00,0.2771,0.0200,-0.2571,0.1200,0,0
2026-08-25 17:10:06.167974,2765,franka,0.58266,-0.00088,0.24187,-0.00000,0.01414,-0.01414,0.00000,25.00,0.00,0.00,0.2686,0.0171,-0.2971,0.1143,0,0
2026-08-25 17:10:06.221797,2766,franka,0.58271,-0.00020,0.24125,-0.00000,0.01414,-0.01414,0.00000,25.00,0.00,0.00,0.2343,0.0743,-0.4229,0.1200,0,0
2026-08-25 17:10:06.275664,2767,franka,0.58272,0.00053,0.24060,-0.00000,0.01414,-0.01414,0.00000,25.00,0.00,0.00,0.1743,0.0486,-0.4657,0.1086,0,0
2026-08-25 17:10:06.329287,2768,franka,0.58267,0.00111,0.23973,-0.00000,0.00283,-0.01874,0.00000,25.00,0.00,0.00,0.0286,0.0229,-0.4543,0.1057,0,0
2026-08-25 17:10:06.382841,2769,franka,0.58269,0.00128,0.23874,-0.00000,0.00000,-0.02000,0.00000,25.00,0.00,0.00,0.0000,0.0057,-0.3629,0.1257,0,0
2026-08-25 17:10:06.436530,2770,franka,0.58272,0.00117,0.23781,-0.00000,0.00000,-0.02000,0.00000,25.00,0.00,0.00,-0.1257,0.0114,-0.1600,0.1200,0,0
2026-08-25 17:10:06.489924,2771,franka,0.58267,0.00125,0.23687,-0.00000,0.00000,-0.00000,0.00000,25.00,0.00,0.00,-0.1971,0.0229,-0.0943,0.0914,0,0
2026-08-25 17:10:06.543790,2772,franka,0.58268,0.00121,0.23688,-0.00000,0.00000,-0.00000,0.00000,25.00,0.00,0.00,-0.1600,0.0086,-0.1171,0.0486,0,0
2026-08-25 17:10:06.598149,2773,franka,0.58269,0.00122,0.23690,-0.00000,0.00000,-0.00000,0.00000,25.00,0.00,0.00,-0.0743,0.0286,-0.0771,0.0229,0,0
2026-08-25 17:10:06.651798,2774,franka,0.58266,0.00122,0.23683,-0.00000,0.00000,-0.00000,0.00000,25.00,0.00,0.00,-0.0114,0.0000,0.0000,0.0314,0,0
2026-08-25 17:10:06.705231,2775,franka,0.58268,0.00121,0.23689,-0.00000,0.00000,-0.00000,0.00000,25.00,0.00,0.00,0.0000,0.0000,0.0000,0.0000,0,0
2026-08-25 17:10:06.758705,2776,franka,0.58268,0.00122,0.23688,0.00000,0.00000,-0.00000,0.00000,25.00,0.00,0.00,0.0000,0.0000,0.0000,0.0000,0,0
2026-08-25 17:10:06.812730,2777,franka,0.58267,0.00122,0.23687,0.00000,0.00000,-0.00000,0.00000,25.00,0.00,0.00,0.0000,0.0086,-0.1200,0.0000,0,0
2026-08-25 17:10:06.868281,2778,franka,0.58268,0.00120,0.23688,0.00000,0.00000,-0.00000,0.00000,25.00,0.00,0.00,0.0000,0.0371,-0.3086,0.0000,0,0
2026-08-25 17:10:06.918393,2779,franka,0.58272,0.00122,0.23640,0.00000,0.00000,-0.02000,0.00000,25.00,0.00,0.00,0.0000,0.0171,-0.4686,0.0000,0,0
2026-08-25 17:10:06.972600,2780,franka,0.58267,0.00123,0.23525,0.00000,0.00000,-0.02000,0.00000,25.00,0.00,0.00,0.0000,0.0229,-0.4800,0.0000,0,0
2026-08-25 17:10:07.027217,2781,franka,0.58268,0.00123,0.23425,0.00000,0.00000,-0.02000,0.00000,25.00,0.00,0.00,0.0000,0.0571,-0.4829,0.0000,0,0
2026-08-25 17:10:07.081770,2782,franka,0.58269,0.00123,0.23329,0.00000,0.00000,-0.02000,0.00000,25.00,0.00,0.00,0.0000,0.0629,-0.4314,0.0000,0,0
2026-08-25 17:10:07.135343,2783,franka,0.58270,0.00123,0.23228,0.00000,0.00000,-0.02000,0.00000,25.00,0.00,0.00,0.0000,0.1143,-0.3914,0.0000,0,0
2026-08-25 17:10:07.189863,2784,franka,0.58268,0.00125,0.23122,-0.00000,0.00000,-0.02000,0.00000,25.00,0.00,0.00,0.0000,0.1257,-0.3629,0.0057,0,0
2026-08-25 17:10:07.244605,2785,franka,0.58270,0.00124,0.23026,-0.00000,0.00000,-0.02000,0.00000,25.00,0.00,0.00,0.0000,0.1914,-0.3657,0.0143,0,0
2026-08-25 17:10:07.298771,2786,franka,0.58269,0.00124,0.22820,-0.00000,0.00000,-0.02000,0.00000,25.00,0.00,0.00,0.0000,0.1914,-0.3686,0.0143,0,0
2026-08-25 17:10:07.352265,2787,franka,0.58270,0.00125,0.22723,0.00000,0.00000,-0.02000,0.00000,25.00,0.00,0.00,0.0000,0.1800,-0.3514,0.0143,0,0
2026-08-25 17:10:07.405885,2788,franka,0.58271,0.00123,0.22626,0.00000,0.00000,-0.02000,0.00000,25.00,0.00,0.00,0.0000,0.1429,-0.2543,0.0029,0,0
2026-08-25 17:10:07.459422,2789,franka,0.58271,0.00123,0.22532,0.00000,0.00000,-0.00803,0.00000,25.00,0.00,0.00,0.0000,0.0629,-0.1143,0.0000,0,0
2026-08-25 17:10:07.512972,2790,franka,0.58269,0.00125,0.22521,0.00000,0.00000,-0.00000,0.00000,25.00,0.00,0.00,0.0000,0.0686,-0.1571,0.0000,0,0
2026-08-25 17:10:07.567086,2791,franka,0.58268,0.00122,0.22520,0.00000,0.00000,-0.00419,0.00000,25.00,0.00,0.00,0.0000,0.0400,-0.2200,0.0000,0,0
2026-08-25 17:10:07.620570,2792,franka,0.58273,0.00122,0.22453,0.00000,0.00000,-0.02000,0.00000,25.00,0.00,0.00,0.0000,0.0743,-0.3086,0.0000,0,0
2026-08-25 17:10:07.674947,2793,franka,0.58267,0.00124,0.22335,0.00000,0.00000,-0.02000,0.00000,25.00,0.00,0.00,0.0000,0.0914,-0.3600,0.0000,0,0
2026-08-25 17:10:07.728366,2794,franka,0.58272,0.00124,0.22243,-0.00000,0.00000,-0.02000,0.00000,25.00,0.00,0.00,0.0000,0.1314,-0.4314,0.0000,0,0
2026-08-25 17:10:07.782633,2795,franka,0.58273,0.00123,0.22148,-0.00000,0.00000,-0.02000,0.00000,25.00,0.00,0.00,0.0000,0.1229,-0.4457,0.0000,0,0
2026-08-25 17:10:07.835953,2796,franka,0.58272,0.00123,0.22041,-0.00000,0.00000,-0.02000,0.00000,25.00,0.00,0.00,0.0057,0.1057,-0.4257,0.0000,0,0
2026-08-25 17:10:07.889402,2797,franka,0.58271,0.00123,0.21938,0.00000,0.00000,-0.02000,0.00000,25.00,0.00,0.00,0.0114,0.0886,-0.3943,0.0000,0,0
2026-08-25 17:10:07.942848,2798,franka,0.58275,0.00122,0.21847,0.00000,0.00000,-0.02000,0.00000,25.00,0.00,0.00,0.0057,0.0714,-0.3486,0.0000,0,0
2026-08-25 17:10:07.996653,2799,franka,0.58273,0.00123,0.21741,0.00000,0.00000,-0.02000,0.00000,25.00,0.00,0.00,0.0057,0.0571,-0.2743,0.0000,0,0
2026-08-25 17:10:08.050239,2800,franka,0.58273,0.00122,0.21636,-0.00000,0.00000,-0.02000,0.00000,25.00,0.00,0.00,0.0000,0.0714,-0.2914,0.0000,0,0
2026-08-25 17:10:08.103752,2801,franka,0.58277,0.00120,0.21544,-0.00000,0.00000,-0.02000,0.00000,25.00,0.00,0.00,0.0114,0.0886,-0.3057,0.0000,0,0
2026-08-25 17:10:08.157895,2802,franka,0.58278,0.00118,0.21446,-0.00000,0.00000,-0.02000,0.00000,25.00,0.00,0.00,0.0086,0.0686,-0.2343,0.0000,0,0
2026-08-25 17:10:08.211496,2803,franka,0.58281,0.00115,0.21252,-0.00000,0.00000,-0.01128,0.00000,25.00,0.00,0.00,0.0057,0.0771,-0.1800,0.0000,0,0
2026-08-25 17:10:08.264928,2804,franka,0.58280,0.00113,0.21238,-0.00000,0.00000,-0.00000,0.00000,25.00,0.00,0.00,0.0143,0.0857,-0.1714,0.0000,0,0
2026-08-25 17:10:08.319279,2805,franka,0.58279,0.00113,0.21236,-0.00000,0.00000,0.00000,0.00000,25.00,0.00,0.00,0.0143,0.0857,-0.1714,0.0000,0,0
2026-08-25 17:10:08.373591,2806,franka,0.58279,0.00114,0.21238,-0.00000,0.00000,0.00000,0.00000,25.00,0.00,0.00,0.0114,0.0571,-0.0629,0.0000,0,0
2026-08-25 17:10:08.427150,2807,franka,0.58277,0.00113,0.21232,-0.00000,0.00000,0.00000,0.00000,25.00,0.00,0.00,0.0000,0.0429,0.0000,0.0000,0,0
2026-08-25 17:10:08.480796,2808,franka,0.58278,0.00115,0.21235,-0.00000,0.00000,0.00000,0.00000,25.00,0.00,0.00,0.0000,0.0200,0.0000,0.0000,0,0
2026-08-25 17:10:08.534273,2809,franka,0.58277,0.00115,0.21234,-0.00000,0.00000,0.00000,0.00000,25.00,0.00,0.00,0.0000,0.0000,0.0000,0.0000,0,0
2026-08-25 17:10:08.587943,2810,franka,0.58277,0.00115,0.21233,-0.00000,0.00000,0.00000,0.00000,25.00,0.00,0.00,0.0000,0.0000,0.0000,0.0000,0,0
2026-08-25 17:10:08.641755,2811,franka,0.58277,0.00115,0.21233,-0.00000,0.00000,0.00000,0.00000,25.00,0.00,0.00,0.0000,0.0000,0.0000,0.0000,0,0
2026-08-25 17:10:08.695319,2812,franka,0.58277,0.00115,0.21233,-0.00000,0.00000,0.00000,0.00000,25.00,0.00,0.00,0.0000,0.0343,0.0000,0.0000,0,0
2026-08-25 17:10:08.748703,2813,franka,0.58277,0.00115,0.21232,-0.00000,0.00000,0.00000,0.00000,25.00,0.00,0.00,0.0000,0.1086,0.1371,0.0000,0,0
2026-08-25 17:10:08.802248,2814,franka,0.58277,0.00115,0.21233,-0.00000,0.00000,0.00000,0.00000,25.00,0.00,0.00,0.0000,0.1800,0.2057,0.0000,0,0
2026-08-25 17:10:08.855949,2815,franka,0.58277,0.00115,0.21243,-0.00000,0.00000,0.01262,0.00000,25.00,0.00,0.00,0.0000,0.1629,0.3371,0.0000,0,0
2026-08-25 17:10:08.909400,2816,franka,0.58270,0.00116,0.21323,-0.00000,0.00000,0.02000,0.00000,25.00,0.00,0.00,0.0000,0.2086,0.3657,0.0000,0,0
2026-08-25 17:10:08.963069,2817,franka,0.58257,0.00117,0.21423,-0.01406,0.00000,0.01419,0.00000,25.00,0.00,0.00,0.0000,0.1971,0.3686,0.0000,0,0
2026-08-25 17:10:09.016584,2818,franka,0.58184,0.00120,0.21494,-0.01242,0.00000,0.01496,0.00000,25.00,0.00,0.00,0.0000,0.2114,0.3743,0.0000,0,0
2026-08-25 17:10:09.069965,2819,franka,0.58109,0.00122,0.21660,-0.01414,0.00000,0.01414,0.00000,25.00,0.00,0.00,0.0000,0.2286,0.3686,0.0057,0,0
2026-08-25 17:10:09.123682,2820,franka,0.58038,0.00123,0.21729,-0.01414,0.00000,0.01414,0.00000,25.00,0.00,0.00,0.0000,0.2686,0.3771,0.0143,0,0
2026-08-25 17:10:09.177644,2821,franka,0.57967,0.00124,0.21808,-0.01414,0.00000,0.01414,0.00000,25.00,0.00,0.00,0.0000,0.2743,0.3314,0.0171,0,0
2026-08-25 17:10:09.231411,2822,franka,0.57892,0.00122,0.21869,-0.01414,0.00000,0.01414,0.00000,25.00,0.00,0.00,0.0000,0.3029,0.2829,0.0171,0,0
2026-08-25 17:10:09.285083,2823,franka,0.57823,0.00123,0.21940,-0.01414,0.00000,0.01414,0.00000,25.00,0.00,0.00,0.0171,0.2829,0.2800,0.0257,0,0
2026-08-25 17:10:09.338726,2824,franka,0.57752,0.00125,0.22016,-0.01414,0.00000,0.01414,0.00000,25.00,0.00,0.00,0.0371,0.2971,0.2857,0.0400,0,0
2026-08-25 17:10:09.392446,2825,franka,0.57680,0.00124,0.22083,-0.01414,0.00000,0.01414,0.00000,25.00,0.00,0.00,0.0400,0.3229,0.2857,0.0486,0,0
2026-08-25 17:10:09.446045,2826,franka,0.57606,0.00123,0.22153,-0.01414,0.00000,0.01414,0.00000,25.00,0.00,0.00,0.0600,0.3314,0.3229,0.0543,0,0
2026-08-25 17:10:09.499920,2827,franka,0.57535,0.00126,0.22225,-0.01414,0.00000,0.01414,0.00000,25.00,0.00,0.00,0.0686,0.3400,0.3086,0.0771,0,0
2026-08-25 17:10:09.553421,2828,franka,0.57463,0.00126,0.22293,-0.01414,0.00000,0.01414,0.00000,25.00,0.00,0.00,0.0886,0.3486,0.3171,0.0829,0,0
2026-08-25 17:10:09.607048,2829,franka,0.57391,0.00126,0.22363,-0.01414,0.00000,0.01414,0.00000,25.00,0.00,0.00,0.0886,0.3457,0.3171,0.0857,0,0
2026-08-25 17:10:09.660860,2830,franka,0.57321,0.00126,0.22440,-0.01414,0.00000,0.01414,0.00000,25.00,0.00,0.00,0.0943,0.3600,0.3029,0.0886,0,0
2026-08-25 17:10:09.714920,2831,franka,0.57249,0.00125,0.22508,-0.01414,0.00000,0.01414,0.00000,25.00,0.00,0.00,0.1057,0.3657,0.3086,0.0886,0,0
2026-08-25 17:10:09.768526,2832,franka,0.57178,0.00126,0.22577,-0.01414,0.00000,0.01414,0.00000,25.00,0.00,0.00,0.1114,0.3800,0.2943,0.0886,0,0
2026-08-25 17:10:09.822236,2833,franka,0.57105,0.00126,0.22649,-0.01414,0.00000,0.01414,0.00000,25.00,0.00,0.00,0.1171,0.3800,0.3029,0.0886,0,0
2026-08-25 17:10:09.876678,2834,franka,0.57035,0.00126,0.22721,-0.01414,0.00000,0.01414,0.00000,25.00,0.00,0.00,0.1200,0.3857,0.3086,0.0886,0,0
2026-08-25 17:10:09.930913,2835,franka,0.56893,0.00125,0.22864,-0.01414,0.00000,0.01414,0.00000,25.00,0.00,0.00,0.1286,0.3914,0.3400,0.1000,0,0
2026-08-25 17:10:09.984560,2836,franka,0.56823,0.00126,0.22936,-0.01414,0.00000,0.01414,0.00000,25.00,0.00,0.00,0.1343,0.4143,0.3514,0.1086,0,0
2026-08-25 17:10:10.038235,2837,franka,0.56752,0.00125,0.23007,-0.01414,0.00000,0.01414,0.00000,25.00,0.00,0.00,0.1457,0.3943,0.4314,0.1200,0,0
2026-08-25 17:10:10.091924,2838,franka,0.56681,0.00125,0.23077,-0.01414,0.00000,0.01414,0.00000,25.00,0.00,0.00,0.1143,0.3343,0.4686,0.1200,0,0
2026-08-25 17:10:10.145505,2839,franka,0.56608,0.00125,0.23149,-0.01414,0.00000,0.01414,0.00000,25.00,0.00,0.00,0.1029,0.2743,0.5429,0.1257,0,0
2026-08-25 17:10:10.199216,2840,franka,0.56538,0.00125,0.23219,-0.01414,0.00000,0.01414,0.00000,25.00,0.00,0.00,0.0971,0.2457,0.5257,0.1314,0,0
2026-08-25 17:10:10.253072,2841,franka,0.56466,0.00124,0.23292,-0.01414,0.00000,0.01414,0.00000,25.00,0.00,0.00,0.0429,0.1514,0.5057,0.1257,0,0
2026-08-25 17:10:10.307079,2842,franka,0.56398,0.00124,0.23362,-0.00802,0.00000,0.01670,0.00000,25.00,0.00,0.00,0.0200,0.0886,0.5057,0.1371,0,0
2026-08-25 17:10:10.360555,2843,franka,0.56387,0.00122,0.23458,-0.00000,0.00000,0.02000,0.00000,25.00,0.00,0.00,0.0000,0.0286,0.5314,0.1314,0,0
2026-08-25 17:10:10.414542,2844,franka,0.56385,0.00119,0.23557,0.00000,0.00000,0.02000,0.00000,25.00,0.00,0.00,0.0000,0.0000,0.5286,0.1400,0,0
2026-08-25 17:10:10.467941,2845,franka,0.56383,0.00120,0.23655,0.00000,0.00000,0.02000,0.00000,25.00,0.00,0.00,0.0000,0.0000,0.5571,0.1171,0,0
2026-08-25 17:10:10.521707,2846,franka,0.56387,0.00119,0.23765,0.00000,0.00000,0.02000,0.00000,25.00,0.00,0.00,0.0000,0.0000,0.5086,0.1314,0,0
2026-08-25 17:10:10.575111,2847,franka,0.56385,0.00119,0.23862,0.00000,0.00000,0.02000,0.00000,25.00,0.00,0.00,0.0000,0.0000,0.5286,0.1286,0,0
2026-08-25 17:10:10.628642,2848,franka,0.56384,0.00121,0.23962,0.00000,0.00000,0.02000,0.00000,25.00,0.00,0.00,0.0000,-0.0057,0.5571,0.1286,0,0
2026-08-25 17:10:10.682545,2849,franka,0.56386,0.00120,0.24067,0.00000,0.00000,0.02000,0.00000,25.00,0.00,0.00,0.0000,0.0000,0.5543,0.1143,0,0
2026-08-25 17:10:10.736009,2850,franka,0.56384,0.00119,0.24262,0.00000,0.00000,0.02000,0.00000,25.00,0.00,0.00,0.0000,0.0000,0.5229,0.1114,0,0
2026-08-25 17:10:10.789475,2851,franka,0.56385,0.00117,0.24366,0.00000,0.00000,0.02000,0.00000,25.00,0.00,0.00,0.0000,0.0000,0.4857,0.1029,0,0
2026-08-25 17:10:10.843866,2852,franka,0.56386,0.00117,0.24468,0.00000,0.00000,0.02000,0.00000,25.00,0.00,0.00,0.0000,0.0000,0.3657,0.0886,0,0
2026-08-25 17:10:10.897539,2853,franka,0.56385,0.00118,0.24568,0.00000,0.00000,0.02000,0.00000,25.00,0.00,0.00,0.0000,0.0000,0.3114,0.0543,0,0
2026-08-25 17:10:10.951561,2854,franka,0.56386,0.00118,0.24668,0.00000,0.00000,0.02000,0.00000,25.00,0.00,0.00,0.0000,0.0000,0.3543,0.0543,0,0
2026-08-25 17:10:11.005541,2855,franka,0.56386,0.00118,0.24772,0.00000,0.00000,0.02000,0.00000,25.00,0.00,0.00,0.0000,-0.0171,0.4429,0.0829,0,0
2026-08-25 17:10:11.058922,2856,franka,0.56385,0.00118,0.24872,0.00000,0.00000,0.02000,0.00000,25.00,0.00,0.00,0.0000,-0.0200,0.4743,0.0914,0,0
2026-08-25 17:10:11.112980,2857,franka,0.56385,0.00118,0.24974,0.00000,0.00000,0.02000,0.00000,25.00,0.00,0.00,0.0000,-0.0400,0.5029,0.1057,0,0
2026-08-25 17:10:11.166506,2858,franka,0.56385,0.00118,0.25074,0.00000,0.00000,0.02000,0.00000,25.00,0.00,0.00,0.0000,-0.0400,0.4800,0.1057,0,0
2026-08-25 17:10:11.220392,2859,franka,0.56384,0.00117,0.25173,0.00000,0.00000,0.02000,0.00000,25.00,0.00,0.00,0.0000,-0.0429,0.4400,0.1029,0,0
2026-08-25 17:10:11.274038,2860,franka,0.56384,0.00117,0.25274,0.00000,0.00000,0.02000,0.00000,25.00,0.00,0.00,0.0000,-0.0343,0.2686,0.0857,0,0
2026-08-25 17:10:11.327807,2861,franka,0.56383,0.00118,0.25374,0.00000,0.00000,0.01517,0.00000,25.00,0.00,0.00,0.0000,-0.0714,0.0686,0.0286,0,0
2026-08-25 17:10:11.381284,2862,franka,0.56385,0.00119,0.25400,0.00000,0.00000,0.00000,0.00000,25.00,0.00,0.00,0.0000,0.0000,0.0000,0.0000,0,0
2026-08-25 17:10:11.434582,2863,franka,0.56384,0.00123,0.25397,0.00000,0.00000,-0.00000,0.00000,25.00,0.00,0.00,0.0000,0.0000,0.0000,0.0000,0,0
2026-08-25 17:10:11.488017,2864,franka,0.56384,0.00122,0.25396,0.00000,0.00000,-0.00000,0.00000,25.00,0.00,0.00,0.0000,0.0000,0.0000,0.0000,0,0
2026-08-25 17:10:11.541716,2865,franka,0.56386,0.00120,0.25401,0.00000,0.00000,-0.00000,0.00000,25.00,0.00,0.00,-0.0143,0.0000,0.0000,0.0000,0,0
2026-08-25 17:10:11.595212,2866,franka,0.56385,0.00120,0.25399,0.00000,0.00000,-0.00000,0.00000,25.00,0.00,0.00,-0.3943,0.0000,0.0000,-0.0714,0,0
2026-08-25 17:10:11.648894,2867,franka,0.56385,0.00037,0.25399,0.00000,-0.02000,-0.00000,0.00000,25.00,0.00,0.00,-0.3914,0.0000,0.0000,-0.0457,0,0
2026-08-25 17:10:11.702499,2868,franka,0.56386,-0.00079,0.25400,0.00000,-0.02000,-0.00000,0.00000,25.00,0.00,0.00,-0.5029,0.0000,0.0000,-0.0629,0,0
2026-08-25 17:10:11.756118,2869,franka,0.56386,-0.00182,0.25399,0.00000,-0.02000,-0.00000,0.00000,25.00,0.00,0.00,-0.5114,0.0000,0.0000,-0.0371,0,0
2026-08-25 17:10:11.810219,2870,franka,0.56386,-0.00274,0.25400,0.00000,-0.02000,-0.00000,0.00000,25.00,0.00,0.00,-0.5371,0.0000,-0.0229,-0.0229,0,0
2026-08-25 17:10:11.864029,2871,franka,0.56386,-0.00380,0.25400,0.00000,-0.02000,-0.00000,0.00000,25.00,0.00,0.00,-0.5400,0.0000,-0.0314,-0.0257,0,0
2026-08-25 17:10:11.918471,2872,franka,0.56385,-0.00481,0.25399,0.00000,-0.02000,-0.00000,0.00000,25.00,0.00,0.00,-0.5257,0.0000,-0.0057,-0.0343,0,0
2026-08-25 17:10:11.972410,2873,franka,0.56385,-0.00581,0.25400,0.00000,-0.02000,-0.00000,0.00000,25.00,0.00,0.00,-0.5286,0.0000,0.0000,-0.0314,0,0
2026-08-25 17:10:12.026372,2874,franka,0.56385,-0.00682,0.25400,0.00000,-0.02000,-0.00000,0.00000,25.00,0.00,0.00,-0.5343,0.0000,0.0000,-0.0314,0,0
2026-08-25 17:10:12.080603,2875,franka,0.56384,-0.00785,0.25400,-0.00000,-0.02000,-0.00000,0.00000,25.00,0.00,0.00,-0.5371,0.0000,0.0000,-0.0343,0,0
2026-08-25 17:10:12.134332,2876,franka,0.56384,-0.00885,0.25401,-0.00000,-0.02000,-0.00000,0.00000,25.00,0.00,0.00,-0.5429,0.0000,0.0000,-0.0371,0,0
2026-08-25 17:10:12.187852,2877,franka,0.56384,-0.00986,0.25402,-0.00000,-0.02000,-0.00000,0.00000,25.00,0.00,0.00,-0.5457,0.0000,0.0000,-0.0371,0,0
2026-08-25 17:10:12.241880,2878,franka,0.56383,-0.01086,0.25400,-0.00000,-0.02000,-0.00000,0.00000,25.00,0.00,0.00,-0.5600,0.0000,0.0000,-0.0371,0,0
2026-08-25 17:10:12.295544,2879,franka,0.56383,-0.01189,0.25401,-0.00000,-0.02000,-0.00000,0.00000,25.00,0.00,0.00,-0.5629,0.0000,0.0000,-0.0371,0,0
2026-08-25 17:10:12.349481,2880,franka,0.56384,-0.01289,0.25402,-0.00000,-0.02000,-0.00000,0.00000,25.00,0.00,0.00,-0.5657,0.0000,0.0000,-0.0371,0,0
2026-08-25 17:10:12.403392,2881,franka,0.56383,-0.01391,0.25401,0.00000,-0.02000,-0.00000,0.00000,25.00,0.00,0.00,-0.5686,0.0000,0.0000,-0.0343,0,0
2026-08-25 17:10:12.456992,2882,franka,0.56384,-0.01593,0.25402,0.00000,-0.02000,-0.00000,0.00000,25.00,0.00,0.00,-0.5686,0.0000,0.0000,-0.0343,0,0
2026-08-25 17:10:12.510525,2883,franka,0.56383,-0.01696,0.25401,0.00000,-0.02000,-0.00000,0.00000,25.00,0.00,0.00,-0.5657,0.0000,0.0000,-0.0371,0,0
2026-08-25 17:10:12.564099,2884,franka,0.56383,-0.01796,0.25401,0.00000,-0.02000,-0.00000,0.00000,25.00,0.00,0.00,-0.5486,0.0000,0.0000,-0.0343,0,0
2026-08-25 17:10:12.617639,2885,franka,0.56384,-0.01895,0.25402,0.00000,-0.02000,-0.00000,0.00000,25.00,0.00,0.00,-0.5286,0.0000,0.0000,-0.0343,0,0
2026-08-25 17:10:12.671379,2886,franka,0.56384,-0.01997,0.25402,0.00000,-0.02000,-0.00000,0.00000,25.00,0.00,0.00,-0.5229,0.0000,0.0000,-0.0343,0,0
2026-08-25 17:10:12.725521,2887,franka,0.56384,-0.02098,0.25402,0.00000,-0.02000,-0.00000,0.00000,25.00,0.00,0.00,-0.5114,0.0000,0.0000,-0.0371,0,0
2026-08-25 17:10:12.779391,2888,franka,0.56384,-0.02198,0.25402,0.00000,-0.02000,-0.00000,0.00000,25.00,0.00,0.00,-0.5171,0.0000,0.0000,-0.0371,0,0
2026-08-25 17:10:12.833229,2889,franka,0.56384,-0.02300,0.25403,-0.00000,-0.02000,-0.00000,0.00000,25.00,0.00,0.00,-0.5171,0.0000,0.0000,-0.0400,0,0
2026-08-25 17:10:12.887378,2890,franka,0.56384,-0.02402,0.25402,-0.00000,-0.02000,-0.00000,0.00000,25.00,0.00,0.00,-0.5143,0.0000,0.0000,-0.0429,0,0
2026-08-25 17:10:12.941165,2891,franka,0.56385,-0.02501,0.25402,-0.00000,-0.02000,-0.00000,0.00000,25.00,0.00,0.00,-0.5114,0.0000,0.0000,-0.0429,0,0
2026-08-25 17:10:12.994823,2892,franka,0.56385,-0.02601,0.25402,-0.00000,-0.02000,-0.00000,0.00000,25.00,0.00,0.00,-0.5143,0.0000,0.0000,-0.0429,0,0
2026-08-25 17:10:13.048438,2893,franka,0.56385,-0.02703,0.25403,-0.00000,-0.02000,-0.00000,0.00000,25.00,0.00,0.00,-0.5257,0.0000,0.0000,-0.0400,0,0
2026-08-25 17:10:13.102886,2894,franka,0.56385,-0.02806,0.25403,-0.00000,-0.02000,-0.00000,0.00000,25.00,0.00,0.00,-0.5171,0.0000,0.0000,-0.0371,0,0
2026-08-25 17:10:13.156403,2895,franka,0.56385,-0.02908,0.25403,0.00000,-0.02000,-0.00000,0.00000,25.00,0.00,0.00,-0.5200,0.0000,0.0000,-0.0343,0,0
2026-08-25 17:10:13.210137,2896,franka,0.56385,-0.03008,0.25404,0.00000,-0.02000,-0.00000,0.00000,25.00,0.00,0.00,-0.5200,0.0000,0.0000,-0.0343,0,0
2026-08-25 17:10:13.263786,2897,franka,0.56386,-0.03109,0.25404,0.00000,-0.02000,-0.00000,0.00000,25.00,0.00,0.00,-0.5314,0.0000,0.0000,-0.0343,0,0
2026-08-25 17:10:13.317666,2898,franka,0.56386,-0.03313,0.25404,0.00000,-0.02000,-0.00000,0.00000,25.00,0.00,0.00,-0.5343,0.0000,0.0000,-0.0343,0,0
2026-08-25 17:10:13.371408,2899,franka,0.56386,-0.03413,0.25404,0.00000,-0.02000,-0.00000,0.00000,25.00,0.00,0.00,-0.5400,0.0000,0.0000,-0.0400,0,0
2026-08-25 17:10:13.427067,2900,franka,0.56386,-0.03513,0.25404,0.00000,-0.02000,-0.00000,0.00000,25.00,0.00,0.00,-0.5343,0.0000,0.0000,-0.0400,0,0
2026-08-25 17:10:13.475986,2901,franka,0.56386,-0.03616,0.25404,0.00000,-0.02000,-0.00000,0.00000,25.00,0.00,0.00,-0.5343,0.0000,0.0000,-0.0371,0,0
2026-08-25 17:10:13.529866,2902,franka,0.56386,-0.03715,0.25404,0.00000,-0.02000,-0.00000,0.00000,25.00,0.00,0.00,-0.5343,0.0000,0.0000,-0.0371,0,0
2026-08-25 17:10:13.583489,2903,franka,0.56386,-0.03817,0.25404,-0.00000,-0.02000,-0.00000,0.00000,25.00,0.00,0.00,-0.5343,0.0000,0.0000,-0.0343,0,0
2026-08-25 17:10:13.637148,2904,franka,0.56386,-0.03916,0.25404,-0.00000,-0.02000,-0.00000,0.00000,25.00,0.00,0.00,-0.5343,0.0000,0.0000,-0.0343,0,0
2026-08-25 17:10:13.691170,2905,franka,0.56386,-0.04018,0.25405,-0.00000,-0.02000,-0.00000,0.00000,25.00,0.00,0.00,-0.5400,0.0000,0.0000,-0.0371,0,0
2026-08-25 17:10:13.745250,2906,franka,0.56386,-0.04118,0.25404,0.00000,-0.02000,-0.00000,0.00000,25.00,0.00,0.00,-0.5429,0.0000,0.0000,-0.0371,0,0
2026-08-25 17:10:13.799298,2907,franka,0.56386,-0.04221,0.25405,0.00000,-0.02000,-0.00000,0.00000,25.00,0.00,0.00,-0.5514,0.0000,0.0000,-0.0400,0,0
2026-08-25 17:10:13.854117,2908,franka,0.56386,-0.04321,0.25405,0.00000,-0.02000,-0.00000,0.00000,25.00,0.00,0.00,-0.5600,0.0000,0.0000,-0.0429,0,0
2026-08-25 17:10:13.908490,2909,franka,0.56386,-0.04423,0.25405,0.00000,-0.02000,-0.00000,0.00000,25.00,0.00,0.00,-0.5600,0.0000,0.0000,-0.0429,0,0
2026-08-25 17:10:13.962290,2910,franka,0.56386,-0.04525,0.25404,0.00000,-0.02000,-0.00000,0.00000,25.00,0.00,0.00,-0.5657,0.0000,0.0000,-0.0486,0,0
2026-08-25 17:10:14.016113,2911,franka,0.56387,-0.04624,0.25405,0.00000,-0.02000,-0.00000,0.00000,25.00,0.00,0.00,-0.5714,0.0000,0.0000,-0.0486,0,0
2026-08-25 17:10:14.069725,2912,franka,0.56387,-0.04724,0.25405,-0.00000,-0.02000,-0.00000,0.00000,25.00,0.00,0.00,-0.5771,0.0000,0.0000,-0.0514,0,0
2026-08-25 17:10:14.123125,2913,franka,0.56386,-0.04925,0.25405,-0.00000,-0.02000,-0.00000,0.00000,25.00,0.00,0.00,-0.5829,0.0000,0.0000,-0.0514,0,0
2026-08-25 17:10:14.176580,2914,franka,0.56386,-0.05028,0.25405,0.00000,-0.02000,-0.00000,0.00000,25.00,0.00,0.00,-0.5971,0.0000,0.0000,-0.0571,0,0
2026-08-25 17:10:14.230974,2915,franka,0.56386,-0.05129,0.25405,0.00000,-0.02000,-0.00000,0.00000,25.00,0.00,0.00,-0.6057,0.0000,0.0000,-0.0571,0,0
2026-08-25 17:10:14.284628,2916,franka,0.56387,-0.05231,0.25405,0.00000,-0.02000,-0.00000,0.00000,25.00,0.00,0.00,-0.6029,0.0000,0.0000,-0.0600,0,0
2026-08-25 17:10:14.337968,2917,franka,0.56387,-0.05330,0.25405,0.00000,-0.02000,-0.00000,0.00000,25.00,0.00,0.00,-0.5971,0.0000,0.0000,-0.0629,0,0
2026-08-25 17:10:14.391348,2918,franka,0.56387,-0.05430,0.25405,0.00000,-0.02000,-0.00000,0.00000,25.00,0.00,0.00,-0.5771,0.0000,0.0000,-0.0657,0,0
2026-08-25 17:10:14.444788,2919,franka,0.56387,-0.05530,0.25405,0.00000,-0.02000,-0.00000,0.00000,25.00,0.00,0.00,-0.4914,0.0000,0.0000,-0.0600,0,0
2026-08-25 17:10:14.498277,2920,franka,0.56386,-0.05630,0.25405,-0.00000,-0.02000,-0.00000,0.00000,25.00,0.00,0.00,-0.3486,0.0000,0.0000,-0.0400,0,0
2026-08-25 17:10:14.551787,2921,franka,0.56386,-0.05732,0.25405,-0.00000,-0.02000,-0.00000,0.00000,25.00,0.00,0.00,-0.3971,0.0000,0.0000,-0.0514,0,0
2026-08-25 17:10:14.605815,2922,franka,0.56387,-0.05833,0.25405,-0.00000,-0.02000,-0.00000,0.00000,25.00,0.00,0.00,-0.4743,0.0000,0.0000,-0.0486,0,0
2026-08-25 17:10:14.659844,2923,franka,0.56386,-0.05933,0.25405,-0.00000,-0.02000,-0.00000,0.00000,25.00,0.00,0.00,-0.5486,0.0000,0.0000,-0.0571,0,0
2026-08-25 17:10:14.713713,2924,franka,0.56386,-0.06034,0.25405,-0.00000,-0.02000,-0.00000,0.00000,25.00,0.00,0.00,-0.5943,0.0000,0.0000,-0.0686,0,0
2026-08-25 17:10:14.767751,2925,franka,0.56386,-0.06134,0.25404,-0.00000,-0.02000,-0.00000,0.00000,25.00,0.00,0.00,-0.5857,0.0000,0.0000,-0.0714,0,0
2026-08-25 17:10:14.821333,2926,franka,0.56386,-0.06236,0.25404,-0.00000,-0.02000,-0.00000,0.00000,25.00,0.00,0.00,-0.5857,0.0000,0.0000,-0.0714,0,0
2026-08-25 17:10:14.874892,2927,franka,0.56386,-0.06338,0.25404,-0.00000,-0.02000,-0.00000,0.00000,25.00,0.00,0.00,-0.5771,0.0000,0.0000,-0.0657,0,0
2026-08-25 17:10:14.929183,2928,franka,0.56386,-0.06438,0.25404,-0.00000,-0.02000,-0.00000,0.00000,25.00,0.00,0.00,-0.5771,0.0000,0.0000,-0.0600,0,0
2026-08-25 17:10:14.982818,2929,franka,0.56386,-0.06641,0.25404,-0.00000,-0.02000,-0.00000,0.00000,25.00,0.00,0.00,-0.5971,0.0000,0.0000,-0.0600,0,0
2026-08-25 17:10:15.036496,2930,franka,0.56386,-0.06743,0.25405,-0.00000,-0.02000,-0.00000,0.00000,25.00,0.00,0.00,-0.6086,0.0000,0.0000,-0.0600,0,0
2026-08-25 17:10:15.090508,2931,franka,0.56386,-0.06843,0.25405,0.00000,-0.02000,-0.00000,0.00000,25.00,0.00,0.00,-0.6029,0.0000,0.0000,-0.0600,0,0
2026-08-25 17:10:15.144501,2932,franka,0.56386,-0.06943,0.25405,0.00000,-0.02000,-0.00000,0.00000,25.00,0.00,0.00,-0.6086,0.0000,0.0000,-0.0600,0,0
2026-08-25 17:10:15.198502,2933,franka,0.56386,-0.07044,0.25405,0.00000,-0.02000,-0.00000,0.00000,25.00,0.00,0.00,-0.6029,0.0000,0.0000,-0.0629,0,0
2026-08-25 17:10:15.252190,2934,franka,0.56386,-0.07144,0.25406,0.00000,-0.02000,-0.00000,0.00000,25.00,0.00,0.00,-0.5971,0.0000,0.0000,-0.0657,0,0
2026-08-25 17:10:15.305933,2935,franka,0.56387,-0.07246,0.25406,0.00000,-0.02000,-0.00000,0.00000,25.00,0.00,0.00,-0.6143,0.0000,0.0000,-0.0657,0,0
2026-08-25 17:10:15.359818,2936,franka,0.56387,-0.07347,0.25406,0.00000,-0.02000,-0.00000,0.00000,25.00,0.00,0.00,-0.6200,0.0000,0.0000,-0.0714,0,0
2026-08-25 17:10:15.413719,2937,franka,0.56387,-0.07448,0.25407,0.00000,-0.02000,-0.00000,0.00000,25.00,0.00,0.00,-0.6229,0.0000,0.0000,-0.0771,0,0
2026-08-25 17:10:15.467272,2938,franka,0.56387,-0.07549,0.25406,0.00000,-0.02000,-0.00000,0.00000,25.00,0.00,0.00,-0.5971,0.0000,0.0000,-0.0771,0,0
2026-08-25 17:10:15.520908,2939,franka,0.56387,-0.07648,0.25406,0.00000,-0.02000,-0.00000,0.00000,25.00,0.00,0.00,-0.5629,0.0000,0.0000,-0.0771,0,0
2026-08-25 17:10:15.574451,2940,franka,0.56387,-0.07750,0.25406,-0.00000,-0.02000,-0.00000,0.00000,25.00,0.00,0.00,-0.5371,0.0000,0.0000,-0.0800,0,0
2026-08-25 17:10:15.628006,2941,franka,0.56387,-0.07850,0.25406,-0.00000,-0.02000,-0.00000,0.00000,25.00,0.00,0.00,-0.4514,0.0000,0.0000,-0.0714,0,0
2026-08-25 17:10:15.681930,2942,franka,0.56387,-0.07950,0.25407,-0.00000,-0.02000,-0.00000,0.00000,25.00,0.00,0.00,-0.2114,0.0000,0.0000,-0.0114,0,0
2026-08-25 17:10:15.735530,2943,franka,0.56387,-0.08053,0.25406,0.00000,-0.02000,-0.00000,0.00000,25.00,0.00,0.00,-0.0600,0.0000,0.0000,0.0000,0,0
2026-08-25 17:10:15.789159,2944,franka,0.56386,-0.08114,0.25406,0.00000,-0.00000,-0.00000,0.00000,25.00,0.00,0.00,0.0000,0.0000,0.0000,0.0000,0,0
2026-08-25 17:10:15.842660,2945,franka,0.56388,-0.08105,0.25406,0.00000,0.00000,-0.00000,0.00000,25.00,0.00,0.00,0.0000,0.0000,0.0000,0.0000,0,0
2026-08-25 17:10:15.896221,2946,franka,0.56387,-0.08111,0.25406,0.00000,0.00000,-0.00000,0.00000,25.00,0.00,0.00,0.0000,0.0000,0.0000,0.0000,0,0
2026-08-25 17:10:15.949632,2947,franka,0.56387,-0.08111,0.25407,0.00000,0.00000,-0.00000,0.00000,25.00,0.00,0.00,-0.0086,0.0000,0.0000,0.0000,0,0
2026-08-25 17:10:16.003253,2948,franka,0.56387,-0.08108,0.25406,0.00000,0.00000,-0.00000,0.00000,25.00,0.00,0.00,-0.0400,0.0000,0.0000,0.0000,0,0
2026-08-25 17:10:16.056881,2949,franka,0.56387,-0.08110,0.25406,-0.00000,0.00000,-0.00000,0.00000,25.00,0.00,0.00,-0.0229,0.0000,0.0943,0.0000,0,0
2026-08-25 17:10:16.111108,2950,franka,0.56387,-0.08110,0.25406,-0.00000,0.00000,-0.00000,0.00000,25.00,0.00,0.00,-0.0143,0.0000,0.1257,0.0000,0,0
2026-08-25 17:10:16.164652,2951,franka,0.56388,-0.08109,0.25408,-0.00000,0.00000,0.00483,0.00000,25.00,0.00,0.00,-0.0229,0.0000,0.3171,0.0171,0,0
2026-08-25 17:10:16.218211,2952,franka,0.56383,-0.08110,0.25476,-0.00000,0.00000,0.02000,0.00000,25.00,0.00,0.00,-0.0257,0.0200,0.4057,0.0086,0,0
2026-08-25 17:10:16.271889,2953,franka,0.56387,-0.08111,0.25586,-0.00000,0.00000,0.02000,0.00000,25.00,0.00,0.00,-0.0171,0.0114,0.4886,0.0000,0,0
2026-08-25 17:10:16.325734,2954,franka,0.56385,-0.08112,0.25687,-0.00000,0.00000,0.02000,0.00000,25.00,0.00,0.00,-0.0171,0.0286,0.5000,0.0029,0,0
2026-08-25 17:10:16.379308,2955,franka,0.56384,-0.08111,0.25784,-0.00000,0.00000,0.02000,0.00000,25.00,0.00,0.00,-0.0171,0.0314,0.5200,0.0029,0,0
2026-08-25 17:10:16.432970,2956,franka,0.56383,-0.08110,0.25880,-0.00000,0.00000,0.02000,0.00000,25.00,0.00,0.00,-0.0171,0.0171,0.5400,0.0057,0,0
2026-08-25 17:10:16.486657,2957,franka,0.56385,-0.08111,0.25990,0.00000,0.00000,0.02000,0.00000,25.00,0.00,0.00,-0.0171,0.0343,0.5229,0.0057,0,0
2026-08-25 17:10:16.540740,2958,franka,0.56383,-0.08111,0.26086,0.00000,0.00000,0.02000,0.00000,25.00,0.00,0.00,-0.0257,0.0029,0.5514,0.0057,0,0
2026-08-25 17:10:16.594854,2959,franka,0.56384,-0.08111,0.26188,0.00000,0.00000,0.02000,0.00000,25.00,0.00,0.00,-0.0257,0.0057,0.5486,0.0086,0,0
2026-08-25 17:10:16.648452,2960,franka,0.56385,-0.08113,0.26391,-0.00000,0.00000,0.02000,0.00000,25.00,0.00,0.00,-0.0200,0.0029,0.5314,0.0086,0,0
2026-08-25 17:10:16.702430,2961,franka,0.56384,-0.08112,0.26490,-0.00000,0.00000,0.02000,0.00000,25.00,0.00,0.00,-0.0257,0.0000,0.5514,0.0114,0,0
2026-08-25 17:10:16.756330,2962,franka,0.56385,-0.08112,0.26594,-0.00000,0.00000,0.02000,0.00000,25.00,0.00,0.00,-0.0257,0.0029,0.5229,0.0143,0,0
2026-08-25 17:10:16.810017,2963,franka,0.56385,-0.08113,0.26696,-0.00000,0.00000,0.02000,0.00000,25.00,0.00,0.00,-0.0343,0.0000,0.5686,0.0171,0,0
2026-08-25 17:10:16.863609,2964,franka,0.56385,-0.08112,0.26794,-0.00000,0.00000,0.02000,0.00000,25.00,0.00,0.00,-0.0343,0.0000,0.5314,0.0143,0,0
2026-08-25 17:10:16.917663,2965,franka,0.56385,-0.08112,0.26896,0.00000,0.00000,0.02000,0.00000,25.00,0.00,0.00,-0.0400,0.0000,0.5486,0.0200,0,0
2026-08-25 17:10:16.971381,2966,franka,0.56385,-0.08112,0.26999,0.00000,0.00000,0.02000,0.00000,25.00,0.00,0.00,-0.0429,0.0000,0.5486,0.0314,0,0
2026-08-25 17:10:17.025200,2967,franka,0.56384,-0.08112,0.27097,0.00000,0.00000,0.02000,0.00000,25.00,0.00,0.00,-0.0429,0.0000,0.5286,0.0314,0,0
2026-08-25 17:10:17.079036,2968,franka,0.56384,-0.08112,0.27197,0.00000,0.00000,0.02000,0.00000,25.00,0.00,0.00,-0.0429,0.0000,0.5257,0.0314,0,0
2026-08-25 17:10:17.133530,2969,franka,0.56385,-0.08113,0.27301,0.00000,0.00000,0.02000,0.00000,25.00,0.00,0.00,-0.0429,0.0000,0.5200,0.0286,0,0
2026-08-25 17:10:17.187908,2970,franka,0.56385,-0.08112,0.27400,0.00000,0.00000,0.02000,0.00000,25.00,0.00,0.00,-0.0457,0.0000,0.5371,0.0286,0,0
2026-08-25 17:10:17.242350,2971,franka,0.56385,-0.08112,0.27501,-0.00000,0.00000,0.02000,0.00000,25.00,0.00,0.00,-0.0486,0.0000,0.5114,0.0229,0,0
2026-08-25 17:10:17.296359,2972,franka,0.56385,-0.08112,0.27605,-0.00000,0.00000,0.02000,0.00000,25.00,0.00,0.00,-0.0429,0.0000,0.5229,0.0286,0,0
2026-08-25 17:10:17.345917,2973,franka,0.56386,-0.08112,0.27706,-0.00000,0.00000,0.02000,0.00000,25.00,0.00,0.00,-0.0400,0.0000,0.5057,0.0257,0,0
2026-08-25 17:10:17.399577,2974,franka,0.56385,-0.08112,0.27807,-0.00000,0.00000,0.02000,0.00000,25.00,0.00,0.00,-0.0400,0.0000,0.5029,0.0286,0,0
2026-08-25 17:10:17.453227,2975,franka,0.56385,-0.08112,0.27907,-0.00000,0.00000,0.02000,0.00000,25.00,0.00,0.00,-0.0400,0.0000,0.5143,0.0286,0,0
2026-08-25 17:10:17.507033,2976,franka,0.56385,-0.08112,0.28010,-0.00000,0.00000,0.02000,0.00000,25.00,0.00,0.00,-0.0400,0.0000,0.5086,0.0286,0,0
2026-08-25 17:10:17.560585,2977,franka,0.56383,-0.08112,0.28207,0.00000,0.00000,0.02000,0.00000,25.00,0.00,0.00,-0.0400,0.0000,0.5029,0.0286,0,0
2026-08-25 17:10:17.614351,2978,franka,0.56384,-0.08111,0.28310,0.00000,0.00000,0.02000,0.00000,25.00,0.00,0.00,-0.0371,0.0086,0.5029,0.0286,0,0
2026-08-25 17:10:17.668845,2979,franka,0.56384,-0.08111,0.28411,-0.00000,0.00000,0.02000,0.00000,25.00,0.00,0.00,-0.0400,0.0029,0.5057,0.0257,0,0
2026-08-25 17:10:17.722600,2980,franka,0.56385,-0.08111,0.28513,-0.00000,0.00000,0.02000,0.00000,25.00,0.00,0.00,-0.0486,0.0114,0.5057,0.0229,0,0
2026-08-25 17:10:17.776083,2981,franka,0.56385,-0.08111,0.28613,-0.00000,0.00000,0.02000,0.00000,25.00,0.00,0.00,-0.0543,0.0086,0.5086,0.0200,0,0
2026-08-25 17:10:17.829642,2982,franka,0.56385,-0.08111,0.28715,0.00000,0.00000,0.02000,0.00000,25.00,0.00,0.00,-0.0543,0.0029,0.5086,0.0200,0,0
2026-08-25 17:10:17.883252,2983,franka,0.56385,-0.08111,0.28816,0.00000,0.00000,0.02000,0.00000,25.00,0.00,0.00,-0.0543,0.0000,0.5200,0.0200,0,0
2026-08-25 17:10:17.936834,2984,franka,0.56385,-0.08111,0.28916,0.00000,0.00000,0.02000,0.00000,25.00,0.00,0.00,-0.0600,0.0143,0.5029,0.0171,0,0
2026-08-25 17:10:17.990195,2985,franka,0.56385,-0.08111,0.29017,0.00000,0.00000,0.02000,0.00000,25.00,0.00,0.00,-0.0543,0.0086,0.5057,0.0143,0,0
2026-08-25 17:10:18.043782,2986,franka,0.56385,-0.08110,0.29115,0.00000,0.00000,0.02000,0.00000,25.00,0.00,0.00,-0.0571,0.0143,0.4886,0.0143,0,0
2026-08-25 17:10:18.097369,2987,franka,0.56384,-0.08110,0.29216,0.00000,0.00000,0.02000,0.00000,25.00,0.00,0.00,-0.0571,0.0114,0.4943,0.0114,0,0
2026-08-25 17:10:18.151002,2988,franka,0.56384,-0.08110,0.29316,-0.00000,0.00000,0.02000,0.00000,25.00,0.00,0.00,-0.0543,0.0143,0.4943,0.0086,0,0
2026-08-25 17:10:18.204529,2989,franka,0.56385,-0.08110,0.29418,-0.00000,0.00000,0.02000,0.00000,25.00,0.00,0.00,-0.0486,0.0057,0.5057,0.0114,0,0
2026-08-25 17:10:18.258086,2990,franka,0.56385,-0.08109,0.29520,-0.00000,0.00000,0.02000,0.00000,25.00,0.00,0.00,-0.0514,0.0000,0.5257,0.0143,0,0
2026-08-25 17:10:18.311592,2991,franka,0.56385,-0.08109,0.29621,-0.00000,0.00000,0.02000,0.00000,25.00,0.00,0.00,-0.0429,0.0000,0.5200,0.0171,0,0
2026-08-25 17:10:18.365575,2992,franka,0.56385,-0.08109,0.29821,-0.00000,0.00000,0.02000,0.00000,25.00,0.00,0.00,-0.0457,0.0000,0.5314,0.0200,0,0
2026-08-25 17:10:18.419039,2993,franka,0.56385,-0.08109,0.29923,0.00000,0.00000,0.02000,0.00000,25.00,0.00,0.00,-0.0371,0.0000,0.5514,0.0257,0,0
2026-08-25 17:10:18.473221,2994,franka,0.56385,-0.08108,0.30024,0.00000,0.00000,0.02000,0.00000,25.00,0.00,0.00,-0.0229,0.0000,0.5771,0.0143,0,0
2026-08-25 17:10:18.526703,2995,franka,0.56384,-0.08108,0.30125,0.00000,0.00000,0.02000,0.00000,25.00,0.00,0.00,-0.0200,0.0000,0.6029,0.0000,0,0
2026-08-25 17:10:18.581458,2996,franka,0.56384,-0.08107,0.30226,-0.00000,0.00000,0.02000,0.00000,25.00,0.00,0.00,-0.0143,0.0000,0.6114,0.0000,0,0
2026-08-25 17:10:18.636426,2997,franka,0.56384,-0.08107,0.30327,-0.00000,0.00000,0.02000,0.00000,25.00,0.00,0.00,-0.0114,0.0000,0.5971,0.0000,0,0
2026-08-25 17:10:18.690298,2998,franka,0.56385,-0.08107,0.30430,-0.00000,0.00000,0.02000,0.00000,25.00,0.00,0.00,-0.0029,0.0000,0.6171,0.0000,0,0
2026-08-25 17:10:18.744425,2999,franka,0.56385,-0.08107,0.30530,-0.00000,0.00000,0.02000,0.00000,25.00,0.00,0.00,-0.0171,0.0657,0.4086,0.0000,0,0
2026-08-25 17:10:18.796237,3000,franka,0.56386,-0.08107,0.30633,-0.00000,0.00000,0.02000,0.00000,25.00,0.00,0.00,-0.0171,0.1657,0.0371,0.0000,0,0
2026-08-25 17:10:18.845670,3001,franka,0.56387,-0.08107,0.30680,-0.00000,0.00000,0.00000,0.00000,25.00,0.00,0.00,0.0000,0.0000,0.0000,0.0000,0,0
2026-08-25 17:10:18.899773,3002,franka,0.56385,-0.08108,0.30677,-0.00000,0.00000,0.00000,0.00000,25.00,0.00,0.00,0.0000,0.0000,0.0000,0.0000,0,0
2026-08-25 17:10:18.953342,3003,franka,0.56386,-0.08108,0.30679,-0.00000,0.00000,-0.00000,0.00000,25.00,0.00,0.00,0.0000,0.0000,0.0000,0.0000,0,0
2026-08-25 17:10:19.007560,3004,franka,0.56386,-0.08108,0.30679,-0.00000,0.00000,-0.00000,0.00000,25.00,0.00,0.00,0.0000,0.0000,0.0000,0.0000,0,0
2026-08-25 17:10:19.061478,3005,franka,0.56387,-0.08110,0.30682,-0.00000,0.00000,-0.00000,0.00000,25.00,0.00,0.00,0.0000,0.0000,0.0000,0.0000,0,0
2026-08-25 17:10:19.116110,3006,franka,0.56386,-0.08108,0.30678,-0.00000,0.00000,-0.00000,0.00000,25.00,0.00,0.00,0.0000,0.0000,0.0000,0.0000,0,0
2026-08-25 17:10:19.170004,3007,franka,0.56386,-0.08109,0.30680,-0.00000,0.00000,-0.00000,0.00000,25.00,0.00,0.00,0.0000,0.0000,0.0000,0.0000,0,0
2026-08-25 17:10:19.223655,3008,franka,0.56386,-0.08109,0.30681,-0.00000,0.00000,-0.00000,0.00000,25.00,0.00,0.00,0.0000,0.0000,0.0000,0.0000,0,0
2026-08-25 17:10:19.277379,3009,franka,0.56386,-0.08108,0.30680,-0.00000,0.00000,-0.00000,0.00000,25.00,0.00,0.00,0.0000,0.0000,0.0000,0.0000,0,0
2026-08-25 17:10:19.331572,3010,franka,0.56386,-0.08109,0.30680,-0.00000,0.00000,-0.00000,0.00000,25.00,0.00,0.00,0.0000,0.0000,0.0000,0.0000,0,0
2026-08-25 17:10:19.385324,3011,franka,0.56386,-0.08108,0.30680,-0.00000,0.00000,-0.00000,0.00000,25.00,0.00,0.00,0.0000,0.0000,0.0000,0.0000,0,0
2026-08-25 17:10:19.439128,3012,franka,0.56386,-0.08108,0.30680,-0.00000,0.00000,-0.00000,0.00000,25.00,0.00,0.00,0.0000,0.0000,0.0000,0.0000,0,0
2026-08-25 17:10:19.492849,3013,franka,0.56386,-0.08109,0.30680,-0.00000,0.00000,-0.00000,0.00000,25.00,0.00,0.00,0.0000,0.0000,0.0000,0.0000,0,0
2026-08-25 17:10:19.547477,3014,franka,0.56386,-0.08109,0.30680,-0.00000,0.00000,-0.00000,0.00000,25.00,0.00,0.00,0.0000,0.0000,0.0000,0.0000,0,0
2026-08-25 17:10:19.601376,3015,franka,0.56386,-0.08108,0.30680,-0.00000,0.00000,-0.00000,0.00000,25.00,0.00,0.00,0.0000,0.0000,0.0000,0.0000,0,0
2026-08-25 17:10:19.655113,3016,franka,0.56386,-0.08109,0.30680,-0.00000,0.00000,-0.00000,0.00000,25.00,0.00,0.00,0.0000,0.0000,0.0000,0.0000,0,0
2026-08-25 17:10:19.709078,3017,franka,0.56386,-0.08109,0.30680,-0.00000,0.00000,-0.00000,0.00000,25.00,0.00,0.00,0.0000,0.0000,0.0000,0.0000,0,0
2026-08-25 17:10:19.762682,3018,franka,0.56386,-0.08109,0.30680,-0.00000,0.00000,-0.00000,0.00000,25.00,0.00,0.00,0.0000,0.0000,0.0000,0.0000,0,0
2026-08-25 17:10:19.816256,3019,franka,0.56386,-0.08109,0.30680,-0.00000,0.00000,-0.00000,0.00000,25.00,0.00,0.00,0.0000,0.0000,0.0000,0.0000,0,0
2026-08-25 17:10:19.870150,3020,franka,0.56386,-0.08109,0.30680,-0.00000,0.00000,-0.00000,0.00000,25.00,0.00,0.00,0.0000,0.0000,0.0000,0.0000,0,0
2026-08-25 17:10:19.923997,3021,franka,0.56386,-0.08109,0.30680,-0.00000,0.00000,-0.00000,0.00000,25.00,0.00,0.00,0.0000,0.0000,0.0000,0.0000,0,0
2026-08-25 17:10:19.977800,3022,franka,0.56386,-0.08109,0.30680,-0.00000,0.00000,-0.00000,0.00000,25.00,0.00,0.00,0.0000,0.0000,0.0000,0.0000,0,0
2026-08-25 17:10:20.031860,3023,franka,0.56386,-0.08109,0.30680,-0.00000,0.00000,-0.00000,0.00000,25.00,0.00,0.00,0.0000,0.0000,0.0000,0.0000,0,0
2026-08-25 17:10:20.085542,3024,franka,0.56386,-0.08108,0.30680,-0.00000,0.00000,-0.00000,0.00000,25.00,0.00,0.00,0.0000,0.0000,0.0000,0.0000,0,0
2026-08-25 17:10:20.139230,3025,franka,0.56386,-0.08108,0.30680,-0.00000,0.00000,-0.00000,0.00000,25.00,0.00,0.00,0.0000,0.0000,0.0000,0.0000,0,0
2026-08-25 17:10:20.193428,3026,franka,0.56386,-0.08109,0.30680,-0.00000,0.00000,-0.00000,0.00000,25.00,0.00,0.00,0.0000,0.0000,0.0000,0.0000,0,0
2026-08-25 17:10:20.247005,3027,franka,0.56386,-0.08109,0.30680,-0.00000,0.00000,-0.00000,0.00000,25.00,0.00,0.00,0.0000,0.0000,0.0000,0.0000,0,0
2026-08-25 17:10:20.300821,3028,franka,0.56387,-0.08109,0.30680,-0.00000,0.00000,-0.00000,0.00000,25.00,0.00,0.00,0.0000,0.0000,0.0000,0.0000,0,0
2026-08-25 17:10:20.354911,3029,franka,0.56386,-0.08109,0.30680,-0.00000,0.00000,-0.00000,0.00000,25.00,0.00,0.00,0.0000,0.0000,0.0000,0.0000,0,0
2026-08-25 17:10:20.408470,3030,franka,0.56386,-0.08109,0.30680,-0.00000,0.00000,-0.00000,0.00000,25.00,0.00,0.00,0.0000,0.0000,0.0000,0.0000,0,0
2026-08-25 17:10:20.462146,3031,franka,0.56386,-0.08109,0.30680,-0.00000,0.00000,-0.00000,0.00000,25.00,0.00,0.00,0.0000,0.0000,0.0000,0.0000,0,0
2026-08-25 17:10:20.516090,3032,franka,0.56386,-0.08109,0.30680,-0.00000,0.00000,-0.00000,0.00000,25.00,0.00,0.00,0.0000,0.0000,0.0000,0.0000,1,0
2026-08-25 17:10:20.569802,3033,flowbot,0.56386,-0.08109,0.30680,-0.00000,0.00000,-0.00000,0.00000,25.00,0.00,0.00,0.0000,0.0000,0.0000,0.0000,1,0
2026-08-25 17:10:20.631831,3034,flowbot,0.56386,-0.08109,0.30680,-0.00000,0.00000,-0.00000,0.00000,25.00,0.00,0.00,0.0000,0.0000,0.0000,0.0000,1,0
2026-08-25 17:10:20.682230,3035,flowbot,0.56386,-0.08109,0.30680,-0.00000,0.00000,-0.00000,0.00000,25.00,0.00,0.00,0.0000,0.0000,0.0000,0.0000,1,0
2026-08-25 17:10:20.737820,3036,flowbot,0.56386,-0.08109,0.30680,-0.00000,0.00000,-0.00000,0.00000,25.00,0.00,0.00,0.0000,0.0000,0.0000,0.0000,1,0
2026-08-25 17:10:20.788534,3037,flowbot,0.56386,-0.08109,0.30680,-0.00000,0.00000,-0.00000,0.00000,25.00,0.00,0.00,0.0000,0.0000,0.0000,0.0000,1,0
2026-08-25 17:10:20.847002,3038,flowbot,0.56386,-0.08109,0.30680,-0.00000,0.00000,-0.00000,0.00000,25.00,0.00,0.00,0.0000,0.0000,0.0000,0.0000,1,0
2026-08-25 17:10:20.896301,3039,flowbot,0.56386,-0.08109,0.30680,-0.00000,0.00000,-0.00000,0.00000,25.00,0.00,0.00,0.0000,0.0000,0.0000,0.0000,1,0
2026-08-25 17:10:20.951693,3040,flowbot,0.56386,-0.08109,0.30680,-0.00000,0.00000,-0.00000,0.00000,25.00,0.00,0.00,0.0000,0.0000,0.0000,0.0000,1,0
2026-08-25 17:10:21.003870,3041,flowbot,0.56386,-0.08109,0.30680,-0.00000,0.00000,-0.00000,0.00000,25.00,0.00,0.00,0.0000,0.0000,0.0000,0.0000,1,0
2026-08-25 17:10:21.054402,3042,flowbot,0.56386,-0.08109,0.30680,-0.00000,0.00000,-0.00000,0.00000,25.00,0.00,0.00,0.0000,0.0000,0.0000,0.0000,0,0
2026-08-25 17:10:21.107097,3043,flowbot,0.56386,-0.08109,0.30680,-0.00000,0.00000,-0.00000,0.00000,25.00,0.00,0.00,0.0000,0.0000,0.0000,0.0000,0,0
2026-08-25 17:10:21.160056,3044,flowbot,0.56386,-0.08109,0.30680,-0.00000,0.00000,-0.00000,0.00000,25.00,0.00,0.00,0.0000,0.0000,0.0000,0.0000,0,0
2026-08-25 17:10:21.208761,3045,flowbot,0.56386,-0.08109,0.30680,-0.00000,0.00000,-0.00000,0.00000,25.00,0.00,0.00,0.0000,0.0000,0.0000,0.0000,0,0
2026-08-25 17:10:21.258474,3046,flowbot,0.56386,-0.08109,0.30680,-0.00000,0.00000,-0.00000,0.00000,25.00,0.00,0.00,0.0000,0.0000,0.0000,0.0000,0,0
2026-08-25 17:10:21.315498,3047,flowbot,0.56386,-0.08109,0.30680,-0.00000,0.00000,-0.00000,0.00000,25.00,0.00,0.00,0.0000,0.0000,0.0000,0.0000,0,0
2026-08-25 17:10:21.372173,3048,flowbot,0.56386,-0.08109,0.30680,-0.00000,0.00000,-0.00000,0.00000,25.00,0.00,0.00,0.0000,0.0000,0.0000,0.0000,0,0
2026-08-25 17:10:21.422710,3049,flowbot,0.56386,-0.08109,0.30680,-0.00000,0.00000,-0.00000,0.00000,25.00,0.00,0.00,0.0000,0.0000,0.0000,0.0000,0,0
2026-08-25 17:10:21.470959,3050,flowbot,0.56386,-0.08109,0.30680,-0.00000,0.00000,-0.00000,0.00000,25.00,0.00,0.00,0.0000,0.0000,0.0000,0.0000,0,0
2026-08-25 17:10:21.524754,3051,flowbot,0.56386,-0.08109,0.30680,-0.00000,0.00000,-0.00000,0.00000,25.00,0.00,0.00,0.0000,0.0000,0.0000,0.0000,0,0
2026-08-25 17:10:21.578710,3052,flowbot,0.56386,-0.08109,0.30680,-0.00000,0.00000,-0.00000,0.00000,25.00,0.00,0.00,0.0000,0.0000,0.0000,0.0000,0,0
2026-08-25 17:10:21.633167,3053,flowbot,0.56386,-0.08109,0.30680,-0.00000,0.00000,-0.00000,0.00000,25.00,0.00,0.00,0.0000,0.0000,0.0000,0.0000,0,0
2026-08-25 17:10:21.684228,3054,flowbot,0.56386,-0.08109,0.30680,-0.00000,0.00000,-0.00000,0.00000,25.00,0.00,0.00,0.0000,0.0000,0.0000,0.0000,0,0
2026-08-25 17:10:21.736690,3055,flowbot,0.56386,-0.08109,0.30680,-0.00000,0.00000,-0.00000,0.00000,25.00,0.00,0.00,0.0000,0.0000,0.0000,0.0000,0,0
2026-08-25 17:10:21.795283,3056,flowbot,0.56386,-0.08109,0.30680,-0.00000,0.00000,-0.00000,0.00000,25.00,0.00,0.00,0.0000,0.0000,0.0000,0.0000,0,0
2026-08-25 17:10:21.845228,3057,flowbot,0.56386,-0.08109,0.30680,-0.00000,0.00000,-0.00000,0.00000,25.00,0.00,0.00,0.0000,0.0000,0.0000,0.0000,0,0
2026-08-25 17:10:21.890043,3058,flowbot,0.56386,-0.08109,0.30680,-0.00000,0.00000,-0.00000,0.00000,25.00,0.00,0.00,0.0000,0.0000,0.0000,0.0000,0,0
2026-08-25 17:10:21.945567,3059,flowbot,0.56386,-0.08109,0.30680,-0.00000,0.00000,-0.00000,0.00000,25.00,0.00,0.00,0.0000,0.0000,0.0000,0.0000,0,0
2026-08-25 17:10:21.992746,3060,flowbot,0.56386,-0.08109,0.30680,-0.00000,0.00000,-0.00000,0.00000,25.00,0.00,0.00,0.0000,0.0000,0.0000,0.0000,0,0
2026-08-25 17:10:22.044773,3061,flowbot,0.56386,-0.08109,0.30680,-0.00000,0.00000,-0.00000,0.00000,25.00,0.00,0.00,0.0000,0.0000,0.0000,0.0000,0,0
2026-08-25 17:10:22.096041,3062,flowbot,0.56386,-0.08109,0.30680,-0.00000,0.00000,-0.00000,0.00000,25.00,0.00,0.00,0.0000,0.0000,0.0000,0.0000,0,0
2026-08-25 17:10:22.145095,3063,flowbot,0.56386,-0.08109,0.30680,-0.00000,0.00000,-0.00000,0.00000,25.00,0.00,0.00,0.0000,0.0000,0.0000,0.0000,0,0
2026-08-25 17:10:22.198555,3064,flowbot,0.56386,-0.08109,0.30680,-0.00000,0.00000,-0.00000,0.00000,25.00,0.00,0.00,0.0000,0.0000,0.0000,0.0000,0,0
2026-08-25 17:10:22.249830,3065,flowbot,0.56386,-0.08109,0.30680,-0.00000,0.00000,-0.00000,0.00000,25.00,0.00,0.00,0.0000,0.0000,0.0000,0.0000,0,0
2026-08-25 17:10:22.302248,3066,flowbot,0.56386,-0.08109,0.30680,-0.00000,0.00000,-0.00000,0.00000,25.00,0.00,0.00,0.0000,0.0000,0.0000,0.0000,0,0
2026-08-25 17:10:22.357183,3067,flowbot,0.56386,-0.08109,0.30680,-0.00000,0.00000,-0.00000,0.00000,20.00,20.00,20.00,0.0000,0.0000,0.0000,0.0000,0,1
2026-08-25 17:10:22.408603,3068,flowbot,0.56386,-0.08109,0.30680,-0.00000,0.00000,-0.00000,0.00000,20.00,20.00,20.00,0.0000,0.0000,0.0000,0.0000,0,1
2026-08-25 17:10:22.461456,3069,flowbot,0.56386,-0.08109,0.30680,-0.00000,0.00000,-0.00000,0.00000,20.00,20.00,20.00,0.0000,0.0000,0.0000,0.0000,0,1
2026-08-25 17:10:22.513666,3070,flowbot,0.56386,-0.08109,0.30680,-0.00000,0.00000,-0.00000,0.00000,20.00,20.00,20.00,0.0000,0.0000,0.0000,0.0000,0,0
2026-08-25 17:10:22.567359,3071,flowbot,0.56386,-0.08109,0.30680,-0.00000,0.00000,-0.00000,0.00000,20.00,20.00,20.00,0.0000,0.0000,0.0000,0.0000,0,0
2026-08-25 17:10:22.620319,3072,flowbot,0.56386,-0.08109,0.30680,-0.00000,0.00000,-0.00000,0.00000,20.00,20.00,20.00,0.0000,0.0000,0.0000,0.0000,0,0
2026-08-25 17:10:22.672556,3073,flowbot,0.56386,-0.08109,0.30680,-0.00000,0.00000,-0.00000,0.00000,20.00,20.00,20.00,0.0000,0.0000,0.0000,0.0000,0,0
2026-08-25 17:10:22.724046,3074,flowbot,0.56386,-0.08109,0.30680,-0.00000,0.00000,-0.00000,0.00000,20.00,20.00,20.00,0.0000,0.0000,0.0000,0.0000,0,0
2026-08-25 17:10:22.778573,3075,flowbot,0.56386,-0.08109,0.30680,-0.00000,0.00000,-0.00000,0.00000,20.00,20.00,20.00,0.0000,0.0000,0.0000,0.0000,0,0
2026-08-25 17:10:22.831774,3076,flowbot,0.56386,-0.08109,0.30680,-0.00000,0.00000,-0.00000,0.00000,20.00,20.00,20.00,0.0000,0.0000,0.0000,0.0000,0,0
2026-08-25 17:10:22.885284,3077,flowbot,0.56386,-0.08109,0.30680,-0.00000,0.00000,-0.00000,0.00000,20.00,20.00,20.00,0.0000,0.0000,0.0000,0.0000,0,0
2026-08-25 17:10:22.939786,3078,flowbot,0.56386,-0.08109,0.30680,-0.00000,0.00000,-0.00000,0.00000,20.00,20.00,20.00,0.0000,0.0000,0.0000,0.0000,0,0
2026-08-25 17:10:22.993203,3079,flowbot,0.56386,-0.08109,0.30680,-0.00000,0.00000,-0.00000,0.00000,20.00,20.00,20.00,0.0000,0.0000,0.0000,0.0000,0,0
2026-08-25 17:10:23.047449,3080,flowbot,0.56386,-0.08109,0.30680,-0.00000,0.00000,-0.00000,0.00000,20.00,20.00,20.00,0.0000,0.0000,0.0000,0.0000,0,0
2026-08-25 17:10:23.102655,3081,flowbot,0.56386,-0.08109,0.30680,-0.00000,0.00000,-0.00000,0.00000,20.00,20.00,20.00,0.0000,0.0000,0.0000,0.0000,0,0
2026-08-25 17:10:23.152985,3082,flowbot,0.56386,-0.08109,0.30680,-0.00000,0.00000,-0.00000,0.00000,20.00,20.00,20.00,0.0000,0.0000,0.0000,0.0000,0,0
2026-08-25 17:10:23.207039,3083,flowbot,0.56386,-0.08109,0.30680,-0.00000,0.00000,-0.00000,0.00000,20.00,20.00,20.00,0.0000,0.0000,0.0000,0.0000,0,0
2026-08-25 17:10:23.266322,3084,flowbot,0.56386,-0.08109,0.30680,-0.00000,0.00000,-0.00000,0.00000,20.00,20.00,20.00,0.0000,0.0000,0.0000,0.0000,0,0
2026-08-25 17:10:23.318786,3085,flowbot,0.56386,-0.08109,0.30680,-0.00000,0.00000,-0.00000,0.00000,20.00,20.00,20.00,0.0000,0.0000,0.0000,0.0000,0,0
2026-08-25 17:10:23.368773,3086,flowbot,0.56386,-0.08109,0.30680,-0.00000,0.00000,-0.00000,0.00000,20.00,20.00,20.00,0.0000,0.0000,0.0000,0.0000,0,0
2026-08-25 17:10:23.425560,3087,flowbot,0.56386,-0.08109,0.30680,-0.00000,0.00000,-0.00000,0.00000,20.00,20.00,20.00,0.0000,0.0000,0.0000,0.0000,0,0
2026-08-25 17:10:23.481874,3088,flowbot,0.56386,-0.08109,0.30680,-0.00000,0.00000,-0.00000,0.00000,20.00,20.00,20.00,0.0000,0.0000,0.0000,0.0000,0,0
2026-08-25 17:10:23.537116,3089,flowbot,0.56386,-0.08109,0.30680,-0.00000,0.00000,-0.00000,0.00000,20.00,20.00,20.00,0.0000,0.0000,0.0000,0.0000,0,0
2026-08-25 17:10:23.587656,3090,flowbot,0.56386,-0.08109,0.30680,-0.00000,0.00000,-0.00000,0.00000,20.00,20.00,20.00,0.0000,0.0000,0.0000,0.0000,0,0
2026-08-25 17:10:23.641577,3091,flowbot,0.56386,-0.08109,0.30680,-0.00000,0.00000,-0.00000,0.00000,20.00,20.00,20.00,0.0000,0.0000,0.0000,0.0000,0,0
2026-08-25 17:10:23.697740,3092,flowbot,0.56386,-0.08109,0.30680,-0.00000,0.00000,-0.00000,0.00000,20.00,20.00,20.00,0.0000,0.0000,0.0000,0.0000,0,0
2026-08-25 17:10:23.754995,3093,flowbot,0.56386,-0.08109,0.30680,-0.00000,0.00000,-0.00000,0.00000,20.00,20.00,20.00,0.0000,0.0000,0.0000,0.0000,0,0
2026-08-25 17:10:23.802658,3094,flowbot,0.56386,-0.08109,0.30680,-0.00000,0.00000,-0.00000,0.00000,20.00,20.00,20.00,0.0000,0.0000,0.0000,0.0000,0,0
2026-08-25 17:10:23.858505,3095,flowbot,0.56386,-0.08109,0.30680,-0.00000,0.00000,-0.00000,0.00000,20.00,20.00,20.00,0.0000,0.0000,0.0000,0.0000,0,0
2026-08-25 17:10:23.914672,3096,flowbot,0.56386,-0.08109,0.30680,-0.00000,0.00000,-0.00000,0.00000,20.00,20.00,20.00,0.0000,0.0000,0.0000,0.0000,0,0
2026-08-25 17:10:23.968955,3097,flowbot,0.56386,-0.08109,0.30680,-0.00000,0.00000,-0.00000,0.00000,20.00,20.00,20.00,0.0000,0.0000,0.0000,0.0000,0,0
2026-08-25 17:10:24.017821,3098,flowbot,0.56386,-0.08109,0.30680,-0.00000,0.00000,-0.00000,0.00000,20.00,20.00,20.00,0.0000,0.0000,0.0000,0.0000,0,0
2026-08-25 17:10:24.070427,3099,flowbot,0.56386,-0.08109,0.30680,-0.00000,0.00000,-0.00000,0.00000,20.00,20.00,20.00,0.0000,0.0000,0.0000,0.0000,0,0
2026-08-25 17:10:24.125538,3100,flowbot,0.56386,-0.08109,0.30680,-0.00000,0.00000,-0.00000,0.00000,20.00,20.00,20.00,0.0000,0.0000,0.0000,0.0000,0,0
2026-08-25 17:10:24.180528,3101,flowbot,0.56386,-0.08109,0.30680,-0.00000,0.00000,-0.00000,0.00000,20.00,20.00,20.00,0.0000,0.0000,0.0000,0.0000,0,0
2026-08-25 17:10:24.239896,3102,flowbot,0.56386,-0.08109,0.30680,-0.00000,0.00000,-0.00000,0.00000,20.00,20.00,20.00,0.0000,0.0000,0.0000,0.0000,0,0
2026-08-25 17:10:24.288958,3103,flowbot,0.56386,-0.08109,0.30680,-0.00000,0.00000,-0.00000,0.00000,20.00,20.00,20.00,0.0000,0.0000,0.0000,0.0000,0,0
2026-08-25 17:10:24.343483,3104,flowbot,0.56386,-0.08109,0.30680,-0.00000,0.00000,-0.00000,0.00000,20.00,20.00,20.00,0.0000,0.0000,0.0000,0.0000,0,0
2026-08-25 17:10:24.396756,3105,flowbot,0.56386,-0.08109,0.30680,-0.00000,0.00000,-0.00000,0.00000,20.00,20.00,20.00,0.0000,0.0000,0.0000,0.0000,0,0
2026-08-25 17:10:24.446061,3106,flowbot,0.56386,-0.08109,0.30680,-0.00000,0.00000,-0.00000,0.00000,20.00,20.00,20.00,0.0000,0.0000,0.0000,0.0000,0,0
2026-08-25 17:10:24.502340,3107,flowbot,0.56386,-0.08109,0.30680,-0.00000,0.00000,-0.00000,0.00000,20.00,20.00,20.00,0.0000,0.0000,0.0000,0.0000,0,0
2026-08-25 17:10:24.560131,3108,flowbot,0.56386,-0.08109,0.30680,-0.00000,0.00000,-0.00000,0.00000,20.00,20.00,20.00,0.0000,0.0000,0.0000,0.0000,0,0
2026-08-25 17:10:24.603039,3109,flowbot,0.56386,-0.08109,0.30680,-0.00000,0.00000,-0.00000,0.00000,20.00,20.00,20.00,0.0000,0.0000,0.0000,0.0000,0,0
2026-08-25 17:10:24.656615,3110,flowbot,0.56386,-0.08109,0.30680,-0.00000,0.00000,-0.00000,0.00000,20.00,20.00,20.00,0.0000,0.0000,0.0000,0.0000,0,0
2026-08-25 17:10:24.711546,3111,flowbot,0.56386,-0.08109,0.30680,-0.00000,0.00000,-0.00000,0.00000,20.00,20.00,20.00,0.0000,0.0000,0.0000,0.0000,0,0
2026-08-25 17:10:24.763335,3112,flowbot,0.56386,-0.08109,0.30680,-0.00000,0.00000,-0.00000,0.00000,20.00,20.00,20.00,0.0000,0.0000,0.0000,0.0000,0,0
2026-08-25 17:10:24.816202,3113,flowbot,0.56386,-0.08109,0.30680,-0.00000,0.00000,-0.00000,0.00000,20.00,20.00,20.00,0.0000,0.0000,0.0000,0.0000,0,0
2026-08-25 17:10:24.866023,3114,flowbot,0.56386,-0.08109,0.30680,-0.00000,0.00000,-0.00000,0.00000,20.00,20.00,20.00,0.0000,0.0000,0.0000,0.0000,0,0
2026-08-25 17:10:24.919132,3115,flowbot,0.56386,-0.08109,0.30680,-0.00000,0.00000,-0.00000,0.00000,20.00,20.00,20.00,0.0000,0.0000,0.0000,0.0000,0,0
2026-08-25 17:10:24.970810,3116,flowbot,0.56386,-0.08109,0.30680,-0.00000,0.00000,-0.00000,0.00000,20.00,20.00,20.00,0.0000,0.0000,0.0000,0.0000,0,0
2026-08-25 17:10:25.024856,3117,flowbot,0.56386,-0.08109,0.30680,-0.00000,0.00000,-0.00000,0.00000,20.00,20.00,20.00,0.0000,0.0000,0.0000,0.0000,0,0
2026-08-25 17:10:25.077137,3118,flowbot,0.56386,-0.08109,0.30680,-0.00000,0.00000,-0.00000,0.00000,20.00,20.00,20.00,0.0000,0.0000,0.0000,0.0000,0,0
2026-08-25 17:10:25.128443,3119,flowbot,0.56386,-0.08109,0.30680,-0.00000,0.00000,-0.00000,0.00000,20.00,20.00,20.00,0.0000,0.0000,0.0000,0.0000,0,0
2026-08-25 17:10:25.179159,3120,flowbot,0.56386,-0.08109,0.30680,-0.00000,0.00000,-0.00000,0.00000,20.00,20.00,20.00,0.0000,0.0000,0.0000,0.0000,0,0
2026-08-25 17:10:25.232805,3121,flowbot,0.56386,-0.08109,0.30680,-0.00000,0.00000,-0.00000,0.00000,20.00,20.00,20.00,0.0000,0.0000,0.0000,0.0000,0,0
2026-08-25 17:10:25.288415,3122,flowbot,0.56386,-0.08109,0.30680,-0.00000,0.00000,-0.00000,0.00000,20.00,20.00,20.00,0.0000,0.0000,0.0000,0.0000,0,0
2026-08-25 17:10:25.334089,3123,flowbot,0.56386,-0.08109,0.30680,-0.00000,0.00000,-0.00000,0.00000,20.00,20.00,20.00,0.0000,0.0000,0.0000,0.0000,0,0
2026-08-25 17:10:25.398905,3124,flowbot,0.56386,-0.08109,0.30680,-0.00000,0.00000,-0.00000,0.00000,20.00,20.00,20.00,0.0000,0.0000,0.0000,0.0000,0,0
2026-08-25 17:10:25.445688,3125,flowbot,0.56386,-0.08109,0.30680,-0.00000,0.00000,-0.00000,0.00000,20.00,20.00,20.00,0.0000,0.0000,0.0000,0.0000,0,0
2026-08-25 17:10:25.500132,3126,flowbot,0.56386,-0.08109,0.30680,-0.00000,0.00000,-0.00000,0.00000,20.00,20.00,20.00,0.0000,0.0000,0.0000,0.0000,0,0
2026-08-25 17:10:25.555548,3127,flowbot,0.56386,-0.08109,0.30680,-0.00000,0.00000,-0.00000,0.00000,20.00,20.00,20.00,0.0000,0.0000,0.0000,0.0000,0,0
2026-08-25 17:10:25.604709,3128,flowbot,0.56386,-0.08109,0.30680,-0.00000,0.00000,-0.00000,0.00000,20.00,20.00,20.00,0.0000,0.0000,0.0000,0.0000,0,0
2026-08-25 17:10:25.660934,3129,flowbot,0.56386,-0.08109,0.30680,-0.00000,0.00000,-0.00000,0.00000,20.00,20.00,20.00,0.0000,0.0000,0.0000,0.0000,0,0
2026-08-25 17:10:25.714100,3130,flowbot,0.56386,-0.08109,0.30680,-0.00000,0.00000,-0.00000,0.00000,20.00,20.00,20.00,0.0000,0.0000,0.0000,0.0000,0,0
2026-08-25 17:10:25.769583,3131,flowbot,0.56386,-0.08109,0.30680,-0.00000,0.00000,-0.00000,0.00000,20.00,20.00,20.00,0.0000,0.0000,0.0000,0.0000,0,0
2026-08-25 17:10:25.825170,3132,flowbot,0.56386,-0.08109,0.30680,-0.00000,0.00000,-0.00000,0.00000,20.00,20.00,20.00,0.0000,0.0000,0.0000,0.0000,0,0
2026-08-25 17:10:25.882615,3133,flowbot,0.56386,-0.08109,0.30680,-0.00000,0.00000,-0.00000,0.00000,20.00,20.00,20.00,0.0000,0.0000,0.0000,0.0000,0,0
2026-08-25 17:10:25.929839,3134,flowbot,0.56386,-0.08109,0.30680,-0.00000,0.00000,-0.00000,0.00000,20.00,20.00,20.00,0.0000,0.0000,0.0000,0.0000,0,0
2026-08-25 17:10:25.980049,3135,flowbot,0.56386,-0.08109,0.30680,-0.00000,0.00000,-0.00000,0.00000,20.00,20.00,20.00,0.0000,0.0000,0.0000,0.0000,0,0
2026-08-25 17:10:26.034858,3136,flowbot,0.56386,-0.08109,0.30680,-0.00000,0.00000,-0.00000,0.00000,20.00,20.00,20.00,0.0000,0.0000,0.0000,0.0000,0,0
2026-08-25 17:10:26.085216,3137,flowbot,0.56386,-0.08109,0.30680,-0.00000,0.00000,-0.00000,0.00000,20.00,20.00,20.00,0.0000,0.0000,0.0000,0.0000,0,0
2026-08-25 17:10:26.141421,3138,flowbot,0.56386,-0.08109,0.30680,-0.00000,0.00000,-0.00000,0.00000,20.00,20.00,20.00,0.0000,0.0000,0.0000,0.0000,0,0
2026-08-25 17:10:26.191720,3139,flowbot,0.56386,-0.08109,0.30680,-0.00000,0.00000,-0.00000,0.00000,20.00,20.00,20.00,0.0000,0.0000,0.0000,0.0000,0,0
2026-08-25 17:10:26.244258,3140,flowbot,0.56386,-0.08109,0.30680,-0.00000,0.00000,-0.00000,0.00000,20.00,20.00,20.00,0.0000,0.0000,0.0000,0.0000,0,0
2026-08-25 17:10:26.297689,3141,flowbot,0.56386,-0.08109,0.30680,-0.00000,0.00000,-0.00000,0.00000,20.00,20.00,20.00,0.0000,0.0000,0.0000,0.0000,0,0
2026-08-25 17:10:26.348489,3142,flowbot,0.56386,-0.08109,0.30680,-0.00000,0.00000,-0.00000,0.00000,20.00,20.00,20.00,0.0000,0.0000,0.0000,0.0000,0,0
2026-08-25 17:10:26.401838,3143,flowbot,0.56386,-0.08109,0.30680,-0.00000,0.00000,-0.00000,0.00000,20.00,20.00,20.00,0.0000,0.0000,0.0000,0.0000,0,0
2026-08-25 17:10:26.452886,3144,flowbot,0.56386,-0.08109,0.30680,-0.00000,0.00000,-0.00000,0.00000,20.00,20.00,20.00,0.0000,0.0000,0.0000,0.0000,0,0
2026-08-25 17:10:26.505162,3145,flowbot,0.56386,-0.08109,0.30680,-0.00000,0.00000,-0.00000,0.00000,20.00,20.00,20.00,0.0000,0.0000,0.0000,0.0000,0,0
2026-08-25 17:10:26.559938,3146,flowbot,0.56386,-0.08109,0.30680,-0.00000,0.00000,-0.00000,0.00000,20.00,20.00,20.00,0.0000,0.0000,0.0000,0.0000,0,0
2026-08-25 17:10:26.614474,3147,flowbot,0.56386,-0.08109,0.30680,-0.00000,0.00000,-0.00000,0.00000,20.00,20.00,20.00,0.0000,0.0000,0.0000,0.0000,0,0
2026-08-25 17:10:26.664281,3148,flowbot,0.56386,-0.08109,0.30680,-0.00000,0.00000,-0.00000,0.00000,20.00,20.00,20.00,0.0000,0.0000,0.0000,0.0000,0,0
2026-08-25 17:10:26.715480,3149,flowbot,0.56386,-0.08109,0.30680,-0.00000,0.00000,-0.00000,0.00000,20.00,20.00,20.00,0.0000,0.0000,0.0000,0.0000,0,0
2026-08-25 17:10:26.769716,3150,flowbot,0.56386,-0.08109,0.30680,-0.00000,0.00000,-0.00000,0.00000,20.00,20.00,20.00,0.0000,0.0000,0.0000,0.0000,0,0
2026-08-25 17:10:26.822980,3151,flowbot,0.56386,-0.08109,0.30680,-0.00000,0.00000,-0.00000,0.00000,20.00,20.00,20.00,0.0000,0.0000,0.0000,0.0000,0,0
2026-08-25 17:10:26.878555,3152,flowbot,0.56386,-0.08109,0.30680,-0.00000,0.00000,-0.00000,0.00000,20.00,20.00,20.00,0.0000,0.0000,0.0000,0.0000,0,0
2026-08-25 17:10:26.928116,3153,flowbot,0.56386,-0.08109,0.30680,-0.00000,0.00000,-0.00000,0.00000,20.00,20.00,20.00,0.0000,0.0000,0.0000,0.0000,0,0
2026-08-25 17:10:26.984505,3154,flowbot,0.56386,-0.08109,0.30680,-0.00000,0.00000,-0.00000,0.00000,20.00,20.00,20.00,0.0000,0.0000,0.0000,0.0000,0,0
2026-08-25 17:10:27.032009,3155,flowbot,0.56386,-0.08109,0.30680,-0.00000,0.00000,-0.00000,0.00000,20.00,20.00,20.00,0.0000,0.0000,0.0000,0.0000,0,0
2026-08-25 17:10:27.082380,3156,flowbot,0.56386,-0.08109,0.30680,-0.00000,0.00000,-0.00000,0.00000,20.00,20.00,20.00,0.0000,0.0000,0.0000,0.0000,0,0
2026-08-25 17:10:27.134423,3157,flowbot,0.56386,-0.08109,0.30680,-0.00000,0.00000,-0.00000,0.00000,20.00,20.00,20.00,0.0000,0.0000,0.0000,0.0000,0,0
2026-08-25 17:10:27.188341,3158,flowbot,0.56386,-0.08109,0.30680,-0.00000,0.00000,-0.00000,0.00000,20.00,20.00,20.00,0.0000,0.0000,0.0000,0.0000,0,0
2026-08-25 17:10:27.241990,3159,flowbot,0.56386,-0.08109,0.30680,-0.00000,0.00000,-0.00000,0.00000,20.00,20.00,20.00,0.0000,0.0000,0.0000,0.0000,0,0
2026-08-25 17:10:27.299238,3160,flowbot,0.56386,-0.08109,0.30680,-0.00000,0.00000,-0.00000,0.00000,20.00,20.00,20.00,0.0000,0.0000,0.0000,0.0000,0,0
2026-08-25 17:10:27.347986,3161,flowbot,0.56386,-0.08109,0.30680,-0.00000,0.00000,-0.00000,0.00000,20.00,20.00,20.00,0.0000,0.0000,0.0000,0.0000,0,0
2026-08-25 17:10:27.402419,3162,flowbot,0.56386,-0.08109,0.30680,-0.00000,0.00000,-0.00000,0.00000,20.00,20.00,20.00,0.0000,0.0000,0.0000,0.0000,0,0
2026-08-25 17:10:27.463655,3163,flowbot,0.56386,-0.08109,0.30680,-0.00000,0.00000,-0.00000,0.00000,20.00,20.00,20.00,0.0000,0.0000,0.0000,0.0000,0,0
2026-08-25 17:10:27.513226,3164,flowbot,0.56386,-0.08109,0.30680,-0.00000,0.00000,-0.00000,0.00000,20.00,20.00,20.00,0.0000,0.0000,0.0000,0.0000,0,0
2026-08-25 17:10:27.565627,3165,flowbot,0.56386,-0.08109,0.30680,-0.00000,0.00000,-0.00000,0.00000,20.00,20.00,20.00,0.0000,0.0000,0.0000,0.0000,0,0
2026-08-25 17:10:27.623897,3166,flowbot,0.56386,-0.08109,0.30680,-0.00000,0.00000,-0.00000,0.00000,20.00,20.00,20.00,0.0000,0.0000,0.0000,0.0000,0,0
2026-08-25 17:10:27.683150,3167,flowbot,0.56386,-0.08109,0.30680,-0.00000,0.00000,-0.00000,0.00000,20.00,20.00,20.00,0.0000,0.0000,0.0000,0.0000,0,0
2026-08-25 17:10:27.736757,3168,flowbot,0.56386,-0.08109,0.30680,-0.00000,0.00000,-0.00000,0.00000,20.00,20.00,20.00,0.0000,0.0000,0.0000,0.0000,0,0
2026-08-25 17:10:27.786734,3169,flowbot,0.56386,-0.08109,0.30680,-0.00000,0.00000,-0.00000,0.00000,20.00,20.00,20.00,0.0000,0.0000,0.0000,0.0000,0,0
2026-08-25 17:10:27.843810,3170,flowbot,0.56386,-0.08109,0.30680,-0.00000,0.00000,-0.00000,0.00000,20.00,20.00,20.00,0.0000,0.0000,0.0000,0.0000,0,0
2026-08-25 17:10:27.894294,3171,flowbot,0.56386,-0.08109,0.30680,-0.00000,0.00000,-0.00000,0.00000,20.00,20.00,20.00,0.0000,0.0000,0.0000,0.0000,0,0
2026-08-25 17:10:27.947168,3172,flowbot,0.56386,-0.08109,0.30680,-0.00000,0.00000,-0.00000,0.00000,20.00,20.00,20.00,0.0000,0.0000,0.0000,0.0000,0,0
2026-08-25 17:10:27.996463,3173,flowbot,0.56386,-0.08109,0.30680,-0.00000,0.00000,-0.00000,0.00000,20.00,20.00,20.00,0.0000,0.0000,0.0000,0.0000,0,0
2026-08-25 17:10:28.051816,3174,flowbot,0.56386,-0.08109,0.30680,-0.00000,0.00000,-0.00000,0.00000,20.00,20.00,20.00,0.0000,0.0000,0.0000,0.0000,0,0
2026-08-25 17:10:28.100430,3175,flowbot,0.56386,-0.08109,0.30680,-0.00000,0.00000,-0.00000,0.00000,20.00,20.00,20.00,0.0000,0.0000,0.0000,0.0000,0,0
2026-08-25 17:10:28.151672,3176,flowbot,0.56386,-0.08109,0.30680,-0.00000,0.00000,-0.00000,0.00000,20.00,20.00,20.00,0.0000,0.0000,0.0000,0.0000,0,0
2026-08-25 17:10:28.206261,3177,flowbot,0.56386,-0.08109,0.30680,-0.00000,0.00000,-0.00000,0.00000,20.00,20.00,20.00,0.0000,0.0000,0.0000,0.0000,0,0
2026-08-25 17:10:28.264963,3178,flowbot,0.56386,-0.08109,0.30680,-0.00000,0.00000,-0.00000,0.00000,20.00,20.00,20.00,0.0000,0.0000,0.0000,0.0000,0,0
2026-08-25 17:10:28.318648,3179,flowbot,0.56386,-0.08109,0.30680,-0.00000,0.00000,-0.00000,0.00000,20.00,20.00,20.00,0.0000,0.0000,0.0000,0.0000,0,0
2026-08-25 17:10:28.370042,3180,flowbot,0.56386,-0.08109,0.30680,-0.00000,0.00000,-0.00000,0.00000,20.00,20.00,20.00,0.0000,0.0000,0.0000,0.0000,0,0
2026-08-25 17:10:28.418083,3181,flowbot,0.56386,-0.08109,0.30680,-0.00000,0.00000,-0.00000,0.00000,20.00,20.00,20.00,0.0000,0.0000,0.0000,0.0000,0,0
2026-08-25 17:10:28.475205,3182,flowbot,0.56386,-0.08109,0.30680,-0.00000,0.00000,-0.00000,0.00000,20.00,20.00,20.00,0.0000,0.0000,0.0000,0.0000,0,0
2026-08-25 17:10:28.534212,3183,flowbot,0.56386,-0.08109,0.30680,-0.00000,0.00000,-0.00000,0.00000,20.00,20.00,20.00,0.0000,0.0000,0.0000,0.0000,0,0
2026-08-25 17:10:28.585721,3184,flowbot,0.56386,-0.08109,0.30680,-0.00000,0.00000,-0.00000,0.00000,20.00,20.00,20.00,0.0000,0.0000,0.0000,0.0000,0,0
2026-08-25 17:10:28.635867,3185,flowbot,0.56386,-0.08109,0.30680,-0.00000,0.00000,-0.00000,0.00000,20.00,20.00,20.00,0.0000,0.0000,0.0000,0.0000,0,0
2026-08-25 17:10:28.687735,3186,flowbot,0.56386,-0.08109,0.30680,-0.00000,0.00000,-0.00000,0.00000,20.00,20.00,20.00,0.1200,0.0000,0.0000,0.0000,0,0
2026-08-25 17:10:28.739164,3187,flowbot,0.56386,-0.08109,0.30680,-0.00000,0.00000,-0.00000,0.00000,20.00,20.00,20.00,0.1200,0.0000,0.0000,0.0000,0,0
2026-08-25 17:10:28.802021,3188,flowbot,0.56386,-0.08109,0.30680,-0.00000,0.00000,-0.00000,0.00000,20.00,20.00,20.00,0.1200,0.0000,0.0000,0.0000,0,0
2026-08-25 17:10:28.850296,3189,flowbot,0.56386,-0.08109,0.30680,-0.00000,0.00000,-0.00000,0.00000,20.00,20.00,20.00,0.1200,0.0000,0.0000,0.0000,0,0
2026-08-25 17:10:28.908478,3190,flowbot,0.56386,-0.08109,0.30680,-0.00000,0.00000,-0.00000,0.00000,20.00,20.00,20.00,0.0000,0.0000,0.0000,0.0000,0,0
2026-08-25 17:10:28.959640,3191,flowbot,0.56386,-0.08109,0.30680,-0.00000,0.00000,-0.00000,0.00000,20.00,20.00,20.00,0.0000,0.0000,0.0000,0.0000,0,0
2026-08-25 17:10:29.020898,3192,flowbot,0.56386,-0.08109,0.30680,-0.00000,0.00000,-0.00000,0.00000,20.00,20.00,20.00,0.0000,0.0000,0.0000,0.0000,0,0
2026-08-25 17:10:29.069285,3193,flowbot,0.56386,-0.08109,0.30680,-0.00000,0.00000,-0.00000,0.00000,20.00,20.00,20.00,0.0000,0.0000,0.0000,0.0000,0,0
2026-08-25 17:10:29.127785,3194,flowbot,0.56386,-0.08109,0.30680,-0.00000,0.00000,-0.00000,0.00000,20.00,20.00,20.00,0.4114,0.0000,0.1143,0.0000,0,0
2026-08-25 17:10:29.182638,3195,flowbot,0.56386,-0.08109,0.30680,-0.00000,0.00000,-0.00000,0.00000,20.00,20.00,20.00,0.4114,0.0000,0.1143,0.0000,0,0
2026-08-25 17:10:29.236905,3196,flowbot,0.56386,-0.08109,0.30680,-0.00000,0.00000,-0.00000,0.00000,20.00,20.00,20.00,0.4114,0.0000,0.1143,0.0000,0,0
2026-08-25 17:10:29.285966,3197,flowbot,0.56386,-0.08109,0.30680,-0.00000,0.00000,-0.00000,0.00000,20.00,20.00,20.00,0.4114,0.0000,0.1143,0.0000,0,0
2026-08-25 17:10:29.346100,3198,flowbot,0.56386,-0.08109,0.30680,-0.00000,0.00000,-0.00000,0.00000,21.00,20.00,20.00,0.9486,0.0000,0.0000,0.0000,0,0
2026-08-25 17:10:29.401579,3199,flowbot,0.56386,-0.08109,0.30680,-0.00000,0.00000,-0.00000,0.00000,21.00,20.00,20.00,0.9486,0.0000,0.0000,0.0000,0,0
2026-08-25 17:10:29.456332,3200,flowbot,0.56386,-0.08109,0.30680,-0.00000,0.00000,-0.00000,0.00000,21.00,20.00,20.00,0.9486,0.0000,0.0000,0.0000,0,0
2026-08-25 17:10:29.503863,3201,flowbot,0.56386,-0.08109,0.30680,-0.00000,0.00000,-0.00000,0.00000,21.00,20.00,20.00,0.9486,0.0000,0.0000,0.0000,0,0
2026-08-25 17:10:29.560992,3202,flowbot,0.56386,-0.08109,0.30680,-0.00000,0.00000,-0.00000,0.00000,22.00,19.00,19.00,1.1171,0.0000,0.0000,0.0000,0,0
2026-08-25 17:10:29.605770,3203,flowbot,0.56386,-0.08109,0.30680,-0.00000,0.00000,-0.00000,0.00000,22.00,19.00,19.00,1.1171,0.0000,0.0000,0.0000,0,0
2026-08-25 17:10:29.660170,3204,flowbot,0.56386,-0.08109,0.30680,-0.00000,0.00000,-0.00000,0.00000,22.00,19.00,19.00,1.1171,0.0000,0.0000,0.0000,0,0
2026-08-25 17:10:29.713768,3205,flowbot,0.56386,-0.08109,0.30680,-0.00000,0.00000,-0.00000,0.00000,22.00,19.00,19.00,1.1171,0.0000,0.0000,0.0000,0,0
2026-08-25 17:10:29.771813,3206,flowbot,0.56386,-0.08109,0.30680,-0.00000,0.00000,-0.00000,0.00000,23.00,19.00,19.00,1.0600,0.0000,0.0000,0.0000,0,0
2026-08-25 17:10:29.823189,3207,flowbot,0.56386,-0.08109,0.30680,-0.00000,0.00000,-0.00000,0.00000,23.00,19.00,19.00,1.0600,0.0000,0.0000,0.0000,0,0
2026-08-25 17:10:29.871631,3208,flowbot,0.56386,-0.08109,0.30680,-0.00000,0.00000,-0.00000,0.00000,23.00,19.00,19.00,1.0600,0.0000,0.0000,0.0000,0,0
2026-08-25 17:10:29.923991,3209,flowbot,0.56386,-0.08109,0.30680,-0.00000,0.00000,-0.00000,0.00000,23.00,19.00,19.00,1.0600,0.0000,0.0000,0.0000,0,0
2026-08-25 17:10:29.973757,3210,flowbot,0.56386,-0.08109,0.30680,-0.00000,0.00000,-0.00000,0.00000,23.00,19.00,19.00,0.5371,0.0000,0.0000,0.0000,0,0
2026-08-25 17:10:30.032261,3211,flowbot,0.56386,-0.08109,0.30680,-0.00000,0.00000,-0.00000,0.00000,23.00,19.00,19.00,0.5371,0.0000,0.0000,0.0000,0,0
2026-08-25 17:10:30.084611,3212,flowbot,0.56386,-0.08109,0.30680,-0.00000,0.00000,-0.00000,0.00000,23.00,19.00,19.00,0.5371,0.0000,0.0000,0.0000,0,0
2026-08-25 17:10:30.140384,3213,flowbot,0.56386,-0.08109,0.30680,-0.00000,0.00000,-0.00000,0.00000,23.00,19.00,19.00,0.5371,0.0000,0.0000,0.0000,0,0
2026-08-25 17:10:30.188380,3214,flowbot,0.56386,-0.08109,0.30680,-0.00000,0.00000,-0.00000,0.00000,23.00,19.00,19.00,0.0000,0.0000,0.0000,0.0000,0,0
2026-08-25 17:10:30.244828,3215,flowbot,0.56386,-0.08109,0.30680,-0.00000,0.00000,-0.00000,0.00000,23.00,19.00,19.00,0.0000,0.0000,0.0000,0.0000,0,0
2026-08-25 17:10:30.301565,3216,flowbot,0.56386,-0.08109,0.30680,-0.00000,0.00000,-0.00000,0.00000,23.00,19.00,19.00,0.0000,0.0000,0.0000,0.0000,0,0
2026-08-25 17:10:30.352004,3217,flowbot,0.56386,-0.08109,0.30680,-0.00000,0.00000,-0.00000,0.00000,23.00,19.00,19.00,0.0000,0.0000,0.0000,0.0000,0,0
2026-08-25 17:10:30.403843,3218,flowbot,0.56386,-0.08109,0.30680,-0.00000,0.00000,-0.00000,0.00000,23.00,19.00,19.00,0.0000,0.0000,0.0000,0.0000,0,0
2026-08-25 17:10:30.459996,3219,flowbot,0.56386,-0.08109,0.30680,-0.00000,0.00000,-0.00000,0.00000,23.00,19.00,19.00,0.0000,0.0000,0.0000,0.0000,0,0
2026-08-25 17:10:30.512453,3220,flowbot,0.56386,-0.08109,0.30680,-0.00000,0.00000,-0.00000,0.00000,23.00,19.00,19.00,0.0000,0.0000,0.0000,0.0000,0,0
2026-08-25 17:10:30.563042,3221,flowbot,0.56386,-0.08109,0.30680,-0.00000,0.00000,-0.00000,0.00000,23.00,19.00,19.00,0.0000,0.0000,0.0000,0.0000,0,0
2026-08-25 17:10:30.612530,3222,flowbot,0.56386,-0.08109,0.30680,-0.00000,0.00000,-0.00000,0.00000,23.00,19.00,19.00,0.0000,0.0000,0.0000,0.0000,0,0
2026-08-25 17:10:30.666626,3223,flowbot,0.56386,-0.08109,0.30680,-0.00000,0.00000,-0.00000,0.00000,23.00,19.00,19.00,0.0000,0.0000,0.0000,0.0000,0,0
2026-08-25 17:10:30.720790,3224,flowbot,0.56386,-0.08109,0.30680,-0.00000,0.00000,-0.00000,0.00000,23.00,19.00,19.00,0.0000,0.0000,0.0000,0.0000,0,0
2026-08-25 17:10:30.776017,3225,flowbot,0.56386,-0.08109,0.30680,-0.00000,0.00000,-0.00000,0.00000,23.00,19.00,19.00,0.0000,0.0000,0.0000,0.0000,0,0
2026-08-25 17:10:30.828828,3226,flowbot,0.56386,-0.08109,0.30680,-0.00000,0.00000,-0.00000,0.00000,23.00,19.00,19.00,0.0000,0.0000,0.0000,0.0000,0,0
2026-08-25 17:10:30.885340,3227,flowbot,0.56386,-0.08109,0.30680,-0.00000,0.00000,-0.00000,0.00000,23.00,19.00,19.00,0.0000,0.0000,0.0000,0.0000,0,0
2026-08-25 17:10:30.939410,3228,flowbot,0.56386,-0.08109,0.30680,-0.00000,0.00000,-0.00000,0.00000,23.00,19.00,19.00,0.0000,0.0000,0.0000,0.0000,0,0
2026-08-25 17:10:30.983788,3229,flowbot,0.56386,-0.08109,0.30680,-0.00000,0.00000,-0.00000,0.00000,23.00,19.00,19.00,0.0000,0.0000,0.0000,0.0000,0,0
2026-08-25 17:10:31.034058,3230,franka,0.56386,-0.08109,0.30680,-0.00000,0.00000,-0.00000,0.00000,23.00,19.00,19.00,0.0000,0.0000,0.0000,0.0000,1,0
2026-08-25 17:10:31.089116,3231,franka,0.56386,-0.08109,0.30680,-0.00000,0.00000,-0.00000,0.00000,23.00,19.00,19.00,0.0000,0.0000,0.0000,0.0000,0,0
2026-08-25 17:10:31.142994,3232,franka,0.56388,-0.08110,0.30683,0.00000,0.00000,0.00000,0.00000,23.00,19.00,19.00,0.0000,0.0000,0.0000,0.0000,0,0
2026-08-25 17:10:31.198404,3233,franka,0.56388,-0.08110,0.30684,0.00000,0.00000,0.00000,0.00000,23.00,19.00,19.00,0.0000,0.0000,0.0000,0.0000,0,0
2026-08-25 17:10:31.252187,3234,franka,0.56388,-0.08110,0.30684,0.00000,0.00000,0.00000,0.00000,23.00,19.00,19.00,0.0000,0.0000,0.0000,0.0000,0,0
2026-08-25 17:10:31.305770,3235,franka,0.56388,-0.08110,0.30684,0.00000,0.00000,0.00000,0.00000,23.00,19.00,19.00,0.0000,0.0000,0.0000,0.0000,0,0
2026-08-25 17:10:31.359712,3236,franka,0.56388,-0.08110,0.30684,0.00000,0.00000,0.00000,0.00000,23.00,19.00,19.00,0.0714,0.0000,0.0000,0.0000,0,0
2026-08-25 17:10:31.413418,3237,franka,0.56388,-0.08111,0.30684,0.00000,0.00000,0.00000,0.00000,23.00,19.00,19.00,0.0543,-0.0114,0.0000,0.0000,0,0
2026-08-25 17:10:31.466960,3238,franka,0.56389,-0.08098,0.30685,0.00000,0.01327,0.00000,0.00000,23.00,19.00,19.00,0.3457,-0.0714,-0.0257,0.0000,0,0
2026-08-25 17:10:31.520860,3239,franka,0.56388,-0.07992,0.30687,0.00000,0.03000,0.00000,0.00000,23.00,19.00,19.00,0.4686,-0.1343,-0.0971,0.0000,0,0
2026-08-25 17:10:31.574608,3240,franka,0.56390,-0.07824,0.30687,0.00000,0.03000,0.00000,0.00000,23.00,19.00,19.00,0.6200,-0.1086,-0.1057,0.0000,0,0
2026-08-25 17:10:31.628324,3241,franka,0.56392,-0.07665,0.30688,0.00000,0.03000,0.00000,0.00000,23.00,19.00,19.00,0.6629,-0.1143,-0.1114,0.0000,0,0
2026-08-25 17:10:31.681885,3242,franka,0.56389,-0.07528,0.30684,0.00000,0.03000,0.00000,0.00000,23.00,19.00,19.00,0.6686,-0.1029,-0.1086,0.0000,0,0
2026-08-25 17:10:31.732546,3243,franka,0.56390,-0.07375,0.30688,0.00000,0.03000,0.00000,0.00000,23.00,19.00,19.00,0.6857,-0.0829,-0.1171,0.0000,0,0
2026-08-25 17:10:31.786365,3244,franka,0.56390,-0.07223,0.30688,0.00000,0.03000,0.00000,0.00000,23.00,19.00,19.00,0.7000,-0.0714,-0.1314,0.0000,0,0
2026-08-25 17:10:31.840304,3245,franka,0.56389,-0.07071,0.30685,0.00000,0.03000,0.00000,0.00000,23.00,19.00,19.00,0.6971,-0.0286,-0.1371,0.0000,0,0
2026-08-25 17:10:31.894500,3246,franka,0.56390,-0.06918,0.30686,0.00000,0.03000,0.00000,0.00000,23.00,19.00,19.00,0.6829,0.0000,-0.1200,0.0000,0,0
2026-08-25 17:10:31.948281,3247,franka,0.56390,-0.06767,0.30688,0.00000,0.03000,0.00000,0.00000,23.00,19.00,19.00,0.6914,0.0000,-0.0857,0.0000,0,0
2026-08-25 17:10:32.002008,3248,franka,0.56389,-0.06623,0.30686,0.00000,0.03000,0.00000,0.00000,23.00,19.00,19.00,0.7029,0.0000,-0.0743,0.0000,0,0
2026-08-25 17:10:32.056012,3249,franka,0.56390,-0.06463,0.30687,0.00000,0.03000,0.00000,0.00000,23.00,19.00,19.00,0.7114,0.0000,-0.0714,0.0000,0,0
2026-08-25 17:10:32.109922,3250,franka,0.56390,-0.06316,0.30688,0.00000,0.03000,0.00000,0.00000,23.00,19.00,19.00,0.7286,0.0000,-0.0743,0.0000,0,0
2026-08-25 17:10:32.163812,3251,franka,0.56390,-0.06167,0.30687,0.00000,0.03000,0.00000,0.00000,23.00,19.00,19.00,0.7486,0.0000,-0.0743,0.0000,0,0
2026-08-25 17:10:32.217593,3252,franka,0.56390,-0.06015,0.30688,0.00000,0.03000,0.00000,0.00000,23.00,19.00,19.00,0.7543,0.0000,-0.0743,0.0000,0,0
2026-08-25 17:10:32.271201,3253,franka,0.56390,-0.05861,0.30688,0.00000,0.03000,0.00000,0.00000,23.00,19.00,19.00,0.7800,-0.0057,-0.0686,0.0000,0,0
2026-08-25 17:10:32.325097,3254,franka,0.56390,-0.05559,0.30688,0.00000,0.03000,0.00000,0.00000,23.00,19.00,19.00,0.7829,-0.0114,-0.0657,0.0000,0,0
2026-08-25 17:10:32.379040,3255,franka,0.56390,-0.05405,0.30689,0.00000,0.03000,0.00000,0.00000,23.00,19.00,19.00,0.8086,-0.0257,-0.0629,0.0000,0,0
2026-08-25 17:10:32.432941,3256,franka,0.56390,-0.05256,0.30688,0.00000,0.03000,0.00000,0.00000,23.00,19.00,19.00,0.8143,-0.0257,-0.0600,0.0000,0,0
2026-08-25 17:10:32.486667,3257,franka,0.56390,-0.05104,0.30688,0.00000,0.03000,0.00000,0.00000,23.00,19.00,19.00,0.8143,-0.0286,-0.0600,0.0000,0,0
2026-08-25 17:10:32.540691,3258,franka,0.56390,-0.04954,0.30688,0.00000,0.03000,0.00000,0.00000,23.00,19.00,19.00,0.8000,-0.0371,-0.0543,0.0000,0,0
2026-08-25 17:10:32.595333,3259,franka,0.56390,-0.04801,0.30688,0.00000,0.03000,0.00000,0.00000,23.00,19.00,19.00,0.7886,-0.0371,-0.0543,0.0000,0,0
2026-08-25 17:10:32.649500,3260,franka,0.56391,-0.04646,0.30688,0.00000,0.03000,0.00000,0.00000,23.00,19.00,19.00,0.7829,-0.0371,-0.0571,0.0000,0,0
2026-08-25 17:10:32.703208,3261,franka,0.56390,-0.04497,0.30687,0.00000,0.03000,0.00000,0.00000,23.00,19.00,19.00,0.7829,-0.0429,-0.0571,0.0000,0,0
2026-08-25 17:10:32.757516,3262,franka,0.56390,-0.04346,0.30688,0.00000,0.03000,0.00000,0.00000,23.00,19.00,19.00,0.7886,-0.0486,-0.0514,0.0000,0,0
2026-08-25 17:10:32.811763,3263,franka,0.56390,-0.04195,0.30688,0.00000,0.03000,0.00000,0.00000,23.00,19.00,19.00,0.7971,-0.0543,-0.0457,0.0000,0,0
2026-08-25 17:10:32.865986,3264,franka,0.56390,-0.04040,0.30688,0.00000,0.03000,0.00000,0.00000,23.00,19.00,19.00,0.8000,-0.0686,-0.0371,0.0000,0,0
2026-08-25 17:10:32.920124,3265,franka,0.56390,-0.03890,0.30688,0.00000,0.03000,0.00000,0.00000,23.00,19.00,19.00,0.8086,-0.0743,-0.0371,0.0000,0,0
2026-08-25 17:10:32.974421,3266,franka,0.56390,-0.03742,0.30687,0.00000,0.03000,0.00000,0.00000,23.00,19.00,19.00,0.8143,-0.0686,-0.0457,0.0000,0,0
2026-08-25 17:10:33.028020,3267,franka,0.56390,-0.03590,0.30687,0.00000,0.03000,0.00000,0.00000,23.00,19.00,19.00,0.8086,-0.0686,-0.0457,0.0000,0,0
2026-08-25 17:10:33.082475,3268,franka,0.56390,-0.03285,0.30687,0.00000,0.03000,0.00000,0.00000,23.00,19.00,19.00,0.7943,-0.0686,-0.0571,0.0000,0,0
2026-08-25 17:10:33.136545,3269,franka,0.56390,-0.03132,0.30687,0.00000,0.03000,0.00000,0.00000,23.00,19.00,19.00,0.7800,-0.0686,-0.0571,0.0000,0,0
2026-08-25 17:10:33.188145,3270,franka,0.56390,-0.02980,0.30687,0.00000,0.03000,0.00000,0.00000,23.00,19.00,19.00,0.7657,-0.0600,-0.0571,0.0000,0,0
2026-08-25 17:10:33.242759,3271,franka,0.56390,-0.02830,0.30687,0.00000,0.03000,0.00000,0.00000,23.00,19.00,19.00,0.7457,-0.0600,-0.0657,0.0000,0,0
2026-08-25 17:10:33.296804,3272,franka,0.56390,-0.02680,0.30687,0.00000,0.03000,0.00000,0.00000,23.00,19.00,19.00,0.7229,-0.0600,-0.0629,0.0000,0,0
2026-08-25 17:10:33.350879,3273,franka,0.56390,-0.02526,0.30687,0.00000,0.03000,0.00000,0.00000,23.00,19.00,19.00,0.7057,-0.0743,-0.0629,0.0000,0,0
2026-08-25 17:10:33.404473,3274,franka,0.56390,-0.02373,0.30687,0.00000,0.03000,0.00000,0.00000,23.00,19.00,19.00,0.7114,-0.0857,-0.0629,0.0000,0,0
2026-08-25 17:10:33.458063,3275,franka,0.56390,-0.02223,0.30687,0.00000,0.03000,0.00000,0.00000,23.00,19.00,19.00,0.7429,-0.0771,-0.0743,0.0000,0,0
2026-08-25 17:10:33.511467,3276,franka,0.56390,-0.02074,0.30687,0.00000,0.03000,0.00000,0.00000,23.00,19.00,19.00,0.7514,-0.0686,-0.0829,0.0000,0,0
2026-08-25 17:10:33.565005,3277,franka,0.56390,-0.01921,0.30687,0.00000,0.03000,0.00000,0.00000,23.00,19.00,19.00,0.7571,-0.0657,-0.0886,0.0000,0,0
2026-08-25 17:10:33.618493,3278,franka,0.56391,-0.01770,0.30687,0.00000,0.03000,0.00000,0.00000,23.00,19.00,19.00,0.7514,-0.0629,-0.0943,0.0000,0,0
2026-08-25 17:10:33.671918,3279,franka,0.56391,-0.01620,0.30688,0.00000,0.03000,0.00000,0.00000,23.00,19.00,19.00,0.7371,-0.0657,-0.0971,0.0000,0,0
2026-08-25 17:10:33.725893,3280,franka,0.56391,-0.01468,0.30688,0.00000,0.03000,0.00000,0.00000,23.00,19.00,19.00,0.6971,-0.0657,-0.1371,0.0000,0,0
2026-08-25 17:10:33.780244,3281,franka,0.56391,-0.01318,0.30687,0.00000,0.03000,0.00000,0.00000,23.00,19.00,19.00,0.6086,-0.0714,-0.1743,0.0000,0,0
2026-08-25 17:10:33.830036,3282,franka,0.56391,-0.01167,0.30688,0.00000,0.03000,0.00000,0.00000,23.00,19.00,19.00,0.4971,-0.0314,-0.2114,0.0000,0,0
2026-08-25 17:10:33.883698,3283,franka,0.56389,-0.01021,0.30680,0.00000,0.02558,-0.01067,0.00000,23.00,19.00,19.00,0.4514,-0.0229,-0.2743,0.0000,0,0
2026-08-25 17:10:33.937772,3284,franka,0.56390,-0.00803,0.30483,0.00000,0.02121,-0.02121,0.00000,23.00,19.00,19.00,0.4457,-0.0143,-0.3257,0.0000,0,0
2026-08-25 17:10:33.992122,3285,franka,0.56391,-0.00696,0.30376,0.00000,0.02121,-0.02121,0.00000,23.00,19.00,19.00,0.4543,-0.0057,-0.4029,0.0000,0,0
2026-08-25 17:10:34.045873,3286,franka,0.56392,-0.00584,0.30273,0.00000,0.02121,-0.02121,0.00000,23.00,19.00,19.00,0.4571,0.0000,-0.4657,0.0000,0,0
2026-08-25 17:10:34.099481,3287,franka,0.56392,-0.00481,0.30167,0.00000,0.02121,-0.02121,0.00000,23.00,19.00,19.00,0.4400,0.0000,-0.5343,-0.0029,0,0
2026-08-25 17:10:34.153277,3288,franka,0.56390,-0.00372,0.30052,0.00000,0.02121,-0.02121,0.00000,23.00,19.00,19.00,0.4400,0.0000,-0.5514,-0.0057,0,0
2026-08-25 17:10:34.206929,3289,franka,0.56392,-0.00263,0.29950,0.00000,0.02121,-0.02121,0.00000,23.00,19.00,19.00,0.4343,0.0000,-0.5886,-0.0057,0,0
2026-08-25 17:10:34.260677,3290,franka,0.56391,-0.00158,0.29844,0.00000,0.02121,-0.02121,0.00000,23.00,19.00,19.00,0.4229,0.0000,-0.6000,-0.0086,0,0
2026-08-25 17:10:34.314400,3291,franka,0.56390,-0.00052,0.29732,0.00000,0.02121,-0.02121,0.00000,23.00,19.00,19.00,0.4029,0.0000,-0.6314,-0.0057,0,0
2026-08-25 17:10:34.368296,3292,franka,0.56391,0.00057,0.29627,0.00000,0.02121,-0.02121,0.00000,23.00,19.00,19.00,0.3886,0.0000,-0.6343,-0.0114,0,0
2026-08-25 17:10:34.422324,3293,franka,0.56392,0.00161,0.29523,0.00000,0.02121,-0.02121,0.00000,23.00,19.00,19.00,0.3714,0.0000,-0.6257,-0.0171,0,0
2026-08-25 17:10:34.476784,3294,franka,0.56391,0.00272,0.29412,0.00000,0.02121,-0.02121,0.00000,23.00,19.00,19.00,0.2657,0.0000,-0.6257,-0.0486,0,0
2026-08-25 17:10:34.531278,3295,franka,0.56391,0.00378,0.29306,0.00000,0.02121,-0.02121,0.00000,23.00,19.00,19.00,0.2257,-0.0171,-0.6257,-0.0629,0,0
2026-08-25 17:10:34.585312,3296,franka,0.56392,0.00483,0.29202,0.00000,0.02121,-0.02121,0.00000,23.00,19.00,19.00,0.1429,-0.0457,-0.6343,-0.0686,0,0
2026-08-25 17:10:34.640569,3297,franka,0.56392,0.00548,0.29078,0.00000,0.00005,-0.02997,0.00000,23.00,19.00,19.00,0.0686,-0.0400,-0.6343,-0.0314,0,0
2026-08-25 17:10:34.689335,3298,franka,0.56390,0.00556,0.28922,0.00000,0.00000,-0.03000,0.00000,23.00,19.00,19.00,0.0000,-0.0200,-0.6343,-0.0029,0,0
2026-08-25 17:10:34.743210,3299,franka,0.56391,0.00545,0.28774,0.00000,0.00000,-0.03000,0.00000,23.00,19.00,19.00,0.0000,-0.0086,-0.6286,0.0000,0,0
2026-08-25 17:10:34.796769,3300,franka,0.56393,0.00550,0.28476,0.00000,0.00000,-0.03000,0.00000,23.00,19.00,19.00,0.0000,-0.0143,-0.6257,0.0000,0,0
2026-08-25 17:10:34.850803,3301,franka,0.56392,0.00550,0.28320,0.00000,0.00000,-0.03000,0.00000,23.00,19.00,19.00,0.0743,-0.0171,-0.6429,0.0000,0,0
2026-08-25 17:10:34.904823,3302,franka,0.56392,0.00551,0.28171,0.00000,0.00000,-0.03000,0.00000,23.00,19.00,19.00,0.1143,-0.0200,-0.6543,0.0000,0,0
2026-08-25 17:10:34.958895,3303,franka,0.56392,0.00548,0.28022,0.00000,0.00000,-0.03000,0.00000,23.00,19.00,19.00,0.1543,-0.0257,-0.6457,0.0000,0,0
2026-08-25 17:10:35.013017,3304,franka,0.56391,0.00549,0.27866,0.00000,0.00000,-0.03000,0.00000,23.00,19.00,19.00,0.1771,-0.0286,-0.6486,0.0000,0,0
2026-08-25 17:10:35.067605,3305,franka,0.56391,0.00551,0.27716,0.00000,0.00000,-0.03000,0.00000,23.00,19.00,19.00,0.2114,-0.0429,-0.6400,0.0000,0,0
2026-08-25 17:10:35.121318,3306,franka,0.56391,0.00591,0.27585,0.00000,0.02119,-0.02122,0.00000,23.00,19.00,19.00,0.2400,-0.0629,-0.6400,0.0000,0,0
2026-08-25 17:10:35.174963,3307,franka,0.56393,0.00695,0.27480,0.00000,0.02121,-0.02121,0.00000,23.00,19.00,19.00,0.2886,-0.1114,-0.6371,-0.0343,0,0
2026-08-25 17:10:35.228696,3308,franka,0.56392,0.00818,0.27370,0.00000,0.02121,-0.02121,0.00000,23.00,19.00,19.00,0.3743,-0.2600,-0.5486,-0.0771,0,0
2026-08-25 17:10:35.282672,3309,franka,0.56393,0.00918,0.27264,0.00000,0.02121,-0.02121,0.00000,23.00,19.00,19.00,0.4343,-0.3400,-0.4457,-0.0571,0,0
2026-08-25 17:10:35.336334,3310,franka,0.56433,0.01017,0.27158,0.01732,0.01732,-0.01732,0.00000,23.00,19.00,19.00,0.4286,-0.3829,-0.3886,-0.0143,0,0
2026-08-25 17:10:35.389862,3311,franka,0.56520,0.01107,0.27073,0.01732,0.01732,-0.01732,0.00000,23.00,19.00,19.00,0.3743,-0.4057,-0.3714,-0.0029,0,0
2026-08-25 17:10:35.443760,3312,franka,0.56606,0.01187,0.26981,0.01732,0.01732,-0.01732,0.00000,23.00,19.00,19.00,0.2629,-0.4743,-0.3743,-0.0314,0,0
2026-08-25 17:10:35.497368,3313,franka,0.56696,0.01281,0.26897,0.01732,0.01732,-0.01732,0.00000,23.00,19.00,19.00,0.2486,-0.5171,-0.3743,-0.0600,0,0
2026-08-25 17:10:35.551116,3314,franka,0.56784,0.01365,0.26817,0.01732,0.01732,-0.01732,0.00000,23.00,19.00,19.00,0.2029,-0.4600,-0.4343,-0.0629,0,0
2026-08-25 17:10:35.605142,3315,franka,0.56970,0.01494,0.26625,0.02121,0.00000,-0.02121,0.00000,23.00,19.00,19.00,0.1571,-0.4086,-0.4657,-0.0657,0,0
2026-08-25 17:10:35.659278,3316,franka,0.57075,0.01493,0.26521,0.02121,-0.00000,-0.02121,0.00000,23.00,19.00,19.00,0.1114,-0.3800,-0.4943,-0.0457,0,0
2026-08-25 17:10:35.713230,3317,franka,0.57181,0.01482,0.26410,0.02121,-0.00000,-0.02121,0.00000,23.00,19.00,19.00,0.0943,-0.3486,-0.4886,-0.0200,0,0
2026-08-25 17:10:35.766653,3318,franka,0.57289,0.01488,0.26301,0.02121,0.00000,-0.02121,0.00000,23.00,19.00,19.00,0.0743,-0.2914,-0.4943,0.0000,0,0
2026-08-25 17:10:35.820168,3319,franka,0.57400,0.01487,0.26201,0.02121,0.00000,-0.02121,0.00000,23.00,19.00,19.00,0.0457,-0.2657,-0.5000,0.0000,0,0
2026-08-25 17:10:35.874255,3320,franka,0.57504,0.01487,0.26091,0.02121,0.00000,-0.02121,0.00000,23.00,19.00,19.00,0.0400,-0.2343,-0.4886,0.0000,0,0
2026-08-25 17:10:35.928637,3321,franka,0.57608,0.01488,0.25980,0.02121,0.00000,-0.02121,0.00000,23.00,19.00,19.00,0.0457,-0.2400,-0.4629,0.0000,0,0
2026-08-25 17:10:35.982248,3322,franka,0.57719,0.01484,0.25878,0.02121,0.00000,-0.02121,0.00000,23.00,19.00,19.00,0.0486,-0.2000,-0.4257,0.0000,0,0
2026-08-25 17:10:36.036104,3323,franka,0.57797,0.01486,0.25764,0.00056,0.00000,-0.02971,0.00000,23.00,19.00,19.00,0.0429,-0.1657,-0.4114,0.0000,0,0
2026-08-25 17:10:36.089657,3324,franka,0.57796,0.01490,0.25608,0.00000,0.00000,-0.03000,0.00000,23.00,19.00,19.00,0.0457,-0.1371,-0.3714,0.0000,0,0
2026-08-25 17:10:36.143159,3325,franka,0.57796,0.01488,0.25460,0.00000,0.00000,-0.03000,0.00000,23.00,19.00,19.00,0.0714,-0.0429,-0.1000,0.0000,0,0
2026-08-25 17:10:36.196632,3326,franka,0.57799,0.01488,0.25314,0.00000,-0.00000,-0.03000,0.00000,23.00,19.00,19.00,0.0000,0.0000,0.0000,0.0000,0,0
2026-08-25 17:10:36.250931,3327,franka,0.57795,0.01490,0.25185,-0.00000,-0.00000,-0.00763,0.00000,23.00,19.00,19.00,0.0000,0.0000,0.0000,0.0000,0,0
2026-08-25 17:10:36.305189,3328,franka,0.57796,0.01491,0.25183,-0.00000,-0.00000,-0.00000,0.00000,23.00,19.00,19.00,0.0000,0.0000,0.0000,0.0000,0,0
2026-08-25 17:10:36.358888,3329,franka,0.57795,0.01490,0.25183,-0.00000,-0.00000,-0.00000,0.00000,23.00,19.00,19.00,0.0229,0.0000,0.0000,0.0000,0,0
2026-08-25 17:10:36.412633,3330,franka,0.57794,0.01490,0.25176,-0.00000,0.00000,-0.00000,0.00000,23.00,19.00,19.00,0.0171,0.0600,-0.0714,0.0143,0,0
2026-08-25 17:10:36.466340,3331,franka,0.57796,0.01490,0.25185,-0.00000,0.00000,-0.00117,0.00000,23.00,19.00,19.00,0.0257,0.1086,-0.2257,0.0229,0,0
2026-08-25 17:10:36.520529,3332,franka,0.57799,0.01490,0.25109,-0.00000,0.00000,-0.02998,0.00000,23.00,19.00,19.00,0.0200,0.1371,-0.3714,0.0143,0,0
2026-08-25 17:10:36.574219,3333,franka,0.57795,0.01489,0.24945,-0.00000,0.00000,-0.03000,0.00000,23.00,19.00,19.00,0.0229,0.1543,-0.4629,0.0143,0,0
2026-08-25 17:10:36.628180,3334,franka,0.57799,0.01491,0.24797,-0.00000,0.00000,-0.03000,0.00000,23.00,19.00,19.00,0.0286,0.1457,-0.4971,0.0257,0,0
2026-08-25 17:10:36.681646,3335,franka,0.57798,0.01492,0.24649,-0.00000,0.00000,-0.03000,0.00000,23.00,19.00,19.00,0.0200,0.1086,-0.4886,0.0229,0,0
2026-08-25 17:10:36.735249,3336,franka,0.57799,0.01491,0.24497,0.00000,-0.00000,-0.03000,0.00000,23.00,19.00,19.00,0.0057,0.0943,-0.4800,0.0257,0,0
2026-08-25 17:10:36.788994,3337,franka,0.57796,0.01492,0.24335,0.00000,-0.00000,-0.03000,0.00000,23.00,19.00,19.00,0.0086,0.0629,-0.5029,0.0229,0,0
2026-08-25 17:10:36.842638,3338,franka,0.57799,0.01493,0.24193,0.00000,-0.00000,-0.03000,0.00000,23.00,19.00,19.00,0.0029,0.0514,-0.5000,0.0143,0,0
2026-08-25 17:10:36.896477,3339,franka,0.57798,0.01493,0.24039,0.00000,-0.00000,-0.03000,0.00000,23.00,19.00,19.00,0.0000,0.0457,-0.5029,0.0086,0,0
2026-08-25 17:10:36.950083,3340,franka,0.57797,0.01492,0.23883,0.00000,-0.00000,-0.03000,0.00000,23.00,19.00,19.00,0.0000,0.0057,-0.4829,0.0000,0,0
2026-08-25 17:10:37.003788,3341,franka,0.57800,0.01492,0.23735,0.00000,-0.00000,-0.03000,0.00000,23.00,19.00,19.00,0.0000,0.0000,-0.4486,0.0000,0,0
2026-08-25 17:10:37.058923,3342,franka,0.57800,0.01493,0.23587,0.00000,-0.00000,-0.03000,0.00000,23.00,19.00,19.00,0.0000,0.0000,-0.4457,0.0000,0,0
2026-08-25 17:10:37.112728,3343,franka,0.57803,0.01493,0.23441,0.00000,-0.00000,-0.03000,0.00000,23.00,19.00,19.00,0.0000,0.0000,-0.4371,0.0000,0,0
2026-08-25 17:10:37.168268,3344,franka,0.57806,0.01493,0.23294,0.00000,-0.00000,-0.03000,0.00000,23.00,19.00,19.00,0.0000,0.0000,-0.4286,0.0000,0,0
2026-08-25 17:10:37.221822,3345,franka,0.57812,0.01493,0.23158,0.00000,-0.00000,-0.03000,0.00000,23.00,19.00,19.00,0.0000,0.0000,-0.4229,0.0000,0,0
2026-08-25 17:10:37.275824,3346,franka,0.57819,0.01494,0.22868,0.00000,-0.00000,-0.03000,0.00000,23.00,19.00,19.00,0.0000,0.0000,-0.3314,0.0000,0,0
2026-08-25 17:10:37.329785,3347,franka,0.57823,0.01494,0.22724,0.00000,-0.00000,-0.03000,0.00000,23.00,19.00,19.00,0.0000,0.0000,-0.1771,0.0000,0,0
2026-08-25 17:10:37.384303,3348,franka,0.57825,0.01492,0.22646,0.00000,-0.00000,-0.00027,0.00000,23.00,19.00,19.00,0.0000,0.0000,-0.0114,0.0000,0,0
2026-08-25 17:10:37.437739,3349,franka,0.57824,0.01494,0.22644,0.00000,-0.00000,-0.00000,0.00000,23.00,19.00,19.00,0.0000,0.0000,0.0000,0.0057,0,0
2026-08-25 17:10:37.491371,3350,franka,0.57821,0.01493,0.22640,0.00000,-0.00000,-0.00000,0.00000,23.00,19.00,19.00,0.0000,0.0000,0.0000,0.0000,0,0
2026-08-25 17:10:37.544919,3351,franka,0.57822,0.01493,0.22640,0.00000,-0.00000,-0.00000,0.00000,23.00,19.00,19.00,0.0000,0.0000,0.0000,0.0000,0,0
2026-08-25 17:10:37.596674,3352,franka,0.57821,0.01493,0.22636,0.00000,-0.00000,-0.00000,0.00000,23.00,19.00,19.00,0.0000,0.0000,0.2800,0.0514,0,0
2026-08-25 17:10:37.650513,3353,franka,0.57819,0.01490,0.22674,0.00000,-0.00000,0.02367,0.00000,23.00,19.00,19.00,0.0000,0.0314,0.4114,0.0857,0,0
2026-08-25 17:10:37.704089,3354,franka,0.57814,0.01492,0.22812,0.00000,-0.00000,0.03000,0.00000,23.00,19.00,19.00,0.0000,0.0971,0.4971,0.1286,0,0
2026-08-25 17:10:37.757767,3355,franka,0.57808,0.01490,0.22947,0.00000,-0.00000,0.03000,0.00000,23.00,19.00,19.00,0.0000,0.0857,0.5800,0.1286,0,0
2026-08-25 17:10:37.811438,3356,franka,0.57807,0.01488,0.23095,0.00000,-0.00000,0.03000,0.00000,23.00,19.00,19.00,0.0000,0.0714,0.6429,0.1229,0,0
2026-08-25 17:10:37.865765,3357,franka,0.57799,0.01487,0.23230,0.00000,-0.00000,0.03000,0.00000,23.00,19.00,19.00,0.0000,0.0743,0.6457,0.1114,0,0
2026-08-25 17:10:37.919366,3358,franka,0.57796,0.01486,0.23375,0.00000,-0.00000,0.03000,0.00000,23.00,19.00,19.00,0.0000,0.0429,0.6686,0.1114,0,0
2026-08-25 17:10:37.973347,3359,franka,0.57796,0.01485,0.23529,0.00000,-0.00000,0.03000,0.00000,23.00,19.00,19.00,0.0000,0.0400,0.7029,0.0971,0,0
2026-08-25 17:10:38.027391,3360,franka,0.57793,0.01486,0.23672,0.00000,-0.00000,0.03000,0.00000,23.00,19.00,19.00,0.0000,0.0629,0.7114,0.0829,0,0
2026-08-25 17:10:38.080960,3361,franka,0.57791,0.01487,0.23970,0.00000,-0.00000,0.03000,0.00000,23.00,19.00,19.00,0.0000,0.0657,0.7571,0.0743,0,0
2026-08-25 17:10:38.134515,3362,franka,0.57791,0.01487,0.24119,0.00000,-0.00000,0.03000,0.00000,23.00,19.00,19.00,0.0000,0.0800,0.6743,0.0657,0,0
2026-08-25 17:10:38.188176,3363,franka,0.57791,0.01487,0.24272,0.00000,-0.00000,0.03000,0.00000,23.00,19.00,19.00,0.0000,0.0857,0.6800,0.0657,0,0
2026-08-25 17:10:38.241794,3364,franka,0.57792,0.01486,0.24425,0.00000,-0.00000,0.03000,0.00000,23.00,19.00,19.00,0.0000,0.0857,0.6200,0.0629,0,0
2026-08-25 17:10:38.294013,3365,franka,0.57792,0.01486,0.24577,0.00000,-0.00000,0.03000,0.00000,23.00,19.00,19.00,0.0000,0.0629,0.5686,0.0600,0,0
2026-08-25 17:10:38.347983,3366,franka,0.57791,0.01486,0.24729,0.00000,-0.00000,0.03000,0.00000,23.00,19.00,19.00,0.0000,0.0571,0.5314,0.0600,0,0
2026-08-25 17:10:38.401731,3367,franka,0.57791,0.01486,0.24878,0.00000,-0.00000,0.03000,0.00000,23.00,19.00,19.00,0.0000,0.0600,0.5229,0.0771,0,0
2026-08-25 17:10:38.455537,3368,franka,0.57791,0.01486,0.25031,0.00000,-0.00000,0.03000,0.00000,23.00,19.00,19.00,0.0000,0.0629,0.5400,0.0857,0,0
2026-08-25 17:10:38.509267,3369,franka,0.57790,0.01486,0.25180,0.00000,-0.00000,0.03000,0.00000,23.00,19.00,19.00,0.0000,0.0457,0.5914,0.0914,0,0
2026-08-25 17:10:38.562997,3370,franka,0.57790,0.01486,0.25332,0.00000,-0.00000,0.03000,0.00000,23.00,19.00,19.00,0.0000,0.0600,0.5943,0.0886,0,0
2026-08-25 17:10:38.616612,3371,franka,0.57791,0.01486,0.25484,0.00000,-0.00000,0.03000,0.00000,23.00,19.00,19.00,0.0000,0.0686,0.5829,0.0943,0,0
2026-08-25 17:10:38.672728,3372,franka,0.57791,0.01485,0.25637,0.00000,-0.00000,0.03000,0.00000,23.00,19.00,19.00,0.0000,0.0686,0.6114,0.0914,0,0
2026-08-25 17:10:38.721643,3373,franka,0.57791,0.01486,0.25786,0.00000,-0.00000,0.03000,0.00000,23.00,19.00,19.00,0.0000,0.0686,0.6171,0.0857,0,0
2026-08-25 17:10:38.775512,3374,franka,0.57791,0.01486,0.25938,0.00000,-0.00000,0.03000,0.00000,23.00,19.00,19.00,0.0000,0.0714,0.6314,0.0800,0,0
2026-08-25 17:10:38.829213,3375,franka,0.57791,0.01485,0.26090,0.00000,-0.00000,0.03000,0.00000,23.00,19.00,19.00,0.0000,0.0743,0.6314,0.0771,0,0
2026-08-25 17:10:38.883005,3376,franka,0.57790,0.01486,0.26242,0.00000,-0.00000,0.03000,0.00000,23.00,19.00,19.00,0.0000,0.0829,0.6400,0.0743,0,0
2026-08-25 17:10:38.937818,3377,franka,0.57790,0.01486,0.26390,0.00000,-0.00000,0.03000,0.00000,23.00,19.00,19.00,0.0000,0.0829,0.6429,0.0657,0,0
2026-08-25 17:10:38.991432,3378,franka,0.57791,0.01485,0.26696,0.00000,-0.00000,0.03000,0.00000,23.00,19.00,19.00,0.0000,0.0886,0.6543,0.0657,0,0
2026-08-25 17:10:39.044941,3379,franka,0.57791,0.01485,0.26845,0.00000,-0.00000,0.03000,0.00000,23.00,19.00,19.00,0.0000,0.0971,0.6457,0.0629,0,0
2026-08-25 17:10:39.099147,3380,franka,0.57791,0.01485,0.26994,0.00000,-0.00000,0.03000,0.00000,23.00,19.00,19.00,0.0000,0.0914,0.6714,0.0571,0,0
2026-08-25 17:10:39.153263,3381,franka,0.57791,0.01485,0.27148,0.00000,-0.00000,0.03000,0.00000,23.00,19.00,19.00,0.0000,0.0914,0.6771,0.0543,0,0
2026-08-25 17:10:39.208055,3382,franka,0.57791,0.01485,0.27297,0.00000,-0.00000,0.03000,0.00000,23.00,19.00,19.00,0.0000,0.0886,0.6771,0.0571,0,0
2026-08-25 17:10:39.262221,3383,franka,0.57790,0.01485,0.27449,0.00000,-0.00000,0.03000,0.00000,23.00,19.00,19.00,0.0000,0.0914,0.6800,0.0571,0,0
2026-08-25 17:10:39.316671,3384,franka,0.57790,0.01485,0.27599,0.00000,-0.00000,0.03000,0.00000,23.00,19.00,19.00,0.0000,0.0886,0.6800,0.0571,0,0
2026-08-25 17:10:39.370477,3385,franka,0.57790,0.01485,0.27753,0.00000,-0.00000,0.03000,0.00000,23.00,19.00,19.00,0.0000,0.0943,0.6743,0.0571,0,0
2026-08-25 17:10:39.424424,3386,franka,0.57790,0.01485,0.27902,0.00000,-0.00000,0.03000,0.00000,23.00,19.00,19.00,0.0000,0.0971,0.6629,0.0514,0,0
2026-08-25 17:10:39.478271,3387,franka,0.57791,0.01485,0.28055,0.00000,-0.00000,0.03000,0.00000,23.00,19.00,19.00,0.0000,0.1029,0.6343,0.0486,0,0
2026-08-25 17:10:39.532707,3388,franka,0.57791,0.01485,0.28210,0.00000,-0.00000,0.03000,0.00000,23.00,19.00,19.00,0.0000,0.1200,0.6143,0.0457,0,0
2026-08-25 17:10:39.586445,3389,franka,0.57791,0.01485,0.28358,0.00000,-0.00000,0.03000,0.00000,23.00,19.00,19.00,0.0000,0.1200,0.6200,0.0429,0,0
2026-08-25 17:10:39.640402,3390,franka,0.57791,0.01485,0.28509,0.00000,-0.00000,0.03000,0.00000,23.00,19.00,19.00,-0.0029,0.1143,0.6371,0.0400,0,0
2026-08-25 17:10:39.694468,3391,franka,0.57790,0.01485,0.28660,0.00000,-0.00000,0.03000,0.00000,23.00,19.00,19.00,-0.0029,0.1343,0.6371,0.0400,0,0
2026-08-25 17:10:39.747915,3392,franka,0.57791,0.01486,0.28966,0.00000,-0.00000,0.03000,0.00000,23.00,19.00,19.00,0.0000,0.1286,0.6629,0.0400,0,0
2026-08-25 17:10:39.801962,3393,franka,0.57791,0.01486,0.29118,0.00000,-0.00000,0.03000,0.00000,23.00,19.00,19.00,0.0000,0.1286,0.6486,0.0429,0,0
2026-08-25 17:10:39.855406,3394,franka,0.57792,0.01486,0.29272,0.00000,-0.00000,0.03000,0.00000,23.00,19.00,19.00,0.0000,0.1343,0.6514,0.0457,0,0
2026-08-25 17:10:39.908849,3395,franka,0.57791,0.01486,0.29421,0.00000,-0.00000,0.03000,0.00000,23.00,19.00,19.00,0.0000,0.1314,0.6600,0.0457,0,0
2026-08-25 17:10:39.962517,3396,franka,0.57791,0.01486,0.29571,0.00000,-0.00000,0.03000,0.00000,23.00,19.00,19.00,0.0000,0.1400,0.6486,0.0457,0,0
2026-08-25 17:10:40.016031,3397,franka,0.57790,0.01486,0.29722,0.00000,-0.00000,0.03000,0.00000,23.00,19.00,19.00,0.0000,0.1400,0.6514,0.0429,0,0
2026-08-25 17:10:40.069731,3398,franka,0.57791,0.01486,0.29877,0.00000,-0.00000,0.03000,0.00000,23.00,19.00,19.00,0.0000,0.1314,0.6543,0.0429,0,0
2026-08-25 17:10:40.124323,3399,franka,0.57791,0.01486,0.30028,0.00000,-0.00000,0.03000,0.00000,23.00,19.00,19.00,-0.0057,0.1371,0.6429,0.0371,0,0
2026-08-25 17:10:40.179047,3400,franka,0.57791,0.01487,0.30181,0.00000,-0.00000,0.03000,0.00000,23.00,19.00,19.00,-0.0057,0.1400,0.6171,0.0343,0,0
2026-08-25 17:10:40.232609,3401,franka,0.57791,0.01487,0.30329,0.00000,-0.00000,0.03000,0.00000,23.00,19.00,19.00,0.0000,0.1400,0.5971,0.0400,0,0
2026-08-25 17:10:40.286919,3402,franka,0.57791,0.01487,0.30482,0.00000,-0.00000,0.03000,0.00000,23.00,19.00,19.00,0.0000,0.1429,0.5943,0.0400,0,0
2026-08-25 17:10:40.340537,3403,franka,0.57790,0.01487,0.30635,0.00000,-0.00000,0.03000,0.00000,23.00,19.00,19.00,0.0000,0.1429,0.5829,0.0457,0,0
2026-08-25 17:10:40.394581,3404,franka,0.57791,0.01488,0.30786,0.00000,-0.00000,0.03000,0.00000,23.00,19.00,19.00,0.0000,0.1457,0.5771,0.0457,0,0
2026-08-25 17:10:40.448540,3405,franka,0.57792,0.01488,0.30939,0.00000,-0.00000,0.03000,0.00000,23.00,19.00,19.00,-0.0029,0.1400,0.5857,0.0457,0,0
2026-08-25 17:10:40.502695,3406,franka,0.57791,0.01488,0.31092,0.00000,-0.00000,0.03000,0.00000,23.00,19.00,19.00,-0.0143,0.1400,0.5657,0.0400,0,0
2026-08-25 17:10:40.556814,3407,franka,0.57790,0.01489,0.31394,0.00000,-0.00000,0.03000,0.00000,23.00,19.00,19.00,-0.0229,0.1343,0.5600,0.0400,0,0
2026-08-25 17:10:40.610443,3408,franka,0.57790,0.01489,0.31545,0.00000,-0.00000,0.03000,0.00000,23.00,19.00,19.00,-0.0343,0.1286,0.5771,0.0286,0,0
2026-08-25 17:10:40.664564,3409,franka,0.57791,0.01489,0.31695,0.00000,-0.00000,0.03000,0.00000,23.00,19.00,19.00,-0.0343,0.1171,0.5829,0.0286,0,0
2026-08-25 17:10:40.718912,3410,franka,0.57791,0.01489,0.31845,0.00000,-0.00000,0.03000,0.00000,23.00,19.00,19.00,-0.0400,0.1114,0.5914,0.0286,0,0
2026-08-25 17:10:40.772659,3411,franka,0.57791,0.01490,0.31995,0.00000,-0.00000,0.03000,0.00000,23.00,19.00,19.00,-0.0371,0.1114,0.5800,0.0314,0,0
2026-08-25 17:10:40.826411,3412,franka,0.57791,0.01490,0.32148,0.00000,-0.00000,0.03000,0.00000,23.00,19.00,19.00,-0.0486,0.1057,0.5629,0.0229,0,0
2026-08-25 17:10:40.880357,3413,franka,0.57791,0.01490,0.32300,0.00000,-0.00000,0.03000,0.00000,23.00,19.00,19.00,-0.0571,0.1171,0.4943,0.0171,0,0
2026-08-25 17:10:40.934117,3414,franka,0.57791,0.01490,0.32452,0.00000,-0.00000,0.03000,0.00000,23.00,19.00,19.00,-0.1029,0.1171,0.3943,0.0029,0,0
2026-08-25 17:10:40.987708,3415,franka,0.57792,0.01491,0.32604,0.00000,-0.00000,0.03000,0.00000,23.00,19.00,19.00,-0.1343,0.1657,0.1629,0.0029,0,0
2026-08-25 17:10:41.041652,3416,franka,0.57792,0.01491,0.32732,0.00000,-0.00000,0.01218,0.00000,23.00,19.00,19.00,-0.0857,0.0771,0.0086,0.0000,0,0
2026-08-25 17:10:41.095321,3417,franka,0.57792,0.01490,0.32749,0.00000,-0.00000,0.00000,0.00000,23.00,19.00,19.00,0.0000,0.0000,0.0000,0.0000,0,0
2026-08-25 17:10:41.149288,3418,franka,0.57792,0.01490,0.32748,0.00000,-0.00000,0.00000,0.00000,23.00,19.00,19.00,0.0000,0.0000,0.0000,0.0000,0,0
2026-08-25 17:10:41.202999,3419,franka,0.57792,0.01490,0.32745,0.00000,-0.00000,0.00000,0.00000,23.00,19.00,19.00,0.0000,0.0000,0.0000,0.0000,0,0
2026-08-25 17:10:41.257171,3420,franka,0.57793,0.01490,0.32753,0.00000,-0.00000,0.00000,0.00000,23.00,19.00,19.00,-0.0486,0.0000,0.0000,0.0000,0,0
2026-08-25 17:10:41.310783,3421,franka,0.57792,0.01489,0.32748,0.00000,-0.00000,0.00000,0.00000,23.00,19.00,19.00,-0.1857,0.0000,0.0000,0.0000,0,0
2026-08-25 17:10:41.364467,3422,franka,0.57793,0.01459,0.32750,0.00000,-0.01977,-0.00000,0.00000,23.00,19.00,19.00,-0.3714,0.0000,0.0000,0.0000,0,0
2026-08-25 17:10:41.418194,3423,franka,0.57793,0.01338,0.32750,0.00000,-0.03000,-0.00000,0.00000,23.00,19.00,19.00,-0.4343,0.0000,0.0000,-0.0343,0,0
2026-08-25 17:10:41.472274,3424,franka,0.57793,0.01164,0.32746,0.00000,-0.03000,-0.00000,0.00000,23.00,19.00,19.00,-0.4943,0.0000,0.0000,-0.0514,0,0
2026-08-25 17:10:41.525859,3425,franka,0.57794,0.01018,0.32751,0.00000,-0.03000,-0.00000,0.00000,23.00,19.00,19.00,-0.5171,0.0000,0.0000,-0.0457,0,0
2026-08-25 17:10:41.580167,3426,franka,0.57794,0.00876,0.32752,0.00000,-0.03000,-0.00000,0.00000,23.00,19.00,19.00,-0.5143,0.0029,0.0000,-0.0514,0,0
2026-08-25 17:10:41.633967,3427,franka,0.57793,0.00712,0.32747,0.00000,-0.03000,-0.00000,0.00000,23.00,19.00,19.00,-0.5114,0.0086,0.0000,-0.0543,0,0
2026-08-25 17:10:41.687657,3428,franka,0.57794,0.00560,0.32750,0.00000,-0.03000,-0.00000,0.00000,23.00,19.00,19.00,-0.4600,0.0314,0.0000,-0.0714,0,0
2026-08-25 17:10:41.741508,3429,franka,0.57793,0.00414,0.32751,0.00000,-0.03000,-0.00000,0.00000,23.00,19.00,19.00,-0.4457,0.0257,0.0000,-0.0657,0,0
2026-08-25 17:10:41.795756,3430,franka,0.57793,0.00265,0.32750,0.00000,-0.03000,-0.00000,0.00000,23.00,19.00,19.00,-0.4343,0.0257,0.0000,-0.0657,0,0
2026-08-25 17:10:41.849902,3431,franka,0.57793,0.00107,0.32749,0.00000,-0.03000,-0.00000,0.00000,23.00,19.00,19.00,-0.4086,0.0000,0.0000,-0.0429,0,0
2026-08-25 17:10:41.903683,3432,franka,0.57793,-0.00041,0.32751,0.00000,-0.03000,-0.00000,0.00000,23.00,19.00,19.00,-0.3200,0.0000,0.0771,-0.0029,0,0
2026-08-25 17:10:41.958061,3433,franka,0.57793,-0.00193,0.32750,0.00000,-0.03000,-0.00000,0.00000,23.00,19.00,19.00,-0.2343,0.0000,0.3343,0.0000,0,0
2026-08-25 17:10:42.012005,3434,franka,0.57791,-0.00329,0.32783,0.00000,-0.02125,0.02113,0.00000,23.00,19.00,19.00,-0.1371,0.0000,0.5571,-0.0114,0,0
2026-08-25 17:10:42.066913,3435,franka,0.57792,-0.00398,0.32906,0.00000,-0.00013,0.02993,0.00000,23.00,19.00,19.00,-0.1314,0.0000,0.6286,-0.0429,0,0
2026-08-25 17:10:42.120934,3436,franka,0.57792,-0.00393,0.33208,0.00000,0.00000,0.03000,0.00000,23.00,19.00,19.00,-0.1057,0.0000,0.6829,0.0000,0,0
2026-08-25 17:10:42.174536,3437,franka,0.57791,-0.00400,0.33354,0.00000,0.00000,0.03000,0.00000,23.00,19.00,19.00,-0.1057,0.0000,0.6257,0.0000,0,0
2026-08-25 17:10:42.228239,3438,franka,0.57791,-0.00398,0.33509,0.00000,-0.00000,0.03000,0.00000,23.00,19.00,19.00,-0.0914,0.0000,0.5971,0.0000,0,0
2026-08-25 17:10:42.282135,3439,franka,0.57792,-0.00394,0.33663,0.00000,-0.00000,0.03000,0.00000,23.00,19.00,19.00,-0.0800,0.0000,0.4657,-0.0171,0,0
2026-08-25 17:10:42.335683,3440,franka,0.57791,-0.00397,0.33806,0.00000,-0.00000,0.03000,0.00000,23.00,19.00,19.00,-0.1000,0.0000,0.2571,-0.0286,0,0
2026-08-25 17:10:42.389168,3441,franka,0.57791,-0.00395,0.33932,0.00000,-0.00000,0.01023,0.00000,23.00,19.00,19.00,-0.0857,0.0000,0.0886,0.0000,0,0
2026-08-25 17:10:42.440106,3442,franka,0.57791,-0.00396,0.33949,0.00000,-0.00000,0.00000,0.00000,23.00,19.00,19.00,-0.0857,0.0000,0.0000,0.0000,0,0
2026-08-25 17:10:42.493841,3443,franka,0.57792,-0.00397,0.33947,0.00000,-0.00000,0.00000,0.00000,23.00,19.00,19.00,-0.0286,0.0000,0.0000,-0.0114,0,0
2026-08-25 17:10:42.547580,3444,franka,0.57791,-0.00397,0.33942,0.00000,-0.00000,0.00000,0.00000,23.00,19.00,19.00,0.0000,0.0000,0.0000,-0.0314,0,0
2026-08-25 17:10:42.601842,3445,franka,0.57792,-0.00397,0.33951,0.00000,-0.00000,0.00000,0.00000,23.00,19.00,19.00,0.0000,0.0000,0.0000,-0.0057,0,0
2026-08-25 17:10:42.655967,3446,franka,0.57791,-0.00397,0.33947,0.00000,-0.00000,0.00000,0.00000,23.00,19.00,19.00,0.0000,0.0000,0.0000,0.0000,0,0
2026-08-25 17:10:42.709582,3447,franka,0.57792,-0.00396,0.33945,0.00000,-0.00000,0.00000,0.00000,23.00,19.00,19.00,0.0000,0.0000,0.0000,0.0000,0,0
2026-08-25 17:10:42.763029,3448,franka,0.57792,-0.00396,0.33948,0.00000,-0.00000,0.00000,0.00000,23.00,19.00,19.00,0.0000,0.0000,0.0000,0.0000,0,0
2026-08-25 17:10:42.817322,3449,franka,0.57792,-0.00395,0.33949,0.00000,-0.00000,0.00000,0.00000,23.00,19.00,19.00,-0.0286,0.0000,0.0000,0.0000,0,0
2026-08-25 17:10:42.871022,3450,franka,0.57791,-0.00397,0.33945,0.00000,-0.00000,0.00000,0.00000,23.00,19.00,19.00,-0.0457,0.0000,0.0000,0.0000,0,0
2026-08-25 17:10:42.924721,3451,franka,0.57792,-0.00397,0.33948,0.00000,-0.00000,0.00000,0.00000,23.00,19.00,19.00,-0.0200,0.0000,0.0000,0.0000,0,0
2026-08-25 17:10:42.978229,3452,franka,0.57791,-0.00397,0.33946,0.00000,-0.00000,0.00000,0.00000,23.00,19.00,19.00,0.0000,0.0000,0.0000,0.0000,0,0
2026-08-25 17:10:43.032312,3453,franka,0.57792,-0.00396,0.33947,0.00000,-0.00000,0.00000,0.00000,23.00,19.00,19.00,0.0000,0.0000,0.0000,0.0000,0,0
2026-08-25 17:10:43.085974,3454,franka,0.57792,-0.00396,0.33948,0.00000,-0.00000,0.00000,0.00000,23.00,19.00,19.00,0.0000,0.0000,0.0000,0.0000,0,0
2026-08-25 17:10:43.139697,3455,franka,0.57792,-0.00396,0.33947,0.00000,-0.00000,0.00000,0.00000,23.00,19.00,19.00,0.0000,0.0000,0.0000,0.0000,0,0
2026-08-25 17:10:43.193219,3456,franka,0.57792,-0.00396,0.33947,0.00000,-0.00000,0.00000,0.00000,23.00,19.00,19.00,0.0000,0.0000,0.0000,0.0000,0,0
2026-08-25 17:10:43.246609,3457,franka,0.57792,-0.00396,0.33948,0.00000,-0.00000,0.00000,0.00000,23.00,19.00,19.00,0.0000,0.0000,0.0000,0.0000,0,0
2026-08-25 17:10:43.300570,3458,franka,0.57792,-0.00396,0.33948,0.00000,-0.00000,0.00000,0.00000,23.00,19.00,19.00,0.0000,0.0000,0.0000,0.0000,0,0
2026-08-25 17:10:43.355156,3459,franka,0.57791,-0.00396,0.33947,0.00000,-0.00000,0.00000,0.00000,23.00,19.00,19.00,0.0000,0.0000,0.0000,0.0000,0,0
2026-08-25 17:10:43.408954,3460,franka,0.57792,-0.00396,0.33947,0.00000,-0.00000,0.00000,0.00000,23.00,19.00,19.00,0.0000,0.0000,0.0000,0.0000,0,0
2026-08-25 17:10:43.462584,3461,franka,0.57792,-0.00397,0.33947,0.00000,-0.00000,0.00000,0.00000,23.00,19.00,19.00,0.0000,0.0000,0.0000,0.0000,0,0
2026-08-25 17:10:43.516229,3462,franka,0.57792,-0.00396,0.33947,0.00000,-0.00000,0.00000,0.00000,23.00,19.00,19.00,0.0000,0.0000,0.0000,0.0000,0,0
2026-08-25 17:10:43.570595,3463,franka,0.57792,-0.00396,0.33947,0.00000,-0.00000,0.00000,0.00000,23.00,19.00,19.00,0.0000,0.0000,0.0000,0.0000,0,0
2026-08-25 17:10:43.624249,3464,franka,0.57792,-0.00396,0.33947,0.00000,-0.00000,0.00000,0.00000,23.00,19.00,19.00,-0.0029,0.0000,0.0000,0.0000,0,0
2026-08-25 17:10:43.678026,3465,franka,0.57792,-0.00396,0.33947,0.00000,-0.00000,0.00000,0.00000,23.00,19.00,19.00,-0.0143,0.0000,0.0000,0.0000,0,0
2026-08-25 17:10:43.731880,3466,franka,0.57792,-0.00396,0.33947,0.00000,-0.00000,0.00000,0.00000,23.00,19.00,19.00,-0.0200,0.0000,0.0000,0.0000,0,0
2026-08-25 17:10:43.785750,3467,franka,0.57791,-0.00396,0.33947,0.00000,-0.00000,0.00000,0.00000,23.00,19.00,19.00,-0.0257,0.0000,0.0000,0.0000,0,0
2026-08-25 17:10:43.839325,3468,franka,0.57792,-0.00396,0.33947,0.00000,-0.00000,0.00000,0.00000,23.00,19.00,19.00,-0.0343,0.0000,0.0000,0.0000,0,0
2026-08-25 17:10:43.893058,3469,franka,0.57792,-0.00396,0.33948,0.00000,-0.00000,0.00000,0.00000,23.00,19.00,19.00,-0.0343,0.0000,0.0000,0.0000,0,0
2026-08-25 17:10:43.946735,3470,franka,0.57792,-0.00396,0.33947,0.00000,-0.00000,0.00000,0.00000,23.00,19.00,19.00,-0.0286,0.0000,0.0000,0.0000,0,0
2026-08-25 17:10:44.000662,3471,franka,0.57792,-0.00396,0.33947,0.00000,-0.00000,0.00000,0.00000,23.00,19.00,19.00,-0.0286,0.0000,0.0000,0.0000,0,0
2026-08-25 17:10:44.054332,3472,franka,0.57792,-0.00396,0.33947,0.00000,-0.00000,0.00000,0.00000,23.00,19.00,19.00,-0.0286,0.0000,0.0000,0.0000,0,0
2026-08-25 17:10:44.110216,3473,franka,0.57791,-0.00396,0.33947,0.00000,-0.00000,0.00000,0.00000,23.00,19.00,19.00,-0.0286,0.0000,0.0000,0.0000,0,0
2026-08-25 17:10:44.161221,3474,franka,0.57792,-0.00396,0.33947,0.00000,-0.00000,0.00000,0.00000,23.00,19.00,19.00,-0.0286,0.0000,0.0000,0.0000,0,0
2026-08-25 17:10:44.214722,3475,franka,0.57792,-0.00396,0.33947,0.00000,-0.00000,0.00000,0.00000,23.00,19.00,19.00,-0.0314,0.0000,0.0000,0.0000,0,0
2026-08-25 17:10:44.268605,3476,franka,0.57792,-0.00396,0.33948,0.00000,-0.00000,0.00000,0.00000,23.00,19.00,19.00,-0.0314,0.0000,0.0000,0.0000,0,0
2026-08-25 17:10:44.322868,3477,franka,0.57792,-0.00396,0.33947,0.00000,-0.00000,0.00000,0.00000,23.00,19.00,19.00,-0.0314,0.0000,0.0000,0.0000,0,0
2026-08-25 17:10:44.376519,3478,franka,0.57791,-0.00396,0.33947,0.00000,-0.00000,0.00000,0.00000,23.00,19.00,19.00,-0.0314,0.0000,0.0000,0.0000,0,0
2026-08-25 17:10:44.430835,3479,franka,0.57792,-0.00396,0.33947,0.00000,-0.00000,0.00000,0.00000,23.00,19.00,19.00,-0.0314,0.0000,0.0000,0.0000,0,0
2026-08-25 17:10:44.484416,3480,franka,0.57792,-0.00396,0.33947,0.00000,-0.00000,0.00000,0.00000,23.00,19.00,19.00,-0.0343,0.0000,0.0000,0.0000,0,0
2026-08-25 17:10:44.537981,3481,franka,0.57792,-0.00396,0.33947,0.00000,-0.00000,0.00000,0.00000,23.00,19.00,19.00,-0.0314,0.0000,0.0000,0.0000,0,0
2026-08-25 17:10:44.591634,3482,franka,0.57792,-0.00396,0.33947,0.00000,-0.00000,0.00000,0.00000,23.00,19.00,19.00,-0.0314,0.0000,0.0000,0.0000,0,0
2026-08-25 17:10:44.645326,3483,franka,0.57792,-0.00396,0.33947,0.00000,-0.00000,0.00000,0.00000,23.00,19.00,19.00,-0.0343,0.0000,0.0000,0.0000,0,0
2026-08-25 17:10:44.698956,3484,franka,0.57792,-0.00396,0.33947,0.00000,-0.00000,0.00000,0.00000,23.00,19.00,19.00,-0.0314,0.0000,0.0000,0.0000,0,0
2026-08-25 17:10:44.752554,3485,franka,0.57792,-0.00396,0.33948,0.00000,-0.00000,0.00000,0.00000,23.00,19.00,19.00,-0.0286,0.0000,0.0000,0.0000,0,0
2026-08-25 17:10:44.806246,3486,franka,0.57792,-0.00396,0.33947,0.00000,-0.00000,0.00000,0.00000,23.00,19.00,19.00,-0.0286,0.0000,0.0000,0.0000,0,0
2026-08-25 17:10:44.859774,3487,franka,0.57792,-0.00396,0.33947,0.00000,-0.00000,0.00000,0.00000,23.00,19.00,19.00,-0.0314,0.0000,0.0000,0.0000,0,0
2026-08-25 17:10:44.913661,3488,franka,0.57792,-0.00396,0.33947,0.00000,-0.00000,0.00000,0.00000,23.00,19.00,19.00,-0.0314,0.0000,0.0000,0.0000,0,0
2026-08-25 17:10:44.967756,3489,franka,0.57792,-0.00396,0.33948,0.00000,-0.00000,0.00000,0.00000,23.00,19.00,19.00,-0.0314,0.0000,0.0000,0.0000,0,0
2026-08-25 17:10:45.021679,3490,franka,0.57792,-0.00396,0.33947,0.00000,-0.00000,0.00000,0.00000,23.00,19.00,19.00,-0.0343,0.0000,0.0000,0.0000,0,0
2026-08-25 17:10:45.076201,3491,franka,0.57792,-0.00396,0.33948,0.00000,-0.00000,0.00000,0.00000,23.00,19.00,19.00,-0.0314,0.0000,0.0000,0.0000,0,0
2026-08-25 17:10:45.129904,3492,franka,0.57792,-0.00396,0.33947,0.00000,-0.00000,0.00000,0.00000,23.00,19.00,19.00,-0.0286,0.0000,0.0000,0.0000,0,0
2026-08-25 17:10:45.183792,3493,franka,0.57792,-0.00396,0.33947,0.00000,-0.00000,0.00000,0.00000,23.00,19.00,19.00,-0.0229,0.0000,0.0000,0.0000,0,0
2026-08-25 17:10:45.237572,3494,franka,0.57792,-0.00396,0.33947,0.00000,-0.00000,0.00000,0.00000,23.00,19.00,19.00,-0.0200,0.0000,0.0000,0.0000,0,0
2026-08-25 17:10:45.291162,3495,franka,0.57791,-0.00396,0.33947,0.00000,-0.00000,0.00000,0.00000,23.00,19.00,19.00,-0.0229,0.0000,0.0000,0.0000,0,0
2026-08-25 17:10:45.345425,3496,franka,0.57792,-0.00396,0.33947,0.00000,-0.00000,0.00000,0.00000,23.00,19.00,19.00,-0.0200,0.0000,0.0000,0.0000,0,0
2026-08-25 17:10:45.395453,3497,franka,0.57792,-0.00397,0.33947,0.00000,-0.00000,0.00000,0.00000,23.00,19.00,19.00,-0.0257,0.0000,0.0000,0.0000,1,0
2026-08-25 17:10:45.450117,3498,flowbot,0.57792,-0.00396,0.33947,0.00000,-0.00000,0.00000,0.00000,23.00,19.00,19.00,-0.0257,0.0000,0.0000,0.0000,1,0
2026-08-25 17:10:45.506462,3499,flowbot,0.57792,-0.00396,0.33947,0.00000,-0.00000,0.00000,0.00000,23.00,19.00,19.00,-0.0257,0.0000,0.0000,0.0000,1,0
2026-08-25 17:10:45.558870,3500,flowbot,0.57792,-0.00396,0.33947,0.00000,-0.00000,0.00000,0.00000,23.00,19.00,19.00,-0.0257,0.0000,0.0000,0.0000,1,0
2026-08-25 17:10:45.610866,3501,flowbot,0.57792,-0.00396,0.33947,0.00000,-0.00000,0.00000,0.00000,23.00,19.00,19.00,-0.0257,0.0000,0.0000,0.0000,1,0
2026-08-25 17:10:45.665943,3502,flowbot,0.57792,-0.00396,0.33947,0.00000,-0.00000,0.00000,0.00000,23.00,19.00,19.00,-0.0257,0.0000,0.0000,0.0000,1,0
2026-08-25 17:10:45.719462,3503,flowbot,0.57792,-0.00396,0.33947,0.00000,-0.00000,0.00000,0.00000,23.00,19.00,19.00,-0.0257,0.0000,0.0000,0.0000,1,0
2026-08-25 17:10:45.777010,3504,flowbot,0.57792,-0.00396,0.33947,0.00000,-0.00000,0.00000,0.00000,23.00,19.00,19.00,-0.0257,0.0000,0.0000,0.0000,1,0
2026-08-25 17:10:45.828495,3505,flowbot,0.57792,-0.00396,0.33947,0.00000,-0.00000,0.00000,0.00000,23.00,19.00,19.00,-0.0257,0.0000,0.0000,0.0000,1,0
2026-08-25 17:10:45.880952,3506,flowbot,0.57792,-0.00396,0.33947,0.00000,-0.00000,0.00000,0.00000,23.00,19.00,19.00,-0.0257,0.0000,0.0000,0.0000,1,0
2026-08-25 17:10:45.932505,3507,flowbot,0.57792,-0.00396,0.33947,0.00000,-0.00000,0.00000,0.00000,23.00,19.00,19.00,-0.1029,0.0000,0.0000,0.0000,0,0
2026-08-25 17:10:45.985398,3508,flowbot,0.57792,-0.00396,0.33947,0.00000,-0.00000,0.00000,0.00000,23.00,19.00,19.00,-0.1029,0.0000,0.0000,0.0000,0,0
2026-08-25 17:10:46.040699,3509,flowbot,0.57792,-0.00396,0.33947,0.00000,-0.00000,0.00000,0.00000,23.00,19.00,19.00,-0.1029,0.0000,0.0000,0.0000,0,0
2026-08-25 17:10:46.096469,3510,flowbot,0.57792,-0.00396,0.33947,0.00000,-0.00000,0.00000,0.00000,23.00,19.00,19.00,-0.1029,0.0000,0.0000,0.0000,0,0
2026-08-25 17:10:46.144657,3511,flowbot,0.57792,-0.00396,0.33947,0.00000,-0.00000,0.00000,0.00000,23.00,19.00,19.00,-0.1029,0.0000,0.0000,0.0000,0,0
2026-08-25 17:10:46.193537,3512,flowbot,0.57792,-0.00396,0.33947,0.00000,-0.00000,0.00000,0.00000,23.00,19.00,19.00,0.0000,0.0000,0.0000,0.0000,0,0
2026-08-25 17:10:46.246208,3513,flowbot,0.57792,-0.00396,0.33947,0.00000,-0.00000,0.00000,0.00000,23.00,19.00,19.00,0.0000,0.0000,0.0000,0.0000,0,0
2026-08-25 17:10:46.298356,3514,flowbot,0.57792,-0.00396,0.33947,0.00000,-0.00000,0.00000,0.00000,23.00,19.00,19.00,0.0000,0.0000,0.0000,0.0000,0,0
2026-08-25 17:10:46.357504,3515,flowbot,0.57792,-0.00396,0.33947,0.00000,-0.00000,0.00000,0.00000,23.00,19.00,19.00,0.0000,0.0000,0.0000,0.0000,0,0
2026-08-25 17:10:46.405655,3516,flowbot,0.57792,-0.00396,0.33947,0.00000,-0.00000,0.00000,0.00000,23.00,19.00,19.00,0.0000,0.0000,0.0000,0.0000,0,0
2026-08-25 17:10:46.463946,3517,flowbot,0.57792,-0.00396,0.33947,0.00000,-0.00000,0.00000,0.00000,23.00,19.00,19.00,0.0000,0.0000,0.0000,0.0000,0,0
2026-08-25 17:10:46.513337,3518,flowbot,0.57792,-0.00396,0.33947,0.00000,-0.00000,0.00000,0.00000,23.00,19.00,19.00,0.0000,0.0000,0.0000,0.0000,0,0
2026-08-25 17:10:46.567423,3519,flowbot,0.57792,-0.00396,0.33947,0.00000,-0.00000,0.00000,0.00000,23.00,19.00,19.00,0.0000,0.0000,0.0000,0.0000,0,0
2026-08-25 17:10:46.616856,3520,flowbot,0.57792,-0.00396,0.33947,0.00000,-0.00000,0.00000,0.00000,23.00,19.00,19.00,0.0000,0.0000,0.0000,0.0000,0,0
2026-08-25 17:10:46.669743,3521,flowbot,0.57792,-0.00396,0.33947,0.00000,-0.00000,0.00000,0.00000,24.00,19.00,19.00,1.1143,0.0000,0.0000,0.0000,0,0
2026-08-25 17:10:46.726543,3522,flowbot,0.57792,-0.00396,0.33947,0.00000,-0.00000,0.00000,0.00000,24.00,19.00,19.00,1.1143,0.0000,0.0000,0.0000,0,0
2026-08-25 17:10:46.777028,3523,flowbot,0.57792,-0.00396,0.33947,0.00000,-0.00000,0.00000,0.00000,24.00,19.00,19.00,1.1143,0.0000,0.0000,0.0000,0,0
2026-08-25 17:10:46.827288,3524,flowbot,0.57792,-0.00396,0.33947,0.00000,-0.00000,0.00000,0.00000,24.00,19.00,19.00,1.1143,0.0000,0.0000,0.0000,0,0
2026-08-25 17:10:46.876305,3525,flowbot,0.57792,-0.00396,0.33947,0.00000,-0.00000,0.00000,0.00000,24.00,19.00,19.00,0.6971,0.1400,0.0000,0.0000,0,0
2026-08-25 17:10:46.927889,3526,flowbot,0.57792,-0.00396,0.33947,0.00000,-0.00000,0.00000,0.00000,24.00,19.00,19.00,0.6971,0.1400,0.0000,0.0000,0,0
2026-08-25 17:10:46.979423,3527,flowbot,0.57792,-0.00396,0.33947,0.00000,-0.00000,0.00000,0.00000,24.00,19.00,19.00,0.6971,0.1400,0.0000,0.0000,0,0
2026-08-25 17:10:47.032856,3528,flowbot,0.57792,-0.00396,0.33947,0.00000,-0.00000,0.00000,0.00000,24.00,19.00,19.00,0.6971,0.1400,0.0000,0.0000,0,0
2026-08-25 17:10:47.085483,3529,flowbot,0.57792,-0.00396,0.33947,0.00000,-0.00000,0.00000,0.00000,24.00,19.00,19.00,0.6971,0.1400,0.0000,0.0000,0,0
2026-08-25 17:10:47.143730,3530,flowbot,0.57792,-0.00396,0.33947,0.00000,-0.00000,0.00000,0.00000,24.00,18.00,18.00,0.2629,0.1857,-0.3514,0.0000,0,0
2026-08-25 17:10:47.202863,3531,flowbot,0.57792,-0.00396,0.33947,0.00000,-0.00000,0.00000,0.00000,24.00,18.00,18.00,0.2629,0.1857,-0.3514,0.0000,0,0
2026-08-25 17:10:47.245555,3532,flowbot,0.57792,-0.00396,0.33947,0.00000,-0.00000,0.00000,0.00000,24.00,18.00,18.00,0.2629,0.1857,-0.3514,0.0000,0,0
2026-08-25 17:10:47.297200,3533,flowbot,0.57792,-0.00396,0.33947,0.00000,-0.00000,0.00000,0.00000,24.00,18.00,18.00,0.2629,0.1857,-0.3514,0.0000,0,0
2026-08-25 17:10:47.347983,3534,flowbot,0.57792,-0.00396,0.33947,0.00000,-0.00000,0.00000,0.00000,24.00,18.00,17.00,0.7171,0.0000,-0.4543,0.0000,0,0
2026-08-25 17:10:47.405050,3535,flowbot,0.57792,-0.00396,0.33947,0.00000,-0.00000,0.00000,0.00000,24.00,18.00,17.00,0.7171,0.0000,-0.4543,0.0000,0,0
2026-08-25 17:10:47.456979,3536,flowbot,0.57792,-0.00396,0.33947,0.00000,-0.00000,0.00000,0.00000,24.00,18.00,17.00,0.7171,0.0000,-0.4543,0.0000,0,0
2026-08-25 17:10:47.514818,3537,flowbot,0.57792,-0.00396,0.33947,0.00000,-0.00000,0.00000,0.00000,24.00,18.00,17.00,0.7171,0.0000,-0.4543,0.0000,0,0
2026-08-25 17:10:47.563950,3538,flowbot,0.57792,-0.00396,0.33947,0.00000,-0.00000,0.00000,0.00000,25.00,18.00,17.00,0.8800,0.0000,0.1343,0.0000,0,0
2026-08-25 17:10:47.620841,3539,flowbot,0.57792,-0.00396,0.33947,0.00000,-0.00000,0.00000,0.00000,25.00,18.00,17.00,0.8800,0.0000,0.1343,0.0000,0,0
2026-08-25 17:10:47.675429,3540,flowbot,0.57792,-0.00396,0.33947,0.00000,-0.00000,0.00000,0.00000,25.00,18.00,17.00,0.8800,0.0000,0.1343,0.0000,0,0
2026-08-25 17:10:47.729365,3541,flowbot,0.57792,-0.00396,0.33947,0.00000,-0.00000,0.00000,0.00000,25.00,18.00,17.00,0.8800,0.0000,0.1343,0.0000,0,0
2026-08-25 17:10:47.780926,3542,flowbot,0.57792,-0.00396,0.33947,0.00000,-0.00000,0.00000,0.00000,26.00,18.00,18.00,0.4914,0.0000,0.4429,0.0000,0,0
2026-08-25 17:10:47.835864,3543,flowbot,0.57792,-0.00396,0.33947,0.00000,-0.00000,0.00000,0.00000,26.00,18.00,18.00,0.4914,0.0000,0.4429,0.0000,0,0
2026-08-25 17:10:47.888132,3544,flowbot,0.57792,-0.00396,0.33947,0.00000,-0.00000,0.00000,0.00000,26.00,18.00,18.00,0.4914,0.0000,0.4429,0.0000,0,0
2026-08-25 17:10:47.941465,3545,flowbot,0.57792,-0.00396,0.33947,0.00000,-0.00000,0.00000,0.00000,26.00,18.00,18.00,0.4914,0.0000,0.4429,0.0000,0,0
2026-08-25 17:10:47.993668,3546,flowbot,0.57792,-0.00396,0.33947,0.00000,-0.00000,0.00000,0.00000,25.00,17.00,17.00,0.1857,0.0000,-0.8743,0.0000,0,0
2026-08-25 17:10:48.046794,3547,flowbot,0.57792,-0.00396,0.33947,0.00000,-0.00000,0.00000,0.00000,25.00,17.00,17.00,0.1857,0.0000,-0.8743,0.0000,0,0
2026-08-25 17:10:48.098280,3548,flowbot,0.57792,-0.00396,0.33947,0.00000,-0.00000,0.00000,0.00000,25.00,17.00,17.00,0.1857,0.0000,-0.8743,0.0000,0,0
2026-08-25 17:10:48.154221,3549,flowbot,0.57792,-0.00396,0.33947,0.00000,-0.00000,0.00000,0.00000,25.00,17.00,17.00,0.1857,0.0000,-0.8743,0.0000,0,0
2026-08-25 17:10:48.205956,3550,flowbot,0.57792,-0.00396,0.33947,0.00000,-0.00000,0.00000,0.00000,24.00,16.00,15.00,0.1657,0.0000,-0.9486,0.0000,0,0
2026-08-25 17:10:48.262724,3551,flowbot,0.57792,-0.00396,0.33947,0.00000,-0.00000,0.00000,0.00000,24.00,16.00,15.00,0.1657,0.0000,-0.9486,0.0000,0,0
2026-08-25 17:10:48.314494,3552,flowbot,0.57792,-0.00396,0.33947,0.00000,-0.00000,0.00000,0.00000,24.00,16.00,15.00,0.1657,0.0000,-0.9486,0.0000,0,0
2026-08-25 17:10:48.370160,3553,flowbot,0.57792,-0.00396,0.33947,0.00000,-0.00000,0.00000,0.00000,24.00,16.00,15.00,0.1657,0.0000,-0.9486,0.0000,0,0
2026-08-25 17:10:48.420451,3554,flowbot,0.57792,-0.00396,0.33947,0.00000,-0.00000,0.00000,0.00000,24.00,15.00,15.00,0.2686,-0.2514,-0.1714,0.0000,0,0
2026-08-25 17:10:48.475741,3555,flowbot,0.57792,-0.00396,0.33947,0.00000,-0.00000,0.00000,0.00000,24.00,15.00,15.00,0.2686,-0.2514,-0.1714,0.0000,0,0
2026-08-25 17:10:48.526031,3556,flowbot,0.57792,-0.00396,0.33947,0.00000,-0.00000,0.00000,0.00000,24.00,15.00,15.00,0.2686,-0.2514,-0.1714,0.0000,0,0
2026-08-25 17:10:48.580062,3557,flowbot,0.57792,-0.00396,0.33947,0.00000,-0.00000,0.00000,0.00000,24.00,15.00,15.00,0.2686,-0.2514,-0.1714,0.0000,0,0
2026-08-25 17:10:48.628750,3558,flowbot,0.57792,-0.00396,0.33947,0.00000,-0.00000,0.00000,0.00000,25.00,15.00,15.00,1.1543,-0.3629,0.0000,0.0000,0,0
2026-08-25 17:10:48.682729,3559,flowbot,0.57792,-0.00396,0.33947,0.00000,-0.00000,0.00000,0.00000,25.00,15.00,15.00,1.1543,-0.3629,0.0000,0.0000,0,0
2026-08-25 17:10:48.730724,3560,flowbot,0.57792,-0.00396,0.33947,0.00000,-0.00000,0.00000,0.00000,25.00,15.00,15.00,1.1543,-0.3629,0.0000,0.0000,0,0
2026-08-25 17:10:48.782566,3561,flowbot,0.57792,-0.00396,0.33947,0.00000,-0.00000,0.00000,0.00000,25.00,15.00,15.00,1.1543,-0.3629,0.0000,0.0000,0,0
2026-08-25 17:10:48.834230,3562,flowbot,0.57792,-0.00396,0.33947,0.00000,-0.00000,0.00000,0.00000,26.00,15.00,15.00,1.0714,-0.3857,0.0000,0.0000,0,0
2026-08-25 17:10:48.886501,3563,flowbot,0.57792,-0.00396,0.33947,0.00000,-0.00000,0.00000,0.00000,26.00,15.00,15.00,1.0714,-0.3857,0.0000,0.0000,0,0
2026-08-25 17:10:48.942123,3564,flowbot,0.57792,-0.00396,0.33947,0.00000,-0.00000,0.00000,0.00000,26.00,15.00,15.00,1.0714,-0.3857,0.0000,0.0000,0,0
2026-08-25 17:10:48.995234,3565,flowbot,0.57792,-0.00396,0.33947,0.00000,-0.00000,0.00000,0.00000,26.00,15.00,15.00,1.0714,-0.3857,0.0000,0.0000,0,0
2026-08-25 17:10:49.048221,3566,flowbot,0.57792,-0.00396,0.33947,0.00000,-0.00000,0.00000,0.00000,25.00,14.00,15.00,0.0000,0.0000,-0.4171,0.0000,0,0
2026-08-25 17:10:49.100655,3567,flowbot,0.57792,-0.00396,0.33947,0.00000,-0.00000,0.00000,0.00000,25.00,14.00,15.00,0.0000,0.0000,-0.4171,0.0000,0,0
2026-08-25 17:10:49.153003,3568,flowbot,0.57792,-0.00396,0.33947,0.00000,-0.00000,0.00000,0.00000,25.00,14.00,15.00,0.0000,0.0000,-0.4171,0.0000,0,0
2026-08-25 17:10:49.203831,3569,flowbot,0.57792,-0.00396,0.33947,0.00000,-0.00000,0.00000,0.00000,25.00,14.00,15.00,0.0000,0.0000,-0.4171,0.0000,0,0
2026-08-25 17:10:49.253929,3570,flowbot,0.57792,-0.00396,0.33947,0.00000,-0.00000,0.00000,0.00000,25.00,14.00,15.00,0.0000,0.0000,-0.4171,0.0000,0,0
2026-08-25 17:10:49.306079,3571,flowbot,0.57792,-0.00396,0.33947,0.00000,-0.00000,0.00000,0.00000,24.00,13.00,14.00,0.0000,0.0000,-0.7657,0.0000,0,0
2026-08-25 17:10:49.363168,3572,flowbot,0.57792,-0.00396,0.33947,0.00000,-0.00000,0.00000,0.00000,24.00,13.00,14.00,0.0000,0.0000,-0.7657,0.0000,0,0
2026-08-25 17:10:49.406751,3573,flowbot,0.57792,-0.00396,0.33947,0.00000,-0.00000,0.00000,0.00000,24.00,13.00,14.00,0.0000,0.0000,-0.7657,0.0000,0,0
2026-08-25 17:10:49.460243,3574,flowbot,0.57792,-0.00396,0.33947,0.00000,-0.00000,0.00000,0.00000,24.00,13.00,14.00,0.0000,0.0000,-0.7657,0.0000,0,0
2026-08-25 17:10:49.519949,3575,flowbot,0.57792,-0.00396,0.33947,0.00000,-0.00000,0.00000,0.00000,23.00,12.00,13.00,0.2114,-0.1343,-0.5686,0.0000,0,0
2026-08-25 17:10:49.565166,3576,flowbot,0.57792,-0.00396,0.33947,0.00000,-0.00000,0.00000,0.00000,23.00,12.00,13.00,0.2114,-0.1343,-0.5686,0.0000,0,0
2026-08-25 17:10:49.620745,3577,flowbot,0.57792,-0.00396,0.33947,0.00000,-0.00000,0.00000,0.00000,23.00,12.00,13.00,0.2114,-0.1343,-0.5686,0.0000,0,0
2026-08-25 17:10:49.674597,3578,flowbot,0.57792,-0.00396,0.33947,0.00000,-0.00000,0.00000,0.00000,23.00,12.00,13.00,0.2114,-0.1343,-0.5686,0.0000,0,0
2026-08-25 17:10:49.729008,3579,flowbot,0.57792,-0.00396,0.33947,0.00000,-0.00000,0.00000,0.00000,24.00,11.00,13.00,0.8057,-0.4429,-0.3029,0.0000,0,0
2026-08-25 17:10:49.780347,3580,flowbot,0.57792,-0.00396,0.33947,0.00000,-0.00000,0.00000,0.00000,24.00,11.00,13.00,0.8057,-0.4429,-0.3029,0.0000,0,0
2026-08-25 17:10:49.835846,3581,flowbot,0.57792,-0.00396,0.33947,0.00000,-0.00000,0.00000,0.00000,24.00,11.00,13.00,0.8057,-0.4429,-0.3029,0.0000,0,0
2026-08-25 17:10:49.887204,3582,flowbot,0.57792,-0.00396,0.33947,0.00000,-0.00000,0.00000,0.00000,24.00,11.00,13.00,0.8057,-0.4429,-0.3029,0.0000,0,0
2026-08-25 17:10:49.938391,3583,flowbot,0.57792,-0.00396,0.33947,0.00000,-0.00000,0.00000,0.00000,24.00,11.00,12.00,0.7143,-0.2914,-0.2800,0.0000,0,0
2026-08-25 17:10:49.993288,3584,flowbot,0.57792,-0.00396,0.33947,0.00000,-0.00000,0.00000,0.00000,24.00,11.00,12.00,0.7143,-0.2914,-0.2800,0.0000,0,0
2026-08-25 17:10:50.047546,3585,flowbot,0.57792,-0.00396,0.33947,0.00000,-0.00000,0.00000,0.00000,24.00,11.00,12.00,0.7143,-0.2914,-0.2800,0.0000,0,0
2026-08-25 17:10:50.101187,3586,flowbot,0.57792,-0.00396,0.33947,0.00000,-0.00000,0.00000,0.00000,24.00,11.00,12.00,0.7143,-0.2914,-0.2800,0.0000,0,0
2026-08-25 17:10:50.153332,3587,flowbot,0.57792,-0.00396,0.33947,0.00000,-0.00000,0.00000,0.00000,23.00,10.00,11.00,0.0000,0.0000,-0.6943,0.0000,0,0
2026-08-25 17:10:50.205122,3588,flowbot,0.57792,-0.00396,0.33947,0.00000,-0.00000,0.00000,0.00000,23.00,10.00,11.00,0.0000,0.0000,-0.6943,0.0000,0,0
2026-08-25 17:10:50.259768,3589,flowbot,0.57792,-0.00396,0.33947,0.00000,-0.00000,0.00000,0.00000,23.00,10.00,11.00,0.0000,0.0000,-0.6943,0.0000,0,0
2026-08-25 17:10:50.311849,3590,flowbot,0.57792,-0.00396,0.33947,0.00000,-0.00000,0.00000,0.00000,23.00,10.00,11.00,0.0000,0.0000,-0.6943,0.0000,0,0
2026-08-25 17:10:50.362320,3591,flowbot,0.57792,-0.00396,0.33947,0.00000,-0.00000,0.00000,0.00000,22.00,9.00,10.00,0.0000,0.0000,-0.6943,0.0000,0,0
2026-08-25 17:10:50.418119,3592,flowbot,0.57792,-0.00396,0.33947,0.00000,-0.00000,0.00000,0.00000,22.00,9.00,10.00,0.0000,0.0000,-0.6943,0.0000,0,0
2026-08-25 17:10:50.470030,3593,flowbot,0.57792,-0.00396,0.33947,0.00000,-0.00000,0.00000,0.00000,22.00,9.00,10.00,0.0000,0.0000,-0.6943,0.0000,0,0
2026-08-25 17:10:50.525308,3594,flowbot,0.57792,-0.00396,0.33947,0.00000,-0.00000,0.00000,0.00000,22.00,9.00,10.00,0.0000,0.0000,-0.6943,0.0000,0,0
2026-08-25 17:10:50.577286,3595,flowbot,0.57792,-0.00396,0.33947,0.00000,-0.00000,0.00000,0.00000,21.00,7.00,10.00,0.0000,-0.1571,-0.5943,0.0000,0,0
2026-08-25 17:10:50.631104,3596,flowbot,0.57792,-0.00396,0.33947,0.00000,-0.00000,0.00000,0.00000,21.00,7.00,10.00,0.0000,-0.1571,-0.5943,0.0000,0,0
2026-08-25 17:10:50.682755,3597,flowbot,0.57792,-0.00396,0.33947,0.00000,-0.00000,0.00000,0.00000,21.00,7.00,10.00,0.0000,-0.1571,-0.5943,0.0000,0,0
2026-08-25 17:10:50.733566,3598,flowbot,0.57792,-0.00396,0.33947,0.00000,-0.00000,0.00000,0.00000,21.00,7.00,10.00,0.0000,-0.1571,-0.5943,0.0000,0,0
2026-08-25 17:10:50.783539,3599,flowbot,0.57792,-0.00396,0.33947,0.00000,-0.00000,0.00000,0.00000,22.00,7.00,10.00,0.6886,-0.4057,-0.1971,0.0000,0,0
2026-08-25 17:10:50.836770,3600,flowbot,0.57792,-0.00396,0.33947,0.00000,-0.00000,0.00000,0.00000,22.00,7.00,10.00,0.6886,-0.4057,-0.1971,0.0000,0,0
2026-08-25 17:10:50.890446,3601,flowbot,0.57792,-0.00396,0.33947,0.00000,-0.00000,0.00000,0.00000,22.00,7.00,10.00,0.6886,-0.4057,-0.1971,0.0000,0,0
2026-08-25 17:10:50.945209,3602,flowbot,0.57792,-0.00396,0.33947,0.00000,-0.00000,0.00000,0.00000,22.00,7.00,10.00,0.6886,-0.4057,-0.1971,0.0000,0,0
2026-08-25 17:10:50.992902,3603,flowbot,0.57792,-0.00396,0.33947,0.00000,-0.00000,0.00000,0.00000,22.00,7.00,10.00,0.0000,0.0000,0.0000,0.0000,0,0
2026-08-25 17:10:51.048376,3604,flowbot,0.57792,-0.00396,0.33947,0.00000,-0.00000,0.00000,0.00000,22.00,7.00,10.00,0.0000,0.0000,0.0000,0.0000,0,0
2026-08-25 17:10:51.096780,3605,flowbot,0.57792,-0.00396,0.33947,0.00000,-0.00000,0.00000,0.00000,22.00,7.00,10.00,0.0000,0.0000,0.0000,0.0000,0,0
2026-08-25 17:10:51.152854,3606,flowbot,0.57792,-0.00396,0.33947,0.00000,-0.00000,0.00000,0.00000,22.00,7.00,10.00,0.0000,0.0000,0.0000,0.0000,0,0
2026-08-25 17:10:51.201779,3607,flowbot,0.57792,-0.00396,0.33947,0.00000,-0.00000,0.00000,0.00000,22.00,7.00,10.00,0.0000,0.0000,0.0000,0.0000,0,0
2026-08-25 17:10:51.254978,3608,flowbot,0.57792,-0.00396,0.33947,0.00000,-0.00000,0.00000,0.00000,22.00,7.00,10.00,0.0000,0.0000,0.0000,0.0000,0,0
2026-08-25 17:10:51.307378,3609,flowbot,0.57792,-0.00396,0.33947,0.00000,-0.00000,0.00000,0.00000,22.00,7.00,10.00,0.0000,0.0000,0.0000,0.0000,0,0
2026-08-25 17:10:51.357356,3610,flowbot,0.57792,-0.00396,0.33947,0.00000,-0.00000,0.00000,0.00000,22.00,7.00,10.00,0.0000,0.0000,0.0000,0.0000,0,0
2026-08-25 17:10:51.410211,3611,flowbot,0.57792,-0.00396,0.33947,0.00000,-0.00000,0.00000,0.00000,22.00,7.00,10.00,0.0000,0.0000,0.0000,0.0000,0,0
2026-08-25 17:10:51.463238,3612,flowbot,0.57792,-0.00396,0.33947,0.00000,-0.00000,0.00000,0.00000,22.00,7.00,10.00,0.0000,0.0000,0.0000,0.0000,0,0
2026-08-25 17:10:51.519463,3613,flowbot,0.57792,-0.00396,0.33947,0.00000,-0.00000,0.00000,0.00000,22.00,7.00,10.00,0.0000,0.0000,0.0000,0.0000,0,0
2026-08-25 17:10:51.568594,3614,flowbot,0.57792,-0.00396,0.33947,0.00000,-0.00000,0.00000,0.00000,22.00,7.00,10.00,0.0000,0.0000,0.0000,0.0000,0,0
2026-08-25 17:10:51.618154,3615,flowbot,0.57792,-0.00396,0.33947,0.00000,-0.00000,0.00000,0.00000,22.00,7.00,10.00,0.0000,0.0000,0.0000,0.0000,0,0
2026-08-25 17:10:51.673951,3616,flowbot,0.57792,-0.00396,0.33947,0.00000,-0.00000,0.00000,0.00000,22.00,7.00,10.00,0.0000,0.0000,0.0000,0.0000,0,0
2026-08-25 17:10:51.733658,3617,flowbot,0.57792,-0.00396,0.33947,0.00000,-0.00000,0.00000,0.00000,22.00,7.00,10.00,0.0000,0.0000,0.0000,0.0000,0,0
2026-08-25 17:10:51.789442,3618,flowbot,0.57792,-0.00396,0.33947,0.00000,-0.00000,0.00000,0.00000,22.00,7.00,10.00,0.0000,0.0000,0.0000,0.0000,0,0
2026-08-25 17:10:51.839620,3619,flowbot,0.57792,-0.00396,0.33947,0.00000,-0.00000,0.00000,0.00000,22.00,7.00,10.00,0.0000,0.0000,0.0000,0.0000,0,0
2026-08-25 17:10:51.895508,3620,flowbot,0.57792,-0.00396,0.33947,0.00000,-0.00000,0.00000,0.00000,21.00,6.00,9.00,0.0000,0.0000,-0.4257,0.0000,0,0
2026-08-25 17:10:51.947295,3621,flowbot,0.57792,-0.00396,0.33947,0.00000,-0.00000,0.00000,0.00000,21.00,6.00,9.00,0.0000,0.0000,-0.4257,0.0000,0,0
2026-08-25 17:10:51.999281,3622,flowbot,0.57792,-0.00396,0.33947,0.00000,-0.00000,0.00000,0.00000,21.00,6.00,9.00,0.0000,0.0000,-0.4257,0.0000,0,0
2026-08-25 17:10:52.049755,3623,flowbot,0.57792,-0.00396,0.33947,0.00000,-0.00000,0.00000,0.00000,20.00,5.00,8.00,-0.1657,0.1143,-0.7143,0.0000,0,0
2026-08-25 17:10:52.105488,3624,flowbot,0.57792,-0.00396,0.33947,0.00000,-0.00000,0.00000,0.00000,20.00,5.00,8.00,-0.1657,0.1143,-0.7143,0.0000,0,0
2026-08-25 17:10:52.158123,3625,flowbot,0.57792,-0.00396,0.33947,0.00000,-0.00000,0.00000,0.00000,20.00,5.00,8.00,-0.1657,0.1143,-0.7143,0.0000,0,0
2026-08-25 17:10:52.212148,3626,flowbot,0.57792,-0.00396,0.33947,0.00000,-0.00000,0.00000,0.00000,20.00,5.00,8.00,-0.1657,0.1143,-0.7143,0.0000,0,0
2026-08-25 17:10:52.266831,3627,flowbot,0.57792,-0.00396,0.33947,0.00000,-0.00000,0.00000,0.00000,20.00,5.00,8.00,-0.1657,0.1143,-0.7143,0.0000,0,0
2026-08-25 17:10:52.325214,3628,flowbot,0.57792,-0.00396,0.33947,0.00000,-0.00000,0.00000,0.00000,19.00,4.00,7.00,0.0000,0.0000,-0.6914,0.0000,0,0
2026-08-25 17:10:52.375750,3629,flowbot,0.57792,-0.00396,0.33947,0.00000,-0.00000,0.00000,0.00000,19.00,4.00,7.00,0.0000,0.0000,-0.6914,0.0000,0,0
2026-08-25 17:10:52.430146,3630,flowbot,0.57792,-0.00396,0.33947,0.00000,-0.00000,0.00000,0.00000,19.00,4.00,7.00,0.0000,0.0000,-0.6914,0.0000,0,0
2026-08-25 17:10:52.481756,3631,flowbot,0.57792,-0.00396,0.33947,0.00000,-0.00000,0.00000,0.00000,19.00,4.00,7.00,0.0000,0.0000,-0.6914,0.0000,0,0
2026-08-25 17:10:52.533925,3632,flowbot,0.57792,-0.00396,0.33947,0.00000,-0.00000,0.00000,0.00000,20.00,4.00,7.00,0.2886,-0.2886,0.0000,0.0000,0,0
2026-08-25 17:10:52.585866,3633,flowbot,0.57792,-0.00396,0.33947,0.00000,-0.00000,0.00000,0.00000,20.00,4.00,7.00,0.2886,-0.2886,0.0000,0.0000,0,0
2026-08-25 17:10:52.639507,3634,flowbot,0.57792,-0.00396,0.33947,0.00000,-0.00000,0.00000,0.00000,20.00,4.00,7.00,0.2886,-0.2886,0.0000,0.0000,0,0
2026-08-25 17:10:52.688301,3635,flowbot,0.57792,-0.00396,0.33947,0.00000,-0.00000,0.00000,0.00000,20.00,4.00,7.00,0.2886,-0.2886,0.0000,0.0000,0,0
2026-08-25 17:10:52.739448,3636,flowbot,0.57792,-0.00396,0.33947,0.00000,-0.00000,0.00000,0.00000,21.00,4.00,8.00,0.8286,-0.3857,0.2343,0.0000,0,0
2026-08-25 17:10:52.791579,3637,flowbot,0.57792,-0.00396,0.33947,0.00000,-0.00000,0.00000,0.00000,21.00,4.00,8.00,0.8286,-0.3857,0.2343,0.0000,0,0
2026-08-25 17:10:52.846157,3638,flowbot,0.57792,-0.00396,0.33947,0.00000,-0.00000,0.00000,0.00000,21.00,4.00,8.00,0.8286,-0.3857,0.2343,0.0000,0,0
2026-08-25 17:10:52.897045,3639,flowbot,0.57792,-0.00396,0.33947,0.00000,-0.00000,0.00000,0.00000,21.00,4.00,8.00,0.8286,-0.3857,0.2343,0.0000,0,0
2026-08-25 17:10:52.947447,3640,flowbot,0.57792,-0.00396,0.33947,0.00000,-0.00000,0.00000,0.00000,21.00,5.00,8.00,0.0000,0.0000,0.1743,0.0000,0,0
2026-08-25 17:10:53.004401,3641,flowbot,0.57792,-0.00396,0.33947,0.00000,-0.00000,0.00000,0.00000,21.00,5.00,8.00,0.0000,0.0000,0.1743,0.0000,0,0
2026-08-25 17:10:53.058114,3642,flowbot,0.57792,-0.00396,0.33947,0.00000,-0.00000,0.00000,0.00000,21.00,5.00,8.00,0.0000,0.0000,0.1743,0.0000,0,0
2026-08-25 17:10:53.111099,3643,flowbot,0.57792,-0.00396,0.33947,0.00000,-0.00000,0.00000,0.00000,21.00,5.00,8.00,0.0000,0.0000,0.1743,0.0000,0,0
2026-08-25 17:10:53.163803,3644,flowbot,0.57792,-0.00396,0.33947,0.00000,-0.00000,0.00000,0.00000,21.00,5.00,8.00,0.0000,0.0000,0.0000,0.0000,0,0
2026-08-25 17:10:53.220062,3645,flowbot,0.57792,-0.00396,0.33947,0.00000,-0.00000,0.00000,0.00000,21.00,5.00,8.00,0.0000,0.0000,0.0000,0.0000,0,0
2026-08-25 17:10:53.272741,3646,flowbot,0.57792,-0.00396,0.33947,0.00000,-0.00000,0.00000,0.00000,21.00,5.00,8.00,0.0000,0.0000,0.0000,0.0000,0,0
2026-08-25 17:10:53.327410,3647,flowbot,0.57792,-0.00396,0.33947,0.00000,-0.00000,0.00000,0.00000,21.00,5.00,8.00,0.0000,0.0000,0.0000,0.0000,0,0
2026-08-25 17:10:53.381059,3648,flowbot,0.57792,-0.00396,0.33947,0.00000,-0.00000,0.00000,0.00000,21.00,5.00,8.00,0.0000,0.0000,0.0000,0.0000,0,0
2026-08-25 17:10:53.433496,3649,flowbot,0.57792,-0.00396,0.33947,0.00000,-0.00000,0.00000,0.00000,21.00,5.00,8.00,0.0000,0.0000,0.0000,0.0000,0,0
2026-08-25 17:10:53.483385,3650,flowbot,0.57792,-0.00396,0.33947,0.00000,-0.00000,0.00000,0.00000,21.00,5.00,8.00,0.0000,0.0000,0.0000,0.0000,0,0
2026-08-25 17:10:53.534674,3651,flowbot,0.57792,-0.00396,0.33947,0.00000,-0.00000,0.00000,0.00000,21.00,5.00,8.00,0.0000,0.0000,0.0000,0.0000,0,0
2026-08-25 17:10:53.586330,3652,flowbot,0.57792,-0.00396,0.33947,0.00000,-0.00000,0.00000,0.00000,21.00,5.00,8.00,0.0000,0.0000,0.0000,0.0000,0,0
2026-08-25 17:10:53.638292,3653,flowbot,0.57792,-0.00396,0.33947,0.00000,-0.00000,0.00000,0.00000,21.00,5.00,8.00,0.0000,0.0000,0.0000,0.0000,0,0
2026-08-25 17:10:53.691344,3654,flowbot,0.57792,-0.00396,0.33947,0.00000,-0.00000,0.00000,0.00000,21.00,5.00,8.00,0.0000,0.0000,0.0000,0.0000,0,0
2026-08-25 17:10:53.744954,3655,flowbot,0.57792,-0.00396,0.33947,0.00000,-0.00000,0.00000,0.00000,21.00,5.00,8.00,0.0000,0.0000,0.0000,0.0000,0,0
2026-08-25 17:10:53.794242,3656,flowbot,0.57792,-0.00396,0.33947,0.00000,-0.00000,0.00000,0.00000,21.00,5.00,8.00,0.0000,0.0000,0.0000,0.0000,0,0
2026-08-25 17:10:53.848867,3657,flowbot,0.57792,-0.00396,0.33947,0.00000,-0.00000,0.00000,0.00000,21.00,5.00,8.00,0.0000,0.0000,0.0000,0.0000,0,0
2026-08-25 17:10:53.908872,3658,flowbot,0.57792,-0.00396,0.33947,0.00000,-0.00000,0.00000,0.00000,21.00,5.00,8.00,0.0000,0.0000,0.0000,0.0000,0,0
2026-08-25 17:10:53.966566,3659,flowbot,0.57792,-0.00396,0.33947,0.00000,-0.00000,0.00000,0.00000,21.00,5.00,8.00,0.0000,0.0000,0.0000,0.0000,0,0
2026-08-25 17:10:54.012276,3660,flowbot,0.57792,-0.00396,0.33947,0.00000,-0.00000,0.00000,0.00000,21.00,5.00,8.00,0.0000,0.0000,0.0000,0.0000,0,0
2026-08-25 17:10:54.072778,3661,flowbot,0.57792,-0.00396,0.33947,0.00000,-0.00000,0.00000,0.00000,21.00,5.00,8.00,0.0000,0.0000,0.1343,0.0000,0,0
2026-08-25 17:10:54.124404,3662,flowbot,0.57792,-0.00396,0.33947,0.00000,-0.00000,0.00000,0.00000,21.00,5.00,8.00,0.0000,0.0000,0.1343,0.0000,0,0
2026-08-25 17:10:54.173510,3663,flowbot,0.57792,-0.00396,0.33947,0.00000,-0.00000,0.00000,0.00000,21.00,5.00,8.00,0.0000,0.0000,0.1343,0.0000,0,0
2026-08-25 17:10:54.231320,3664,flowbot,0.57792,-0.00396,0.33947,0.00000,-0.00000,0.00000,0.00000,21.00,5.00,8.00,0.0000,0.0000,0.1343,0.0000,0,0
2026-08-25 17:10:54.289850,3665,flowbot,0.57792,-0.00396,0.33947,0.00000,-0.00000,0.00000,0.00000,21.00,5.00,8.00,0.0000,0.0000,0.1171,0.0000,0,0
2026-08-25 17:10:54.346738,3666,flowbot,0.57792,-0.00396,0.33947,0.00000,-0.00000,0.00000,0.00000,21.00,5.00,8.00,0.0000,0.0000,0.1171,0.0000,0,0
2026-08-25 17:10:54.402216,3667,flowbot,0.57792,-0.00396,0.33947,0.00000,-0.00000,0.00000,0.00000,21.00,5.00,8.00,0.0000,0.0000,0.1171,0.0000,0,0
2026-08-25 17:10:54.450458,3668,flowbot,0.57792,-0.00396,0.33947,0.00000,-0.00000,0.00000,0.00000,21.00,5.00,8.00,0.0000,0.0000,0.1171,0.0000,0,0
2026-08-25 17:10:54.502680,3669,flowbot,0.57792,-0.00396,0.33947,0.00000,-0.00000,0.00000,0.00000,22.00,5.00,8.00,0.0000,0.0000,0.2029,0.0000,0,0
2026-08-25 17:10:54.556996,3670,flowbot,0.57792,-0.00396,0.33947,0.00000,-0.00000,0.00000,0.00000,22.00,5.00,8.00,0.0000,0.0000,0.2029,0.0000,0,0
2026-08-25 17:10:54.612858,3671,flowbot,0.57792,-0.00396,0.33947,0.00000,-0.00000,0.00000,0.00000,22.00,5.00,8.00,0.0000,0.0000,0.2029,0.0000,0,0
2026-08-25 17:10:54.660864,3672,flowbot,0.57792,-0.00396,0.33947,0.00000,-0.00000,0.00000,0.00000,22.00,5.00,8.00,0.0000,0.0000,0.2029,0.0000,0,0
2026-08-25 17:10:54.716629,3673,flowbot,0.57792,-0.00396,0.33947,0.00000,-0.00000,0.00000,0.00000,22.00,6.00,9.00,0.0000,0.0000,0.1629,0.0000,0,0
2026-08-25 17:10:54.765851,3674,flowbot,0.57792,-0.00396,0.33947,0.00000,-0.00000,0.00000,0.00000,22.00,6.00,9.00,0.0000,0.0000,0.1629,0.0000,0,0
2026-08-25 17:10:54.820643,3675,flowbot,0.57792,-0.00396,0.33947,0.00000,-0.00000,0.00000,0.00000,22.00,6.00,9.00,0.0000,0.0000,0.1629,0.0000,0,0
2026-08-25 17:10:54.877482,3676,flowbot,0.57792,-0.00396,0.33947,0.00000,-0.00000,0.00000,0.00000,22.00,6.00,9.00,0.0000,0.0000,0.1629,0.0000,0,0
2026-08-25 17:10:54.938073,3677,flowbot,0.57792,-0.00396,0.33947,0.00000,-0.00000,0.00000,0.00000,22.00,6.00,9.00,0.0000,0.0000,0.0000,0.0000,0,0
2026-08-25 17:10:54.998298,3678,flowbot,0.57792,-0.00396,0.33947,0.00000,-0.00000,0.00000,0.00000,22.00,6.00,9.00,0.0000,0.0000,0.0000,0.0000,0,0
2026-08-25 17:10:55.053328,3679,flowbot,0.57792,-0.00396,0.33947,0.00000,-0.00000,0.00000,0.00000,22.00,6.00,9.00,0.0000,0.0000,0.0000,0.0000,0,0
2026-08-25 17:10:55.101594,3680,flowbot,0.57792,-0.00396,0.33947,0.00000,-0.00000,0.00000,0.00000,22.00,6.00,9.00,0.0000,0.0000,0.0000,0.0000,0,0
2026-08-25 17:10:55.155476,3681,flowbot,0.57792,-0.00396,0.33947,0.00000,-0.00000,0.00000,0.00000,22.00,6.00,9.00,0.0000,0.0000,0.0000,0.0000,0,0
2026-08-25 17:10:55.209895,3682,flowbot,0.57792,-0.00396,0.33947,0.00000,-0.00000,0.00000,0.00000,22.00,6.00,9.00,0.0000,0.0000,0.0000,0.0000,0,0
2026-08-25 17:10:55.262141,3683,flowbot,0.57792,-0.00396,0.33947,0.00000,-0.00000,0.00000,0.00000,22.00,6.00,9.00,0.0000,0.0000,0.0000,0.0000,0,0
2026-08-25 17:10:55.320168,3684,flowbot,0.57792,-0.00396,0.33947,0.00000,-0.00000,0.00000,0.00000,22.00,6.00,9.00,0.0000,0.0000,0.0000,0.0000,0,0
2026-08-25 17:10:55.378517,3685,flowbot,0.57792,-0.00396,0.33947,0.00000,-0.00000,0.00000,0.00000,22.00,6.00,9.00,0.0000,0.0000,0.0000,0.0000,0,0
2026-08-25 17:10:55.434090,3686,flowbot,0.57792,-0.00396,0.33947,0.00000,-0.00000,0.00000,0.00000,22.00,6.00,9.00,0.0000,0.0000,0.0000,0.0000,0,0
2026-08-25 17:10:55.489869,3687,flowbot,0.57792,-0.00396,0.33947,0.00000,-0.00000,0.00000,0.00000,22.00,6.00,9.00,0.0000,0.0000,0.0000,0.0000,0,0
2026-08-25 17:10:55.536215,3688,flowbot,0.57792,-0.00396,0.33947,0.00000,-0.00000,0.00000,0.00000,22.00,6.00,9.00,0.0000,0.0000,0.0000,0.0000,0,0
2026-08-25 17:10:55.590011,3689,flowbot,0.57792,-0.00396,0.33947,0.00000,-0.00000,0.00000,0.00000,22.00,6.00,9.00,0.0000,0.0000,0.0000,0.0000,0,0
2026-08-25 17:10:55.642113,3690,flowbot,0.57792,-0.00396,0.33947,0.00000,-0.00000,0.00000,0.00000,22.00,6.00,9.00,0.0000,0.0000,0.0000,0.0000,0,0
2026-08-25 17:10:55.692023,3691,flowbot,0.57792,-0.00396,0.33947,0.00000,-0.00000,0.00000,0.00000,22.00,6.00,9.00,0.0000,0.0000,0.0000,0.0000,0,0
2026-08-25 17:10:55.746637,3692,flowbot,0.57792,-0.00396,0.33947,0.00000,-0.00000,0.00000,0.00000,22.00,6.00,9.00,0.0000,0.0000,0.0000,0.0000,0,0
2026-08-25 17:10:55.796134,3693,flowbot,0.57792,-0.00396,0.33947,0.00000,-0.00000,0.00000,0.00000,22.00,6.00,9.00,0.0000,0.0000,0.0000,0.0000,0,0
2026-08-25 17:10:55.848473,3694,flowbot,0.57792,-0.00396,0.33947,0.00000,-0.00000,0.00000,0.00000,22.00,6.00,9.00,0.0000,0.0000,0.0000,0.0000,0,0
2026-08-25 17:10:55.903768,3695,flowbot,0.57792,-0.00396,0.33947,0.00000,-0.00000,0.00000,0.00000,22.00,6.00,9.00,0.0000,0.0000,0.0000,0.0000,0,0
2026-08-25 17:10:55.958579,3696,flowbot,0.57792,-0.00396,0.33947,0.00000,-0.00000,0.00000,0.00000,22.00,6.00,9.00,0.0000,0.0000,0.0000,0.0000,0,0
2026-08-25 17:10:56.006692,3697,flowbot,0.57792,-0.00396,0.33947,0.00000,-0.00000,0.00000,0.00000,22.00,6.00,9.00,0.0000,0.0000,0.0000,0.0000,0,0
2026-08-25 17:10:56.062167,3698,flowbot,0.57792,-0.00396,0.33947,0.00000,-0.00000,0.00000,0.00000,22.00,6.00,9.00,0.0000,0.0000,0.0000,0.0000,0,0
2026-08-25 17:10:56.113299,3699,flowbot,0.57792,-0.00396,0.33947,0.00000,-0.00000,0.00000,0.00000,22.00,6.00,9.00,0.0000,0.0000,0.0000,0.0000,0,0
2026-08-25 17:10:56.166081,3700,flowbot,0.57792,-0.00396,0.33947,0.00000,-0.00000,0.00000,0.00000,22.00,6.00,9.00,0.0000,0.0000,0.0000,0.0000,0,0
2026-08-25 17:10:56.219707,3701,flowbot,0.57792,-0.00396,0.33947,0.00000,-0.00000,0.00000,0.00000,22.00,6.00,9.00,0.0000,0.0000,0.0000,0.0000,0,0
2026-08-25 17:10:56.273166,3702,flowbot,0.57792,-0.00396,0.33947,0.00000,-0.00000,0.00000,0.00000,22.00,6.00,9.00,0.0000,0.0000,0.0000,0.0000,0,0
2026-08-25 17:10:56.324220,3703,flowbot,0.57792,-0.00396,0.33947,0.00000,-0.00000,0.00000,0.00000,22.00,6.00,9.00,0.0000,0.0000,0.0000,0.0000,0,0
2026-08-25 17:10:56.381581,3704,flowbot,0.57792,-0.00396,0.33947,0.00000,-0.00000,0.00000,0.00000,22.00,6.00,9.00,0.0000,0.0000,0.0000,0.0000,0,0
2026-08-25 17:10:56.434247,3705,flowbot,0.57792,-0.00396,0.33947,0.00000,-0.00000,0.00000,0.00000,22.00,6.00,9.00,0.0000,0.0000,0.0000,0.0000,0,0
2026-08-25 17:10:56.489206,3706,flowbot,0.57792,-0.00396,0.33947,0.00000,-0.00000,0.00000,0.00000,22.00,6.00,9.00,0.0000,0.0000,0.0000,0.0000,0,0
2026-08-25 17:10:56.541932,3707,flowbot,0.57792,-0.00396,0.33947,0.00000,-0.00000,0.00000,0.00000,22.00,6.00,9.00,0.0000,0.0000,0.0000,0.0000,0,0
2026-08-25 17:10:56.598343,3708,flowbot,0.57792,-0.00396,0.33947,0.00000,-0.00000,0.00000,0.00000,22.00,6.00,9.00,0.0000,0.0000,0.0000,0.0000,0,0
2026-08-25 17:10:56.650283,3709,flowbot,0.57792,-0.00396,0.33947,0.00000,-0.00000,0.00000,0.00000,22.00,6.00,9.00,0.0000,0.0000,0.0000,0.0000,0,0
2026-08-25 17:10:56.701831,3710,flowbot,0.57792,-0.00396,0.33947,0.00000,-0.00000,0.00000,0.00000,22.00,6.00,9.00,0.0000,0.0000,0.0000,0.0000,0,0
2026-08-25 17:10:56.754764,3711,flowbot,0.57792,-0.00396,0.33947,0.00000,-0.00000,0.00000,0.00000,22.00,6.00,9.00,0.0000,0.0000,0.0000,0.0000,0,0
2026-08-25 17:10:56.806664,3712,flowbot,0.57792,-0.00396,0.33947,0.00000,-0.00000,0.00000,0.00000,22.00,6.00,9.00,0.0000,0.0000,0.0000,0.0000,0,0
2026-08-25 17:10:56.859591,3713,flowbot,0.57792,-0.00396,0.33947,0.00000,-0.00000,0.00000,0.00000,22.00,6.00,9.00,0.0000,0.0000,0.0000,0.0000,0,0
2026-08-25 17:10:56.913969,3714,flowbot,0.57792,-0.00396,0.33947,0.00000,-0.00000,0.00000,0.00000,22.00,6.00,9.00,0.0000,0.0000,0.0000,0.0000,0,0
2026-08-25 17:10:56.971451,3715,flowbot,0.57792,-0.00396,0.33947,0.00000,-0.00000,0.00000,0.00000,22.00,6.00,9.00,0.0000,0.0000,0.0000,0.0000,0,0
2026-08-25 17:10:57.022066,3716,flowbot,0.57792,-0.00396,0.33947,0.00000,-0.00000,0.00000,0.00000,22.00,6.00,9.00,0.0000,0.0000,0.0000,0.0000,0,0
2026-08-25 17:10:57.073221,3717,flowbot,0.57792,-0.00396,0.33947,0.00000,-0.00000,0.00000,0.00000,22.00,6.00,9.00,0.0000,0.0000,0.0000,0.0000,0,0
2026-08-25 17:10:57.131401,3718,flowbot,0.57792,-0.00396,0.33947,0.00000,-0.00000,0.00000,0.00000,22.00,6.00,9.00,0.0000,0.0000,0.0000,0.0000,0,0
2026-08-25 17:10:57.180152,3719,flowbot,0.57792,-0.00396,0.33947,0.00000,-0.00000,0.00000,0.00000,22.00,6.00,9.00,0.0000,0.0000,0.0000,0.0000,0,0
2026-08-25 17:10:57.236668,3720,flowbot,0.57792,-0.00396,0.33947,0.00000,-0.00000,0.00000,0.00000,22.00,6.00,9.00,0.0000,0.0000,0.0000,0.0000,0,0
2026-08-25 17:10:57.294570,3721,flowbot,0.57792,-0.00396,0.33947,0.00000,-0.00000,0.00000,0.00000,22.00,6.00,9.00,0.0000,0.0000,0.0000,0.0000,0,0
2026-08-25 17:10:57.352373,3722,flowbot,0.57792,-0.00396,0.33947,0.00000,-0.00000,0.00000,0.00000,22.00,6.00,9.00,0.0000,0.0000,0.0000,0.0000,0,0
2026-08-25 17:10:57.400907,3723,flowbot,0.57792,-0.00396,0.33947,0.00000,-0.00000,0.00000,0.00000,22.00,6.00,9.00,0.0000,0.0000,0.0000,0.0000,0,0
2026-08-25 17:10:57.453535,3724,flowbot,0.57792,-0.00396,0.33947,0.00000,-0.00000,0.00000,0.00000,22.00,6.00,9.00,0.0000,0.0000,0.0000,0.0000,0,0
2026-08-25 17:10:57.503429,3725,flowbot,0.57792,-0.00396,0.33947,0.00000,-0.00000,0.00000,0.00000,22.00,6.00,9.00,0.0000,0.0000,0.0000,0.0000,0,0
2026-08-25 17:10:57.552851,3726,flowbot,0.57792,-0.00396,0.33947,0.00000,-0.00000,0.00000,0.00000,22.00,6.00,9.00,0.0000,0.0000,0.0000,0.0000,0,0
2026-08-25 17:10:57.611128,3727,flowbot,0.57792,-0.00396,0.33947,0.00000,-0.00000,0.00000,0.00000,22.00,6.00,9.00,0.0000,0.0000,0.0000,0.0000,0,0
2026-08-25 17:10:57.658729,3728,flowbot,0.57792,-0.00396,0.33947,0.00000,-0.00000,0.00000,0.00000,22.00,6.00,9.00,0.0000,0.0000,0.0000,0.0000,0,0
2026-08-25 17:10:57.716341,3729,flowbot,0.57792,-0.00396,0.33947,0.00000,-0.00000,0.00000,0.00000,22.00,6.00,9.00,0.0000,0.0000,0.0000,0.0000,0,0
2026-08-25 17:10:57.765901,3730,flowbot,0.57792,-0.00396,0.33947,0.00000,-0.00000,0.00000,0.00000,22.00,6.00,9.00,0.0000,0.0000,0.0000,0.0000,0,0
2026-08-25 17:10:57.818242,3731,flowbot,0.57792,-0.00396,0.33947,0.00000,-0.00000,0.00000,0.00000,22.00,6.00,9.00,0.0000,0.0000,0.0000,0.0000,0,0
2026-08-25 17:10:57.873719,3732,flowbot,0.57792,-0.00396,0.33947,0.00000,-0.00000,0.00000,0.00000,22.00,6.00,9.00,0.0000,0.0000,0.0000,0.0000,0,0
2026-08-25 17:10:57.925239,3733,flowbot,0.57792,-0.00396,0.33947,0.00000,-0.00000,0.00000,0.00000,22.00,6.00,9.00,0.0000,0.0000,0.0000,0.0000,0,0
2026-08-25 17:10:57.977854,3734,flowbot,0.57792,-0.00396,0.33947,0.00000,-0.00000,0.00000,0.00000,22.00,6.00,9.00,0.0000,0.0000,0.0000,0.0000,0,0
2026-08-25 17:10:58.033011,3735,flowbot,0.57792,-0.00396,0.33947,0.00000,-0.00000,0.00000,0.00000,22.00,6.00,9.00,0.0000,0.0000,0.0000,0.0000,0,0
2026-08-25 17:10:58.084051,3736,flowbot,0.57792,-0.00396,0.33947,0.00000,-0.00000,0.00000,0.00000,22.00,6.00,9.00,0.0000,0.0000,0.0000,0.0000,0,0
2026-08-25 17:10:58.139232,3737,flowbot,0.57792,-0.00396,0.33947,0.00000,-0.00000,0.00000,0.00000,22.00,6.00,9.00,0.0000,0.0000,0.0000,0.0000,0,0
2026-08-25 17:10:58.190716,3738,flowbot,0.57792,-0.00396,0.33947,0.00000,-0.00000,0.00000,0.00000,22.00,6.00,9.00,0.0000,0.0000,0.0000,0.0000,0,0
2026-08-25 17:10:58.244211,3739,flowbot,0.57792,-0.00396,0.33947,0.00000,-0.00000,0.00000,0.00000,22.00,6.00,9.00,0.0000,0.0000,0.0000,0.0000,0,0
2026-08-25 17:10:58.296267,3740,flowbot,0.57792,-0.00396,0.33947,0.00000,-0.00000,0.00000,0.00000,22.00,6.00,9.00,0.0000,0.0000,0.0000,0.0000,0,0
2026-08-25 17:10:58.348082,3741,flowbot,0.57792,-0.00396,0.33947,0.00000,-0.00000,0.00000,0.00000,22.00,6.00,9.00,0.0000,0.0000,0.0000,0.0000,0,0
2026-08-25 17:10:58.400674,3742,flowbot,0.57792,-0.00396,0.33947,0.00000,-0.00000,0.00000,0.00000,22.00,6.00,9.00,0.0000,0.0000,0.0000,0.0000,0,0
2026-08-25 17:10:58.457346,3743,flowbot,0.57792,-0.00396,0.33947,0.00000,-0.00000,0.00000,0.00000,22.00,6.00,9.00,0.0000,0.0000,0.0000,0.0000,0,0
2026-08-25 17:10:58.510902,3744,flowbot,0.57792,-0.00396,0.33947,0.00000,-0.00000,0.00000,0.00000,22.00,6.00,9.00,0.0000,0.0000,0.0000,0.0000,0,0
2026-08-25 17:10:58.561194,3745,flowbot,0.57792,-0.00396,0.33947,0.00000,-0.00000,0.00000,0.00000,22.00,6.00,9.00,0.0000,0.0000,0.0000,0.0000,0,0
2026-08-25 17:10:58.611391,3746,flowbot,0.57792,-0.00396,0.33947,0.00000,-0.00000,0.00000,0.00000,22.00,6.00,9.00,0.0000,0.0000,0.0000,0.0000,0,0
2026-08-25 17:10:58.663679,3747,flowbot,0.57792,-0.00396,0.33947,0.00000,-0.00000,0.00000,0.00000,22.00,6.00,9.00,0.0000,0.0000,0.0000,0.0000,0,0
2026-08-25 17:10:58.719547,3748,flowbot,0.57792,-0.00396,0.33947,0.00000,-0.00000,0.00000,0.00000,22.00,6.00,9.00,0.0000,0.0000,0.0000,0.0000,0,0
2026-08-25 17:10:58.772355,3749,flowbot,0.57792,-0.00396,0.33947,0.00000,-0.00000,0.00000,0.00000,22.00,6.00,9.00,0.0000,0.0000,0.0000,0.0000,0,0
2026-08-25 17:10:58.823560,3750,flowbot,0.57792,-0.00396,0.33947,0.00000,-0.00000,0.00000,0.00000,22.00,6.00,9.00,0.0000,0.0000,0.0000,0.0000,0,0
2026-08-25 17:10:58.879944,3751,flowbot,0.57792,-0.00396,0.33947,0.00000,-0.00000,0.00000,0.00000,22.00,6.00,9.00,0.0000,0.0000,0.0000,0.0000,0,0
2026-08-25 17:10:58.932740,3752,flowbot,0.57792,-0.00396,0.33947,0.00000,-0.00000,0.00000,0.00000,22.00,6.00,9.00,0.0000,0.0000,0.0000,0.0000,0,0
2026-08-25 17:10:58.989930,3753,flowbot,0.57792,-0.00396,0.33947,0.00000,-0.00000,0.00000,0.00000,22.00,6.00,9.00,0.0000,0.0000,0.0000,0.0000,0,0
2026-08-25 17:10:59.044169,3754,flowbot,0.57792,-0.00396,0.33947,0.00000,-0.00000,0.00000,0.00000,22.00,6.00,9.00,0.0000,0.0000,0.0000,0.0000,0,0
2026-08-25 17:10:59.097035,3755,flowbot,0.57792,-0.00396,0.33947,0.00000,-0.00000,0.00000,0.00000,22.00,6.00,9.00,0.0000,0.0000,0.0000,0.0000,0,0
2026-08-25 17:10:59.149338,3756,flowbot,0.57792,-0.00396,0.33947,0.00000,-0.00000,0.00000,0.00000,22.00,6.00,9.00,0.0000,0.0000,0.0000,0.0000,0,0
2026-08-25 17:10:59.202590,3757,flowbot,0.57792,-0.00396,0.33947,0.00000,-0.00000,0.00000,0.00000,22.00,6.00,9.00,0.0000,0.0000,0.0000,0.0000,0,0
2026-08-25 17:10:59.254856,3758,flowbot,0.57792,-0.00396,0.33947,0.00000,-0.00000,0.00000,0.00000,22.00,6.00,9.00,0.0000,0.0000,0.0000,0.0000,0,0
2026-08-25 17:10:59.309347,3759,flowbot,0.57792,-0.00396,0.33947,0.00000,-0.00000,0.00000,0.00000,22.00,6.00,9.00,0.0000,0.0000,0.0000,0.0000,0,0
2026-08-25 17:10:59.363294,3760,flowbot,0.57792,-0.00396,0.33947,0.00000,-0.00000,0.00000,0.00000,22.00,6.00,9.00,0.0000,0.0000,0.0000,0.0000,0,0
2026-08-25 17:10:59.418740,3761,flowbot,0.57792,-0.00396,0.33947,0.00000,-0.00000,0.00000,0.00000,22.00,6.00,9.00,0.0000,0.0000,0.0000,0.0000,0,0
2026-08-25 17:10:59.471421,3762,flowbot,0.57792,-0.00396,0.33947,0.00000,-0.00000,0.00000,0.00000,22.00,6.00,9.00,0.0000,0.0000,0.0000,0.0000,0,0
2026-08-25 17:10:59.527738,3763,flowbot,0.57792,-0.00396,0.33947,0.00000,-0.00000,0.00000,0.00000,22.00,6.00,9.00,0.0000,0.0000,0.0000,0.0000,0,0
2026-08-25 17:10:59.573066,3764,flowbot,0.57792,-0.00396,0.33947,0.00000,-0.00000,0.00000,0.00000,22.00,6.00,9.00,0.0000,0.0000,0.0000,0.0000,0,0
2026-08-25 17:10:59.624238,3765,flowbot,0.57792,-0.00396,0.33947,0.00000,-0.00000,0.00000,0.00000,22.00,6.00,9.00,0.0000,0.0000,0.0000,0.0000,0,0
2026-08-25 17:10:59.678793,3766,flowbot,0.57792,-0.00396,0.33947,0.00000,-0.00000,0.00000,0.00000,22.00,6.00,9.00,0.0000,0.0000,0.0000,0.0000,0,0
2026-08-25 17:10:59.728859,3767,flowbot,0.57792,-0.00396,0.33947,0.00000,-0.00000,0.00000,0.00000,22.00,6.00,9.00,0.0000,0.0000,0.0000,0.0000,0,0
2026-08-25 17:10:59.782543,3768,flowbot,0.57792,-0.00396,0.33947,0.00000,-0.00000,0.00000,0.00000,22.00,6.00,9.00,0.0000,0.0000,0.0000,0.0000,0,0
2026-08-25 17:10:59.836051,3769,flowbot,0.57792,-0.00396,0.33947,0.00000,-0.00000,0.00000,0.00000,22.00,6.00,9.00,0.0000,0.0000,0.0000,0.0000,0,0
2026-08-25 17:10:59.889702,3770,flowbot,0.57792,-0.00396,0.33947,0.00000,-0.00000,0.00000,0.00000,22.00,6.00,9.00,0.0000,0.0000,0.0000,0.0000,0,0
2026-08-25 17:10:59.943252,3771,flowbot,0.57792,-0.00396,0.33947,0.00000,-0.00000,0.00000,0.00000,22.00,6.00,9.00,0.0000,0.0000,0.0000,0.0000,0,0
2026-08-25 17:10:59.997554,3772,flowbot,0.57792,-0.00396,0.33947,0.00000,-0.00000,0.00000,0.00000,22.00,6.00,9.00,0.0000,0.0000,0.0000,0.0000,0,0
2026-08-25 17:11:00.051898,3773,flowbot,0.57792,-0.00396,0.33947,0.00000,-0.00000,0.00000,0.00000,22.00,6.00,9.00,0.0000,0.0000,0.0000,0.0000,0,0
2026-08-25 17:11:00.105643,3774,flowbot,0.57792,-0.00396,0.33947,0.00000,-0.00000,0.00000,0.00000,22.00,6.00,9.00,0.0000,0.0000,0.0000,0.0000,0,0
2026-08-25 17:11:00.159473,3775,flowbot,0.57792,-0.00396,0.33947,0.00000,-0.00000,0.00000,0.00000,22.00,6.00,9.00,0.0000,0.0000,0.0000,0.0000,0,0
2026-08-25 17:11:00.213233,3776,flowbot,0.57792,-0.00396,0.33947,0.00000,-0.00000,0.00000,0.00000,22.00,6.00,9.00,0.0000,0.0000,0.0000,0.0000,0,0
2026-08-25 17:11:00.267105,3777,flowbot,0.57792,-0.00396,0.33947,0.00000,-0.00000,0.00000,0.00000,22.00,6.00,9.00,0.0000,0.0000,0.0000,0.0000,0,0
2026-08-25 17:11:00.321549,3778,flowbot,0.57792,-0.00396,0.33947,0.00000,-0.00000,0.00000,0.00000,22.00,6.00,9.00,0.0000,0.0000,0.0000,0.0000,0,0
2026-08-25 17:11:00.375848,3779,flowbot,0.57792,-0.00396,0.33947,0.00000,-0.00000,0.00000,0.00000,22.00,6.00,9.00,0.0000,0.0000,0.0000,0.0000,0,0
2026-08-25 17:11:00.429670,3780,flowbot,0.57792,-0.00396,0.33947,0.00000,-0.00000,0.00000,0.00000,22.00,6.00,9.00,0.0000,0.0000,0.0000,0.0000,0,0
2026-08-25 17:11:00.483290,3781,flowbot,0.57792,-0.00396,0.33947,0.00000,-0.00000,0.00000,0.00000,22.00,6.00,9.00,0.0000,0.0000,0.0000,0.0000,0,0
2026-08-25 17:11:00.536906,3782,flowbot,0.57792,-0.00396,0.33947,0.00000,-0.00000,0.00000,0.00000,22.00,6.00,9.00,0.0000,0.0000,0.0000,0.0000,0,0
2026-08-25 17:11:00.590523,3783,flowbot,0.57792,-0.00396,0.33947,0.00000,-0.00000,0.00000,0.00000,22.00,6.00,9.00,0.0000,0.0000,0.0000,0.0000,0,0
2026-08-25 17:11:00.644110,3784,flowbot,0.57792,-0.00396,0.33947,0.00000,-0.00000,0.00000,0.00000,22.00,6.00,9.00,0.0000,0.0000,0.0000,0.0000,0,0
2026-08-25 17:11:00.697727,3785,flowbot,0.57792,-0.00396,0.33947,0.00000,-0.00000,0.00000,0.00000,22.00,6.00,9.00,0.0000,0.0000,0.0000,0.0000,0,0
2026-08-25 17:11:00.751293,3786,flowbot,0.57792,-0.00396,0.33947,0.00000,-0.00000,0.00000,0.00000,22.00,6.00,9.00,0.0000,0.0000,0.0000,0.0000,0,0
2026-08-25 17:11:00.805035,3787,flowbot,0.57792,-0.00396,0.33947,0.00000,-0.00000,0.00000,0.00000,22.00,6.00,9.00,0.0000,0.0000,0.0000,0.0000,0,0
2026-08-25 17:11:00.859802,3788,flowbot,0.57792,-0.00396,0.33947,0.00000,-0.00000,0.00000,0.00000,22.00,6.00,9.00,0.0000,0.0000,0.0000,0.0000,0,0
2026-08-25 17:11:00.913526,3789,flowbot,0.57792,-0.00396,0.33947,0.00000,-0.00000,0.00000,0.00000,22.00,6.00,9.00,0.0000,0.0000,0.0000,0.0000,0,0
2026-08-25 17:11:00.967122,3790,flowbot,0.57792,-0.00396,0.33947,0.00000,-0.00000,0.00000,0.00000,22.00,6.00,9.00,0.0000,0.0000,0.0000,0.0000,0,0
2026-08-25 17:11:01.020782,3791,flowbot,0.57792,-0.00396,0.33947,0.00000,-0.00000,0.00000,0.00000,22.00,6.00,9.00,0.0000,0.0000,0.0000,0.0000,0,0
2026-08-25 17:11:01.074308,3792,flowbot,0.57792,-0.00396,0.33947,0.00000,-0.00000,0.00000,0.00000,22.00,6.00,9.00,0.0000,0.0000,0.0000,0.0000,0,0
2026-08-25 17:11:01.127812,3793,flowbot,0.57792,-0.00396,0.33947,0.00000,-0.00000,0.00000,0.00000,22.00,6.00,9.00,0.0000,0.0000,0.0000,0.0000,0,0
2026-08-25 17:11:01.181535,3794,flowbot,0.57792,-0.00396,0.33947,0.00000,-0.00000,0.00000,0.00000,22.00,6.00,9.00,0.0000,0.0000,0.0000,0.0000,0,0
2026-08-25 17:11:01.236023,3795,flowbot,0.57792,-0.00396,0.33947,0.00000,-0.00000,0.00000,0.00000,22.00,6.00,9.00,0.0000,0.0000,0.0000,0.0000,0,0
2026-08-25 17:11:01.287986,3796,flowbot,0.57792,-0.00396,0.33947,0.00000,-0.00000,0.00000,0.00000,22.00,6.00,9.00,0.0000,0.0000,0.0000,0.0000,0,0
2026-08-25 17:11:01.347726,3797,flowbot,0.57792,-0.00396,0.33947,0.00000,-0.00000,0.00000,0.00000,22.00,6.00,9.00,0.0000,0.0000,0.0000,0.0000,0,0
2026-08-25 17:11:01.404947,3798,flowbot,0.57792,-0.00396,0.33947,0.00000,-0.00000,0.00000,0.00000,22.00,6.00,9.00,0.0000,0.0000,0.0000,0.0000,0,0
2026-08-25 17:11:01.457517,3799,flowbot,0.57792,-0.00396,0.33947,0.00000,-0.00000,0.00000,0.00000,22.00,6.00,9.00,0.0000,0.0000,0.0000,0.0000,0,0
2026-08-25 17:11:01.516508,3800,flowbot,0.57792,-0.00396,0.33947,0.00000,-0.00000,0.00000,0.00000,22.00,6.00,9.00,0.0000,0.0000,0.0000,0.0000,0,0
2026-08-25 17:11:01.565459,3801,flowbot,0.57792,-0.00396,0.33947,0.00000,-0.00000,0.00000,0.00000,22.00,6.00,9.00,0.0000,0.0000,0.0000,0.0000,0,0
2026-08-25 17:11:01.613708,3802,flowbot,0.57792,-0.00396,0.33947,0.00000,-0.00000,0.00000,0.00000,22.00,6.00,9.00,0.0000,0.0000,0.0000,0.0000,0,0
2026-08-25 17:11:01.667005,3803,flowbot,0.57792,-0.00396,0.33947,0.00000,-0.00000,0.00000,0.00000,22.00,6.00,9.00,0.0000,0.0000,0.0000,0.0000,0,0
2026-08-25 17:11:01.720524,3804,flowbot,0.57792,-0.00396,0.33947,0.00000,-0.00000,0.00000,0.00000,22.00,6.00,9.00,0.0000,0.0000,0.0000,0.0000,0,0
2026-08-25 17:11:01.775340,3805,flowbot,0.57792,-0.00396,0.33947,0.00000,-0.00000,0.00000,0.00000,22.00,6.00,9.00,0.0000,0.0000,0.0000,0.0000,0,0
2026-08-25 17:11:01.831024,3806,flowbot,0.57792,-0.00396,0.33947,0.00000,-0.00000,0.00000,0.00000,22.00,6.00,9.00,0.0000,0.0000,0.0000,0.0000,0,0
2026-08-25 17:11:01.880745,3807,flowbot,0.57792,-0.00396,0.33947,0.00000,-0.00000,0.00000,0.00000,22.00,6.00,9.00,0.0000,0.0000,0.0000,0.0000,0,0
2026-08-25 17:11:01.933742,3808,flowbot,0.57792,-0.00396,0.33947,0.00000,-0.00000,0.00000,0.00000,22.00,6.00,9.00,0.0000,0.0000,0.0000,0.0000,0,0
2026-08-25 17:11:01.987395,3809,flowbot,0.57792,-0.00396,0.33947,0.00000,-0.00000,0.00000,0.00000,22.00,6.00,9.00,0.0000,0.0000,0.0000,0.0000,0,0
2026-08-25 17:11:02.040447,3810,flowbot,0.57792,-0.00396,0.33947,0.00000,-0.00000,0.00000,0.00000,22.00,6.00,9.00,0.0000,0.0000,0.0000,0.0000,0,0
2026-08-25 17:11:02.094296,3811,flowbot,0.57792,-0.00396,0.33947,0.00000,-0.00000,0.00000,0.00000,22.00,6.00,9.00,0.0000,0.0000,0.0000,0.0000,0,0
2026-08-25 17:11:02.144857,3812,flowbot,0.57792,-0.00396,0.33947,0.00000,-0.00000,0.00000,0.00000,22.00,6.00,9.00,0.0000,0.0000,0.0000,0.0000,0,0
2026-08-25 17:11:02.204898,3813,flowbot,0.57792,-0.00396,0.33947,0.00000,-0.00000,0.00000,0.00000,22.00,6.00,9.00,0.0000,0.0000,0.0000,0.0000,0,0
2026-08-25 17:11:02.260263,3814,flowbot,0.57792,-0.00396,0.33947,0.00000,-0.00000,0.00000,0.00000,22.00,6.00,9.00,0.0000,0.0000,0.0000,0.0000,0,0
2026-08-25 17:11:02.312426,3815,flowbot,0.57792,-0.00396,0.33947,0.00000,-0.00000,0.00000,0.00000,22.00,6.00,9.00,0.0000,0.0000,0.0000,0.0000,0,0
2026-08-25 17:11:02.364069,3816,flowbot,0.57792,-0.00396,0.33947,0.00000,-0.00000,0.00000,0.00000,22.00,6.00,9.00,0.0000,0.0000,0.0000,0.0000,0,0
2026-08-25 17:11:02.414491,3817,flowbot,0.57792,-0.00396,0.33947,0.00000,-0.00000,0.00000,0.00000,22.00,6.00,9.00,0.0000,0.0000,0.0000,0.0000,0,0
2026-08-25 17:11:02.467067,3818,flowbot,0.57792,-0.00396,0.33947,0.00000,-0.00000,0.00000,0.00000,22.00,6.00,9.00,0.0000,0.0000,0.0000,0.0000,0,0
2026-08-25 17:11:02.521068,3819,flowbot,0.57792,-0.00396,0.33947,0.00000,-0.00000,0.00000,0.00000,22.00,6.00,9.00,0.0000,0.0000,0.0000,0.0000,0,0
2026-08-25 17:11:02.570801,3820,flowbot,0.57792,-0.00396,0.33947,0.00000,-0.00000,0.00000,0.00000,22.00,6.00,9.00,0.0000,0.0000,0.0000,0.0000,0,0
2026-08-25 17:11:02.624191,3821,flowbot,0.57792,-0.00396,0.33947,0.00000,-0.00000,0.00000,0.00000,22.00,6.00,9.00,0.0000,0.0000,0.0000,0.0000,0,0
2026-08-25 17:11:02.674452,3822,flowbot,0.57792,-0.00396,0.33947,0.00000,-0.00000,0.00000,0.00000,22.00,6.00,9.00,0.0000,0.0000,0.0000,0.0000,0,0
