timestamp,frame_idx,mode,franka_x,franka_y,franka_z,vx,vy,vz,wz,pwm1,pwm2,pwm3,sm_x,sm_y,sm_z,sm_yaw,btn0,btn_other
2026-08-25 16:05:10.003955,0,franka,0.49878,0.00973,0.38627,0.00000,0.00000,0.00000,0.00000,0.00,0.00,0.00,0.0000,0.0000,0.0000,0.0000,0,0
2026-08-25 16:05:10.057935,1,franka,0.49878,0.00973,0.38627,0.00000,0.00000,0.00000,0.00000,0.00,0.00,0.00,0.0000,0.0000,0.0000,0.0000,0,0
2026-08-25 16:05:10.112089,2,franka,0.49878,0.00973,0.38627,0.00000,0.00000,0.00000,0.00000,0.00,0.00,0.00,0.0000,0.0000,0.0000,0.0000,0,0
2026-08-25 16:05:10.166025,3,franka,0.49878,0.00972,0.38627,0.00000,0.00000,0.00000,0.00000,0.00,0.00,0.00,0.0000,0.0000,0.0000,0.0000,0,0
2026-08-25 16:05:10.219459,4,franka,0.49878,0.00973,0.38626,0.00000,0.00000,0.00000,0.00000,0.00,0.00,0.00,0.0000,0.0000,0.0000,0.0000,0,0
2026-08-25 16:05:10.273143,5,franka,0.49878,0.00973,0.38627,0.00000,0.00000,0.00000,0.00000,0.00,0.00,0.00,0.0000,0.0000,0.0000,0.0000,0,0
2026-08-25 16:05:10.327147,6,franka,0.49878,0.00973,0.38627,0.00000,0.00000,0.00000,0.00000,0.00,0.00,0.00,0.0000,0.0000,0.0000,0.0000,0,0
2026-08-25 16:05:10.381897,7,franka,0.49878,0.00972,0.38627,0.00000,0.00000,0.00000,0.00000,0.00,0.00,0.00,0.0000,0.0000,0.0000,0.0000,0,0
2026-08-25 16:05:10.435552,8,franka,0.49878,0.00973,0.38627,0.00000,0.00000,0.00000,0.00000,0.00,0.00,0.00,0.0000,0.0000,0.0000,0.0000,0,0
2026-08-25 16:05:10.489498,9,franka,0.49878,0.00972,0.38627,0.00000,0.00000,0.00000,0.00000,0.00,0.00,0.00,0.0000,0.0000,0.0000,0.0000,0,0
2026-08-25 16:05:10.543262,10,franka,0.49878,0.00973,0.38627,0.00000,0.00000,0.00000,0.00000,0.00,0.00,0.00,0.0000,0.0000,0.0000,0.0000,0,0
2026-08-25 16:05:10.597049,11,franka,0.49878,0.00973,0.38627,0.00000,0.00000,0.00000,0.00000,0.00,0.00,0.00,0.0000,0.0000,0.0000,0.0000,0,0
2026-08-25 16:05:10.652459,12,franka,0.49878,0.00973,0.38627,0.00000,0.00000,0.00000,0.00000,0.00,0.00,0.00,0.0000,0.0000,0.0000,0.0000,0,0
2026-08-25 16:05:10.706083,13,franka,0.49878,0.00973,0.38627,0.00000,0.00000,0.00000,0.00000,0.00,0.00,0.00,0.0000,0.0000,0.0000,0.0000,0,0
2026-08-25 16:05:10.760223,14,franka,0.49878,0.00973,0.38627,0.00000,0.00000,0.00000,0.00000,0.00,0.00,0.00,0.0000,0.0000,0.0000,0.0000,0,0
2026-08-25 16:05:10.813813,15,franka,0.49878,0.00973,0.38627,0.00000,0.00000,0.00000,0.00000,0.00,0.00,0.00,0.0000,0.0000,0.0000,0.0000,0,0
2026-08-25 16:05:10.867624,16,franka,0.49878,0.00973,0.38627,0.00000,0.00000,0.00000,0.00000,0.00,0.00,0.00,0.0000,0.0000,0.0000,0.0000,0,0
2026-08-25 16:05:10.922490,17,franka,0.49878,0.00972,0.38627,0.00000,0.00000,0.00000,0.00000,0.00,0.00,0.00,0.0000,0.0000,0.0000,0.0000,0,0
2026-08-25 16:05:10.975966,18,franka,0.49878,0.00973,0.38627,0.00000,0.00000,0.00000,0.00000,0.00,0.00,0.00,0.0000,0.0000,0.0000,0.0000,0,0
2026-08-25 16:05:11.029602,19,franka,0.49878,0.00973,0.38627,0.00000,0.00000,0.00000,0.00000,0.00,0.00,0.00,0.0000,0.0000,0.0000,0.0000,0,0
2026-08-25 16:05:11.085324,20,franka,0.49878,0.00973,0.38627,0.00000,0.00000,0.00000,0.00000,0.00,0.00,0.00,0.0000,0.0000,0.0000,0.0000,0,0
2026-08-25 16:05:11.134031,21,franka,0.49878,0.00973,0.38627,0.00000,0.00000,0.00000,0.00000,0.00,0.00,0.00,0.0000,0.0000,0.0000,0.0000,0,0
2026-08-25 16:05:11.187576,22,franka,0.49878,0.00973,0.38627,0.00000,0.00000,0.00000,0.00000,0.00,0.00,0.00,0.0000,0.0000,0.0000,0.0000,0,0
2026-08-25 16:05:11.241433,23,franka,0.49878,0.00973,0.38627,0.00000,0.00000,0.00000,0.00000,0.00,0.00,0.00,0.0000,0.0000,0.0000,0.0000,0,0
2026-08-25 16:05:11.295334,24,franka,0.49878,0.00972,0.38627,0.00000,0.00000,0.00000,0.00000,0.00,0.00,0.00,0.0000,0.0000,0.0000,0.0000,0,0
2026-08-25 16:05:11.348757,25,franka,0.49878,0.00973,0.38627,0.00000,0.00000,0.00000,0.00000,0.00,0.00,0.00,0.0000,0.0000,0.0000,0.0000,0,0
2026-08-25 16:05:11.402476,26,franka,0.49878,0.00972,0.38627,0.00000,0.00000,0.00000,0.00000,0.00,0.00,0.00,0.0000,0.0000,0.0000,0.0000,0,0
2026-08-25 16:05:11.456472,27,franka,0.49878,0.00973,0.38627,0.00000,0.00000,0.00000,0.00000,0.00,0.00,0.00,0.0000,0.0000,0.0000,0.0000,0,0
2026-08-25 16:05:11.510155,28,franka,0.49878,0.00972,0.38627,0.00000,0.00000,0.00000,0.00000,0.00,0.00,0.00,0.0000,0.0000,0.0000,0.0000,0,0
2026-08-25 16:05:11.563948,29,franka,0.49878,0.00973,0.38627,0.00000,0.00000,0.00000,0.00000,0.00,0.00,0.00,0.0000,0.0000,0.0000,0.0000,0,0
2026-08-25 16:05:11.617822,30,franka,0.49878,0.00972,0.38627,0.00000,0.00000,0.00000,0.00000,0.00,0.00,0.00,0.0000,0.0000,0.0000,0.0000,0,0
2026-08-25 16:05:11.671123,31,franka,0.49878,0.00972,0.38627,0.00000,0.00000,0.00000,0.00000,0.00,0.00,0.00,0.0000,0.0000,0.0000,0.0000,0,0
2026-08-25 16:05:11.724984,32,franka,0.49878,0.00973,0.38627,0.00000,0.00000,0.00000,0.00000,0.00,0.00,0.00,0.0000,0.0000,0.0000,0.0000,0,0
2026-08-25 16:05:11.778653,33,franka,0.49878,0.00973,0.38627,0.00000,0.00000,0.00000,0.00000,0.00,0.00,0.00,0.0000,0.0000,0.0000,0.0000,0,0
2026-08-25 16:05:11.832755,34,franka,0.49878,0.00973,0.38627,0.00000,0.00000,0.00000,0.00000,0.00,0.00,0.00,0.0000,0.0000,0.0000,0.0000,0,0
2026-08-25 16:05:11.887108,35,franka,0.49878,0.00973,0.38627,0.00000,0.00000,0.00000,0.00000,0.00,0.00,0.00,0.0000,0.0000,0.0000,0.0000,0,0
2026-08-25 16:05:11.940866,36,franka,0.49878,0.00973,0.38627,0.00000,0.00000,0.00000,0.00000,0.00,0.00,0.00,0.0000,0.0000,0.0000,0.0000,0,0
2026-08-25 16:05:11.994315,37,franka,0.49878,0.00972,0.38627,0.00000,0.00000,0.00000,0.00000,0.00,0.00,0.00,0.0000,0.0000,0.0000,0.0000,0,0
2026-08-25 16:05:12.048213,38,franka,0.49878,0.00973,0.38627,0.00000,0.00000,0.00000,0.00000,0.00,0.00,0.00,0.0000,0.0000,0.0000,0.0000,0,0
2026-08-25 16:05:12.101851,39,franka,0.49878,0.00973,0.38627,0.00000,0.00000,0.00000,0.00000,0.00,0.00,0.00,0.0000,0.0000,0.0000,0.0000,0,0
2026-08-25 16:05:12.155467,40,franka,0.49878,0.00972,0.38627,0.00000,0.00000,0.00000,0.00000,0.00,0.00,0.00,0.0000,0.0000,0.0000,0.0000,0,0
2026-08-25 16:05:12.209011,41,franka,0.49878,0.00973,0.38627,0.00000,0.00000,0.00000,0.00000,0.00,0.00,0.00,0.0000,0.0000,0.0000,0.0000,0,0
2026-08-25 16:05:12.263439,42,franka,0.49878,0.00973,0.38627,0.00000,0.00000,0.00000,0.00000,0.00,0.00,0.00,0.0000,0.0000,0.0000,0.0000,0,0
2026-08-25 16:05:12.317382,43,franka,0.49878,0.00972,0.38627,0.00000,0.00000,0.00000,0.00000,0.00,0.00,0.00,0.0000,0.0000,0.0000,0.0000,0,0
2026-08-25 16:05:12.371068,44,franka,0.49878,0.00972,0.38627,0.00000,0.00000,0.00000,0.00000,0.00,0.00,0.00,0.0000,0.0000,0.0000,0.0000,0,0
2026-08-25 16:05:12.424441,45,franka,0.49878,0.00973,0.38627,0.00000,0.00000,0.00000,0.00000,0.00,0.00,0.00,0.0000,0.0000,0.0000,0.0000,0,0
2026-08-25 16:05:12.478306,46,franka,0.49878,0.00973,0.38627,0.00000,0.00000,0.00000,0.00000,0.00,0.00,0.00,0.0000,0.0000,0.0000,0.0000,0,0
2026-08-25 16:05:12.532015,47,franka,0.49878,0.00973,0.38627,0.00000,0.00000,0.00000,0.00000,0.00,0.00,0.00,0.0000,0.0000,0.0000,0.0000,0,0
2026-08-25 16:05:12.585493,48,franka,0.49878,0.00972,0.38627,0.00000,0.00000,0.00000,0.00000,0.00,0.00,0.00,0.0000,0.0000,0.0000,0.0000,0,0
2026-08-25 16:05:12.638994,49,franka,0.49878,0.00973,0.38627,0.00000,0.00000,0.00000,0.00000,0.00,0.00,0.00,0.0000,0.0000,0.0000,0.0000,0,0
2026-08-25 16:05:12.692556,50,franka,0.49878,0.00972,0.38627,0.00000,0.00000,0.00000,0.00000,0.00,0.00,0.00,0.0000,0.0000,0.0000,0.0000,0,0
2026-08-25 16:05:12.746252,51,franka,0.49878,0.00973,0.38627,0.00000,0.00000,0.00000,0.00000,0.00,0.00,0.00,0.0000,0.0000,0.0000,0.0000,0,0
2026-08-25 16:05:12.799992,52,franka,0.49878,0.00973,0.38627,0.00000,0.00000,0.00000,0.00000,0.00,0.00,0.00,0.0000,0.0000,0.0000,0.0000,0,0
2026-08-25 16:05:12.854190,53,franka,0.49878,0.00973,0.38627,0.00000,0.00000,0.00000,0.00000,0.00,0.00,0.00,0.0000,0.0000,0.0000,0.0000,0,0
2026-08-25 16:05:12.907905,54,franka,0.49878,0.00973,0.38627,0.00000,0.00000,0.00000,0.00000,0.00,0.00,0.00,0.0000,0.0000,0.0000,0.0000,0,0
2026-08-25 16:05:12.961996,55,franka,0.49878,0.00972,0.38627,0.00000,0.00000,0.00000,0.00000,0.00,0.00,0.00,0.0000,0.0000,0.0000,0.0000,0,0
2026-08-25 16:05:13.015756,56,franka,0.49878,0.00973,0.38627,0.00000,0.00000,0.00000,0.00000,0.00,0.00,0.00,0.0000,0.0000,0.0000,0.0000,0,0
2026-08-25 16:05:13.069407,57,franka,0.49878,0.00973,0.38627,0.00000,0.00000,0.00000,0.00000,0.00,0.00,0.00,0.0000,0.0000,0.0000,0.0000,0,0
2026-08-25 16:05:13.123224,58,franka,0.49878,0.00973,0.38627,0.00000,0.00000,0.00000,0.00000,0.00,0.00,0.00,0.0000,0.0000,0.0000,0.0000,0,0
2026-08-25 16:05:13.176985,59,franka,0.49878,0.00972,0.38627,0.00000,0.00000,0.00000,0.00000,0.00,0.00,0.00,0.0000,0.0000,0.0000,0.0000,0,0
2026-08-25 16:05:13.230537,60,franka,0.49878,0.00973,0.38627,0.00000,0.00000,0.00000,0.00000,0.00,0.00,0.00,0.0000,0.0000,0.0000,0.0000,0,0
2026-08-25 16:05:13.284118,61,franka,0.49878,0.00973,0.38627,0.00000,0.00000,0.00000,0.00000,0.00,0.00,0.00,0.0000,0.0000,0.0000,0.0000,0,0
2026-08-25 16:05:13.337946,62,franka,0.49878,0.00973,0.38627,0.00000,0.00000,0.00000,0.00000,0.00,0.00,0.00,0.0000,0.0000,0.0000,0.0000,0,0
2026-08-25 16:05:13.391376,63,franka,0.49878,0.00973,0.38627,0.00000,0.00000,0.00000,0.00000,0.00,0.00,0.00,0.0000,0.0000,0.0000,0.0000,0,0
2026-08-25 16:05:13.444786,64,franka,0.49878,0.00973,0.38627,0.00000,0.00000,0.00000,0.00000,0.00,0.00,0.00,0.0000,0.0000,0.0000,0.0000,0,0
2026-08-25 16:05:13.498205,65,franka,0.49878,0.00972,0.38627,0.00000,0.00000,0.00000,0.00000,0.00,0.00,0.00,0.0000,0.0000,0.0000,0.0000,0,0
2026-08-25 16:05:13.551515,66,franka,0.49878,0.00973,0.38627,0.00000,0.00000,0.00000,0.00000,0.00,0.00,0.00,0.0000,0.0000,0.0000,0.0000,0,0
2026-08-25 16:05:13.605278,67,franka,0.49878,0.00973,0.38627,0.00000,0.00000,0.00000,0.00000,0.00,0.00,0.00,0.0000,0.0000,0.0000,0.0000,0,0
2026-08-25 16:05:13.659074,68,franka,0.49878,0.00973,0.38627,0.00000,0.00000,0.00000,0.00000,0.00,0.00,0.00,0.0000,0.0000,0.0000,0.0000,0,0
2026-08-25 16:05:13.713068,69,franka,0.49878,0.00973,0.38627,0.00000,0.00000,0.00000,0.00000,0.00,0.00,0.00,0.0000,0.0000,0.0000,0.0000,0,0
2026-08-25 16:05:13.766838,70,franka,0.49878,0.00972,0.38627,0.00000,0.00000,0.00000,0.00000,0.00,0.00,0.00,0.0000,0.0000,0.0000,0.0000,0,0
2026-08-25 16:05:13.820958,71,franka,0.49878,0.00973,0.38627,0.00000,0.00000,0.00000,0.00000,0.00,0.00,0.00,0.0000,0.0000,0.0000,0.0000,0,0
2026-08-25 16:05:13.874857,72,franka,0.49878,0.00973,0.38627,0.00000,0.00000,0.00000,0.00000,0.00,0.00,0.00,0.0000,0.0000,0.0000,0.0000,0,0
2026-08-25 16:05:13.928484,73,franka,0.49878,0.00972,0.38627,0.00000,0.00000,0.00000,0.00000,0.00,0.00,0.00,0.0000,0.0000,0.0000,0.0000,0,0
2026-08-25 16:05:13.982094,74,franka,0.49878,0.00973,0.38627,0.00000,0.00000,0.00000,0.00000,0.00,0.00,0.00,0.0000,0.0000,0.0000,0.0000,0,0
2026-08-25 16:05:14.035807,75,franka,0.49878,0.00973,0.38627,0.00000,0.00000,0.00000,0.00000,0.00,0.00,0.00,0.0000,0.0000,0.0000,0.0000,0,0
2026-08-25 16:05:14.089378,76,franka,0.49878,0.00973,0.38627,0.00000,0.00000,0.00000,0.00000,0.00,0.00,0.00,0.0000,0.0000,0.0000,0.0000,0,0
2026-08-25 16:05:14.143046,77,franka,0.49878,0.00972,0.38627,0.00000,0.00000,0.00000,0.00000,0.00,0.00,0.00,0.0000,0.0000,0.0000,0.0000,0,0
2026-08-25 16:05:14.196670,78,franka,0.49878,0.00972,0.38627,0.00000,0.00000,0.00000,0.00000,0.00,0.00,0.00,0.0000,0.0000,0.0000,0.0000,0,0
2026-08-25 16:05:14.250796,79,franka,0.49878,0.00972,0.38627,0.00000,0.00000,0.00000,0.00000,0.00,0.00,0.00,0.0000,0.0000,0.0000,0.0000,0,0
2026-08-25 16:05:14.304534,80,franka,0.49878,0.00973,0.38627,0.00000,0.00000,0.00000,0.00000,0.00,0.00,0.00,0.0000,0.0000,0.0000,0.0000,0,0
2026-08-25 16:05:14.355469,81,franka,0.49878,0.00973,0.38627,0.00000,0.00000,0.00000,0.00000,0.00,0.00,0.00,0.0000,0.0000,0.0000,0.0000,0,0
2026-08-25 16:05:14.409678,82,franka,0.49878,0.00973,0.38627,0.00000,0.00000,0.00000,0.00000,0.00,0.00,0.00,0.0000,0.0000,0.0000,0.0000,0,0
2026-08-25 16:05:14.463371,83,franka,0.49878,0.00972,0.38627,0.00000,0.00000,0.00000,0.00000,0.00,0.00,0.00,0.0000,0.0000,0.0000,0.0000,0,0
2026-08-25 16:05:14.517163,84,franka,0.49878,0.00973,0.38627,0.00000,0.00000,0.00000,0.00000,0.00,0.00,0.00,0.0000,0.0000,0.0000,0.0000,0,0
2026-08-25 16:05:14.570675,85,franka,0.49878,0.00972,0.38627,0.00000,0.00000,0.00000,0.00000,0.00,0.00,0.00,0.0000,0.0000,0.0000,0.0000,0,0
2026-08-25 16:05:14.624637,86,franka,0.49878,0.00972,0.38627,0.00000,0.00000,0.00000,0.00000,0.00,0.00,0.00,0.0000,0.0000,0.0000,0.0000,0,0
2026-08-25 16:05:14.678091,87,franka,0.49878,0.00972,0.38627,0.00000,0.00000,0.00000,0.00000,0.00,0.00,0.00,0.0000,0.0000,0.0000,0.0000,0,0
2026-08-25 16:05:14.732012,88,franka,0.49878,0.00973,0.38627,0.00000,0.00000,0.00000,0.00000,0.00,0.00,0.00,0.0000,0.0000,0.0000,0.0000,0,0
2026-08-25 16:05:14.785882,89,franka,0.49878,0.00973,0.38627,0.00000,0.00000,0.00000,0.00000,0.00,0.00,0.00,0.0000,0.0000,0.0000,0.0000,0,0
2026-08-25 16:05:14.839654,90,franka,0.49878,0.00973,0.38627,0.00000,0.00000,0.00000,0.00000,0.00,0.00,0.00,0.0000,0.0000,0.0000,0.0000,0,0
2026-08-25 16:05:14.893568,91,franka,0.49878,0.00973,0.38627,0.00000,0.00000,0.00000,0.00000,0.00,0.00,0.00,0.0000,0.0000,0.0000,0.0000,0,0
2026-08-25 16:05:14.947475,92,franka,0.49878,0.00973,0.38627,0.00000,0.00000,0.00000,0.00000,0.00,0.00,0.00,0.0000,0.0000,0.0000,0.0000,0,0
2026-08-25 16:05:15.001284,93,franka,0.49878,0.00973,0.38627,0.00000,0.00000,0.00000,0.00000,0.00,0.00,0.00,0.0000,0.0000,0.0000,0.0000,0,0
2026-08-25 16:05:15.055080,94,franka,0.49878,0.00973,0.38627,0.00000,0.00000,0.00000,0.00000,0.00,0.00,0.00,0.0000,0.0000,0.0000,0.0000,0,0
2026-08-25 16:05:15.108518,95,franka,0.49878,0.00973,0.38627,0.00000,0.00000,0.00000,0.00000,0.00,0.00,0.00,0.0000,0.0000,0.0000,0.0000,0,0
2026-08-25 16:05:15.162131,96,franka,0.49878,0.00973,0.38627,0.00000,0.00000,0.00000,0.00000,0.00,0.00,0.00,0.0000,0.0000,0.0000,0.0000,0,0
2026-08-25 16:05:15.216021,97,franka,0.49878,0.00973,0.38627,0.00000,0.00000,0.00000,0.00000,0.00,0.00,0.00,0.0000,0.0000,0.0000,0.0000,0,0
2026-08-25 16:05:15.269634,98,franka,0.49878,0.00973,0.38627,0.00000,0.00000,0.00000,0.00000,0.00,0.00,0.00,0.0000,0.0000,0.0000,0.0000,0,0
2026-08-25 16:05:15.323948,99,franka,0.49878,0.00973,0.38627,0.00000,0.00000,0.00000,0.00000,0.00,0.00,0.00,0.0000,0.0000,0.0000,0.0000,0,0
2026-08-25 16:05:15.377782,100,franka,0.49878,0.00973,0.38627,0.00000,0.00000,0.00000,0.00000,0.00,0.00,0.00,0.0000,0.0000,0.0000,0.0000,0,0
2026-08-25 16:05:15.431235,101,franka,0.49878,0.00973,0.38627,0.00000,0.00000,0.00000,0.00000,0.00,0.00,0.00,0.0000,0.0000,0.0000,0.0000,0,0
2026-08-25 16:05:15.485681,102,franka,0.49878,0.00972,0.38627,0.00000,0.00000,0.00000,0.00000,0.00,0.00,0.00,0.0000,0.0000,0.0000,0.0000,0,0
2026-08-25 16:05:15.538977,103,franka,0.49878,0.00972,0.38627,0.00000,0.00000,0.00000,0.00000,0.00,0.00,0.00,0.0000,0.0000,0.0000,0.0000,0,0
2026-08-25 16:05:15.592927,104,franka,0.49878,0.00973,0.38627,0.00000,0.00000,0.00000,0.00000,0.00,0.00,0.00,0.0000,0.0000,0.0000,0.0000,0,0
2026-08-25 16:05:15.647000,105,franka,0.49878,0.00973,0.38627,0.00000,0.00000,0.00000,0.00000,0.00,0.00,0.00,0.0000,0.0000,0.0000,0.0000,0,0
2026-08-25 16:05:15.700655,106,franka,0.49878,0.00973,0.38627,0.00000,0.00000,0.00000,0.00000,0.00,0.00,0.00,0.0000,0.0000,0.0000,0.0000,0,0
2026-08-25 16:05:15.754242,107,franka,0.49878,0.00973,0.38627,0.00000,0.00000,0.00000,0.00000,0.00,0.00,0.00,0.0000,0.0000,0.0000,0.0000,0,0
2026-08-25 16:05:15.807797,108,franka,0.49878,0.00973,0.38627,0.00000,0.00000,0.00000,0.00000,0.00,0.00,0.00,0.0000,0.0000,0.0000,0.0000,0,0
2026-08-25 16:05:15.862425,109,franka,0.49878,0.00973,0.38627,0.00000,0.00000,0.00000,0.00000,0.00,0.00,0.00,0.0000,0.0000,0.0000,0.0000,0,0
2026-08-25 16:05:15.916103,110,franka,0.49878,0.00973,0.38627,0.00000,0.00000,0.00000,0.00000,0.00,0.00,0.00,0.0000,0.0000,0.0000,0.0000,0,0
2026-08-25 16:05:15.969988,111,franka,0.49878,0.00973,0.38627,0.00000,0.00000,0.00000,0.00000,0.00,0.00,0.00,0.0000,0.0000,0.0000,0.0000,0,0
2026-08-25 16:05:16.024051,112,franka,0.49878,0.00973,0.38627,0.00000,0.00000,0.00000,0.00000,0.00,0.00,0.00,0.0000,0.0000,0.0000,0.0000,0,0
2026-08-25 16:05:16.077980,113,franka,0.49878,0.00973,0.38627,0.00000,0.00000,0.00000,0.00000,0.00,0.00,0.00,0.0000,0.0000,0.0000,0.0000,0,0
2026-08-25 16:05:16.131546,114,franka,0.49878,0.00973,0.38627,0.00000,0.00000,0.00000,0.00000,0.00,0.00,0.00,0.0000,0.0000,0.0000,0.0000,0,0
2026-08-25 16:05:16.184966,115,franka,0.49878,0.00973,0.38627,0.00000,0.00000,0.00000,0.00000,0.00,0.00,0.00,0.0000,0.0000,0.0000,0.0000,0,0
2026-08-25 16:05:16.241867,116,franka,0.49878,0.00973,0.38627,0.00000,0.00000,0.00000,0.00000,0.00,0.00,0.00,0.0000,0.0000,0.0000,0.0000,0,0
2026-08-25 16:05:16.290579,117,franka,0.49878,0.00973,0.38627,0.00000,0.00000,0.00000,0.00000,0.00,0.00,0.00,0.0000,0.0000,0.0000,0.0000,0,0
2026-08-25 16:05:16.344236,118,franka,0.49878,0.00972,0.38627,0.00000,0.00000,0.00000,0.00000,0.00,0.00,0.00,0.0000,0.0000,0.0000,0.0000,0,0
2026-08-25 16:05:16.398092,119,franka,0.49878,0.00972,0.38627,0.00000,0.00000,0.00000,0.00000,0.00,0.00,0.00,0.0000,0.0000,0.0000,0.0000,0,0
2026-08-25 16:05:16.452016,120,franka,0.49878,0.00973,0.38627,0.00000,0.00000,0.00000,0.00000,0.00,0.00,0.00,0.0000,0.0000,0.0000,0.0000,0,0
2026-08-25 16:05:16.505411,121,franka,0.49878,0.00973,0.38627,0.00000,0.00000,0.00000,0.00000,0.00,0.00,0.00,0.0000,0.0000,0.0000,0.0000,0,0
2026-08-25 16:05:16.559215,122,franka,0.49878,0.00973,0.38627,0.00000,0.00000,0.00000,0.00000,0.00,0.00,0.00,0.0000,0.0000,0.0000,0.0000,0,0
2026-08-25 16:05:16.612767,123,franka,0.49878,0.00972,0.38627,0.00000,0.00000,0.00000,0.00000,0.00,0.00,0.00,0.0000,0.0000,0.0000,0.0000,0,0
2026-08-25 16:05:16.666609,124,franka,0.49878,0.00973,0.38627,0.00000,0.00000,0.00000,0.00000,0.00,0.00,0.00,0.0000,0.0000,0.0000,0.0000,0,0
2026-08-25 16:05:16.720553,125,franka,0.49878,0.00973,0.38627,0.00000,0.00000,0.00000,0.00000,0.00,0.00,0.00,0.0000,0.0000,0.0000,0.0000,0,0
2026-08-25 16:05:16.774047,126,franka,0.49878,0.00972,0.38627,0.00000,0.00000,0.00000,0.00000,0.00,0.00,0.00,0.0000,0.0000,0.0000,0.0000,0,0
2026-08-25 16:05:16.827848,127,franka,0.49878,0.00973,0.38627,0.00000,0.00000,0.00000,0.00000,0.00,0.00,0.00,0.0000,0.0000,0.0000,0.0000,0,0
2026-08-25 16:05:16.882076,128,franka,0.49878,0.00973,0.38627,0.00000,0.00000,0.00000,0.00000,0.00,0.00,0.00,0.0000,0.0000,0.0000,0.0000,0,0
2026-08-25 16:05:16.936077,129,franka,0.49878,0.00972,0.38627,0.00000,0.00000,0.00000,0.00000,0.00,0.00,0.00,0.0000,0.0000,0.0000,0.0000,0,0
2026-08-25 16:05:16.989805,130,franka,0.49878,0.00972,0.38627,0.00000,0.00000,0.00000,0.00000,0.00,0.00,0.00,0.0000,0.0000,0.0000,0.0000,0,0
2026-08-25 16:05:17.043587,131,franka,0.49878,0.00972,0.38627,0.00000,0.00000,0.00000,0.00000,0.00,0.00,0.00,0.0000,0.0000,0.0000,0.0000,0,0
2026-08-25 16:05:17.097113,132,franka,0.49878,0.00973,0.38627,0.00000,0.00000,0.00000,0.00000,0.00,0.00,0.00,0.0000,0.0000,0.0000,0.0000,0,0
2026-08-25 16:05:17.150550,133,franka,0.49878,0.00973,0.38627,0.00000,0.00000,0.00000,0.00000,0.00,0.00,0.00,0.0000,0.0000,0.0000,0.0000,0,0
2026-08-25 16:05:17.204247,134,franka,0.49878,0.00972,0.38627,0.00000,0.00000,0.00000,0.00000,0.00,0.00,0.00,0.0000,0.0000,0.0000,0.0000,0,0
2026-08-25 16:05:17.258221,135,franka,0.49878,0.00973,0.38627,0.00000,0.00000,0.00000,0.00000,0.00,0.00,0.00,0.0000,0.0000,0.0000,0.0000,0,0
2026-08-25 16:05:17.312208,136,franka,0.49878,0.00972,0.38627,0.00000,0.00000,0.00000,0.00000,0.00,0.00,0.00,0.0000,0.0000,0.0000,0.0000,0,0
2026-08-25 16:05:17.366107,137,franka,0.49878,0.00972,0.38626,0.00000,0.00000,0.00000,0.00000,0.00,0.00,0.00,0.0000,0.0000,0.0000,0.0000,0,0
2026-08-25 16:05:17.420006,138,franka,0.49878,0.00973,0.38627,0.00000,0.00000,0.00000,0.00000,0.00,0.00,0.00,0.0000,0.0000,0.0000,0.0000,0,0
2026-08-25 16:05:17.473968,139,franka,0.49878,0.00972,0.38627,0.00000,0.00000,0.00000,0.00000,0.00,0.00,0.00,0.0000,0.0000,0.0000,0.0000,0,0
2026-08-25 16:05:17.527497,140,franka,0.49878,0.00973,0.38627,0.00000,0.00000,0.00000,0.00000,0.00,0.00,0.00,0.0000,0.0000,0.0000,0.0000,0,0
2026-08-25 16:05:17.581485,141,franka,0.49878,0.00973,0.38627,0.00000,0.00000,0.00000,0.00000,0.00,0.00,0.00,0.0000,0.0000,0.0000,0.0000,0,0
2026-08-25 16:05:17.634998,142,franka,0.49878,0.00973,0.38627,0.00000,0.00000,0.00000,0.00000,0.00,0.00,0.00,0.0000,0.0000,0.0000,0.0000,0,0
2026-08-25 16:05:17.688545,143,franka,0.49878,0.00973,0.38627,0.00000,0.00000,0.00000,0.00000,0.00,0.00,0.00,0.0000,0.0000,0.0000,0.0000,0,0
2026-08-25 16:05:17.742218,144,franka,0.49878,0.00972,0.38627,0.00000,0.00000,0.00000,0.00000,0.00,0.00,0.00,0.0000,0.0000,0.0000,0.0000,0,0
2026-08-25 16:05:17.795768,145,franka,0.49878,0.00972,0.38627,0.00000,0.00000,0.00000,0.00000,0.00,0.00,0.00,-0.0343,0.0057,0.0000,0.0000,0,0
2026-08-25 16:05:17.849474,146,franka,0.49878,0.00972,0.38627,0.00000,0.00000,0.00000,0.00000,0.00,0.00,0.00,-0.0343,0.0057,0.0000,0.0000,0,0
2026-08-25 16:05:17.903521,147,franka,0.49878,0.00972,0.38627,0.00000,0.00000,0.00000,0.00000,0.00,0.00,0.00,-0.0343,0.0057,0.0000,0.0000,0,0
2026-08-25 16:05:17.957367,148,franka,0.49878,0.00973,0.38627,0.00000,0.00000,0.00000,0.00000,0.00,0.00,0.00,-0.0343,0.0057,0.0000,0.0000,0,0
2026-08-25 16:05:18.010780,149,franka,0.49878,0.00973,0.38627,0.00000,0.00000,0.00000,0.00000,0.00,0.00,0.00,-0.0343,0.0057,0.0000,0.0000,0,0
2026-08-25 16:05:18.064298,150,franka,0.49878,0.00972,0.38627,0.00000,0.00000,0.00000,0.00000,0.00,0.00,0.00,-0.0343,0.0057,0.0000,0.0000,0,0
2026-08-25 16:05:18.118443,151,franka,0.49878,0.00973,0.38627,0.00000,0.00000,0.00000,0.00000,0.00,0.00,0.00,0.0000,-0.0029,0.0000,-0.0086,0,0
2026-08-25 16:05:18.172149,152,franka,0.49878,0.00973,0.38627,0.00000,0.00000,0.00000,0.00000,0.00,0.00,0.00,0.0000,0.0000,0.0000,0.0000,0,0
2026-08-25 16:05:18.226024,153,franka,0.49878,0.00972,0.38627,0.00000,0.00000,0.00000,0.00000,0.00,0.00,0.00,0.0000,0.0000,0.0000,0.0000,0,0
2026-08-25 16:05:18.280164,154,franka,0.49878,0.00973,0.38627,0.00000,0.00000,0.00000,0.00000,0.00,0.00,0.00,0.0000,0.0229,-0.0571,0.0000,0,0
2026-08-25 16:05:18.333716,155,franka,0.49878,0.00972,0.38627,0.00000,0.00000,0.00000,0.00000,0.00,0.00,0.00,0.0000,0.0029,-0.0686,0.0000,0,0
2026-08-25 16:05:18.387275,156,franka,0.49878,0.00973,0.38627,0.00000,0.00000,0.00000,0.00000,0.00,0.00,0.00,0.0000,0.0000,-0.0514,0.0000,0,0
2026-08-25 16:05:18.441356,157,franka,0.49878,0.00973,0.38627,0.00000,0.00000,0.00000,0.00000,0.00,0.00,0.00,0.0000,0.0000,0.0000,0.0000,0,0
2026-08-25 16:05:18.494989,158,franka,0.49878,0.00973,0.38627,0.00000,0.00000,0.00000,0.00000,0.00,0.00,0.00,0.0000,0.0000,0.0000,0.0000,0,0
2026-08-25 16:05:18.548657,159,franka,0.49878,0.00973,0.38627,0.00000,0.00000,0.00000,0.00000,0.00,0.00,0.00,0.0000,0.0000,0.0000,0.0000,0,0
2026-08-25 16:05:18.602770,160,franka,0.49878,0.00973,0.38627,0.00000,0.00000,0.00000,0.00000,0.00,0.00,0.00,0.0000,0.0000,0.0000,0.0000,0,0
2026-08-25 16:05:18.656651,161,franka,0.49878,0.00972,0.38627,0.00000,0.00000,0.00000,0.00000,0.00,0.00,0.00,0.0000,0.0000,-0.0171,0.0000,0,0
2026-08-25 16:05:18.710337,162,franka,0.49878,0.00973,0.38627,0.00000,0.00000,0.00000,0.00000,0.00,0.00,0.00,0.0000,0.0000,-0.2857,0.0000,0,0
2026-08-25 16:05:18.763945,163,franka,0.49878,0.00972,0.38621,0.00000,0.00000,-0.01197,0.00000,0.00,0.00,0.00,0.0000,0.0000,-0.4257,0.0000,0,0
2026-08-25 16:05:18.817495,164,franka,0.49879,0.00970,0.38508,0.00000,0.00000,-0.03000,0.00000,0.00,0.00,0.00,0.0000,0.0000,-0.3971,0.0114,0,0
2026-08-25 16:05:18.871232,165,franka,0.49878,0.00968,0.38346,0.00000,0.00000,-0.03000,0.00000,0.00,0.00,0.00,0.0000,0.0000,-0.3600,0.0400,0,0
2026-08-25 16:05:18.925065,166,franka,0.49879,0.00968,0.38195,0.00000,0.00000,-0.03000,0.00000,0.00,0.00,0.00,0.0000,0.0486,-0.4371,0.0543,0,0
2026-08-25 16:05:18.978891,167,franka,0.49879,0.00969,0.38044,0.00000,0.00000,-0.03000,0.00000,0.00,0.00,0.00,0.0000,0.0314,-0.5429,0.0686,0,0
2026-08-25 16:05:19.032490,168,franka,0.49880,0.00968,0.37894,0.00000,0.00000,-0.03000,0.00000,0.00,0.00,0.00,0.0000,0.0000,-0.4886,0.0571,0,0
2026-08-25 16:05:19.086270,169,franka,0.49878,0.00969,0.37736,0.00000,0.00000,-0.03000,0.00000,0.00,0.00,0.00,0.0000,0.0000,-0.4600,0.0543,0,0
2026-08-25 16:05:19.140108,170,franka,0.49879,0.00968,0.37588,0.00000,0.00000,-0.03000,0.00000,0.00,0.00,0.00,0.0000,0.0371,-0.5400,0.0543,0,0
2026-08-25 16:05:19.194123,171,franka,0.49880,0.00969,0.37436,0.00000,0.00000,-0.03000,0.00000,0.00,0.00,0.00,0.0000,0.0600,-0.5629,0.0429,0,0
2026-08-25 16:05:19.247978,172,franka,0.49880,0.00968,0.37283,0.00000,0.00000,-0.03000,0.00000,0.00,0.00,0.00,0.0000,0.0629,-0.5743,0.0429,0,0
2026-08-25 16:05:19.301558,173,franka,0.49880,0.00969,0.37131,0.00000,0.00000,-0.03000,0.00000,0.00,0.00,0.00,0.0000,0.0543,-0.6114,0.0457,0,0
2026-08-25 16:05:19.355278,174,franka,0.49879,0.00968,0.36984,0.00000,0.00000,-0.03000,0.00000,0.00,0.00,0.00,0.0000,0.0543,-0.5771,0.0457,0,0
2026-08-25 16:05:19.408715,175,franka,0.49880,0.00969,0.36678,0.00000,0.00000,-0.03000,0.00000,0.00,0.00,0.00,0.0000,0.0171,-0.5686,0.0543,0,0
2026-08-25 16:05:19.462357,176,franka,0.49880,0.00969,0.36527,0.00000,0.00000,-0.03000,0.00000,0.00,0.00,0.00,0.0000,0.0114,-0.5286,0.0543,0,0
2026-08-25 16:05:19.516014,177,franka,0.49880,0.00969,0.36374,0.00000,0.00000,-0.03000,0.00000,0.00,0.00,0.00,0.0000,0.0171,-0.5171,0.0514,0,0
2026-08-25 16:05:19.569582,178,franka,0.49879,0.00969,0.36221,0.00000,0.00000,-0.03000,0.00000,0.00,0.00,0.00,0.0000,0.0057,-0.4943,0.0457,0,0
2026-08-25 16:05:19.623667,179,franka,0.49880,0.00969,0.36073,0.00000,0.00000,-0.03000,0.00000,0.00,0.00,0.00,0.0000,0.0057,-0.4714,0.0457,0,0
2026-08-25 16:05:19.677714,180,franka,0.49880,0.00969,0.35922,0.00000,0.00000,-0.03000,0.00000,0.00,0.00,0.00,0.0000,0.0000,-0.4600,0.0429,0,0
2026-08-25 16:05:19.731092,181,franka,0.49880,0.00969,0.35767,0.00000,0.00000,-0.03000,0.00000,0.00,0.00,0.00,0.0000,0.0000,-0.4714,0.0343,0,0
2026-08-25 16:05:19.784658,182,franka,0.49880,0.00969,0.35613,0.00000,0.00000,-0.03000,0.00000,0.00,0.00,0.00,0.0000,0.0057,-0.4657,0.0543,0,0
2026-08-25 16:05:19.838405,183,franka,0.49880,0.00968,0.35464,0.00000,0.00000,-0.03000,0.00000,0.00,0.00,0.00,0.0000,0.0400,-0.4714,0.0486,0,0
2026-08-25 16:05:19.892126,184,franka,0.49880,0.00969,0.35312,0.00000,0.00000,-0.03000,0.00000,0.00,0.00,0.00,0.0000,0.0400,-0.4829,0.0343,0,0
2026-08-25 16:05:19.945811,185,franka,0.49880,0.00969,0.35158,0.00000,0.00000,-0.03000,0.00000,0.00,0.00,0.00,0.0000,0.0143,-0.4314,0.0229,0,0
2026-08-25 16:05:19.999946,186,franka,0.49880,0.00969,0.35009,0.00000,0.00000,-0.03000,0.00000,0.00,0.00,0.00,0.0000,0.0086,-0.4314,0.0171,0,0
2026-08-25 16:05:20.053553,187,franka,0.49880,0.00969,0.34855,0.00000,0.00000,-0.03000,0.00000,0.00,0.00,0.00,0.0000,0.0114,-0.4029,0.0143,0,0
2026-08-25 16:05:20.106900,188,franka,0.49881,0.00968,0.34703,0.00000,0.00000,-0.03000,0.00000,0.00,0.00,0.00,0.0000,0.0114,-0.4000,0.0114,0,0
2026-08-25 16:05:20.160550,189,franka,0.49881,0.00969,0.34551,0.00000,0.00000,-0.03000,0.00000,0.00,0.00,0.00,0.0000,0.0000,-0.3686,0.0057,0,0
2026-08-25 16:05:20.214005,190,franka,0.49881,0.00969,0.34397,0.00000,0.00000,-0.03000,0.00000,0.00,0.00,0.00,0.0000,0.0000,-0.3657,0.0029,0,0
2026-08-25 16:05:20.267546,191,franka,0.49881,0.00969,0.34247,0.00000,0.00000,-0.03000,0.00000,0.00,0.00,0.00,0.0000,0.0000,-0.3743,0.0029,0,0
2026-08-25 16:05:20.321235,192,franka,0.49881,0.00968,0.33944,0.00000,0.00000,-0.03000,0.00000,0.00,0.00,0.00,0.0000,0.0000,-0.3943,0.0029,0,0
2026-08-25 16:05:20.374862,193,franka,0.49881,0.00969,0.33790,0.00000,0.00000,-0.03000,0.00000,0.00,0.00,0.00,0.0000,0.0000,-0.4057,0.0029,0,0
2026-08-25 16:05:20.428681,194,franka,0.49881,0.00968,0.33638,0.00000,0.00000,-0.03000,0.00000,0.00,0.00,0.00,0.0000,0.0000,-0.4143,0.0029,0,0
2026-08-25 16:05:20.482852,195,franka,0.49881,0.00969,0.33485,0.00000,0.00000,-0.03000,0.00000,0.00,0.00,0.00,0.0000,0.0000,-0.4057,0.0000,0,0
2026-08-25 16:05:20.536401,196,franka,0.49880,0.00969,0.33331,0.00000,0.00000,-0.03000,0.00000,0.00,0.00,0.00,0.0000,0.0000,-0.3800,0.0000,0,0
2026-08-25 16:05:20.590287,197,franka,0.49881,0.00969,0.33182,0.00000,0.00000,-0.03000,0.00000,0.00,0.00,0.00,0.0000,0.0000,-0.3714,0.0000,0,0
2026-08-25 16:05:20.644118,198,franka,0.49882,0.00969,0.33031,0.00000,0.00000,-0.03000,0.00000,0.00,0.00,0.00,0.0000,0.0000,-0.3771,0.0000,0,0
2026-08-25 16:05:20.697821,199,franka,0.49881,0.00969,0.32877,0.00000,0.00000,-0.03000,0.00000,0.00,0.00,0.00,0.0000,0.0000,-0.3857,0.0029,0,0
2026-08-25 16:05:20.751724,200,franka,0.49881,0.00969,0.32723,0.00000,0.00000,-0.03000,0.00000,0.00,0.00,0.00,0.0000,0.0000,-0.3714,0.0057,0,0
2026-08-25 16:05:20.805639,201,franka,0.49881,0.00969,0.32569,0.00000,0.00000,-0.03000,0.00000,0.00,0.00,0.00,0.0000,0.0000,-0.3600,0.0057,0,0
2026-08-25 16:05:20.859575,202,franka,0.49881,0.00968,0.32420,0.00000,0.00000,-0.03000,0.00000,0.00,0.00,0.00,0.0000,0.0000,-0.3657,0.0057,0,0
2026-08-25 16:05:20.913221,203,franka,0.49881,0.00968,0.32267,0.00000,0.00000,-0.03000,0.00000,0.00,0.00,0.00,0.0000,0.0000,-0.3571,0.0029,0,0
2026-08-25 16:05:20.966739,204,franka,0.49881,0.00968,0.32114,0.00000,0.00000,-0.03000,0.00000,0.00,0.00,0.00,0.0000,0.0000,-0.3429,0.0000,0,0
2026-08-25 16:05:21.020700,205,franka,0.49882,0.00968,0.31962,0.00000,0.00000,-0.03000,0.00000,0.00,0.00,0.00,0.0000,0.0029,-0.3143,0.0000,0,0
2026-08-25 16:05:21.074352,206,franka,0.49881,0.00969,0.31808,0.00000,0.00000,-0.03000,0.00000,0.00,0.00,0.00,0.0000,0.0000,-0.3000,0.0000,0,0
2026-08-25 16:05:21.128080,207,franka,0.49881,0.00968,0.31658,0.00000,0.00000,-0.03000,0.00000,0.00,0.00,0.00,0.0000,0.0000,-0.3143,0.0000,0,0
2026-08-25 16:05:21.181880,208,franka,0.49882,0.00969,0.31505,0.00000,0.00000,-0.03000,0.00000,0.00,0.00,0.00,0.0000,0.0029,-0.3000,0.0000,0,0
2026-08-25 16:05:21.235484,209,franka,0.49882,0.00968,0.31199,0.00000,0.00000,-0.03000,0.00000,0.00,0.00,0.00,0.0000,0.0029,-0.3029,0.0000,0,0
2026-08-25 16:05:21.290487,210,franka,0.49882,0.00968,0.31049,0.00000,0.00000,-0.03000,0.00000,0.00,0.00,0.00,0.0000,0.0057,-0.3057,0.0000,0,0
2026-08-25 16:05:21.343971,211,franka,0.49881,0.00968,0.30895,0.00000,0.00000,-0.03000,0.00000,0.00,0.00,0.00,0.0000,0.0057,-0.3029,0.0000,0,0
2026-08-25 16:05:21.397468,212,franka,0.49881,0.00968,0.30742,0.00000,0.00000,-0.03000,0.00000,0.00,0.00,0.00,0.0000,0.0057,-0.3029,0.0000,0,0
2026-08-25 16:05:21.451551,213,franka,0.49882,0.00968,0.30590,0.00000,0.00000,-0.03000,0.00000,0.00,0.00,0.00,0.0000,0.0057,-0.3057,0.0000,0,0
2026-08-25 16:05:21.505316,214,franka,0.49882,0.00968,0.30441,0.00000,0.00000,-0.03000,0.00000,0.00,0.00,0.00,0.0000,0.0000,-0.2829,0.0000,0,0
2026-08-25 16:05:21.558949,215,franka,0.49882,0.00968,0.30288,0.00000,0.00000,-0.03000,0.00000,0.00,0.00,0.00,0.0000,0.0000,-0.2257,0.0000,0,0
2026-08-25 16:05:21.612234,216,franka,0.49881,0.00968,0.30158,0.00000,0.00000,-0.01283,0.00000,0.00,0.00,0.00,0.0143,0.0000,0.0000,0.0000,0,0
2026-08-25 16:05:21.665708,217,franka,0.49881,0.00970,0.30140,0.00000,0.00000,-0.00000,0.00000,0.00,0.00,0.00,0.0000,0.0000,0.0829,0.0000,0,0
2026-08-25 16:05:21.719628,218,franka,0.49881,0.00969,0.30140,0.00000,0.00000,-0.00000,0.00000,0.00,0.00,0.00,0.0000,0.0000,0.0000,0.0000,0,0
2026-08-25 16:05:21.773437,219,franka,0.49881,0.00970,0.30142,0.00000,0.00000,-0.00000,0.00000,0.00,0.00,0.00,0.0000,0.0000,0.0000,0.0000,0,0
2026-08-25 16:05:21.827019,220,franka,0.49880,0.00970,0.30136,0.00000,0.00000,-0.00000,0.00000,0.00,0.00,0.00,0.0000,0.0000,0.0000,0.0000,0,0
2026-08-25 16:05:21.880917,221,franka,0.49881,0.00970,0.30140,0.00000,0.00000,-0.00000,0.00000,0.00,0.00,0.00,0.0000,0.0000,0.0000,0.0000,0,0
2026-08-25 16:05:21.934534,222,franka,0.49881,0.00970,0.30140,0.00000,0.00000,-0.00000,0.00000,0.00,0.00,0.00,0.0000,0.0000,0.0000,0.0000,0,0
2026-08-25 16:05:21.988010,223,franka,0.49880,0.00970,0.30139,0.00000,0.00000,-0.00000,0.00000,0.00,0.00,0.00,0.0000,0.0000,0.0000,0.0000,0,0
2026-08-25 16:05:22.041823,224,franka,0.49880,0.00970,0.30139,0.00000,0.00000,-0.00000,0.00000,0.00,0.00,0.00,0.0000,0.0000,0.0000,0.0000,0,0
2026-08-25 16:05:22.093470,225,franka,0.49880,0.00970,0.30140,0.00000,0.00000,-0.00000,0.00000,0.00,0.00,0.00,-0.0086,0.0000,0.0000,0.0000,0,0
2026-08-25 16:05:22.147376,226,franka,0.49880,0.00970,0.30139,0.00000,0.00000,-0.00000,0.00000,0.00,0.00,0.00,0.0000,0.0000,-0.0057,0.0000,0,0
2026-08-25 16:05:22.201239,227,franka,0.49880,0.00970,0.30140,0.00000,0.00000,-0.00000,0.00000,0.00,0.00,0.00,0.0000,0.0314,-0.0971,0.0000,0,0
2026-08-25 16:05:22.254840,228,franka,0.49880,0.00970,0.30139,0.00000,0.00000,-0.00000,0.00000,0.00,0.00,0.00,0.0000,0.0314,-0.0971,0.0000,0,0
2026-08-25 16:05:22.308685,229,franka,0.49880,0.00970,0.30139,0.00000,0.00000,-0.00000,0.00000,0.00,0.00,0.00,0.0000,0.0314,-0.0971,0.0000,0,0
2026-08-25 16:05:22.363449,230,franka,0.49881,0.00970,0.30140,0.00000,0.00000,-0.00000,0.00000,0.00,0.00,0.00,0.0000,0.0314,-0.1143,0.0000,0,0
2026-08-25 16:05:22.417465,231,franka,0.49880,0.00970,0.30139,0.00000,0.00000,-0.00000,0.00000,0.00,0.00,0.00,0.0000,0.0171,-0.2771,0.0000,0,0
2026-08-25 16:05:22.470978,232,franka,0.49882,0.00970,0.30110,0.00000,0.00000,-0.02172,0.00000,0.00,0.00,0.00,0.0000,0.0171,-0.2771,0.0000,0,0
2026-08-25 16:05:22.524832,233,franka,0.49881,0.00968,0.29968,0.00000,0.00000,-0.03000,0.00000,0.00,0.00,0.00,0.0000,0.0229,-0.3286,0.0000,0,0
2026-08-25 16:05:22.578290,234,franka,0.49882,0.00968,0.29812,0.00000,0.00000,-0.03000,0.00000,0.00,0.00,0.00,0.0000,0.0000,-0.3343,0.0000,0,0
2026-08-25 16:05:22.631611,235,franka,0.49881,0.00968,0.29659,0.00000,0.00000,-0.03000,0.00000,0.00,0.00,0.00,0.0000,0.0000,-0.3886,0.0000,0,0
2026-08-25 16:05:22.685255,236,franka,0.49884,0.00968,0.29518,0.00000,0.00000,-0.03000,0.00000,0.00,0.00,0.00,0.0000,0.0000,-0.3886,0.0000,0,0
2026-08-25 16:05:22.735098,237,franka,0.49882,0.00968,0.29357,0.00000,0.00000,-0.03000,0.00000,0.00,0.00,0.00,0.0000,0.0086,-0.3886,0.0000,0,0
2026-08-25 16:05:22.788692,238,franka,0.49881,0.00968,0.29201,0.00000,0.00000,-0.03000,0.00000,0.00,0.00,0.00,0.0000,0.0057,-0.3800,0.0000,0,0
2026-08-25 16:05:22.842428,239,franka,0.49882,0.00968,0.29056,0.00000,0.00000,-0.03000,0.00000,0.00,0.00,0.00,0.0000,0.0000,-0.3514,0.0000,0,0
2026-08-25 16:05:22.896065,240,franka,0.49882,0.00968,0.28905,0.00000,0.00000,-0.03000,0.00000,0.00,0.00,0.00,0.0000,0.0000,-0.3343,0.0000,0,0
2026-08-25 16:05:22.949723,241,franka,0.49881,0.00968,0.28748,0.00000,0.00000,-0.03000,0.00000,0.00,0.00,0.00,0.0000,0.0000,-0.3343,0.0000,0,0
2026-08-25 16:05:23.003252,242,franka,0.49882,0.00968,0.28599,0.00000,0.00000,-0.03000,0.00000,0.00,0.00,0.00,0.0000,0.0000,-0.3457,0.0000,0,0
2026-08-25 16:05:23.057264,243,franka,0.49883,0.00968,0.28449,0.00000,0.00000,-0.03000,0.00000,0.00,0.00,0.00,0.0000,0.0057,-0.3457,0.0000,0,0
2026-08-25 16:05:23.111003,244,franka,0.49882,0.00968,0.28143,0.00000,0.00000,-0.03000,0.00000,0.00,0.00,0.00,0.0000,0.0057,-0.3543,0.0000,0,0
2026-08-25 16:05:23.164778,245,franka,0.49882,0.00968,0.27990,0.00000,0.00000,-0.03000,0.00000,0.00,0.00,0.00,0.0000,0.0000,-0.3314,0.0000,0,0
2026-08-25 16:05:23.218960,246,franka,0.49882,0.00968,0.27839,0.00000,0.00000,-0.03000,0.00000,0.00,0.00,0.00,0.0000,0.0000,-0.3286,0.0000,0,0
2026-08-25 16:05:23.272792,247,franka,0.49882,0.00968,0.27686,0.00000,0.00000,-0.03000,0.00000,0.00,0.00,0.00,0.0000,0.0000,-0.3200,0.0000,0,0
2026-08-25 16:05:23.326675,248,franka,0.49884,0.00968,0.27536,0.00000,0.00000,-0.03000,0.00000,0.00,0.00,0.00,0.0000,0.0000,-0.3257,0.0000,0,0
2026-08-25 16:05:23.380095,249,franka,0.49883,0.00968,0.27384,0.00000,0.00000,-0.03000,0.00000,0.00,0.00,0.00,0.0000,0.0000,-0.3314,0.0000,0,0
2026-08-25 16:05:23.433725,250,franka,0.49883,0.00968,0.27231,0.00000,0.00000,-0.03000,0.00000,0.00,0.00,0.00,0.0000,0.0057,-0.2914,0.0000,0,0
2026-08-25 16:05:23.487601,251,franka,0.49882,0.00968,0.27077,0.00000,0.00000,-0.03000,0.00000,0.00,0.00,0.00,0.0000,0.0000,-0.2314,0.0000,0,0
2026-08-25 16:05:23.541264,252,franka,0.49882,0.00968,0.26923,0.00000,0.00000,-0.03000,0.00000,0.00,0.00,0.00,0.0000,0.0000,-0.0029,0.0000,0,0
2026-08-25 16:05:23.594862,253,franka,0.49881,0.00967,0.26825,0.00000,0.00000,-0.00178,0.00000,0.00,0.00,0.00,0.0000,0.0000,0.0000,0.0000,0,0
2026-08-25 16:05:23.648425,254,franka,0.49881,0.00969,0.26826,0.00000,0.00000,-0.00000,0.00000,0.00,0.00,0.00,0.0000,0.0257,0.0771,0.0000,0,0
2026-08-25 16:05:23.701930,255,franka,0.49880,0.00969,0.26824,0.00000,0.00000,-0.00000,0.00000,0.00,0.00,0.00,0.0000,0.0000,0.0000,0.0000,0,0
2026-08-25 16:05:23.755439,256,franka,0.49881,0.00969,0.26825,0.00000,0.00000,-0.00000,0.00000,0.00,0.00,0.00,0.0000,0.0000,0.0000,0.0000,0,0
2026-08-25 16:05:23.809068,257,franka,0.49880,0.00970,0.26821,0.00000,0.00000,-0.00000,0.00000,0.00,0.00,0.00,0.0000,0.0000,0.0000,0.0000,0,0
2026-08-25 16:05:23.862323,258,franka,0.49881,0.00969,0.26825,0.00000,0.00000,-0.00000,0.00000,0.00,0.00,0.00,0.0000,0.0000,0.0000,0.0000,0,0
2026-08-25 16:05:23.916021,259,franka,0.49881,0.00970,0.26824,0.00000,0.00000,0.00000,0.00000,0.00,0.00,0.00,0.0000,0.0000,0.0000,0.0000,0,0
2026-08-25 16:05:23.970025,260,franka,0.49880,0.00969,0.26822,0.00000,0.00000,0.00000,0.00000,0.00,0.00,0.00,0.0000,0.0000,0.0000,0.0000,0,0
2026-08-25 16:05:24.023900,261,franka,0.49881,0.00969,0.26824,0.00000,0.00000,0.00000,0.00000,0.00,0.00,0.00,0.0000,0.0000,0.0000,0.0000,0,0
2026-08-25 16:05:24.077192,262,franka,0.49881,0.00969,0.26823,0.00000,0.00000,-0.00000,0.00000,0.00,0.00,0.00,0.0000,0.0000,0.0000,0.0000,0,0
2026-08-25 16:05:24.130839,263,franka,0.49881,0.00969,0.26824,0.00000,0.00000,-0.00000,0.00000,0.00,0.00,0.00,0.0000,0.0000,0.0000,0.0000,0,0
2026-08-25 16:05:24.184250,264,franka,0.49881,0.00969,0.26824,0.00000,0.00000,-0.00000,0.00000,0.00,0.00,0.00,0.0000,0.0000,0.0000,0.0000,0,0
2026-08-25 16:05:24.237749,265,franka,0.49881,0.00969,0.26823,0.00000,0.00000,-0.00000,0.00000,0.00,0.00,0.00,0.0000,0.0000,0.0000,0.0000,0,0
2026-08-25 16:05:24.291407,266,franka,0.49881,0.00969,0.26824,0.00000,0.00000,-0.00000,0.00000,0.00,0.00,0.00,0.0000,0.0000,0.0000,0.0000,0,0
2026-08-25 16:05:24.345178,267,franka,0.49881,0.00969,0.26824,0.00000,0.00000,-0.00000,0.00000,0.00,0.00,0.00,0.0000,-0.0029,0.0000,0.0000,0,0
2026-08-25 16:05:24.398601,268,franka,0.49881,0.00969,0.26823,0.00000,0.00000,-0.00000,0.00000,0.00,0.00,0.00,0.0000,-0.0029,0.0000,0.0000,0,0
2026-08-25 16:05:24.451872,269,franka,0.49881,0.00969,0.26824,0.00000,0.00000,-0.00000,0.00000,0.00,0.00,0.00,0.0000,-0.0029,0.0000,0.0000,0,0
2026-08-25 16:05:24.505407,270,franka,0.49881,0.00969,0.26824,0.00000,0.00000,-0.00000,0.00000,0.00,0.00,0.00,0.0000,-0.0029,0.0000,0.0000,0,0
2026-08-25 16:05:24.559056,271,franka,0.49881,0.00969,0.26824,0.00000,0.00000,-0.00000,0.00000,0.00,0.00,0.00,0.0000,-0.0029,0.0000,0.0000,0,0
2026-08-25 16:05:24.612537,272,franka,0.49881,0.00969,0.26824,0.00000,0.00000,-0.00000,0.00000,0.00,0.00,0.00,0.0000,-0.0029,0.0000,0.0000,0,0
2026-08-25 16:05:24.666505,273,franka,0.49881,0.00969,0.26824,0.00000,0.00000,-0.00000,0.00000,0.00,0.00,0.00,0.0000,-0.0029,0.0000,0.0000,0,0
2026-08-25 16:05:24.720875,274,franka,0.49881,0.00969,0.26824,0.00000,0.00000,-0.00000,0.00000,0.00,0.00,0.00,0.0000,-0.0029,0.0000,0.0000,0,0
2026-08-25 16:05:24.774732,275,franka,0.49881,0.00969,0.26824,0.00000,0.00000,-0.00000,0.00000,0.00,0.00,0.00,0.0000,-0.0029,0.0000,0.0000,0,0
2026-08-25 16:05:24.828341,276,franka,0.49881,0.00969,0.26824,0.00000,0.00000,-0.00000,0.00000,0.00,0.00,0.00,0.0000,0.1200,0.0000,0.0000,0,0
2026-08-25 16:05:24.882169,277,franka,0.49881,0.00969,0.26824,0.00000,0.00000,-0.00000,0.00000,0.00,0.00,0.00,0.0000,0.1857,0.0000,0.0000,0,0
2026-08-25 16:05:24.936328,278,franka,0.49881,0.00969,0.26823,0.00419,0.00000,-0.00000,0.00000,0.00,0.00,0.00,0.0000,0.2029,0.0000,0.0000,0,0
2026-08-25 16:05:24.989918,279,franka,0.49976,0.00970,0.26826,0.03000,0.00000,-0.00000,0.00000,0.00,0.00,0.00,-0.0029,0.3514,0.0000,0.0000,0,0
2026-08-25 16:05:25.043357,280,franka,0.50125,0.00972,0.26824,0.03000,0.00000,-0.00000,0.00000,0.00,0.00,0.00,-0.0229,0.5143,0.0000,0.0000,0,0
2026-08-25 16:05:25.096830,281,franka,0.50275,0.00972,0.26818,0.03000,0.00000,-0.00000,0.00000,0.00,0.00,0.00,0.0000,0.5314,0.0000,0.0000,0,0
2026-08-25 16:05:25.150574,282,franka,0.50430,0.00972,0.26827,0.03000,0.00000,-0.00000,0.00000,0.00,0.00,0.00,0.0000,0.5857,0.0000,0.0000,0,0
2026-08-25 16:05:25.205120,283,franka,0.50582,0.00972,0.26827,0.03000,0.00000,-0.00000,0.00000,0.00,0.00,0.00,-0.0029,0.6143,0.0000,0.0000,0,0
2026-08-25 16:05:25.258772,284,franka,0.50729,0.00973,0.26817,0.03000,0.00000,-0.00000,0.00000,0.00,0.00,0.00,0.0000,0.6257,0.0000,0.0000,0,0
2026-08-25 16:05:25.312597,285,franka,0.50883,0.00973,0.26826,0.03000,0.00000,-0.00000,0.00000,0.00,0.00,0.00,0.0000,0.6286,0.0000,0.0000,0,0
2026-08-25 16:05:25.365935,286,franka,0.51035,0.00974,0.26825,0.03000,0.00000,-0.00000,0.00000,0.00,0.00,0.00,0.0000,0.6229,0.0000,0.0000,0,0
2026-08-25 16:05:25.419679,287,franka,0.51186,0.00973,0.26824,0.03000,0.00000,-0.00000,0.00000,0.00,0.00,0.00,-0.0086,0.6143,0.0000,0.0000,0,0
2026-08-25 16:05:25.473465,288,franka,0.51338,0.00973,0.26823,0.03000,0.00000,-0.00000,0.00000,0.00,0.00,0.00,-0.0086,0.5943,0.0000,0.0000,0,0
2026-08-25 16:05:25.527163,289,franka,0.51491,0.00973,0.26824,0.03000,0.00000,-0.00000,0.00000,0.00,0.00,0.00,-0.0057,0.5800,0.0000,0.0000,0,0
2026-08-25 16:05:25.581340,290,franka,0.51646,0.00973,0.26826,0.03000,0.00000,-0.00000,0.00000,0.00,0.00,0.00,-0.0057,0.5743,0.0000,0.0000,0,0
2026-08-25 16:05:25.635416,291,franka,0.51793,0.00973,0.26820,0.03000,0.00000,-0.00000,0.00000,0.00,0.00,0.00,-0.0057,0.5743,0.0000,0.0000,0,0
2026-08-25 16:05:25.688962,292,franka,0.51948,0.00973,0.26825,0.03000,0.00000,-0.00000,0.00000,0.00,0.00,0.00,0.0000,0.5714,0.0000,0.0000,0,0
2026-08-25 16:05:25.742457,293,franka,0.52252,0.00972,0.26823,0.03000,0.00000,-0.00000,0.00000,0.00,0.00,0.00,0.0000,0.5714,0.0000,0.0000,0,0
2026-08-25 16:05:25.795836,294,franka,0.52405,0.00971,0.26826,0.03000,0.00000,-0.00000,0.00000,0.00,0.00,0.00,0.0000,0.5657,-0.0057,0.0000,0,0
2026-08-25 16:05:25.849320,295,franka,0.52556,0.00970,0.26823,0.03000,0.00000,-0.00000,0.00000,0.00,0.00,0.00,0.0000,0.5743,-0.0057,-0.0057,0,0
2026-08-25 16:05:25.902447,296,franka,0.52707,0.00970,0.26826,0.03000,0.00000,-0.00000,0.00000,0.00,0.00,0.00,0.0000,0.5686,-0.0057,-0.0057,0,0
2026-08-25 16:05:25.956374,297,franka,0.52859,0.00969,0.26823,0.03000,0.00000,-0.00000,0.00000,0.00,0.00,0.00,0.0000,0.5686,-0.0057,-0.0057,0,0
2026-08-25 16:05:26.010510,298,franka,0.53012,0.00969,0.26824,0.03000,0.00000,-0.00000,0.00000,0.00,0.00,0.00,0.0000,0.5600,-0.0057,-0.0086,0,0
2026-08-25 16:05:26.063900,299,franka,0.53164,0.00968,0.26829,0.03000,0.00000,-0.00000,0.00000,0.00,0.00,0.00,0.0000,0.5743,-0.0143,-0.0114,0,0
2026-08-25 16:05:26.117379,300,franka,0.53311,0.00968,0.26821,0.03000,0.00000,-0.00000,0.00000,0.00,0.00,0.00,0.0000,0.5743,-0.0171,-0.0143,0,0
2026-08-25 16:05:26.170937,301,franka,0.53466,0.00968,0.26826,0.03000,0.00000,-0.00000,0.00000,0.00,0.00,0.00,0.0000,0.5686,-0.0086,-0.0143,0,0
2026-08-25 16:05:26.224658,302,franka,0.53619,0.00968,0.26827,0.03000,0.00000,-0.00000,0.00000,0.00,0.00,0.00,0.0000,0.5629,-0.0086,-0.0143,0,0
2026-08-25 16:05:26.280594,303,franka,0.53770,0.00968,0.26821,0.03000,0.00000,-0.00000,0.00000,0.00,0.00,0.00,0.0000,0.5543,-0.0057,-0.0114,0,0
2026-08-25 16:05:26.329178,304,franka,0.53923,0.00968,0.26827,0.03000,0.00000,-0.00000,0.00000,0.00,0.00,0.00,0.0000,0.4857,0.0000,-0.0086,0,0
2026-08-25 16:05:26.383089,305,franka,0.54074,0.00967,0.26825,0.02932,0.00000,-0.00000,0.00000,0.00,0.00,0.00,0.0000,0.0257,0.0000,0.0000,0,0
2026-08-25 16:05:26.436626,306,franka,0.54147,0.00967,0.26827,0.00004,0.00000,-0.00000,0.00000,0.00,0.00,0.00,0.0000,0.0000,0.0000,0.0000,0,0
2026-08-25 16:05:26.489951,307,franka,0.54146,0.00968,0.26822,0.00000,0.00000,-0.00000,0.00000,0.00,0.00,0.00,0.0000,0.0000,0.0000,0.0000,0,0
2026-08-25 16:05:26.543631,308,franka,0.54147,0.00969,0.26828,0.00000,0.00000,-0.00000,0.00000,0.00,0.00,0.00,0.0000,0.0000,0.0000,0.0000,0,0
2026-08-25 16:05:26.598101,309,franka,0.54146,0.00968,0.26823,0.00000,0.00000,-0.00000,0.00000,0.00,0.00,0.00,0.0000,0.0000,0.0000,0.0000,0,0
2026-08-25 16:05:26.651735,310,franka,0.54147,0.00968,0.26826,0.00000,0.00000,-0.00000,0.00000,0.00,0.00,0.00,0.0000,0.0000,0.0000,0.0000,0,0
2026-08-25 16:05:26.705637,311,franka,0.54147,0.00968,0.26825,0.00000,0.00000,-0.00000,0.00000,0.00,0.00,0.00,0.0000,0.0000,0.0000,0.0000,0,0
2026-08-25 16:05:26.759251,312,franka,0.54146,0.00968,0.26821,0.00000,0.00000,-0.00000,0.00000,0.00,0.00,0.00,0.0000,0.0000,0.0000,0.0000,0,0
2026-08-25 16:05:26.812605,313,franka,0.54146,0.00969,0.26825,0.00000,0.00000,-0.00000,0.00000,0.00,0.00,0.00,0.0000,0.0000,0.0000,0.0000,0,0
2026-08-25 16:05:26.865942,314,franka,0.54147,0.00968,0.26825,0.00000,0.00000,-0.00000,0.00000,0.00,0.00,0.00,0.0000,0.0000,0.0000,0.0000,0,0
2026-08-25 16:05:26.919390,315,franka,0.54146,0.00969,0.26822,0.00000,0.00000,-0.00000,0.00000,0.00,0.00,0.00,0.0000,0.0000,0.0000,0.0000,0,0
2026-08-25 16:05:26.972859,316,franka,0.54146,0.00968,0.26824,0.00000,0.00000,-0.00000,0.00000,0.00,0.00,0.00,0.0000,0.0000,0.0000,0.0000,0,0
2026-08-25 16:05:27.026358,317,franka,0.54146,0.00968,0.26825,0.00000,0.00000,-0.00000,0.00000,0.00,0.00,0.00,0.0000,0.0000,0.0000,0.0000,0,0
2026-08-25 16:05:27.079872,318,franka,0.54146,0.00969,0.26823,0.00000,0.00000,-0.00000,0.00000,0.00,0.00,0.00,0.0000,0.0000,0.0000,0.0000,0,0
2026-08-25 16:05:27.133513,319,franka,0.54146,0.00968,0.26824,0.00000,0.00000,-0.00000,0.00000,0.00,0.00,0.00,0.0000,0.0000,0.0000,0.0000,0,0
2026-08-25 16:05:27.187005,320,franka,0.54146,0.00968,0.26825,0.00000,0.00000,-0.00000,0.00000,0.00,0.00,0.00,0.0000,0.0000,0.0000,0.0000,0,0
2026-08-25 16:05:27.240874,321,franka,0.54146,0.00968,0.26823,0.00000,0.00000,-0.00000,0.00000,0.00,0.00,0.00,0.0000,0.0000,0.0000,0.0000,0,0
2026-08-25 16:05:27.294665,322,franka,0.54146,0.00968,0.26824,0.00000,0.00000,-0.00000,0.00000,0.00,0.00,0.00,0.0000,0.0000,0.0000,0.0000,0,0
2026-08-25 16:05:27.348347,323,franka,0.54146,0.00968,0.26824,0.00000,0.00000,-0.00000,0.00000,0.00,0.00,0.00,0.0000,0.0000,0.0000,0.0000,0,0
2026-08-25 16:05:27.401943,324,franka,0.54146,0.00968,0.26824,0.00000,0.00000,-0.00000,0.00000,0.00,0.00,0.00,0.0000,0.0000,0.0000,0.0000,0,0
2026-08-25 16:05:27.455496,325,franka,0.54146,0.00968,0.26824,0.00000,0.00000,-0.00000,0.00000,0.00,0.00,0.00,0.0000,0.0000,0.0000,0.0000,0,0
2026-08-25 16:05:27.510447,326,franka,0.54146,0.00968,0.26824,0.00000,0.00000,-0.00000,0.00000,0.00,0.00,0.00,0.0000,0.0000,0.0000,0.0000,0,0
2026-08-25 16:05:27.559709,327,franka,0.54146,0.00968,0.26824,0.00000,0.00000,-0.00000,0.00000,0.00,0.00,0.00,0.0000,0.0000,0.0000,0.0000,0,0
2026-08-25 16:05:27.613083,328,franka,0.54146,0.00968,0.26824,0.00000,0.00000,-0.00000,0.00000,0.00,0.00,0.00,0.0000,0.0000,0.0000,0.0000,0,0
2026-08-25 16:05:27.666763,329,franka,0.54146,0.00968,0.26824,0.00000,0.00000,-0.00000,0.00000,0.00,0.00,0.00,0.0000,0.0000,0.0000,0.0000,0,0
2026-08-25 16:05:27.720537,330,franka,0.54146,0.00968,0.26824,0.00000,0.00000,-0.00000,0.00000,0.00,0.00,0.00,0.0000,0.0000,0.0000,0.0000,0,0
2026-08-25 16:05:27.773976,331,franka,0.54146,0.00968,0.26824,0.00000,0.00000,-0.00000,0.00000,0.00,0.00,0.00,-0.0800,-0.0714,0.0943,0.0000,0,0
2026-08-25 16:05:27.827710,332,franka,0.54146,0.00969,0.26824,0.00000,0.00000,-0.00000,0.00000,0.00,0.00,0.00,0.0000,-0.1543,0.0000,0.0000,0,0
2026-08-25 16:05:27.881691,333,franka,0.54146,0.00968,0.26824,0.00000,0.00000,-0.00000,0.00000,0.00,0.00,0.00,0.0000,0.0000,-0.0229,0.0000,0,0
2026-08-25 16:05:27.935021,334,franka,0.54146,0.00968,0.26824,0.00000,0.00000,-0.00000,0.00000,0.00,0.00,0.00,0.0000,0.0000,-0.1200,0.0000,0,0
2026-08-25 16:05:27.988967,335,franka,0.54147,0.00968,0.26813,0.00000,0.00000,-0.01392,0.00000,0.00,0.00,0.00,0.0000,0.0000,-0.2257,0.0000,0,0
2026-08-25 16:05:28.043043,336,franka,0.54149,0.00968,0.26692,0.00000,0.00000,-0.03000,0.00000,0.00,0.00,0.00,0.0000,0.0000,-0.2400,0.0000,0,0
2026-08-25 16:05:28.097514,337,franka,0.54146,0.00969,0.26534,0.00000,0.00000,-0.03000,0.00000,0.00,0.00,0.00,0.0000,0.0000,-0.3400,0.0257,0,0
2026-08-25 16:05:28.151504,338,franka,0.54148,0.00969,0.26382,0.00000,0.00000,-0.03000,0.00000,0.00,0.00,0.00,0.0000,0.0200,-0.3886,0.0229,0,0
2026-08-25 16:05:28.205314,339,franka,0.54149,0.00969,0.26238,0.00000,0.00000,-0.03000,0.00000,0.00,0.00,0.00,0.0000,0.0000,-0.3343,0.0257,0,0
2026-08-25 16:05:28.258843,340,franka,0.54151,0.00969,0.26090,0.00000,0.00000,-0.03000,0.00000,0.00,0.00,0.00,0.0000,0.0000,-0.2086,0.0229,0,0
2026-08-25 16:05:28.312608,341,franka,0.54147,0.00969,0.25927,0.00000,0.00000,-0.03000,0.00000,0.00,0.00,0.00,0.0000,0.0000,-0.2286,0.0229,0,0
2026-08-25 16:05:28.366443,342,franka,0.54150,0.00968,0.25784,0.00000,0.00000,-0.03000,0.00000,0.00,0.00,0.00,0.0000,0.0000,-0.2743,0.0229,0,0
2026-08-25 16:05:28.419818,343,franka,0.54149,0.00969,0.25629,0.00000,0.00000,-0.03000,0.00000,0.00,0.00,0.00,0.0000,0.0000,-0.3114,0.0143,0,0
2026-08-25 16:05:28.473584,344,franka,0.54148,0.00969,0.25323,0.00000,0.00000,-0.03000,0.00000,0.00,0.00,0.00,0.0000,0.0000,-0.2429,0.0057,0,0
2026-08-25 16:05:28.526931,345,franka,0.54149,0.00969,0.25224,0.00000,0.00000,-0.00308,0.00000,0.00,0.00,0.00,0.0000,0.0000,-0.0371,0.0000,0,0
2026-08-25 16:05:28.580614,346,franka,0.54148,0.00970,0.25220,0.00000,0.00000,-0.00000,0.00000,0.00,0.00,0.00,0.0000,0.0000,0.0000,0.0000,0,0
2026-08-25 16:05:28.634283,347,franka,0.54147,0.00970,0.25218,0.00000,0.00000,-0.00000,0.00000,0.00,0.00,0.00,0.0000,0.0000,0.0000,0.0000,0,0
2026-08-25 16:05:28.687860,348,franka,0.54149,0.00969,0.25222,0.00000,0.00000,-0.00000,0.00000,0.00,0.00,0.00,0.0000,0.0000,0.0000,0.0000,0,0
2026-08-25 16:05:28.741569,349,franka,0.54147,0.00970,0.25215,0.00000,0.00000,-0.00000,0.00000,0.00,0.00,0.00,0.0000,0.0000,0.0000,0.0000,0,0
2026-08-25 16:05:28.795303,350,franka,0.54148,0.00969,0.25219,0.00000,0.00000,-0.00000,0.00000,0.00,0.00,0.00,0.0000,0.0000,0.0000,0.0000,0,0
2026-08-25 16:05:28.849249,351,franka,0.54148,0.00970,0.25219,0.00000,0.00000,-0.00000,0.00000,0.00,0.00,0.00,0.0000,0.0000,0.0000,0.0000,0,0
2026-08-25 16:05:28.902593,352,franka,0.54147,0.00969,0.25217,0.00000,0.00000,-0.00000,0.00000,0.00,0.00,0.00,0.0000,0.0000,0.0000,0.0000,0,0
2026-08-25 16:05:28.955812,353,franka,0.54148,0.00969,0.25219,0.00000,0.00000,-0.00000,0.00000,0.00,0.00,0.00,0.0000,0.0000,0.0000,0.0000,0,0
2026-08-25 16:05:29.009804,354,franka,0.54148,0.00969,0.25219,0.00000,0.00000,-0.00000,0.00000,0.00,0.00,0.00,0.0000,0.0000,0.0000,0.0000,0,0
2026-08-25 16:05:29.063238,355,franka,0.54148,0.00969,0.25218,0.00000,0.00000,-0.00000,0.00000,0.00,0.00,0.00,0.0000,0.0000,0.0000,0.0000,0,0
2026-08-25 16:05:29.116889,356,franka,0.54148,0.00969,0.25218,0.00000,0.00000,-0.00000,0.00000,0.00,0.00,0.00,0.0000,0.0000,0.0000,0.0000,0,0
2026-08-25 16:05:29.170065,357,franka,0.54148,0.00969,0.25219,0.00000,0.00000,-0.00000,0.00000,0.00,0.00,0.00,0.0000,0.0000,0.0000,0.0000,0,0
2026-08-25 16:05:29.223547,358,franka,0.54148,0.00969,0.25218,0.00000,0.00000,-0.00000,0.00000,0.00,0.00,0.00,0.0000,0.0000,0.0000,0.0000,0,0
2026-08-25 16:05:29.277001,359,franka,0.54148,0.00970,0.25218,0.00000,0.00000,-0.00000,0.00000,0.00,0.00,0.00,0.0000,0.0000,0.0000,0.0000,0,0
2026-08-25 16:05:29.330876,360,franka,0.54148,0.00969,0.25219,0.00000,0.00000,-0.00000,0.00000,0.00,0.00,0.00,0.0000,0.0000,0.0000,0.0000,0,0
2026-08-25 16:05:29.384687,361,flowbot,0.54148,0.00970,0.25218,0.00000,0.00000,-0.00000,0.00000,0.00,0.00,0.00,0.0000,0.0000,0.0000,0.0000,1,0
2026-08-25 16:05:29.438491,362,flowbot,0.54148,0.00970,0.25218,0.00000,0.00000,-0.00000,0.00000,0.00,0.00,0.00,0.0000,0.0000,0.0000,0.0000,1,0
2026-08-25 16:05:29.491840,363,flowbot,0.54148,0.00970,0.25218,0.00000,0.00000,-0.00000,0.00000,0.00,0.00,0.00,0.0000,0.0000,0.0000,0.0000,1,0
2026-08-25 16:05:29.543315,364,flowbot,0.54148,0.00970,0.25218,0.00000,0.00000,-0.00000,0.00000,0.00,0.00,0.00,0.0000,0.0000,0.0000,0.0000,1,0
2026-08-25 16:05:29.597579,365,flowbot,0.54148,0.00970,0.25218,0.00000,0.00000,-0.00000,0.00000,0.00,0.00,0.00,0.0000,0.0000,0.0000,0.0000,1,0
2026-08-25 16:05:29.651831,366,flowbot,0.54148,0.00970,0.25218,0.00000,0.00000,-0.00000,0.00000,0.00,0.00,0.00,0.0000,0.0000,0.0000,0.0000,1,0
2026-08-25 16:05:29.705462,367,flowbot,0.54148,0.00970,0.25218,0.00000,0.00000,-0.00000,0.00000,0.00,0.00,0.00,0.0000,0.0000,0.0000,0.0000,1,0
2026-08-25 16:05:29.759266,368,flowbot,0.54148,0.00970,0.25218,0.00000,0.00000,-0.00000,0.00000,0.00,0.00,0.00,0.0000,0.0000,0.0000,0.0000,1,0
2026-08-25 16:05:29.812911,369,flowbot,0.54148,0.00970,0.25218,0.00000,0.00000,-0.00000,0.00000,0.00,0.00,0.00,0.0000,0.0000,0.0000,0.0000,1,0
2026-08-25 16:05:29.866968,370,flowbot,0.54148,0.00970,0.25218,0.00000,0.00000,-0.00000,0.00000,0.00,0.00,0.00,0.0000,0.0000,0.0000,0.0000,1,0
2026-08-25 16:05:29.920773,371,flowbot,0.54148,0.00970,0.25218,0.00000,0.00000,-0.00000,0.00000,0.00,0.00,0.00,0.0000,0.0000,0.0000,0.0000,1,0
2026-08-25 16:05:29.974997,372,flowbot,0.54148,0.00970,0.25218,0.00000,0.00000,-0.00000,0.00000,0.00,0.00,0.00,0.0000,0.0000,0.0000,0.0000,1,0
2026-08-25 16:05:30.028041,373,flowbot,0.54148,0.00970,0.25218,0.00000,0.00000,-0.00000,0.00000,0.00,0.00,0.00,0.0000,0.0000,0.0000,0.0000,1,0
2026-08-25 16:05:30.084675,374,flowbot,0.54148,0.00970,0.25218,0.00000,0.00000,-0.00000,0.00000,0.00,0.00,0.00,0.0000,0.0000,0.0000,0.0000,1,0
2026-08-25 16:05:30.136046,375,flowbot,0.54148,0.00970,0.25218,0.00000,0.00000,-0.00000,0.00000,0.00,0.00,0.00,0.0000,0.0000,0.0000,0.0000,1,0
2026-08-25 16:05:30.190478,376,flowbot,0.54148,0.00970,0.25218,0.00000,0.00000,-0.00000,0.00000,0.00,0.00,0.00,0.0000,0.0000,0.0000,0.0000,0,0
2026-08-25 16:05:30.243032,377,flowbot,0.54148,0.00970,0.25218,0.00000,0.00000,-0.00000,0.00000,0.00,0.00,0.00,0.0000,0.0000,0.0000,0.0000,0,0
2026-08-25 16:05:30.296928,378,flowbot,0.54148,0.00970,0.25218,0.00000,0.00000,-0.00000,0.00000,0.00,0.00,0.00,0.0000,0.0000,0.0000,0.0000,0,0
2026-08-25 16:05:30.348510,379,flowbot,0.54148,0.00970,0.25218,0.00000,0.00000,-0.00000,0.00000,0.00,0.00,0.00,0.0000,0.0000,0.0000,0.0000,0,0
2026-08-25 16:05:30.405146,380,flowbot,0.54148,0.00970,0.25218,0.00000,0.00000,-0.00000,0.00000,0.00,0.00,0.00,0.0000,0.0000,0.0000,0.0000,0,0
2026-08-25 16:05:30.456543,381,flowbot,0.54148,0.00970,0.25218,0.00000,0.00000,-0.00000,0.00000,0.00,0.00,0.00,0.0000,0.0000,0.0000,0.0000,0,0
2026-08-25 16:05:30.507528,382,flowbot,0.54148,0.00970,0.25218,0.00000,0.00000,-0.00000,0.00000,0.00,0.00,0.00,0.0000,0.0000,0.0000,0.0000,0,0
2026-08-25 16:05:30.556820,383,flowbot,0.54148,0.00970,0.25218,0.00000,0.00000,-0.00000,0.00000,0.00,0.00,0.00,0.0000,0.0000,0.0000,0.0000,0,0
2026-08-25 16:05:30.612475,384,flowbot,0.54148,0.00970,0.25218,0.00000,0.00000,-0.00000,0.00000,0.00,0.00,0.00,0.0000,0.0000,0.0000,0.0000,0,0
2026-08-25 16:05:30.663801,385,flowbot,0.54148,0.00970,0.25218,0.00000,0.00000,-0.00000,0.00000,0.00,0.00,0.00,0.0000,0.0000,0.0000,0.0000,0,0
2026-08-25 16:05:30.716301,386,flowbot,0.54148,0.00970,0.25218,0.00000,0.00000,-0.00000,0.00000,0.00,0.00,0.00,0.0000,0.0000,0.0000,0.0000,0,0
2026-08-25 16:05:30.773300,387,flowbot,0.54148,0.00970,0.25218,0.00000,0.00000,-0.00000,0.00000,0.00,0.00,0.00,0.0000,0.0000,0.0000,0.0000,0,0
2026-08-25 16:05:30.825714,388,flowbot,0.54148,0.00970,0.25218,0.00000,0.00000,-0.00000,0.00000,0.00,0.00,0.00,0.0000,0.0000,0.0000,0.0000,0,0
2026-08-25 16:05:30.876120,389,flowbot,0.54148,0.00970,0.25218,0.00000,0.00000,-0.00000,0.00000,0.00,0.00,0.00,0.0000,0.0000,0.0000,0.0000,0,0
2026-08-25 16:05:30.927256,390,flowbot,0.54148,0.00970,0.25218,0.00000,0.00000,-0.00000,0.00000,0.00,0.00,0.00,0.0000,0.0000,0.0000,0.0000,0,0
2026-08-25 16:05:30.980329,391,flowbot,0.54148,0.00970,0.25218,0.00000,0.00000,-0.00000,0.00000,0.00,0.00,0.00,0.0000,0.0000,0.0000,0.0000,0,0
2026-08-25 16:05:31.030657,392,flowbot,0.54148,0.00970,0.25218,0.00000,0.00000,-0.00000,0.00000,0.00,0.00,0.00,0.0000,0.0000,0.0000,0.0000,0,0
2026-08-25 16:05:31.086041,393,flowbot,0.54148,0.00970,0.25218,0.00000,0.00000,-0.00000,0.00000,0.00,0.00,0.00,0.0000,0.0000,0.0000,0.0000,0,0
2026-08-25 16:05:31.144097,394,flowbot,0.54148,0.00970,0.25218,0.00000,0.00000,-0.00000,0.00000,0.00,0.00,0.00,0.0000,0.0000,0.0000,0.0000,0,0
2026-08-25 16:05:31.190397,395,flowbot,0.54148,0.00970,0.25218,0.00000,0.00000,-0.00000,0.00000,0.00,0.00,0.00,0.0000,0.0000,0.0000,0.0000,0,0
2026-08-25 16:05:31.245251,396,flowbot,0.54148,0.00970,0.25218,0.00000,0.00000,-0.00000,0.00000,0.00,0.00,0.00,0.0000,0.0000,0.0000,0.0000,0,0
2026-08-25 16:05:31.296082,397,flowbot,0.54148,0.00970,0.25218,0.00000,0.00000,-0.00000,0.00000,0.00,0.00,0.00,0.0000,0.0000,0.0000,0.0000,0,0
2026-08-25 16:05:31.359126,398,flowbot,0.54148,0.00970,0.25218,0.00000,0.00000,-0.00000,0.00000,0.00,0.00,0.00,0.5486,0.0000,0.1486,0.0000,0,0
2026-08-25 16:05:31.415005,399,flowbot,0.54148,0.00970,0.25218,0.00000,0.00000,-0.00000,0.00000,0.00,0.00,0.00,0.5486,0.0000,0.1486,0.0000,0,0
2026-08-25 16:05:31.465447,400,flowbot,0.54148,0.00970,0.25218,0.00000,0.00000,-0.00000,0.00000,0.00,0.00,0.00,0.5486,0.0000,0.1486,0.0000,0,0
2026-08-25 16:05:31.518175,401,flowbot,0.54148,0.00970,0.25218,0.00000,0.00000,-0.00000,0.00000,0.00,0.00,0.00,0.2600,0.0000,0.0000,0.0000,0,0
2026-08-25 16:05:31.572507,402,flowbot,0.54148,0.00970,0.25218,0.00000,0.00000,-0.00000,0.00000,0.00,0.00,0.00,0.2600,0.0000,0.0000,0.0000,0,0
2026-08-25 16:05:31.624980,403,flowbot,0.54148,0.00970,0.25218,0.00000,0.00000,-0.00000,0.00000,0.00,0.00,0.00,0.2600,0.0000,0.0000,0.0000,0,0
2026-08-25 16:05:31.682561,404,flowbot,0.54148,0.00970,0.25218,0.00000,0.00000,-0.00000,0.00000,0.00,0.00,0.00,0.2600,0.0000,0.0000,0.0000,0,0
2026-08-25 16:05:31.736709,405,flowbot,0.54148,0.00970,0.25218,0.00000,0.00000,-0.00000,0.00000,0.00,0.00,0.00,0.2600,0.0000,0.0000,0.0000,0,0
2026-08-25 16:05:31.788912,406,flowbot,0.54148,0.00970,0.25218,0.00000,0.00000,-0.00000,0.00000,0.00,0.00,0.00,0.2600,0.0000,0.0000,0.0000,0,0
2026-08-25 16:05:31.839698,407,flowbot,0.54148,0.00970,0.25218,0.00000,0.00000,-0.00000,0.00000,0.00,0.00,0.00,0.2600,0.0000,0.0000,0.0000,0,0
2026-08-25 16:05:31.890860,408,flowbot,0.54148,0.00970,0.25218,0.00000,0.00000,-0.00000,0.00000,0.00,0.00,0.00,0.4686,0.0000,0.0000,0.0000,0,0
2026-08-25 16:05:31.943249,409,flowbot,0.54148,0.00970,0.25218,0.00000,0.00000,-0.00000,0.00000,0.00,0.00,0.00,0.4686,0.0000,0.0000,0.0000,0,0
2026-08-25 16:05:31.994080,410,flowbot,0.54148,0.00970,0.25218,0.00000,0.00000,-0.00000,0.00000,0.00,0.00,0.00,0.4686,0.0000,0.0000,0.0000,0,0
2026-08-25 16:05:32.046108,411,flowbot,0.54148,0.00970,0.25218,0.00000,0.00000,-0.00000,0.00000,0.00,0.00,0.00,0.4686,0.0000,0.0000,0.0000,0,0
2026-08-25 16:05:32.095237,412,flowbot,0.54148,0.00970,0.25218,0.00000,0.00000,-0.00000,0.00000,0.00,0.00,0.00,0.5657,0.0000,0.0000,0.0000,0,0
2026-08-25 16:05:32.149518,413,flowbot,0.54148,0.00970,0.25218,0.00000,0.00000,-0.00000,0.00000,0.00,0.00,0.00,0.5657,0.0000,0.0000,0.0000,0,0
2026-08-25 16:05:32.204446,414,flowbot,0.54148,0.00970,0.25218,0.00000,0.00000,-0.00000,0.00000,0.00,0.00,0.00,0.5657,0.0000,0.0000,0.0000,0,0
2026-08-25 16:05:32.253525,415,flowbot,0.54148,0.00970,0.25218,0.00000,0.00000,-0.00000,0.00000,0.00,0.00,0.00,0.2629,0.0000,0.0000,0.0000,0,0
2026-08-25 16:05:32.304702,416,flowbot,0.54148,0.00970,0.25218,0.00000,0.00000,-0.00000,0.00000,0.00,0.00,0.00,0.2629,0.0000,0.0000,0.0000,0,0
2026-08-25 16:05:32.357501,417,flowbot,0.54148,0.00970,0.25218,0.00000,0.00000,-0.00000,0.00000,0.00,0.00,0.00,0.2629,0.0000,0.0000,0.0000,0,0
2026-08-25 16:05:32.411309,418,flowbot,0.54148,0.00970,0.25218,0.00000,0.00000,-0.00000,0.00000,0.00,0.00,0.00,0.2629,0.0000,0.0000,0.0000,0,0
2026-08-25 16:05:32.463065,419,flowbot,0.54148,0.00970,0.25218,0.00000,0.00000,-0.00000,0.00000,0.00,0.00,0.00,0.5714,0.0000,0.0000,0.0000,0,0
2026-08-25 16:05:32.518014,420,flowbot,0.54148,0.00970,0.25218,0.00000,0.00000,-0.00000,0.00000,0.00,0.00,0.00,0.5714,0.0000,0.0000,0.0000,0,0
2026-08-25 16:05:32.571734,421,flowbot,0.54148,0.00970,0.25218,0.00000,0.00000,-0.00000,0.00000,0.00,0.00,0.00,0.5714,0.0000,0.0000,0.0000,0,0
2026-08-25 16:05:32.623793,422,flowbot,0.54148,0.00970,0.25218,0.00000,0.00000,-0.00000,0.00000,0.00,0.00,0.00,0.5714,0.0000,0.0000,0.0000,0,0
2026-08-25 16:05:32.674227,423,flowbot,0.54148,0.00970,0.25218,0.00000,0.00000,-0.00000,0.00000,0.00,0.00,0.00,1.4286,0.0000,0.1743,0.0000,0,0
2026-08-25 16:05:32.727960,424,flowbot,0.54148,0.00970,0.25218,0.00000,0.00000,-0.00000,0.00000,0.00,0.00,0.00,1.4286,0.0000,0.1743,0.0000,0,0
2026-08-25 16:05:32.786204,425,flowbot,0.54148,0.00970,0.25218,0.00000,0.00000,-0.00000,0.00000,0.00,0.00,0.00,1.4286,0.0000,0.1743,0.0000,0,0
2026-08-25 16:05:32.838844,426,flowbot,0.54148,0.00970,0.25218,0.00000,0.00000,-0.00000,0.00000,2.00,0.00,0.00,1.1057,0.0000,0.1486,0.0000,0,0
2026-08-25 16:05:32.890477,427,flowbot,0.54148,0.00970,0.25218,0.00000,0.00000,-0.00000,0.00000,2.00,0.00,0.00,1.1057,0.0000,0.1486,0.0000,0,0
2026-08-25 16:05:32.941416,428,flowbot,0.54148,0.00970,0.25218,0.00000,0.00000,-0.00000,0.00000,2.00,0.00,0.00,1.1057,0.0000,0.1486,0.0000,0,0
2026-08-25 16:05:32.997356,429,flowbot,0.54148,0.00970,0.25218,0.00000,0.00000,-0.00000,0.00000,2.00,0.00,0.00,1.1057,0.0000,0.1486,0.0000,0,0
2026-08-25 16:05:33.048725,430,flowbot,0.54148,0.00970,0.25218,0.00000,0.00000,-0.00000,0.00000,2.00,0.00,0.00,0.0000,0.0000,0.0000,0.0000,0,0
2026-08-25 16:05:33.101464,431,flowbot,0.54148,0.00970,0.25218,0.00000,0.00000,-0.00000,0.00000,2.00,0.00,0.00,0.0000,0.0000,0.0000,0.0000,0,0
2026-08-25 16:05:33.151395,432,flowbot,0.54148,0.00970,0.25218,0.00000,0.00000,-0.00000,0.00000,2.00,0.00,0.00,0.0000,0.0000,0.0000,0.0000,0,0
2026-08-25 16:05:33.203548,433,flowbot,0.54148,0.00970,0.25218,0.00000,0.00000,-0.00000,0.00000,2.00,0.00,0.00,0.0000,0.0000,0.0000,0.0000,0,0
2026-08-25 16:05:33.258677,434,flowbot,0.54148,0.00970,0.25218,0.00000,0.00000,-0.00000,0.00000,2.00,0.00,0.00,0.0000,0.0000,0.0000,0.0000,0,0
2026-08-25 16:05:33.317322,435,flowbot,0.54148,0.00970,0.25218,0.00000,0.00000,-0.00000,0.00000,2.00,0.00,0.00,0.0000,0.0000,0.0000,0.0000,0,0
2026-08-25 16:05:33.371921,436,flowbot,0.54148,0.00970,0.25218,0.00000,0.00000,-0.00000,0.00000,2.00,0.00,0.00,0.0000,0.0000,0.0000,0.0000,0,0
2026-08-25 16:05:33.424258,437,flowbot,0.54148,0.00970,0.25218,0.00000,0.00000,-0.00000,0.00000,2.00,0.00,0.00,0.0000,0.0000,0.0000,0.0000,0,0
2026-08-25 16:05:33.478139,438,flowbot,0.54148,0.00970,0.25218,0.00000,0.00000,-0.00000,0.00000,2.00,0.00,0.00,0.0000,0.0000,0.0000,0.0000,0,0
2026-08-25 16:05:33.535358,439,flowbot,0.54148,0.00970,0.25218,0.00000,0.00000,-0.00000,0.00000,2.00,0.00,0.00,0.0000,0.0000,0.0000,0.0000,0,0
2026-08-25 16:05:33.585604,440,flowbot,0.54148,0.00970,0.25218,0.00000,0.00000,-0.00000,0.00000,2.00,0.00,0.00,0.0000,0.0000,0.0000,0.0000,0,0
2026-08-25 16:05:33.633608,441,flowbot,0.54148,0.00970,0.25218,0.00000,0.00000,-0.00000,0.00000,2.00,0.00,0.00,0.0000,0.0000,0.0000,0.0000,0,0
2026-08-25 16:05:33.687050,442,flowbot,0.54148,0.00970,0.25218,0.00000,0.00000,-0.00000,0.00000,2.00,0.00,0.00,0.0000,0.0000,0.0000,0.0000,0,0
2026-08-25 16:05:33.739399,443,flowbot,0.54148,0.00970,0.25218,0.00000,0.00000,-0.00000,0.00000,2.00,0.00,0.00,0.0000,0.0000,0.0000,0.0000,0,0
2026-08-25 16:05:33.793438,444,flowbot,0.54148,0.00970,0.25218,0.00000,0.00000,-0.00000,0.00000,2.00,0.00,0.00,0.0000,0.0000,0.0000,0.0000,0,0
2026-08-25 16:05:33.845668,445,flowbot,0.54148,0.00970,0.25218,0.00000,0.00000,-0.00000,0.00000,2.00,0.00,0.00,0.0000,0.0000,0.0000,0.0000,0,0
2026-08-25 16:05:33.896316,446,flowbot,0.54148,0.00970,0.25218,0.00000,0.00000,-0.00000,0.00000,2.00,0.00,0.00,0.0000,0.0000,0.0000,0.0000,0,0
2026-08-25 16:05:33.950340,447,flowbot,0.54148,0.00970,0.25218,0.00000,0.00000,-0.00000,0.00000,2.00,0.00,0.00,0.0000,0.0000,0.0000,0.0000,0,0
2026-08-25 16:05:34.005468,448,flowbot,0.54148,0.00970,0.25218,0.00000,0.00000,-0.00000,0.00000,2.00,0.00,0.00,0.0000,0.0000,0.0000,0.0000,0,0
2026-08-25 16:05:34.056027,449,flowbot,0.54148,0.00970,0.25218,0.00000,0.00000,-0.00000,0.00000,2.00,0.00,0.00,0.0000,0.0000,0.0000,0.0000,0,0
2026-08-25 16:05:34.107813,450,flowbot,0.54148,0.00970,0.25218,0.00000,0.00000,-0.00000,0.00000,2.00,0.00,0.00,0.0000,0.0000,0.0000,0.0000,0,0
2026-08-25 16:05:34.164959,451,flowbot,0.54148,0.00970,0.25218,0.00000,0.00000,-0.00000,0.00000,2.00,0.00,0.00,0.0000,0.0000,0.0000,0.0000,0,0
2026-08-25 16:05:34.214234,452,flowbot,0.54148,0.00970,0.25218,0.00000,0.00000,-0.00000,0.00000,2.00,0.00,0.00,0.0000,0.0000,0.0000,0.0000,0,0
2026-08-25 16:05:34.267945,453,flowbot,0.54148,0.00970,0.25218,0.00000,0.00000,-0.00000,0.00000,2.00,0.00,0.00,0.0000,0.0000,0.0000,0.0000,0,0
2026-08-25 16:05:34.323197,454,flowbot,0.54148,0.00970,0.25218,0.00000,0.00000,-0.00000,0.00000,2.00,0.00,0.00,0.0000,0.0000,0.0000,0.0000,0,0
2026-08-25 16:05:34.379109,455,flowbot,0.54148,0.00970,0.25218,0.00000,0.00000,-0.00000,0.00000,2.00,0.00,0.00,0.0000,0.0000,0.0000,0.0000,0,0
2026-08-25 16:05:34.429963,456,flowbot,0.54148,0.00970,0.25218,0.00000,0.00000,-0.00000,0.00000,2.00,0.00,0.00,0.0000,0.0000,0.0000,0.0000,0,0
2026-08-25 16:05:34.480205,457,flowbot,0.54148,0.00970,0.25218,0.00000,0.00000,-0.00000,0.00000,2.00,0.00,0.00,0.0000,0.0000,0.0000,0.0000,0,0
2026-08-25 16:05:34.534923,458,flowbot,0.54148,0.00970,0.25218,0.00000,0.00000,-0.00000,0.00000,2.00,0.00,0.00,0.0000,0.0000,0.0000,0.0000,0,0
2026-08-25 16:05:34.587454,459,flowbot,0.54148,0.00970,0.25218,0.00000,0.00000,-0.00000,0.00000,2.00,0.00,0.00,0.0000,0.0000,0.0000,0.0000,0,0
2026-08-25 16:05:34.637991,460,flowbot,0.54148,0.00970,0.25218,0.00000,0.00000,-0.00000,0.00000,2.00,0.00,0.00,0.0000,0.0000,0.0000,0.0000,0,0
2026-08-25 16:05:34.695840,461,flowbot,0.54148,0.00970,0.25218,0.00000,0.00000,-0.00000,0.00000,2.00,0.00,0.00,0.0000,0.0000,0.0000,0.0000,0,0
2026-08-25 16:05:34.748575,462,flowbot,0.54148,0.00970,0.25218,0.00000,0.00000,-0.00000,0.00000,2.00,0.00,0.00,0.0000,0.0000,0.0000,0.0000,0,0
2026-08-25 16:05:34.796884,463,flowbot,0.54148,0.00970,0.25218,0.00000,0.00000,-0.00000,0.00000,2.00,0.00,0.00,0.0000,0.0000,0.0000,0.0000,0,0
2026-08-25 16:05:34.849607,464,flowbot,0.54148,0.00970,0.25218,0.00000,0.00000,-0.00000,0.00000,2.00,0.00,0.00,0.0000,0.0000,0.0000,0.0000,0,0
2026-08-25 16:05:34.901882,465,flowbot,0.54148,0.00970,0.25218,0.00000,0.00000,-0.00000,0.00000,2.00,0.00,0.00,0.0000,0.0000,0.0000,0.0000,0,0
2026-08-25 16:05:34.958134,466,flowbot,0.54148,0.00970,0.25218,0.00000,0.00000,-0.00000,0.00000,2.00,0.00,0.00,0.0000,0.0000,0.0000,0.0000,0,0
2026-08-25 16:05:35.010165,467,flowbot,0.54148,0.00970,0.25218,0.00000,0.00000,-0.00000,0.00000,2.00,0.00,0.00,0.0000,0.0000,0.0000,0.0000,0,0
2026-08-25 16:05:35.061701,468,flowbot,0.54148,0.00970,0.25218,0.00000,0.00000,-0.00000,0.00000,2.00,0.00,0.00,0.0000,0.0000,0.0000,0.0000,0,0
2026-08-25 16:05:35.118179,469,flowbot,0.54148,0.00970,0.25218,0.00000,0.00000,-0.00000,0.00000,2.00,0.00,0.00,0.0000,0.0000,0.0000,0.0000,0,0
2026-08-25 16:05:35.170793,470,flowbot,0.54148,0.00970,0.25218,0.00000,0.00000,-0.00000,0.00000,2.00,0.00,0.00,0.0000,0.0000,0.0000,0.0000,0,0
2026-08-25 16:05:35.223880,471,flowbot,0.54148,0.00970,0.25218,0.00000,0.00000,-0.00000,0.00000,2.00,0.00,0.00,0.0000,0.0000,0.0000,0.0000,0,0
2026-08-25 16:05:35.275876,472,flowbot,0.54148,0.00970,0.25218,0.00000,0.00000,-0.00000,0.00000,2.00,0.00,0.00,0.0000,0.0000,0.0000,0.0000,0,0
2026-08-25 16:05:35.329548,473,flowbot,0.54148,0.00970,0.25218,0.00000,0.00000,-0.00000,0.00000,2.00,0.00,0.00,0.0000,0.0000,0.0000,0.0000,0,0
2026-08-25 16:05:35.379509,474,flowbot,0.54148,0.00970,0.25218,0.00000,0.00000,-0.00000,0.00000,2.00,0.00,0.00,0.0000,0.0000,0.0000,0.0000,0,0
2026-08-25 16:05:35.436181,475,flowbot,0.54148,0.00970,0.25218,0.00000,0.00000,-0.00000,0.00000,2.00,0.00,0.00,0.0000,0.0000,0.0000,0.0000,0,0
2026-08-25 16:05:35.485458,476,flowbot,0.54148,0.00970,0.25218,0.00000,0.00000,-0.00000,0.00000,2.00,0.00,0.00,0.0000,0.0000,0.0000,0.0000,0,0
2026-08-25 16:05:35.534509,477,flowbot,0.54148,0.00970,0.25218,0.00000,0.00000,-0.00000,0.00000,2.00,0.00,0.00,0.0000,0.0000,0.0000,0.0000,0,0
2026-08-25 16:05:35.588692,478,flowbot,0.54148,0.00970,0.25218,0.00000,0.00000,-0.00000,0.00000,2.00,0.00,0.00,0.0000,0.0000,0.0000,0.0000,0,0
2026-08-25 16:05:35.642271,479,flowbot,0.54148,0.00970,0.25218,0.00000,0.00000,-0.00000,0.00000,2.00,0.00,0.00,0.0000,0.0000,0.0000,0.0000,0,0
2026-08-25 16:05:35.696495,480,flowbot,0.54148,0.00970,0.25218,0.00000,0.00000,-0.00000,0.00000,2.00,0.00,0.00,0.0000,0.0000,0.0000,0.0000,0,0
2026-08-25 16:05:35.748084,481,flowbot,0.54148,0.00970,0.25218,0.00000,0.00000,-0.00000,0.00000,2.00,0.00,0.00,0.0000,0.0000,0.0000,0.0000,0,0
2026-08-25 16:05:35.802168,482,flowbot,0.54148,0.00970,0.25218,0.00000,0.00000,-0.00000,0.00000,2.00,0.00,0.00,0.0000,0.0000,0.0000,0.0000,0,0
2026-08-25 16:05:35.855770,483,flowbot,0.54148,0.00970,0.25218,0.00000,0.00000,-0.00000,0.00000,2.00,0.00,0.00,0.0000,0.0000,0.0000,0.0000,0,0
2026-08-25 16:05:35.903434,484,flowbot,0.54148,0.00970,0.25218,0.00000,0.00000,-0.00000,0.00000,2.00,0.00,0.00,0.0000,0.0000,0.0000,0.0000,0,0
2026-08-25 16:05:35.958873,485,flowbot,0.54148,0.00970,0.25218,0.00000,0.00000,-0.00000,0.00000,2.00,0.00,0.00,0.0000,0.0000,0.0000,0.0000,0,0
2026-08-25 16:05:36.011453,486,flowbot,0.54148,0.00970,0.25218,0.00000,0.00000,-0.00000,0.00000,2.00,0.00,0.00,0.0000,0.0000,0.0000,0.0000,0,0
2026-08-25 16:05:36.063542,487,flowbot,0.54148,0.00970,0.25218,0.00000,0.00000,-0.00000,0.00000,2.00,0.00,0.00,0.0000,0.0000,0.0000,0.0000,0,0
2026-08-25 16:05:36.115161,488,flowbot,0.54148,0.00970,0.25218,0.00000,0.00000,-0.00000,0.00000,2.00,0.00,0.00,0.0000,0.0000,0.0000,0.0000,0,0
2026-08-25 16:05:36.170348,489,flowbot,0.54148,0.00970,0.25218,0.00000,0.00000,-0.00000,0.00000,2.00,0.00,0.00,0.0000,0.0000,0.0000,0.0000,0,0
2026-08-25 16:05:36.222339,490,flowbot,0.54148,0.00970,0.25218,0.00000,0.00000,-0.00000,0.00000,2.00,0.00,0.00,0.0000,0.0000,0.0000,0.0000,0,0
2026-08-25 16:05:36.272763,491,flowbot,0.54148,0.00970,0.25218,0.00000,0.00000,-0.00000,0.00000,2.00,0.00,0.00,0.0000,0.0000,0.0000,0.0000,0,0
2026-08-25 16:05:36.327953,492,flowbot,0.54148,0.00970,0.25218,0.00000,0.00000,-0.00000,0.00000,2.00,0.00,0.00,0.0000,0.0000,0.0000,0.0000,0,0
2026-08-25 16:05:36.381293,493,flowbot,0.54148,0.00970,0.25218,0.00000,0.00000,-0.00000,0.00000,2.00,0.00,0.00,0.0000,0.0000,0.0000,0.0000,0,0
2026-08-25 16:05:36.435679,494,flowbot,0.54148,0.00970,0.25218,0.00000,0.00000,-0.00000,0.00000,2.00,0.00,0.00,0.0000,0.0000,0.0000,0.0000,0,0
2026-08-25 16:05:36.485189,495,flowbot,0.54148,0.00970,0.25218,0.00000,0.00000,-0.00000,0.00000,2.00,0.00,0.00,0.0000,0.0000,0.0000,0.0000,0,0
2026-08-25 16:05:36.539328,496,flowbot,0.54148,0.00970,0.25218,0.00000,0.00000,-0.00000,0.00000,2.00,0.00,0.00,0.0000,0.0000,0.0000,0.0000,0,0
2026-08-25 16:05:36.591534,497,flowbot,0.54148,0.00970,0.25218,0.00000,0.00000,-0.00000,0.00000,2.00,0.00,0.00,0.0000,0.0000,0.0000,0.0000,0,0
2026-08-25 16:05:36.645903,498,flowbot,0.54148,0.00970,0.25218,0.00000,0.00000,-0.00000,0.00000,2.00,0.00,0.00,0.0000,0.0000,0.0000,0.0000,0,0
2026-08-25 16:05:36.695698,499,flowbot,0.54148,0.00970,0.25218,0.00000,0.00000,-0.00000,0.00000,2.00,0.00,0.00,0.0000,0.0000,0.0000,0.0000,0,0
2026-08-25 16:05:36.749459,500,flowbot,0.54148,0.00970,0.25218,0.00000,0.00000,-0.00000,0.00000,2.00,0.00,0.00,0.0000,0.0000,0.0000,0.0000,0,0
2026-08-25 16:05:36.808170,501,flowbot,0.54148,0.00970,0.25218,0.00000,0.00000,-0.00000,0.00000,2.00,0.00,0.00,0.0000,0.0000,0.0000,0.0000,0,0
2026-08-25 16:05:36.856245,502,flowbot,0.54148,0.00970,0.25218,0.00000,0.00000,-0.00000,0.00000,2.00,0.00,0.00,0.0000,0.0000,0.0000,0.0000,0,0
2026-08-25 16:05:36.911986,503,flowbot,0.54148,0.00970,0.25218,0.00000,0.00000,-0.00000,0.00000,2.00,0.00,0.00,0.0000,0.0000,0.0000,0.0000,0,0
2026-08-25 16:05:36.963806,504,flowbot,0.54148,0.00970,0.25218,0.00000,0.00000,-0.00000,0.00000,2.00,0.00,0.00,0.0000,0.0000,0.0000,0.0000,0,0
2026-08-25 16:05:37.015882,505,flowbot,0.54148,0.00970,0.25218,0.00000,0.00000,-0.00000,0.00000,2.00,0.00,0.00,0.0000,0.0000,0.0000,0.0000,0,0
2026-08-25 16:05:37.065710,506,flowbot,0.54148,0.00970,0.25218,0.00000,0.00000,-0.00000,0.00000,2.00,0.00,0.00,0.0000,0.0000,0.0000,0.0000,0,0
2026-08-25 16:05:37.123013,507,flowbot,0.54148,0.00970,0.25218,0.00000,0.00000,-0.00000,0.00000,2.00,0.00,0.00,0.0000,0.0000,0.0000,0.0000,0,0
2026-08-25 16:05:37.174283,508,flowbot,0.54148,0.00970,0.25218,0.00000,0.00000,-0.00000,0.00000,2.00,0.00,0.00,0.0000,0.0000,0.0000,0.0000,0,0
2026-08-25 16:05:37.227134,509,flowbot,0.54148,0.00970,0.25218,0.00000,0.00000,-0.00000,0.00000,2.00,0.00,0.00,0.0000,0.0000,0.0000,0.0000,0,0
2026-08-25 16:05:37.281126,510,flowbot,0.54148,0.00970,0.25218,0.00000,0.00000,-0.00000,0.00000,2.00,0.00,0.00,0.0000,0.1114,0.0000,0.0000,0,0
2026-08-25 16:05:37.329691,511,flowbot,0.54148,0.00970,0.25218,0.00000,0.00000,-0.00000,0.00000,2.00,0.00,0.00,0.0000,0.1114,0.0000,0.0000,0,0
2026-08-25 16:05:37.388310,512,flowbot,0.54148,0.00970,0.25218,0.00000,0.00000,-0.00000,0.00000,2.00,0.00,0.00,0.0000,0.1114,0.0000,0.0000,0,0
2026-08-25 16:05:37.440037,513,flowbot,0.54148,0.00970,0.25218,0.00000,0.00000,-0.00000,0.00000,2.00,0.00,0.00,0.0000,0.0000,0.0000,0.0000,0,0
2026-08-25 16:05:37.495632,514,flowbot,0.54148,0.00970,0.25218,0.00000,0.00000,-0.00000,0.00000,2.00,0.00,0.00,0.0000,0.0000,0.0000,0.0000,0,0
2026-08-25 16:05:37.546539,515,flowbot,0.54148,0.00970,0.25218,0.00000,0.00000,-0.00000,0.00000,2.00,0.00,0.00,0.0000,0.0000,0.0000,0.0000,0,0
2026-08-25 16:05:37.598268,516,flowbot,0.54148,0.00970,0.25218,0.00000,0.00000,-0.00000,0.00000,2.00,0.00,0.00,0.0000,0.0000,0.0000,0.0000,0,0
2026-08-25 16:05:37.648499,517,flowbot,0.54148,0.00970,0.25218,0.00000,0.00000,-0.00000,0.00000,2.00,0.00,0.00,0.5657,0.0000,0.0000,0.0000,0,0
2026-08-25 16:05:37.705380,518,flowbot,0.54148,0.00970,0.25218,0.00000,0.00000,-0.00000,0.00000,2.00,0.00,0.00,0.5657,0.0000,0.0000,0.0000,0,0
2026-08-25 16:05:37.753274,519,flowbot,0.54148,0.00970,0.25218,0.00000,0.00000,-0.00000,0.00000,2.00,0.00,0.00,0.5657,0.0000,0.0000,0.0000,0,0
2026-08-25 16:05:37.807393,520,flowbot,0.54148,0.00970,0.25218,0.00000,0.00000,-0.00000,0.00000,2.00,0.00,0.00,0.5657,0.0000,0.0000,0.0000,0,0
2026-08-25 16:05:37.865174,521,flowbot,0.54148,0.00970,0.25218,0.00000,0.00000,-0.00000,0.00000,4.00,0.00,0.00,1.3771,0.0000,0.0000,0.0000,0,0
2026-08-25 16:05:37.919304,522,flowbot,0.54148,0.00970,0.25218,0.00000,0.00000,-0.00000,0.00000,4.00,0.00,0.00,1.3771,0.0000,0.0000,0.0000,0,0
2026-08-25 16:05:37.974399,523,flowbot,0.54148,0.00970,0.25218,0.00000,0.00000,-0.00000,0.00000,4.00,0.00,0.00,1.3771,0.0000,0.0000,0.0000,0,0
2026-08-25 16:05:38.024074,524,flowbot,0.54148,0.00970,0.25218,0.00000,0.00000,-0.00000,0.00000,4.00,0.00,0.00,0.1743,0.0000,0.0000,0.0000,0,0
2026-08-25 16:05:38.079554,525,flowbot,0.54148,0.00970,0.25218,0.00000,0.00000,-0.00000,0.00000,4.00,0.00,0.00,0.1743,0.0000,0.0000,0.0000,0,0
2026-08-25 16:05:38.130593,526,flowbot,0.54148,0.00970,0.25218,0.00000,0.00000,-0.00000,0.00000,4.00,0.00,0.00,0.1743,0.0000,0.0000,0.0000,0,0
2026-08-25 16:05:38.183122,527,flowbot,0.54148,0.00970,0.25218,0.00000,0.00000,-0.00000,0.00000,4.00,0.00,0.00,0.1743,0.0000,0.0000,0.0000,0,0
2026-08-25 16:05:38.234752,528,flowbot,0.54148,0.00970,0.25218,0.00000,0.00000,-0.00000,0.00000,5.00,0.00,0.00,1.1571,0.0000,0.0000,0.0000,0,0
2026-08-25 16:05:38.292261,529,flowbot,0.54148,0.00970,0.25218,0.00000,0.00000,-0.00000,0.00000,5.00,0.00,0.00,1.1571,0.0000,0.0000,0.0000,0,0
2026-08-25 16:05:38.341280,530,flowbot,0.54148,0.00970,0.25218,0.00000,0.00000,-0.00000,0.00000,5.00,0.00,0.00,1.1571,0.0000,0.0000,0.0000,0,0
2026-08-25 16:05:38.395952,531,flowbot,0.54148,0.00970,0.25218,0.00000,0.00000,-0.00000,0.00000,5.00,0.00,0.00,1.1571,0.0000,0.0000,0.0000,0,0
2026-08-25 16:05:38.452187,532,flowbot,0.54148,0.00970,0.25218,0.00000,0.00000,-0.00000,0.00000,5.00,0.00,0.00,0.0000,0.0000,0.0000,0.0000,0,0
2026-08-25 16:05:38.506083,533,flowbot,0.54148,0.00970,0.25218,0.00000,0.00000,-0.00000,0.00000,5.00,0.00,0.00,0.0000,0.0000,0.0000,0.0000,0,0
2026-08-25 16:05:38.559389,534,flowbot,0.54148,0.00970,0.25218,0.00000,0.00000,-0.00000,0.00000,5.00,0.00,0.00,0.0000,0.0000,0.0000,0.0000,0,0
2026-08-25 16:05:38.610246,535,flowbot,0.54148,0.00970,0.25218,0.00000,0.00000,-0.00000,0.00000,5.00,0.00,0.00,0.0000,0.0000,0.0000,0.0000,0,0
2026-08-25 16:05:38.664335,536,flowbot,0.54148,0.00970,0.25218,0.00000,0.00000,-0.00000,0.00000,5.00,0.00,0.00,0.0000,0.0000,0.0000,0.0000,0,0
2026-08-25 16:05:38.718053,537,flowbot,0.54148,0.00970,0.25218,0.00000,0.00000,-0.00000,0.00000,5.00,0.00,0.00,0.0000,0.0000,0.0000,0.0000,0,0
2026-08-25 16:05:38.771264,538,flowbot,0.54148,0.00970,0.25218,0.00000,0.00000,-0.00000,0.00000,5.00,0.00,0.00,0.0000,0.0000,0.0000,0.0000,0,0
2026-08-25 16:05:38.820843,539,flowbot,0.54148,0.00970,0.25218,0.00000,0.00000,-0.00000,0.00000,5.00,0.00,0.00,0.0000,0.0000,0.0000,0.0000,0,0
2026-08-25 16:05:38.873699,540,flowbot,0.54148,0.00970,0.25218,0.00000,0.00000,-0.00000,0.00000,5.00,0.00,0.00,0.0000,0.0000,0.0000,0.0000,0,0
2026-08-25 16:05:38.933857,541,flowbot,0.54148,0.00970,0.25218,0.00000,0.00000,-0.00000,0.00000,5.00,0.00,0.00,0.0000,0.0000,0.0000,0.0000,0,0
2026-08-25 16:05:38.986022,542,flowbot,0.54148,0.00970,0.25218,0.00000,0.00000,-0.00000,0.00000,5.00,0.00,0.00,0.0000,0.0000,0.0000,0.0000,0,0
2026-08-25 16:05:39.039703,543,flowbot,0.54148,0.00970,0.25218,0.00000,0.00000,-0.00000,0.00000,5.00,0.00,0.00,0.0000,0.0000,0.0000,0.0000,0,0
2026-08-25 16:05:39.093450,544,flowbot,0.54148,0.00970,0.25218,0.00000,0.00000,-0.00000,0.00000,5.00,0.00,0.00,0.0000,0.0000,0.0000,0.0000,0,0
2026-08-25 16:05:39.144844,545,flowbot,0.54148,0.00970,0.25218,0.00000,0.00000,-0.00000,0.00000,5.00,0.00,0.00,0.0000,0.0000,0.0000,0.0000,0,0
2026-08-25 16:05:39.196265,546,flowbot,0.54148,0.00970,0.25218,0.00000,0.00000,-0.00000,0.00000,5.00,0.00,0.00,0.0000,0.0000,0.0000,0.0000,0,0
2026-08-25 16:05:39.250524,547,flowbot,0.54148,0.00970,0.25218,0.00000,0.00000,-0.00000,0.00000,5.00,0.00,0.00,0.0000,0.0000,0.0000,0.0000,0,0
2026-08-25 16:05:39.307737,548,flowbot,0.54148,0.00970,0.25218,0.00000,0.00000,-0.00000,0.00000,5.00,0.00,0.00,0.0000,0.0000,0.0000,0.0000,0,0
2026-08-25 16:05:39.360200,549,flowbot,0.54148,0.00970,0.25218,0.00000,0.00000,-0.00000,0.00000,5.00,0.00,0.00,0.1486,0.0000,0.0000,0.0000,0,0
2026-08-25 16:05:39.413491,550,flowbot,0.54148,0.00970,0.25218,0.00000,0.00000,-0.00000,0.00000,5.00,0.00,0.00,0.1486,0.0000,0.0000,0.0000,0,0
2026-08-25 16:05:39.464937,551,flowbot,0.54148,0.00970,0.25218,0.00000,0.00000,-0.00000,0.00000,5.00,0.00,0.00,0.1486,0.0000,0.0000,0.0000,0,0
2026-08-25 16:05:39.519109,552,flowbot,0.54148,0.00970,0.25218,0.00000,0.00000,-0.00000,0.00000,5.00,0.00,0.00,0.1486,0.0000,0.0000,0.0000,0,0
2026-08-25 16:05:39.570637,553,flowbot,0.54148,0.00970,0.25218,0.00000,0.00000,-0.00000,0.00000,6.00,0.00,0.00,0.6343,0.0000,0.1343,0.0000,0,0
2026-08-25 16:05:39.621268,554,flowbot,0.54148,0.00970,0.25218,0.00000,0.00000,-0.00000,0.00000,6.00,0.00,0.00,0.6343,0.0000,0.1343,0.0000,0,0
2026-08-25 16:05:39.674609,555,flowbot,0.54148,0.00970,0.25218,0.00000,0.00000,-0.00000,0.00000,6.00,0.00,0.00,0.6343,0.0000,0.1343,0.0000,0,0
2026-08-25 16:05:39.729340,556,flowbot,0.54148,0.00970,0.25218,0.00000,0.00000,-0.00000,0.00000,6.00,0.00,0.00,0.6343,0.0000,0.1343,0.0000,0,0
2026-08-25 16:05:39.781550,557,flowbot,0.54148,0.00970,0.25218,0.00000,0.00000,-0.00000,0.00000,6.00,0.00,0.00,0.0000,0.0000,0.0000,0.0000,0,0
2026-08-25 16:05:39.835362,558,flowbot,0.54148,0.00970,0.25218,0.00000,0.00000,-0.00000,0.00000,6.00,0.00,0.00,0.0000,0.0000,0.0000,0.0000,0,0
2026-08-25 16:05:39.888335,559,flowbot,0.54148,0.00970,0.25218,0.00000,0.00000,-0.00000,0.00000,6.00,0.00,0.00,0.0000,0.0000,0.0000,0.0000,0,0
2026-08-25 16:05:39.938597,560,flowbot,0.54148,0.00970,0.25218,0.00000,0.00000,-0.00000,0.00000,8.00,0.00,0.00,1.3457,0.0000,0.0000,0.0000,0,0
2026-08-25 16:05:39.993192,561,flowbot,0.54148,0.00970,0.25218,0.00000,0.00000,-0.00000,0.00000,8.00,0.00,0.00,1.3457,0.0000,0.0000,0.0000,0,0
2026-08-25 16:05:40.047932,562,flowbot,0.54148,0.00970,0.25218,0.00000,0.00000,-0.00000,0.00000,8.00,0.00,0.00,1.3457,0.0000,0.0000,0.0000,0,0
2026-08-25 16:05:40.099411,563,flowbot,0.54148,0.00970,0.25218,0.00000,0.00000,-0.00000,0.00000,8.00,0.00,0.00,1.3457,0.0000,0.0000,0.0000,0,0
2026-08-25 16:05:40.153074,564,flowbot,0.54148,0.00970,0.25218,0.00000,0.00000,-0.00000,0.00000,8.00,0.00,0.00,0.1343,0.1200,0.0000,0.0000,0,0
2026-08-25 16:05:40.205192,565,flowbot,0.54148,0.00970,0.25218,0.00000,0.00000,-0.00000,0.00000,8.00,0.00,0.00,0.1343,0.1200,0.0000,0.0000,0,0
2026-08-25 16:05:40.264064,566,flowbot,0.54148,0.00970,0.25218,0.00000,0.00000,-0.00000,0.00000,8.00,0.00,0.00,0.1343,0.1200,0.0000,0.0000,0,0
2026-08-25 16:05:40.314948,567,flowbot,0.54148,0.00970,0.25218,0.00000,0.00000,-0.00000,0.00000,9.00,0.00,0.00,1.3657,0.0000,0.0000,0.0000,0,0
2026-08-25 16:05:40.369595,568,flowbot,0.54148,0.00970,0.25218,0.00000,0.00000,-0.00000,0.00000,9.00,0.00,0.00,1.3657,0.0000,0.0000,0.0000,0,0
2026-08-25 16:05:40.421026,569,flowbot,0.54148,0.00970,0.25218,0.00000,0.00000,-0.00000,0.00000,9.00,0.00,0.00,1.3657,0.0000,0.0000,0.0000,0,0
2026-08-25 16:05:40.471005,570,flowbot,0.54148,0.00970,0.25218,0.00000,0.00000,-0.00000,0.00000,9.00,0.00,0.00,1.3657,0.0000,0.0000,0.0000,0,0
2026-08-25 16:05:40.524478,571,flowbot,0.54148,0.00970,0.25218,0.00000,0.00000,-0.00000,0.00000,9.00,0.00,0.00,0.1571,0.0000,0.0000,0.0000,0,0
2026-08-25 16:05:40.580494,572,flowbot,0.54148,0.00970,0.25218,0.00000,0.00000,-0.00000,0.00000,9.00,0.00,0.00,0.1571,0.0000,0.0000,0.0000,0,0
2026-08-25 16:05:40.632734,573,flowbot,0.54148,0.00970,0.25218,0.00000,0.00000,-0.00000,0.00000,9.00,0.00,0.00,0.1571,0.0000,0.0000,0.0000,0,0
2026-08-25 16:05:40.686992,574,flowbot,0.54148,0.00970,0.25218,0.00000,0.00000,-0.00000,0.00000,9.00,0.00,0.00,0.1571,0.0000,0.0000,0.0000,0,0
2026-08-25 16:05:40.743100,575,flowbot,0.54148,0.00970,0.25218,0.00000,0.00000,-0.00000,0.00000,11.00,0.00,0.00,1.3286,0.0000,0.0000,0.0000,0,0
2026-08-25 16:05:40.800335,576,flowbot,0.54148,0.00970,0.25218,0.00000,0.00000,-0.00000,0.00000,11.00,0.00,0.00,1.3286,0.0000,0.0000,0.0000,0,0
2026-08-25 16:05:40.852093,577,flowbot,0.54148,0.00970,0.25218,0.00000,0.00000,-0.00000,0.00000,11.00,0.00,0.00,1.3286,0.0000,0.0000,0.0000,0,0
2026-08-25 16:05:40.901434,578,flowbot,0.54148,0.00970,0.25218,0.00000,0.00000,-0.00000,0.00000,11.00,0.00,0.00,1.3286,0.0000,0.0000,0.0000,0,0
2026-08-25 16:05:40.955769,579,flowbot,0.54148,0.00970,0.25218,0.00000,0.00000,-0.00000,0.00000,11.00,0.00,0.00,0.2686,0.0000,0.0000,0.0000,0,0
2026-08-25 16:05:41.012269,580,flowbot,0.54148,0.00970,0.25218,0.00000,0.00000,-0.00000,0.00000,11.00,0.00,0.00,0.2686,0.0000,0.0000,0.0000,0,0
2026-08-25 16:05:41.062417,581,flowbot,0.54148,0.00970,0.25218,0.00000,0.00000,-0.00000,0.00000,11.00,0.00,0.00,0.2686,0.0000,0.0000,0.0000,0,0
2026-08-25 16:05:41.114322,582,flowbot,0.54148,0.00970,0.25218,0.00000,0.00000,-0.00000,0.00000,13.00,0.00,0.00,1.3200,0.0000,0.0000,0.0000,0,0
2026-08-25 16:05:41.166411,583,flowbot,0.54148,0.00970,0.25218,0.00000,0.00000,-0.00000,0.00000,13.00,0.00,0.00,1.3200,0.0000,0.0000,0.0000,0,0
2026-08-25 16:05:41.217354,584,flowbot,0.54148,0.00970,0.25218,0.00000,0.00000,-0.00000,0.00000,13.00,0.00,0.00,1.3200,0.0000,0.0000,0.0000,0,0
2026-08-25 16:05:41.273606,585,flowbot,0.54148,0.00970,0.25218,0.00000,0.00000,-0.00000,0.00000,13.00,0.00,0.00,1.3200,0.0000,0.0000,0.0000,0,0
2026-08-25 16:05:41.322846,586,flowbot,0.54148,0.00970,0.25218,0.00000,0.00000,-0.00000,0.00000,13.00,0.00,0.00,0.2771,0.0000,0.0000,0.0000,0,0
2026-08-25 16:05:41.376129,587,flowbot,0.54148,0.00970,0.25218,0.00000,0.00000,-0.00000,0.00000,13.00,0.00,0.00,0.2771,0.0000,0.0000,0.0000,0,0
2026-08-25 16:05:41.428197,588,flowbot,0.54148,0.00970,0.25218,0.00000,0.00000,-0.00000,0.00000,13.00,0.00,0.00,0.2771,0.0000,0.0000,0.0000,0,0
2026-08-25 16:05:41.480679,589,flowbot,0.54148,0.00970,0.25218,0.00000,0.00000,-0.00000,0.00000,13.00,0.00,0.00,0.2771,0.0000,0.0000,0.0000,0,0
2026-08-25 16:05:41.534691,590,flowbot,0.54148,0.00970,0.25218,0.00000,0.00000,-0.00000,0.00000,15.00,0.00,0.00,1.3000,0.0000,0.0000,0.0000,0,0
2026-08-25 16:05:41.587484,591,flowbot,0.54148,0.00970,0.25218,0.00000,0.00000,-0.00000,0.00000,15.00,0.00,0.00,1.3000,0.0000,0.0000,0.0000,0,0
2026-08-25 16:05:41.638265,592,flowbot,0.54148,0.00970,0.25218,0.00000,0.00000,-0.00000,0.00000,15.00,0.00,0.00,1.3000,0.0000,0.0000,0.0000,0,0
2026-08-25 16:05:41.689994,593,flowbot,0.54148,0.00970,0.25218,0.00000,0.00000,-0.00000,0.00000,16.00,0.00,0.00,0.4029,0.0000,0.0000,0.0000,0,0
2026-08-25 16:05:41.744869,594,flowbot,0.54148,0.00970,0.25218,0.00000,0.00000,-0.00000,0.00000,16.00,0.00,0.00,0.4029,0.0000,0.0000,0.0000,0,0
2026-08-25 16:05:41.794085,595,flowbot,0.54148,0.00970,0.25218,0.00000,0.00000,-0.00000,0.00000,16.00,0.00,0.00,0.4029,0.0000,0.0000,0.0000,0,0
2026-08-25 16:05:41.846091,596,flowbot,0.54148,0.00970,0.25218,0.00000,0.00000,-0.00000,0.00000,16.00,0.00,0.00,0.4029,0.0000,0.0000,0.0000,0,0
2026-08-25 16:05:41.896395,597,flowbot,0.54148,0.00970,0.25218,0.00000,0.00000,-0.00000,0.00000,16.00,0.00,0.00,0.6857,0.0000,0.0000,0.0000,0,0
2026-08-25 16:05:41.951699,598,flowbot,0.54148,0.00970,0.25218,0.00000,0.00000,-0.00000,0.00000,16.00,0.00,0.00,0.6857,0.0000,0.0000,0.0000,0,0
2026-08-25 16:05:42.005071,599,flowbot,0.54148,0.00970,0.25218,0.00000,0.00000,-0.00000,0.00000,16.00,0.00,0.00,0.6857,0.0000,0.0000,0.0000,0,0
2026-08-25 16:05:42.058383,600,flowbot,0.54148,0.00970,0.25218,0.00000,0.00000,-0.00000,0.00000,16.00,0.00,0.00,0.6857,0.0000,0.0000,0.0000,0,0
2026-08-25 16:05:42.112386,601,flowbot,0.54148,0.00970,0.25218,0.00000,0.00000,-0.00000,0.00000,17.00,0.00,0.00,0.4629,0.0000,0.0000,0.0000,0,0
2026-08-25 16:05:42.163850,602,flowbot,0.54148,0.00970,0.25218,0.00000,0.00000,-0.00000,0.00000,17.00,0.00,0.00,0.4629,0.0000,0.0000,0.0000,0,0
2026-08-25 16:05:42.219087,603,flowbot,0.54148,0.00970,0.25218,0.00000,0.00000,-0.00000,0.00000,17.00,0.00,0.00,0.4629,0.0000,0.0000,0.0000,0,0
2026-08-25 16:05:42.271236,604,flowbot,0.54148,0.00970,0.25218,0.00000,0.00000,-0.00000,0.00000,18.00,0.00,0.00,1.1171,0.0000,0.0000,0.0000,0,0
2026-08-25 16:05:42.326755,605,flowbot,0.54148,0.00970,0.25218,0.00000,0.00000,-0.00000,0.00000,18.00,0.00,0.00,1.1171,0.0000,0.0000,0.0000,0,0
2026-08-25 16:05:42.377215,606,flowbot,0.54148,0.00970,0.25218,0.00000,0.00000,-0.00000,0.00000,18.00,0.00,0.00,1.1171,0.0000,0.0000,0.0000,0,0
2026-08-25 16:05:42.431315,607,flowbot,0.54148,0.00970,0.25218,0.00000,0.00000,-0.00000,0.00000,18.00,0.00,0.00,1.1171,0.0000,0.0000,0.0000,0,0
2026-08-25 16:05:42.482672,608,flowbot,0.54148,0.00970,0.25218,0.00000,0.00000,-0.00000,0.00000,19.00,0.00,0.00,0.5371,0.0000,0.0000,0.0000,0,0
2026-08-25 16:05:42.535873,609,flowbot,0.54148,0.00970,0.25218,0.00000,0.00000,-0.00000,0.00000,19.00,0.00,0.00,0.5371,0.0000,0.0000,0.0000,0,0
2026-08-25 16:05:42.587478,610,flowbot,0.54148,0.00970,0.25218,0.00000,0.00000,-0.00000,0.00000,19.00,0.00,0.00,0.5371,0.0000,0.0000,0.0000,0,0
2026-08-25 16:05:42.638562,611,flowbot,0.54148,0.00970,0.25218,0.00000,0.00000,-0.00000,0.00000,19.00,0.00,0.00,0.5371,0.0000,0.0000,0.0000,0,0
2026-08-25 16:05:42.688947,612,flowbot,0.54148,0.00970,0.25218,0.00000,0.00000,-0.00000,0.00000,19.00,0.00,0.00,0.0000,0.0000,0.0000,0.0000,0,0
2026-08-25 16:05:42.746149,613,flowbot,0.54148,0.00970,0.25218,0.00000,0.00000,-0.00000,0.00000,19.00,0.00,0.00,0.0000,0.0000,0.0000,0.0000,0,0
2026-08-25 16:05:42.802099,614,flowbot,0.54148,0.00970,0.25218,0.00000,0.00000,-0.00000,0.00000,19.00,0.00,0.00,0.0000,0.0000,0.0000,0.0000,0,0
2026-08-25 16:05:42.853711,615,flowbot,0.54148,0.00970,0.25218,0.00000,0.00000,-0.00000,0.00000,19.00,0.00,0.00,0.0000,0.0000,0.0000,0.0000,0,0
2026-08-25 16:05:42.903851,616,flowbot,0.54148,0.00970,0.25218,0.00000,0.00000,-0.00000,0.00000,19.00,0.00,0.00,0.0000,0.0000,0.0000,0.0000,0,0
2026-08-25 16:05:42.957770,617,flowbot,0.54148,0.00970,0.25218,0.00000,0.00000,-0.00000,0.00000,19.00,0.00,0.00,0.0000,0.0000,0.0000,0.0000,0,0
2026-08-25 16:05:43.009560,618,flowbot,0.54148,0.00970,0.25218,0.00000,0.00000,-0.00000,0.00000,19.00,0.00,0.00,0.0000,0.0000,0.0000,0.0000,0,0
2026-08-25 16:05:43.065772,619,flowbot,0.54148,0.00970,0.25218,0.00000,0.00000,-0.00000,0.00000,19.00,0.00,0.00,0.0000,0.0000,0.0000,0.0000,0,0
2026-08-25 16:05:43.124722,620,flowbot,0.54148,0.00970,0.25218,0.00000,0.00000,-0.00000,0.00000,19.00,0.00,0.00,0.0000,0.0000,0.0000,0.0000,0,0
2026-08-25 16:05:43.179655,621,flowbot,0.54148,0.00970,0.25218,0.00000,0.00000,-0.00000,0.00000,19.00,0.00,0.00,0.0000,0.0000,0.0000,0.0000,0,0
2026-08-25 16:05:43.233197,622,flowbot,0.54148,0.00970,0.25218,0.00000,0.00000,-0.00000,0.00000,19.00,0.00,0.00,0.0000,0.0000,0.0000,0.0000,0,0
2026-08-25 16:05:43.295275,623,flowbot,0.54148,0.00970,0.25218,0.00000,0.00000,-0.00000,0.00000,19.00,0.00,0.00,0.0000,0.0000,0.0000,0.0000,0,0
2026-08-25 16:05:43.351578,624,flowbot,0.54148,0.00970,0.25218,0.00000,0.00000,-0.00000,0.00000,19.00,0.00,0.00,0.0000,0.0000,0.0000,0.0000,0,0
2026-08-25 16:05:43.405556,625,flowbot,0.54148,0.00970,0.25218,0.00000,0.00000,-0.00000,0.00000,19.00,0.00,0.00,0.0000,0.0000,0.0000,0.0000,0,0
2026-08-25 16:05:43.457742,626,franka,0.54148,0.00970,0.25218,0.00000,0.00000,-0.00000,0.00000,19.00,0.00,0.00,0.0000,0.0000,0.0000,0.0000,1,0
2026-08-25 16:05:43.511936,627,franka,0.54148,0.00970,0.25219,0.00000,0.00000,-0.00000,0.00000,19.00,0.00,0.00,0.0000,0.0000,0.0000,0.0000,0,0
2026-08-25 16:05:43.565705,628,franka,0.54150,0.00968,0.25227,0.00000,0.00000,0.00000,0.00000,19.00,0.00,0.00,0.0000,0.0000,0.0000,0.0000,0,0
2026-08-25 16:05:43.619260,629,franka,0.54151,0.00967,0.25228,0.00000,0.00000,0.00000,0.00000,19.00,0.00,0.00,0.0000,0.0000,0.0000,0.0000,0,0
2026-08-25 16:05:43.672671,630,franka,0.54151,0.00968,0.25229,0.00000,0.00000,0.00000,0.00000,19.00,0.00,0.00,0.0000,0.0000,0.0000,0.0000,0,0
2026-08-25 16:05:43.726202,631,franka,0.54151,0.00968,0.25228,0.00000,0.00000,0.00000,0.00000,19.00,0.00,0.00,0.0000,0.0000,0.0000,0.0000,0,0
2026-08-25 16:05:43.780074,632,franka,0.54151,0.00968,0.25229,0.00000,0.00000,0.00000,0.00000,19.00,0.00,0.00,0.0000,0.0000,0.0000,0.0000,0,0
2026-08-25 16:05:43.833605,633,franka,0.54151,0.00967,0.25229,0.00000,0.00000,0.00000,0.00000,19.00,0.00,0.00,0.0000,0.0000,0.0000,0.0000,0,0
2026-08-25 16:05:43.887200,634,franka,0.54151,0.00967,0.25229,0.00000,0.00000,0.00000,0.00000,19.00,0.00,0.00,0.0000,0.0000,0.0000,0.0000,0,0
2026-08-25 16:05:43.940676,635,franka,0.54151,0.00968,0.25229,0.00000,0.00000,0.00000,0.00000,19.00,0.00,0.00,0.0000,0.0000,0.0000,0.0000,0,0
2026-08-25 16:05:43.994106,636,franka,0.54151,0.00968,0.25229,0.00000,0.00000,0.00000,0.00000,19.00,0.00,0.00,0.0000,0.0000,0.0000,0.0000,0,0
2026-08-25 16:05:44.047568,637,franka,0.54151,0.00967,0.25229,0.00000,0.00000,0.00000,0.00000,19.00,0.00,0.00,0.0000,0.0000,0.0000,0.0000,0,0
2026-08-25 16:05:44.101166,638,franka,0.54151,0.00967,0.25229,0.00000,0.00000,0.00000,0.00000,19.00,0.00,0.00,0.0000,0.0000,0.0000,0.0000,0,0
2026-08-25 16:05:44.154733,639,franka,0.54151,0.00967,0.25229,0.00000,0.00000,0.00000,0.00000,19.00,0.00,0.00,0.0000,-0.0257,0.0000,0.0000,0,0
2026-08-25 16:05:44.208489,640,franka,0.54151,0.00967,0.25229,0.00000,0.00000,0.00000,0.00000,19.00,0.00,0.00,0.0000,-0.1143,0.0000,0.0714,0,0
2026-08-25 16:05:44.261815,641,franka,0.54151,0.00967,0.25229,0.00000,0.00000,0.00000,0.00000,19.00,0.00,0.00,-0.0771,0.0000,0.0000,0.0000,0,0
2026-08-25 16:05:44.315485,642,franka,0.54151,0.00967,0.25229,0.00000,0.00000,0.00000,0.00000,19.00,0.00,0.00,-0.1857,0.0000,0.0000,0.0000,0,0
2026-08-25 16:05:44.369138,643,franka,0.54151,0.00941,0.25229,0.00000,-0.01847,0.00000,0.00000,19.00,0.00,0.00,-0.2400,0.0000,0.0000,-0.0143,0,0
2026-08-25 16:05:44.422492,644,franka,0.54152,0.00816,0.25230,0.00000,-0.03000,0.00000,0.00000,19.00,0.00,0.00,-0.2114,0.0000,-0.0029,0.0000,0,0
2026-08-25 16:05:44.475863,645,franka,0.54153,0.00670,0.25232,0.00000,-0.01283,0.00000,0.00000,19.00,0.00,0.00,-0.0743,0.0000,-0.0314,0.0000,0,0
2026-08-25 16:05:44.529350,646,franka,0.54153,0.00642,0.25232,0.00000,-0.00000,0.00000,0.00000,19.00,0.00,0.00,0.0000,0.0000,0.0000,0.0000,0,0
2026-08-25 16:05:44.582794,647,franka,0.54152,0.00669,0.25231,0.00000,-0.00000,0.00000,0.00000,19.00,0.00,0.00,0.0000,0.0000,0.0000,0.0000,0,0
2026-08-25 16:05:44.636743,648,franka,0.54152,0.00660,0.25231,0.00000,-0.00000,0.00000,0.00000,19.00,0.00,0.00,-0.0143,0.0000,0.0000,0.0000,0,0
2026-08-25 16:05:44.690160,649,franka,0.54152,0.00655,0.25231,0.00000,-0.00000,0.00000,0.00000,19.00,0.00,0.00,-0.1571,0.0000,0.0000,0.0000,0,0
2026-08-25 16:05:44.743656,650,franka,0.54152,0.00661,0.25230,0.00000,-0.00000,0.00000,0.00000,19.00,0.00,0.00,-0.2457,0.0000,-0.0200,0.0000,0,0
2026-08-25 16:05:44.797482,651,franka,0.54152,0.00656,0.25231,0.00000,-0.00000,0.00000,0.00000,19.00,0.00,0.00,-0.3400,0.0000,-0.0457,0.0000,0,0
2026-08-25 16:05:44.850934,652,franka,0.54153,0.00632,0.25233,0.00000,-0.02042,0.00000,0.00000,19.00,0.00,0.00,-0.3571,0.0000,-0.0371,0.0000,0,0
2026-08-25 16:05:44.904477,653,franka,0.54152,0.00505,0.25229,0.00000,-0.03000,0.00000,0.00000,19.00,0.00,0.00,-0.3829,0.0000,-0.0343,0.0000,0,0
2026-08-25 16:05:44.958048,654,franka,0.54153,0.00320,0.25230,0.00000,-0.03000,0.00000,0.00000,19.00,0.00,0.00,-0.4057,0.0000,-0.0171,0.0000,0,0
2026-08-25 16:05:45.010146,655,franka,0.54153,0.00183,0.25231,0.00000,-0.03000,0.00000,0.00000,19.00,0.00,0.00,-0.4086,0.0000,0.0000,0.0000,0,0
2026-08-25 16:05:45.058940,656,franka,0.54153,0.00045,0.25231,0.00000,-0.03000,0.00000,0.00000,19.00,0.00,0.00,-0.4000,0.0000,0.0000,0.0000,0,0
2026-08-25 16:05:45.112822,657,franka,0.54153,-0.00270,0.25231,0.00000,-0.03000,0.00000,0.00000,19.00,0.00,0.00,-0.3971,0.0000,0.0000,0.0000,0,0
2026-08-25 16:05:45.162871,658,franka,0.54152,-0.00419,0.25231,0.00000,-0.03000,0.00000,0.00000,19.00,0.00,0.00,-0.3743,0.0000,-0.0086,0.0000,0,0
2026-08-25 16:05:45.216741,659,franka,0.54152,-0.00574,0.25231,0.00000,-0.03000,0.00000,0.00000,19.00,0.00,0.00,-0.3629,0.0000,-0.0200,0.0000,0,0
2026-08-25 16:05:45.270283,660,franka,0.54152,-0.00719,0.25232,0.00000,-0.03000,0.00000,0.00000,19.00,0.00,0.00,-0.3571,0.0000,-0.0229,0.0000,0,0
2026-08-25 16:05:45.324788,661,franka,0.54151,-0.00877,0.25232,0.00000,-0.03000,0.00000,0.00000,19.00,0.00,0.00,-0.3457,0.0000,-0.0257,0.0000,0,0
2026-08-25 16:05:45.379165,662,franka,0.54150,-0.01034,0.25231,0.00000,-0.03000,0.00000,0.00000,19.00,0.00,0.00,-0.3457,0.0000,-0.0286,0.0000,0,0
2026-08-25 16:05:45.433130,663,franka,0.54150,-0.01175,0.25233,0.00000,-0.03000,0.00000,0.00000,19.00,0.00,0.00,-0.3457,0.0000,-0.0343,0.0000,0,0
2026-08-25 16:05:45.487005,664,franka,0.54150,-0.01330,0.25232,0.00000,-0.03000,0.00000,0.00000,19.00,0.00,0.00,-0.3457,0.0000,-0.0343,0.0000,0,0
2026-08-25 16:05:45.540601,665,franka,0.54149,-0.01486,0.25230,0.00000,-0.03000,0.00000,0.00000,19.00,0.00,0.00,-0.3457,0.0000,-0.0257,0.0000,0,0
2026-08-25 16:05:45.594289,666,franka,0.54150,-0.01638,0.25232,0.00000,-0.03000,0.00000,0.00000,19.00,0.00,0.00,-0.3429,0.0000,-0.0200,0.0000,0,0
2026-08-25 16:05:45.647798,667,franka,0.54150,-0.01788,0.25233,0.00000,-0.03000,0.00000,0.00000,19.00,0.00,0.00,-0.3400,0.0000,-0.0200,0.0000,0,0
2026-08-25 16:05:45.701988,668,franka,0.54149,-0.01940,0.25232,0.00000,-0.03000,0.00000,0.00000,19.00,0.00,0.00,-0.3314,0.0000,-0.0257,0.0000,0,0
2026-08-25 16:05:45.755509,669,franka,0.54149,-0.02089,0.25232,0.00000,-0.03000,0.00000,0.00000,19.00,0.00,0.00,-0.3257,0.0000,-0.0400,0.0000,0,0
2026-08-25 16:05:45.809672,670,franka,0.54149,-0.02242,0.25232,0.00000,-0.03000,0.00000,0.00000,19.00,0.00,0.00,-0.3200,0.0000,-0.0457,0.0000,0,0
2026-08-25 16:05:45.863819,671,franka,0.54149,-0.02394,0.25232,0.00000,-0.03000,0.00000,0.00000,19.00,0.00,0.00,-0.3057,0.0000,-0.0543,0.0000,0,0
2026-08-25 16:05:45.917365,672,franka,0.54149,-0.02546,0.25232,0.00000,-0.03000,0.00000,0.00000,19.00,0.00,0.00,-0.3114,0.0000,-0.0400,0.0000,0,0
2026-08-25 16:05:45.970782,673,franka,0.54149,-0.02696,0.25232,0.00000,-0.03000,0.00000,0.00000,19.00,0.00,0.00,-0.3229,0.0000,-0.0314,0.0000,0,0
2026-08-25 16:05:46.024407,674,franka,0.54149,-0.03001,0.25231,0.00000,-0.03000,0.00000,0.00000,19.00,0.00,0.00,-0.3086,0.0000,-0.0457,0.0000,0,0
2026-08-25 16:05:46.077823,675,franka,0.54148,-0.03153,0.25231,0.00000,-0.03000,0.00000,0.00000,19.00,0.00,0.00,-0.3114,0.0000,-0.0629,0.0000,0,0
2026-08-25 16:05:46.131098,676,franka,0.54148,-0.03305,0.25231,0.00000,-0.03000,0.00000,0.00000,19.00,0.00,0.00,-0.3171,0.0000,-0.0657,0.0000,0,0
2026-08-25 16:05:46.184540,677,franka,0.54148,-0.03457,0.25231,0.00000,-0.03000,0.00000,0.00000,19.00,0.00,0.00,-0.3200,0.0000,-0.0657,0.0000,0,0
2026-08-25 16:05:46.237988,678,franka,0.54148,-0.03607,0.25231,0.00000,-0.03000,0.00000,0.00000,19.00,0.00,0.00,-0.3200,0.0000,-0.0629,0.0000,0,0
2026-08-25 16:05:46.291884,679,franka,0.54148,-0.03761,0.25231,0.00000,-0.03000,0.00000,0.00000,19.00,0.00,0.00,-0.3171,0.0000,-0.0629,0.0000,0,0
2026-08-25 16:05:46.345502,680,franka,0.54148,-0.03914,0.25230,0.00000,-0.03000,0.00000,0.00000,19.00,0.00,0.00,-0.3314,0.0000,-0.0400,0.0000,0,0
2026-08-25 16:05:46.399290,681,franka,0.54148,-0.04063,0.25231,0.00000,-0.03000,0.00000,0.00000,19.00,0.00,0.00,-0.3371,0.0000,-0.0086,0.0000,0,0
2026-08-25 16:05:46.453556,682,franka,0.54149,-0.04215,0.25232,0.00000,-0.03000,0.00000,0.00000,19.00,0.00,0.00,-0.3343,0.0000,-0.0086,0.0000,0,0
2026-08-25 16:05:46.507289,683,franka,0.54149,-0.04366,0.25232,0.00000,-0.03000,0.00000,0.00000,19.00,0.00,0.00,-0.3429,-0.0029,-0.0086,0.0000,0,0
2026-08-25 16:05:46.560996,684,franka,0.54149,-0.04521,0.25232,0.00000,-0.03000,0.00000,0.00000,19.00,0.00,0.00,-0.3371,0.0000,-0.0114,0.0000,0,0
2026-08-25 16:05:46.614384,685,franka,0.54150,-0.04673,0.25232,0.00000,-0.03000,0.00000,0.00000,19.00,0.00,0.00,-0.3229,0.0000,-0.0114,0.0000,0,0
2026-08-25 16:05:46.668137,686,franka,0.54150,-0.04822,0.25232,0.00000,-0.03000,0.00000,0.00000,19.00,0.00,0.00,-0.3314,0.0000,0.0000,0.0000,0,0
2026-08-25 16:05:46.722013,687,franka,0.54150,-0.04972,0.25232,0.00000,-0.03000,0.00000,0.00000,19.00,0.00,0.00,-0.3200,-0.0371,-0.0171,0.0000,0,0
2026-08-25 16:05:46.775796,688,franka,0.54151,-0.05126,0.25232,0.00000,-0.03000,0.00000,0.00000,19.00,0.00,0.00,-0.3029,-0.0457,-0.0057,0.0200,0,0
2026-08-25 16:05:46.830093,689,franka,0.54151,-0.05276,0.25232,0.00000,-0.03000,0.00000,0.00000,19.00,0.00,0.00,-0.2971,-0.0400,-0.0200,0.0114,0,0
2026-08-25 16:05:46.883946,690,franka,0.54151,-0.05578,0.25232,0.00000,-0.03000,0.00000,0.00000,19.00,0.00,0.00,-0.2714,-0.0429,-0.0343,0.0086,0,0
2026-08-25 16:05:46.937694,691,franka,0.54151,-0.05728,0.25232,0.00000,-0.03000,0.00000,0.00000,19.00,0.00,0.00,-0.2486,-0.0371,-0.0314,0.0057,0,0
2026-08-25 16:05:46.991363,692,franka,0.54151,-0.05855,0.25232,0.00000,-0.01283,0.00000,0.00000,19.00,0.00,0.00,-0.0857,0.0000,0.0000,0.0000,0,0
2026-08-25 16:05:47.044922,693,franka,0.54149,-0.05887,0.25232,0.00000,-0.00000,0.00000,0.00000,19.00,0.00,0.00,-0.0400,0.0000,0.0000,0.0000,0,0
2026-08-25 16:05:47.098522,694,franka,0.54151,-0.05868,0.25232,0.00000,-0.00000,0.00000,0.00000,19.00,0.00,0.00,0.0000,0.0000,0.0000,0.0000,0,0
2026-08-25 16:05:47.151866,695,franka,0.54151,-0.05872,0.25232,0.00000,-0.00000,0.00000,0.00000,19.00,0.00,0.00,0.0000,0.0000,0.0000,0.0000,0,0
2026-08-25 16:05:47.205198,696,franka,0.54150,-0.05878,0.25232,0.00000,-0.00000,0.00000,0.00000,19.00,0.00,0.00,0.0000,0.0000,0.0000,0.0000,0,0
2026-08-25 16:05:47.258612,697,franka,0.54151,-0.05873,0.25232,0.00000,-0.00000,0.00000,0.00000,19.00,0.00,0.00,0.0000,-0.0857,0.0000,0.0000,0,0
2026-08-25 16:05:47.312237,698,franka,0.54151,-0.05876,0.25231,0.00000,0.00000,0.00000,0.00000,19.00,0.00,0.00,0.0000,-0.0429,-0.2343,0.0000,0,0
2026-08-25 16:05:47.365774,699,franka,0.54152,-0.05873,0.25219,0.00000,0.00000,-0.01457,0.00000,19.00,0.00,0.00,0.0000,0.0000,-0.3829,0.0000,0,0
2026-08-25 16:05:47.419532,700,franka,0.54154,-0.05875,0.25097,0.00000,0.00000,-0.03000,0.00000,19.00,0.00,0.00,0.0000,0.0000,-0.5400,0.0000,0,0
2026-08-25 16:05:47.473445,701,franka,0.54152,-0.05876,0.24935,0.00000,0.00000,-0.03000,0.00000,19.00,0.00,0.00,0.0000,0.0000,-0.6114,0.0000,0,0
2026-08-25 16:05:47.527437,702,franka,0.54153,-0.05873,0.24783,0.00000,0.00000,-0.03000,0.00000,19.00,0.00,0.00,0.0200,0.0000,-0.6600,0.0343,0,0
2026-08-25 16:05:47.581047,703,franka,0.54154,-0.05874,0.24636,0.00000,0.00000,-0.03000,0.00000,19.00,0.00,0.00,0.0171,0.0000,-0.6543,0.0286,0,0
2026-08-25 16:05:47.634359,704,franka,0.54153,-0.05875,0.24481,0.00000,0.00000,-0.03000,0.00000,19.00,0.00,0.00,0.0086,0.0000,-0.6714,0.0257,0,0
2026-08-25 16:05:47.687822,705,franka,0.54152,-0.05871,0.24325,0.00000,0.00000,-0.03000,0.00000,19.00,0.00,0.00,0.0086,0.0000,-0.7086,0.0257,0,0
2026-08-25 16:05:47.741223,706,franka,0.54155,-0.05875,0.24182,0.00000,0.00000,-0.03000,0.00000,19.00,0.00,0.00,0.0000,0.0000,-0.7171,0.0371,0,0
2026-08-25 16:05:47.794696,707,franka,0.54154,-0.05872,0.23869,0.00000,0.00000,-0.03000,0.00000,19.00,0.00,0.00,0.0371,0.0000,-0.7000,0.0371,0,0
2026-08-25 16:05:47.848423,708,franka,0.54154,-0.05874,0.23723,0.00000,0.00000,-0.03000,0.00000,19.00,0.00,0.00,0.0029,0.0000,-0.7143,0.0371,0,0
2026-08-25 16:05:47.901771,709,franka,0.54155,-0.05874,0.23575,0.00000,0.00000,-0.03000,0.00000,19.00,0.00,0.00,0.0486,0.0000,-0.7114,0.0457,0,0
2026-08-25 16:05:47.955117,710,franka,0.54153,-0.05872,0.23419,0.00000,0.00000,-0.03000,0.00000,19.00,0.00,0.00,0.0743,0.0000,-0.7571,0.0400,0,0
2026-08-25 16:05:48.008786,711,franka,0.54154,-0.05873,0.23268,0.00000,0.00000,-0.03000,0.00000,19.00,0.00,0.00,0.0371,0.0086,-0.5600,0.0171,0,0
2026-08-25 16:05:48.062198,712,franka,0.54154,-0.05873,0.23119,0.00000,0.00000,-0.03000,0.00000,19.00,0.00,0.00,0.0000,0.0114,-0.1771,0.0286,0,0
2026-08-25 16:05:48.115681,713,franka,0.54153,-0.05874,0.22999,0.00000,0.00000,-0.00828,0.00000,19.00,0.00,0.00,0.0000,0.0086,-0.0029,0.0057,0,0
2026-08-25 16:05:48.166977,714,franka,0.54154,-0.05873,0.22993,0.00000,0.00000,-0.00000,0.00000,19.00,0.00,0.00,0.0000,0.0000,0.0000,0.0000,0,0
2026-08-25 16:05:48.220525,715,franka,0.54152,-0.05874,0.22992,0.00000,0.00000,-0.00000,0.00000,19.00,0.00,0.00,0.0000,0.0000,0.0000,0.0000,0,0
2026-08-25 16:05:48.273922,716,franka,0.54154,-0.05874,0.22994,0.00000,0.00000,-0.00000,0.00000,19.00,0.00,0.00,0.0000,0.0000,0.0000,0.0000,0,0
2026-08-25 16:05:48.327346,717,franka,0.54151,-0.05874,0.22987,0.00000,0.00000,-0.00000,0.00000,19.00,0.00,0.00,0.0000,0.0086,-0.0086,0.0000,0,0
2026-08-25 16:05:48.380794,718,franka,0.54153,-0.05875,0.22993,0.00000,0.00000,-0.00000,0.00000,19.00,0.00,0.00,0.2571,0.0314,-0.0371,0.0000,0,0
2026-08-25 16:05:48.434816,719,franka,0.54153,-0.05875,0.22992,0.00000,0.00000,-0.00000,0.00000,19.00,0.00,0.00,0.5943,0.0000,-0.0543,0.0000,0,0
2026-08-25 16:05:48.488499,720,franka,0.54153,-0.05833,0.22989,0.00000,0.02432,0.00000,0.00000,19.00,0.00,0.00,0.7371,0.0143,-0.0971,0.0000,0,0
2026-08-25 16:05:48.542255,721,franka,0.54151,-0.05701,0.22989,0.00000,0.03000,0.00000,0.00000,19.00,0.00,0.00,0.7514,0.0000,-0.0971,0.0000,0,0
2026-08-25 16:05:48.596655,722,franka,0.54155,-0.05531,0.22993,0.00000,0.03000,0.00000,0.00000,19.00,0.00,0.00,0.7514,0.0057,-0.1343,0.0000,0,0
2026-08-25 16:05:48.650225,723,franka,0.54153,-0.05384,0.22987,0.00000,0.03000,0.00000,0.00000,19.00,0.00,0.00,0.4314,0.0000,-0.1000,0.0000,0,0
2026-08-25 16:05:48.703618,724,franka,0.54153,-0.05111,0.22991,0.00000,0.01218,0.00000,0.00000,19.00,0.00,0.00,0.1257,0.0000,-0.0371,0.0000,0,0
2026-08-25 16:05:48.757091,725,franka,0.54153,-0.05082,0.22987,0.00000,0.00000,0.00000,0.00000,19.00,0.00,0.00,0.0000,0.0000,0.0000,0.0000,0,0
2026-08-25 16:05:48.810721,726,franka,0.54152,-0.05098,0.22989,0.00000,0.00000,0.00000,0.00000,19.00,0.00,0.00,0.0000,0.0000,0.0000,0.0000,0,0
2026-08-25 16:05:48.864636,727,franka,0.54153,-0.05094,0.22990,0.00000,0.00000,0.00000,0.00000,19.00,0.00,0.00,0.0000,-0.0771,0.0057,0.0000,0,0
2026-08-25 16:05:48.918316,728,franka,0.54152,-0.05092,0.22988,0.00000,0.00000,0.00000,0.00000,19.00,0.00,0.00,0.0000,0.0000,0.0000,0.0514,0,0
2026-08-25 16:05:48.972220,729,franka,0.54153,-0.05095,0.22990,0.00000,0.00000,0.00000,0.00000,19.00,0.00,0.00,0.0000,0.0000,-0.0657,0.0600,0,0
2026-08-25 16:05:49.027443,730,franka,0.54153,-0.05089,0.22990,0.00000,0.00000,0.00000,0.00000,19.00,0.00,0.00,0.0000,0.0000,-0.2257,0.0800,0,0
2026-08-25 16:05:49.076629,731,franka,0.54154,-0.05094,0.22967,0.00000,0.00000,-0.01912,0.00000,19.00,0.00,0.00,0.0000,0.0000,-0.3514,0.0829,0,0
2026-08-25 16:05:49.130037,732,franka,0.54155,-0.05093,0.22832,0.00000,0.00000,-0.03000,0.00000,19.00,0.00,0.00,0.0000,0.0000,-0.4000,0.0714,0,0
2026-08-25 16:05:49.183934,733,franka,0.54155,-0.05088,0.22679,0.00000,0.00000,-0.03000,0.00000,19.00,0.00,0.00,0.0000,0.0000,-0.4000,0.0714,0,0
2026-08-25 16:05:49.237554,734,franka,0.54154,-0.05089,0.22525,0.00000,0.00000,-0.03000,0.00000,19.00,0.00,0.00,0.0000,0.0000,-0.4000,0.0714,0,0
2026-08-25 16:05:49.291625,735,franka,0.54157,-0.05091,0.22379,0.00000,0.00000,-0.03000,0.00000,19.00,0.00,0.00,0.0000,0.0000,-0.5257,0.0600,0,0
2026-08-25 16:05:49.345217,736,franka,0.54155,-0.05089,0.22226,0.00000,0.00000,-0.03000,0.00000,19.00,0.00,0.00,0.0000,0.0000,-0.4971,0.0514,0,0
2026-08-25 16:05:49.398883,737,franka,0.54153,-0.05088,0.22068,0.00000,0.00000,-0.03000,0.00000,19.00,0.00,0.00,0.0000,0.0000,-0.4657,0.0514,0,0
2026-08-25 16:05:49.452320,738,franka,0.54155,-0.05089,0.21924,0.00000,0.00000,-0.03000,0.00000,19.00,0.00,0.00,0.0000,0.0000,-0.4543,0.0543,0,0
2026-08-25 16:05:49.505821,739,franka,0.54155,-0.05089,0.21769,0.00000,0.00000,-0.03000,0.00000,19.00,0.00,0.00,0.0000,0.0000,-0.4543,0.0543,0,0
2026-08-25 16:05:49.559152,740,franka,0.54154,-0.05088,0.21616,0.00000,0.00000,-0.03000,0.00000,19.00,0.00,0.00,0.0000,0.0000,-0.2771,0.0286,0,0
2026-08-25 16:05:49.612705,741,franka,0.54157,-0.05090,0.21319,0.00000,0.00000,-0.03000,0.00000,19.00,0.00,0.00,0.0000,0.0000,-0.2029,0.0143,0,0
2026-08-25 16:05:49.666213,742,franka,0.54155,-0.05091,0.21205,0.00000,0.00000,-0.00633,0.00000,19.00,0.00,0.00,0.0000,0.0000,-0.0800,0.0000,0,0
2026-08-25 16:05:49.719661,743,franka,0.54155,-0.05087,0.21201,0.00000,0.00000,-0.00000,0.00000,19.00,0.00,0.00,0.0000,0.0000,0.0000,0.0000,0,0
2026-08-25 16:05:49.773357,744,franka,0.54153,-0.05087,0.21197,0.00000,0.00000,-0.00000,0.00000,19.00,0.00,0.00,0.0000,0.0000,0.0000,0.0000,0,0
2026-08-25 16:05:49.826918,745,franka,0.54153,-0.05088,0.21199,0.00000,0.00000,-0.00000,0.00000,19.00,0.00,0.00,0.0000,0.0000,0.0000,0.0000,0,0
2026-08-25 16:05:49.880564,746,franka,0.54152,-0.05086,0.21193,0.00000,0.00000,-0.00000,0.00000,19.00,0.00,0.00,0.0000,0.0000,0.0000,0.0000,0,0
2026-08-25 16:05:49.934101,747,franka,0.54153,-0.05088,0.21197,0.00000,0.00000,-0.00000,0.00000,19.00,0.00,0.00,0.0000,0.0000,0.0000,0.0000,0,0
2026-08-25 16:05:49.987447,748,franka,0.54153,-0.05088,0.21196,0.00000,0.00000,-0.00000,0.00000,19.00,0.00,0.00,0.0000,0.0000,0.0000,0.0000,0,0
2026-08-25 16:05:50.041162,749,franka,0.54152,-0.05086,0.21195,0.00000,0.00000,-0.00000,0.00000,19.00,0.00,0.00,0.0000,0.0000,0.0000,0.0000,0,0
2026-08-25 16:05:50.094707,750,franka,0.54153,-0.05087,0.21196,0.00000,0.00000,-0.00000,0.00000,19.00,0.00,0.00,0.0000,0.0000,0.0000,0.0000,0,0
2026-08-25 16:05:50.148008,751,franka,0.54152,-0.05088,0.21196,0.00000,0.00000,-0.00000,0.00000,19.00,0.00,0.00,0.0000,0.0000,0.0257,0.0000,0,0
2026-08-25 16:05:50.201494,752,franka,0.54152,-0.05086,0.21195,0.00000,0.00000,-0.00000,0.00000,19.00,0.00,0.00,0.0000,0.0400,0.2029,0.0000,0,0
2026-08-25 16:05:50.254907,753,franka,0.54151,-0.05088,0.21211,0.00000,0.00000,0.01652,0.00000,19.00,0.00,0.00,0.0000,0.1143,0.5343,0.0000,0,0
2026-08-25 16:05:50.308558,754,franka,0.54147,-0.05086,0.21336,0.00000,0.00000,0.03000,0.00000,19.00,0.00,0.00,0.0000,0.0829,0.5229,0.0000,0,0
2026-08-25 16:05:50.362043,755,franka,0.54148,-0.05088,0.21492,0.00000,0.00000,0.03000,0.00000,19.00,0.00,0.00,0.0000,0.0229,0.5543,0.0000,0,0
2026-08-25 16:05:50.415737,756,franka,0.54148,-0.05092,0.21647,0.00000,0.00000,0.03000,0.00000,19.00,0.00,0.00,0.0000,0.0229,0.4943,0.0000,0,0
2026-08-25 16:05:50.469629,757,franka,0.54145,-0.05091,0.21793,0.00000,0.00000,0.03000,0.00000,19.00,0.00,0.00,0.0000,0.0229,0.4771,0.0000,0,0
2026-08-25 16:05:50.523385,758,franka,0.54148,-0.05092,0.22103,0.00000,0.00000,0.03000,0.00000,19.00,0.00,0.00,0.0000,0.0229,0.3657,0.0000,0,0
2026-08-25 16:05:50.576834,759,franka,0.54145,-0.05090,0.22245,0.00000,0.00000,0.03000,0.00000,19.00,0.00,0.00,0.0000,0.0229,0.3343,0.0000,0,0
2026-08-25 16:05:50.630116,760,franka,0.54146,-0.05091,0.22397,0.00000,0.00000,0.03000,0.00000,19.00,0.00,0.00,0.0000,0.0000,0.2971,0.0000,0,0
2026-08-25 16:05:50.683975,761,franka,0.54147,-0.05092,0.22554,0.00000,0.00000,0.03000,0.00000,19.00,0.00,0.00,0.0000,0.0000,0.2829,0.0000,0,0
2026-08-25 16:05:50.737764,762,franka,0.54146,-0.05092,0.22701,0.00000,0.00000,0.03000,0.00000,19.00,0.00,0.00,0.0000,0.0000,0.2200,0.0000,0,0
2026-08-25 16:05:50.791418,763,franka,0.54146,-0.05090,0.22836,0.00000,0.00000,0.01738,0.00000,19.00,0.00,0.00,0.0000,0.0143,0.1886,0.0000,0,0
2026-08-25 16:05:50.845069,764,franka,0.54149,-0.05093,0.22872,0.00000,0.00000,0.00000,0.00000,19.00,0.00,0.00,0.0000,0.0057,0.1771,0.0000,0,0
2026-08-25 16:05:50.899686,765,franka,0.54148,-0.05091,0.22869,0.00000,0.00000,0.00000,0.00000,19.00,0.00,0.00,0.0000,0.0000,0.1943,0.0000,0,0
2026-08-25 16:05:50.953248,766,franka,0.54147,-0.05090,0.22866,0.00000,0.00000,0.00000,0.00000,19.00,0.00,0.00,0.0000,0.0000,0.1914,0.0000,0,0
2026-08-25 16:05:51.006737,767,franka,0.54149,-0.05091,0.22873,0.00000,0.00000,0.00000,0.00000,19.00,0.00,0.00,0.0000,0.0000,0.2029,0.0000,0,0
2026-08-25 16:05:51.060078,768,franka,0.54148,-0.05092,0.22876,0.00000,0.00000,0.01067,0.00000,19.00,0.00,0.00,0.0000,0.0000,0.2371,0.0000,0,0
2026-08-25 16:05:51.113634,769,franka,0.54143,-0.05089,0.22981,0.00000,0.00000,0.03000,0.00000,19.00,0.00,0.00,0.0000,0.0000,0.2857,0.0000,0,0
2026-08-25 16:05:51.166915,770,franka,0.54149,-0.05093,0.23148,0.00000,0.00000,0.03000,0.00000,19.00,0.00,0.00,0.0000,0.0000,0.4143,0.0000,0,0
2026-08-25 16:05:51.220175,771,franka,0.54146,-0.05094,0.23295,0.00000,0.00000,0.03000,0.00000,19.00,0.00,0.00,0.0000,0.0200,0.4714,0.0000,0,0
2026-08-25 16:05:51.273768,772,franka,0.54145,-0.05092,0.23440,0.00000,0.00000,0.03000,0.00000,19.00,0.00,0.00,0.0000,0.0257,0.5029,0.0000,0,0
2026-08-25 16:05:51.327653,773,franka,0.54144,-0.05091,0.23590,0.00000,0.00000,0.03000,0.00000,19.00,0.00,0.00,0.0000,0.0000,0.5343,0.0000,0,0
2026-08-25 16:05:51.380997,774,franka,0.54146,-0.05092,0.23895,0.00000,0.00000,0.03000,0.00000,19.00,0.00,0.00,0.0000,0.0286,0.5457,0.0000,0,0
2026-08-25 16:05:51.434318,775,franka,0.54145,-0.05092,0.24046,0.00000,0.00000,0.03000,0.00000,19.00,0.00,0.00,0.0000,0.0057,0.5571,0.0000,0,0
2026-08-25 16:05:51.488177,776,franka,0.54148,-0.05094,0.24205,0.00000,0.00000,0.03000,0.00000,19.00,0.00,0.00,0.0000,0.0086,0.5743,0.0000,0,0
2026-08-25 16:05:51.541649,777,franka,0.54146,-0.05094,0.24353,0.00000,0.00000,0.03000,0.00000,19.00,0.00,0.00,0.0000,0.0000,0.5486,0.0000,0,0
2026-08-25 16:05:51.595022,778,franka,0.54145,-0.05092,0.24499,0.00000,0.00000,0.03000,0.00000,19.00,0.00,0.00,0.0000,0.0000,0.5200,0.0000,0,0
2026-08-25 16:05:51.649192,779,franka,0.54146,-0.05094,0.24653,0.00000,0.00000,0.03000,0.00000,19.00,0.00,0.00,0.0000,0.0114,0.4714,0.0000,0,0
2026-08-25 16:05:51.703210,780,franka,0.54146,-0.05094,0.24806,0.00000,0.00000,0.03000,0.00000,19.00,0.00,0.00,0.0000,0.0343,0.4343,0.0000,0,0
2026-08-25 16:05:51.757271,781,franka,0.54144,-0.05093,0.24951,0.00000,0.00000,0.03000,0.00000,19.00,0.00,0.00,0.0000,0.0429,0.4057,0.0000,0,0
2026-08-25 16:05:51.811140,782,franka,0.54146,-0.05093,0.25108,0.00000,0.00000,0.03000,0.00000,19.00,0.00,0.00,0.0000,0.0457,0.3800,0.0000,0,0
2026-08-25 16:05:51.864704,783,franka,0.54147,-0.05094,0.25261,0.00000,0.00000,0.03000,0.00000,19.00,0.00,0.00,0.0000,0.0429,0.3371,0.0000,0,0
2026-08-25 16:05:51.918241,784,franka,0.54146,-0.05093,0.25411,0.00000,0.00000,0.03000,0.00000,19.00,0.00,0.00,0.0000,0.0543,0.3143,0.0000,0,0
2026-08-25 16:05:51.971782,785,franka,0.54146,-0.05093,0.25561,0.00000,0.00000,0.03000,0.00000,19.00,0.00,0.00,0.0000,0.0657,0.2543,0.0000,0,0
2026-08-25 16:05:52.025197,786,franka,0.54147,-0.05093,0.25714,0.00000,0.00000,0.03000,0.00000,19.00,0.00,0.00,0.0000,0.0771,0.2371,0.0000,0,0
2026-08-25 16:05:52.078705,787,franka,0.54146,-0.05093,0.25865,0.00000,0.00000,0.03000,0.00000,19.00,0.00,0.00,0.0000,0.0771,0.2229,0.0000,0,0
2026-08-25 16:05:52.132467,788,franka,0.54145,-0.05093,0.26016,0.00000,0.00000,0.03000,0.00000,19.00,0.00,0.00,0.0000,0.0771,0.2343,0.0000,0,0
2026-08-25 16:05:52.186020,789,franka,0.54146,-0.05093,0.26168,0.00000,0.00000,0.03000,0.00000,19.00,0.00,0.00,0.0000,0.0857,0.2743,0.0000,0,0
2026-08-25 16:05:52.239357,790,franka,0.54146,-0.05093,0.26469,0.00000,0.00000,0.03000,0.00000,19.00,0.00,0.00,0.0000,0.0457,0.3086,0.0000,0,0
2026-08-25 16:05:52.292873,791,franka,0.54146,-0.05093,0.26623,0.00000,0.00000,0.03000,0.00000,19.00,0.00,0.00,0.0000,0.0314,0.3429,0.0000,0,0
2026-08-25 16:05:52.346344,792,franka,0.54147,-0.05092,0.26774,0.00000,0.00000,0.03000,0.00000,19.00,0.00,0.00,0.0000,0.0200,0.3086,0.0000,0,0
2026-08-25 16:05:52.399779,793,franka,0.54146,-0.05092,0.26923,0.00000,0.00000,0.03000,0.00000,19.00,0.00,0.00,0.0000,0.0286,0.2943,0.0000,0,0
2026-08-25 16:05:52.453219,794,franka,0.54146,-0.05092,0.27076,0.00000,0.00000,0.03000,0.00000,19.00,0.00,0.00,0.0000,0.0000,0.2771,0.0000,0,0
2026-08-25 16:05:52.507175,795,franka,0.54145,-0.05092,0.27228,0.00000,0.00000,0.03000,0.00000,19.00,0.00,0.00,0.0000,0.0000,0.3314,0.0000,0,0
2026-08-25 16:05:52.560771,796,franka,0.54146,-0.05092,0.27379,0.00000,0.00000,0.03000,0.00000,19.00,0.00,0.00,0.0000,0.0000,0.3286,0.0000,0,0
2026-08-25 16:05:52.614197,797,franka,0.54146,-0.05091,0.27531,0.00000,0.00000,0.03000,0.00000,19.00,0.00,0.00,0.0000,0.0000,0.3400,0.0000,0,0
2026-08-25 16:05:52.667527,798,franka,0.54147,-0.05090,0.27686,0.00000,0.00000,0.03000,0.00000,19.00,0.00,0.00,0.0000,0.0114,0.3600,0.0000,0,0
2026-08-25 16:05:52.721111,799,franka,0.54147,-0.05090,0.27839,0.00000,0.00000,0.03000,0.00000,19.00,0.00,0.00,0.0000,0.0000,0.3943,0.0000,0,0
2026-08-25 16:05:52.774818,800,franka,0.54147,-0.05090,0.27987,0.00000,0.00000,0.03000,0.00000,19.00,0.00,0.00,0.0000,0.0000,0.3943,0.0000,0,0
2026-08-25 16:05:52.828365,801,franka,0.54147,-0.05089,0.28139,0.00000,0.00000,0.03000,0.00000,19.00,0.00,0.00,0.0000,0.0000,0.3914,0.0000,0,0
2026-08-25 16:05:52.882149,802,franka,0.54146,-0.05089,0.28290,0.00000,0.00000,0.03000,0.00000,19.00,0.00,0.00,0.0000,0.0000,0.3743,0.0000,0,0
2026-08-25 16:05:52.935594,803,franka,0.54146,-0.05089,0.28440,0.00000,0.00000,0.03000,0.00000,19.00,0.00,0.00,0.0000,0.0000,0.3743,0.0000,0,0
2026-08-25 16:05:52.989399,804,franka,0.54147,-0.05088,0.28593,0.00000,0.00000,0.03000,0.00000,19.00,0.00,0.00,0.0000,0.0000,0.3514,0.0000,0,0
2026-08-25 16:05:53.043074,805,franka,0.54147,-0.05089,0.28745,0.00000,0.00000,0.03000,0.00000,19.00,0.00,0.00,0.0000,0.0143,0.3400,0.0000,0,0
2026-08-25 16:05:53.096605,806,franka,0.54147,-0.05087,0.29046,0.00000,0.00000,0.03000,0.00000,19.00,0.00,0.00,0.0000,0.0143,0.3429,0.0000,0,0
2026-08-25 16:05:53.150155,807,franka,0.54146,-0.05087,0.29196,0.00000,0.00000,0.03000,0.00000,19.00,0.00,0.00,0.0000,0.0029,0.3714,0.0000,0,0
2026-08-25 16:05:53.203665,808,franka,0.54146,-0.05087,0.29349,0.00000,0.00000,0.03000,0.00000,19.00,0.00,0.00,0.0000,0.0000,0.3800,0.0000,0,0
2026-08-25 16:05:53.257007,809,franka,0.54146,-0.05089,0.29499,0.00000,0.00000,0.03000,0.00000,19.00,0.00,0.00,0.0000,0.0000,0.4143,0.0000,0,0
2026-08-25 16:05:53.310509,810,franka,0.54147,-0.05089,0.29649,0.00000,0.00000,0.03000,0.00000,19.00,0.00,0.00,0.0000,0.0000,0.4429,0.0000,0,0
2026-08-25 16:05:53.364086,811,franka,0.54147,-0.05089,0.29803,0.00000,0.00000,0.03000,0.00000,19.00,0.00,0.00,0.0000,0.0000,0.4629,0.0000,0,0
2026-08-25 16:05:53.417728,812,franka,0.54147,-0.05088,0.29953,0.00000,0.00000,0.03000,0.00000,19.00,0.00,0.00,0.0000,0.0000,0.4600,0.0000,0,0
2026-08-25 16:05:53.471234,813,franka,0.54147,-0.05088,0.30105,0.00000,0.00000,0.03000,0.00000,19.00,0.00,0.00,0.0000,0.0000,0.4629,0.0000,0,0
2026-08-25 16:05:53.524661,814,franka,0.54146,-0.05088,0.30255,0.00000,0.00000,0.03000,0.00000,19.00,0.00,0.00,0.0000,0.0000,0.4286,0.0000,0,0
2026-08-25 16:05:53.579061,815,franka,0.54146,-0.05088,0.30408,0.00000,0.00000,0.03000,0.00000,19.00,0.00,0.00,0.0000,0.0000,0.2057,0.0000,0,0
2026-08-25 16:05:53.632801,816,franka,0.54147,-0.05088,0.30559,0.00000,0.00000,0.03000,0.00000,19.00,0.00,0.00,0.0000,0.0000,0.0000,0.0000,0,0
2026-08-25 16:05:53.686368,817,franka,0.54147,-0.05088,0.30682,0.00000,0.00000,0.01023,0.00000,19.00,0.00,0.00,0.0000,0.0000,0.0000,0.0000,0,0
2026-08-25 16:05:53.740156,818,franka,0.54147,-0.05091,0.30694,0.00000,0.00000,0.00000,0.00000,19.00,0.00,0.00,0.0000,0.0000,0.0000,0.0000,0,0
2026-08-25 16:05:53.793863,819,franka,0.54148,-0.05090,0.30694,0.00000,0.00000,0.00000,0.00000,19.00,0.00,0.00,0.0000,0.0000,0.0000,0.0000,0,0
2026-08-25 16:05:53.847705,820,franka,0.54147,-0.05090,0.30691,0.00000,0.00000,0.00000,0.00000,19.00,0.00,0.00,0.0000,0.0000,0.0000,0.0000,0,0
2026-08-25 16:05:53.901377,821,franka,0.54148,-0.05090,0.30698,0.00000,0.00000,0.00000,0.00000,19.00,0.00,0.00,0.0000,0.0000,0.0000,0.0000,0,0
2026-08-25 16:05:53.954737,822,franka,0.54148,-0.05090,0.30694,0.00000,0.00000,-0.00000,0.00000,19.00,0.00,0.00,0.0000,0.0000,0.0000,0.0000,0,0
2026-08-25 16:05:54.008687,823,franka,0.54148,-0.05090,0.30695,0.00000,0.00000,-0.00000,0.00000,19.00,0.00,0.00,0.0000,0.0000,0.0000,0.0000,0,0
2026-08-25 16:05:54.062139,824,franka,0.54148,-0.05090,0.30695,0.00000,0.00000,-0.00000,0.00000,19.00,0.00,0.00,0.0000,0.0000,0.0000,0.0000,0,0
2026-08-25 16:05:54.115856,825,franka,0.54148,-0.05090,0.30694,0.00000,0.00000,-0.00000,0.00000,19.00,0.00,0.00,0.0000,0.0000,0.0000,0.0000,0,0
2026-08-25 16:05:54.169341,826,franka,0.54148,-0.05090,0.30695,0.00000,0.00000,-0.00000,0.00000,19.00,0.00,0.00,0.0000,0.0000,0.0000,0.0000,0,0
2026-08-25 16:05:54.223137,827,franka,0.54148,-0.05090,0.30695,0.00000,0.00000,-0.00000,0.00000,19.00,0.00,0.00,0.0000,0.0543,-0.0286,0.0086,0,0
2026-08-25 16:05:54.277013,828,franka,0.54148,-0.05090,0.30694,0.00000,0.00000,-0.00000,0.00000,19.00,0.00,0.00,0.0000,0.0000,0.0000,0.0000,0,0
2026-08-25 16:05:54.330780,829,franka,0.54148,-0.05090,0.30695,0.00000,0.00000,-0.00000,0.00000,19.00,0.00,0.00,0.0000,0.0000,0.0000,0.0000,0,0
2026-08-25 16:05:54.385198,830,franka,0.54148,-0.05090,0.30695,0.00000,0.00000,-0.00000,0.00000,19.00,0.00,0.00,0.0000,0.0000,0.0000,0.0000,0,0
2026-08-25 16:05:54.439589,831,franka,0.54148,-0.05090,0.30694,0.00000,0.00000,-0.00000,0.00000,19.00,0.00,0.00,0.0000,0.0000,0.0000,0.0000,0,0
2026-08-25 16:05:54.493440,832,franka,0.54148,-0.05090,0.30695,0.00000,0.00000,-0.00000,0.00000,19.00,0.00,0.00,0.0000,0.0000,0.0000,0.0000,0,0
2026-08-25 16:05:54.547626,833,franka,0.54148,-0.05090,0.30695,0.00000,0.00000,-0.00000,0.00000,19.00,0.00,0.00,0.0000,0.0000,0.0000,0.0000,0,1
2026-08-25 16:05:54.602004,834,franka,0.54148,-0.05090,0.30695,0.00000,0.00000,-0.00000,0.00000,19.00,0.00,0.00,0.0000,0.0000,0.0000,0.0000,0,1
2026-08-25 16:05:54.654839,835,franka,0.54148,-0.05090,0.30695,0.00000,0.00000,-0.00000,0.00000,19.00,0.00,0.00,0.0000,0.0000,0.0000,0.0000,0,1
2026-08-25 16:05:54.708722,836,franka,0.54148,-0.05090,0.30695,0.00000,0.00000,-0.00000,0.00000,19.00,0.00,0.00,0.0000,0.0000,0.0000,0.0000,0,1
2026-08-25 16:05:54.762599,837,franka,0.54148,-0.05090,0.30695,0.00000,0.00000,-0.00000,0.00000,19.00,0.00,0.00,0.0000,0.0000,0.0000,0.0000,0,1
2026-08-25 16:05:54.817009,838,franka,0.54148,-0.05090,0.30695,0.00000,0.00000,-0.00000,0.00000,19.00,0.00,0.00,0.0000,0.0000,0.0000,0.0000,0,1
2026-08-25 16:05:54.871275,839,franka,0.54148,-0.05090,0.30695,0.00000,0.00000,-0.00000,0.00000,19.00,0.00,0.00,0.0000,0.0000,0.0000,0.0000,0,1
2026-08-25 16:05:54.925169,840,franka,0.54148,-0.05090,0.30695,0.00000,0.00000,-0.00000,0.00000,19.00,0.00,0.00,0.0000,0.0000,0.0000,0.0000,0,1
2026-08-25 16:05:54.979016,841,franka,0.54148,-0.05090,0.30695,0.00000,0.00000,-0.00000,0.00000,19.00,0.00,0.00,0.0000,0.0000,0.0000,0.0000,0,1
2026-08-25 16:05:55.032906,842,franka,0.54148,-0.05090,0.30695,0.00000,0.00000,-0.00000,0.00000,19.00,0.00,0.00,0.0000,0.0000,0.0000,0.0000,0,0
2026-08-25 16:05:55.086565,843,franka,0.54148,-0.05090,0.30695,0.00000,0.00000,-0.00000,0.00000,19.00,0.00,0.00,0.0000,0.0000,0.0000,0.0000,0,0
2026-08-25 16:05:55.140140,844,franka,0.54148,-0.05090,0.30695,0.00000,0.00000,-0.00000,0.00000,19.00,0.00,0.00,0.0000,0.0000,0.0000,0.0000,0,0
2026-08-25 16:05:55.193641,845,franka,0.54148,-0.05090,0.30695,0.00000,0.00000,-0.00000,0.00000,19.00,0.00,0.00,0.0000,0.0000,0.0000,0.0000,0,0
2026-08-25 16:05:55.247378,846,franka,0.54148,-0.05090,0.30695,0.00000,0.00000,-0.00000,0.00000,19.00,0.00,0.00,0.0000,0.0000,0.0000,0.0000,0,0
2026-08-25 16:05:55.300929,847,franka,0.54148,-0.05090,0.30695,0.00000,0.00000,-0.00000,0.00000,19.00,0.00,0.00,0.0000,0.0000,0.0000,0.0000,0,0
2026-08-25 16:05:55.354409,848,franka,0.54148,-0.05090,0.30695,0.00000,0.00000,-0.00000,0.00000,19.00,0.00,0.00,0.0000,0.0000,0.0000,0.0000,0,0
2026-08-25 16:05:55.408016,849,franka,0.54148,-0.05090,0.30695,0.00000,0.00000,-0.00000,0.00000,19.00,0.00,0.00,0.0000,0.0000,0.0000,0.0000,0,0
2026-08-25 16:05:55.461867,850,franka,0.54148,-0.05090,0.30695,0.00000,0.00000,-0.00000,0.00000,19.00,0.00,0.00,0.0000,0.0000,0.0000,0.0000,0,0
2026-08-25 16:05:55.515510,851,franka,0.54148,-0.05090,0.30695,0.00000,0.00000,-0.00000,0.00000,19.00,0.00,0.00,0.0000,0.0000,0.0000,0.0000,0,0
2026-08-25 16:05:55.569108,852,franka,0.54148,-0.05090,0.30695,0.00000,0.00000,-0.00000,0.00000,19.00,0.00,0.00,0.0000,0.0000,0.0000,0.0000,0,0
2026-08-25 16:05:55.623363,853,franka,0.54148,-0.05090,0.30695,0.00000,0.00000,-0.00000,0.00000,19.00,0.00,0.00,0.0000,0.0000,0.0000,0.0000,0,0
2026-08-25 16:05:55.676999,854,franka,0.54148,-0.05090,0.30695,0.00000,0.00000,-0.00000,0.00000,19.00,0.00,0.00,0.0000,0.0000,0.0000,0.0000,0,0
2026-08-25 16:05:55.731105,855,franka,0.54148,-0.05090,0.30695,0.00000,0.00000,-0.00000,0.00000,19.00,0.00,0.00,0.0000,0.0000,0.0000,0.0000,0,0
2026-08-25 16:05:55.784872,856,franka,0.54148,-0.05090,0.30695,0.00000,0.00000,-0.00000,0.00000,19.00,0.00,0.00,0.0000,0.0000,0.0000,0.0000,0,0
2026-08-25 16:05:55.838371,857,franka,0.54148,-0.05090,0.30695,0.00000,0.00000,-0.00000,0.00000,19.00,0.00,0.00,0.0000,0.0000,0.0000,0.0000,0,0
2026-08-25 16:05:55.892792,858,franka,0.54148,-0.05090,0.30695,0.00000,0.00000,-0.00000,0.00000,19.00,0.00,0.00,0.0000,0.0000,0.0000,0.0000,0,0
2026-08-25 16:05:55.946718,859,franka,0.54148,-0.05090,0.30695,0.00000,0.00000,-0.00000,0.00000,19.00,0.00,0.00,0.0000,0.0000,0.0000,0.0000,0,0
2026-08-25 16:05:56.000406,860,franka,0.54148,-0.05090,0.30695,0.00000,0.00000,-0.00000,0.00000,19.00,0.00,0.00,0.0000,0.0000,0.0000,0.0000,0,0
2026-08-25 16:05:56.054056,861,franka,0.54148,-0.05090,0.30695,0.00000,0.00000,-0.00000,0.00000,19.00,0.00,0.00,0.0000,0.0000,0.0000,0.0000,0,0
2026-08-25 16:05:56.108006,862,franka,0.54148,-0.05090,0.30695,0.00000,0.00000,-0.00000,0.00000,19.00,0.00,0.00,0.0000,0.0000,0.0000,0.0000,0,0
2026-08-25 16:05:56.161964,863,franka,0.54148,-0.05090,0.30695,0.00000,0.00000,-0.00000,0.00000,19.00,0.00,0.00,0.0000,0.0000,0.0000,0.0000,0,0
2026-08-25 16:05:56.215347,864,franka,0.54148,-0.05090,0.30695,0.00000,0.00000,-0.00000,0.00000,19.00,0.00,0.00,0.0000,0.0000,0.0000,0.0000,0,0
2026-08-25 16:05:56.268864,865,franka,0.54148,-0.05090,0.30695,0.00000,0.00000,-0.00000,0.00000,19.00,0.00,0.00,0.0000,0.0000,0.0000,0.0000,0,0
2026-08-25 16:05:56.322756,866,franka,0.54148,-0.05090,0.30695,0.00000,0.00000,-0.00000,0.00000,19.00,0.00,0.00,0.0000,0.0000,0.0000,0.0000,0,0
2026-08-25 16:05:56.376262,867,franka,0.54148,-0.05090,0.30695,0.00000,0.00000,-0.00000,0.00000,19.00,0.00,0.00,0.0000,0.0000,0.0000,0.0000,0,0
2026-08-25 16:05:56.429661,868,franka,0.54148,-0.05090,0.30695,0.00000,0.00000,-0.00000,0.00000,19.00,0.00,0.00,0.0000,0.0000,0.0000,0.0000,0,0
2026-08-25 16:05:56.483221,869,franka,0.54148,-0.05090,0.30695,0.00000,0.00000,-0.00000,0.00000,19.00,0.00,0.00,0.0000,0.0000,0.0000,0.0000,0,0
2026-08-25 16:05:56.533437,870,franka,0.54148,-0.05090,0.30695,0.00000,0.00000,-0.00000,0.00000,19.00,0.00,0.00,0.0000,0.0000,0.0000,0.0000,0,0
2026-08-25 16:05:56.587044,871,franka,0.54148,-0.05090,0.30695,0.00000,0.00000,-0.00000,0.00000,19.00,0.00,0.00,0.0000,0.0000,0.0000,0.0000,0,0
2026-08-25 16:05:56.641200,872,franka,0.54148,-0.05090,0.30695,0.00000,0.00000,-0.00000,0.00000,19.00,0.00,0.00,0.0000,0.0000,0.0000,0.0000,0,0
2026-08-25 16:05:56.695262,873,franka,0.54148,-0.05090,0.30695,0.00000,0.00000,-0.00000,0.00000,19.00,0.00,0.00,0.0000,0.0000,0.0000,0.0000,0,0
2026-08-25 16:05:56.749209,874,franka,0.54148,-0.05090,0.30695,0.00000,0.00000,-0.00000,0.00000,19.00,0.00,0.00,0.0000,0.0000,0.0000,0.0000,0,0
2026-08-25 16:05:56.803462,875,franka,0.54148,-0.05090,0.30695,0.00000,0.00000,-0.00000,0.00000,19.00,0.00,0.00,0.0000,0.0000,0.0000,0.0000,0,0
2026-08-25 16:05:56.859025,876,franka,0.54148,-0.05090,0.30695,0.00000,0.00000,-0.00000,0.00000,19.00,0.00,0.00,0.0000,0.0000,0.0000,0.0000,0,0
2026-08-25 16:05:56.908348,877,franka,0.54148,-0.05090,0.30695,0.00000,0.00000,-0.00000,0.00000,19.00,0.00,0.00,0.0000,0.0000,0.0000,0.0000,0,0
2026-08-25 16:05:56.962433,878,franka,0.54148,-0.05090,0.30695,0.00000,0.00000,-0.00000,0.00000,19.00,0.00,0.00,0.0000,0.0000,0.0000,0.0000,0,0
2026-08-25 16:05:57.016433,879,franka,0.54148,-0.05090,0.30695,0.00000,0.00000,-0.00000,0.00000,19.00,0.00,0.00,0.0000,0.0000,0.0000,0.0000,0,0
2026-08-25 16:05:57.071323,880,franka,0.54148,-0.05090,0.30695,0.00000,0.00000,-0.00000,0.00000,19.00,0.00,0.00,0.0000,0.0000,0.0000,0.0000,0,0
2026-08-25 16:05:57.125399,881,franka,0.54148,-0.05090,0.30695,0.00000,0.00000,-0.00000,0.00000,19.00,0.00,0.00,0.0000,0.0000,0.0000,0.0000,0,0
2026-08-25 16:05:57.179133,882,franka,0.54148,-0.05090,0.30695,0.00000,0.00000,-0.00000,0.00000,19.00,0.00,0.00,0.0000,0.0000,0.0000,0.0000,0,0
2026-08-25 16:05:57.232856,883,franka,0.54148,-0.05090,0.30695,0.00000,0.00000,-0.00000,0.00000,19.00,0.00,0.00,0.0000,0.0000,0.0000,0.0000,0,0
2026-08-25 16:05:57.287744,884,franka,0.54148,-0.05090,0.30695,0.00000,0.00000,-0.00000,0.00000,19.00,0.00,0.00,0.0000,0.0000,0.0000,0.0000,0,0
2026-08-25 16:05:57.341399,885,franka,0.54148,-0.05090,0.30695,0.00000,0.00000,-0.00000,0.00000,19.00,0.00,0.00,0.0000,0.0000,0.0000,0.0000,0,0
2026-08-25 16:05:57.395071,886,franka,0.54148,-0.05090,0.30695,0.00000,0.00000,-0.00000,0.00000,19.00,0.00,0.00,0.0000,0.0000,0.0000,0.0000,0,0
2026-08-25 16:05:57.449402,887,franka,0.54148,-0.05090,0.30695,0.00000,0.00000,-0.00000,0.00000,19.00,0.00,0.00,0.0000,0.0000,0.0000,0.0000,0,0
2026-08-25 16:05:57.503921,888,franka,0.54148,-0.05090,0.30695,0.00000,0.00000,-0.00000,0.00000,19.00,0.00,0.00,0.0000,0.0000,0.0000,0.0000,0,0
2026-08-25 16:05:57.557334,889,franka,0.54148,-0.05090,0.30695,0.00000,0.00000,-0.00000,0.00000,19.00,0.00,0.00,0.0000,0.0000,0.0000,0.0000,0,0
2026-08-25 16:05:57.610849,890,franka,0.54148,-0.05090,0.30695,0.00000,0.00000,-0.00000,0.00000,19.00,0.00,0.00,0.0000,0.0000,0.0000,0.0000,0,0
2026-08-25 16:05:57.664343,891,franka,0.54148,-0.05090,0.30695,0.00000,0.00000,-0.00000,0.00000,19.00,0.00,0.00,0.0000,0.0000,0.0000,0.0000,0,0
2026-08-25 16:05:57.718097,892,franka,0.54148,-0.05090,0.30695,0.00000,0.00000,-0.00000,0.00000,19.00,0.00,0.00,0.0000,0.0000,0.0000,0.0000,0,0
2026-08-25 16:05:57.771621,893,franka,0.54148,-0.05090,0.30695,0.00000,0.00000,-0.00000,0.00000,19.00,0.00,0.00,0.0000,0.0000,0.0000,0.0000,0,0
2026-08-25 16:05:57.826069,894,franka,0.54148,-0.05090,0.30695,0.00000,0.00000,-0.00000,0.00000,19.00,0.00,0.00,0.0000,0.0000,0.0000,0.0000,0,0
2026-08-25 16:05:57.879885,895,franka,0.54148,-0.05090,0.30695,0.00000,0.00000,-0.00000,0.00000,19.00,0.00,0.00,0.0000,0.0000,0.0000,0.0000,0,0
2026-08-25 16:05:57.933456,896,franka,0.54148,-0.05090,0.30695,0.00000,0.00000,-0.00000,0.00000,19.00,0.00,0.00,0.0000,0.0000,0.0000,0.0000,0,0
2026-08-25 16:05:57.987094,897,franka,0.54148,-0.05090,0.30695,0.00000,0.00000,-0.00000,0.00000,19.00,0.00,0.00,0.0000,0.0000,0.0000,0.0000,0,0
2026-08-25 16:05:58.040779,898,franka,0.54148,-0.05090,0.30695,0.00000,0.00000,-0.00000,0.00000,19.00,0.00,0.00,0.0000,0.0000,0.0000,0.0000,0,0
2026-08-25 16:05:58.094670,899,franka,0.54148,-0.05090,0.30695,0.00000,0.00000,-0.00000,0.00000,19.00,0.00,0.00,0.0000,0.0000,0.0000,0.0000,0,0
2026-08-25 16:05:58.148166,900,franka,0.54148,-0.05090,0.30695,0.00000,0.00000,-0.00000,0.00000,19.00,0.00,0.00,0.0000,0.0000,0.0000,0.0000,0,0
2026-08-25 16:05:58.202636,901,franka,0.54148,-0.05090,0.30695,0.00000,0.00000,-0.00000,0.00000,19.00,0.00,0.00,0.0000,0.0000,0.0000,0.0000,0,0
2026-08-25 16:05:58.256395,902,franka,0.54148,-0.05090,0.30695,0.00000,0.00000,-0.00000,0.00000,19.00,0.00,0.00,0.0000,0.0000,0.0000,0.0000,0,0
2026-08-25 16:05:58.310333,903,franka,0.54148,-0.05090,0.30695,0.00000,0.00000,-0.00000,0.00000,19.00,0.00,0.00,0.0000,0.0000,0.0000,0.0000,0,0
2026-08-25 16:05:58.363907,904,franka,0.54148,-0.05090,0.30695,0.00000,0.00000,-0.00000,0.00000,19.00,0.00,0.00,0.0000,0.0000,0.0000,0.0000,0,0
2026-08-25 16:05:58.417970,905,franka,0.54148,-0.05090,0.30695,0.00000,0.00000,-0.00000,0.00000,19.00,0.00,0.00,0.0000,0.0000,0.0000,0.0000,0,0
2026-08-25 16:05:58.471974,906,flowbot,0.54148,-0.05090,0.30695,0.00000,0.00000,-0.00000,0.00000,19.00,0.00,0.00,0.0000,0.0000,0.0000,0.0000,1,0
2026-08-25 16:05:58.525684,907,flowbot,0.54148,-0.05090,0.30695,0.00000,0.00000,-0.00000,0.00000,19.00,0.00,0.00,0.0000,0.0000,0.0000,0.0000,1,0
2026-08-25 16:05:58.580604,908,flowbot,0.54148,-0.05090,0.30695,0.00000,0.00000,-0.00000,0.00000,19.00,0.00,0.00,0.0000,0.0000,0.0000,0.0000,1,0
2026-08-25 16:05:58.633471,909,flowbot,0.54148,-0.05090,0.30695,0.00000,0.00000,-0.00000,0.00000,19.00,0.00,0.00,0.0000,0.0000,0.0000,0.0000,1,0
2026-08-25 16:05:58.687870,910,flowbot,0.54148,-0.05090,0.30695,0.00000,0.00000,-0.00000,0.00000,19.00,0.00,0.00,0.0000,0.0000,0.0000,0.0000,1,0
2026-08-25 16:05:58.738558,911,flowbot,0.54148,-0.05090,0.30695,0.00000,0.00000,-0.00000,0.00000,19.00,0.00,0.00,0.0000,0.0000,0.0000,0.0000,1,0
2026-08-25 16:05:58.789924,912,flowbot,0.54148,-0.05090,0.30695,0.00000,0.00000,-0.00000,0.00000,19.00,0.00,0.00,0.0000,0.0000,0.0000,0.0000,1,0
2026-08-25 16:05:58.844915,913,flowbot,0.54148,-0.05090,0.30695,0.00000,0.00000,-0.00000,0.00000,19.00,0.00,0.00,0.0000,0.0000,0.0000,0.0000,1,0
2026-08-25 16:05:58.898436,914,flowbot,0.54148,-0.05090,0.30695,0.00000,0.00000,-0.00000,0.00000,19.00,0.00,0.00,0.0000,0.0000,0.0000,0.0000,1,0
2026-08-25 16:05:58.949239,915,flowbot,0.54148,-0.05090,0.30695,0.00000,0.00000,-0.00000,0.00000,19.00,0.00,0.00,0.0000,0.0000,0.0000,0.0000,0,0
2026-08-25 16:05:59.005871,916,flowbot,0.54148,-0.05090,0.30695,0.00000,0.00000,-0.00000,0.00000,19.00,0.00,0.00,0.0000,0.0000,0.0000,0.0000,0,0
2026-08-25 16:05:59.059971,917,flowbot,0.54148,-0.05090,0.30695,0.00000,0.00000,-0.00000,0.00000,19.00,0.00,0.00,0.0000,0.0000,0.0000,0.0000,0,0
2026-08-25 16:05:59.111063,918,flowbot,0.54148,-0.05090,0.30695,0.00000,0.00000,-0.00000,0.00000,19.00,0.00,0.00,0.0000,0.0000,0.0000,0.0000,0,0
2026-08-25 16:05:59.163472,919,flowbot,0.54148,-0.05090,0.30695,0.00000,0.00000,-0.00000,0.00000,19.00,0.00,0.00,0.0000,0.0000,0.0000,0.0000,0,0
2026-08-25 16:05:59.219116,920,flowbot,0.54148,-0.05090,0.30695,0.00000,0.00000,-0.00000,0.00000,19.00,0.00,0.00,0.0000,0.0000,0.0000,0.0000,0,0
2026-08-25 16:05:59.268189,921,flowbot,0.54148,-0.05090,0.30695,0.00000,0.00000,-0.00000,0.00000,19.00,0.00,0.00,0.0000,0.0000,0.0000,0.0000,0,0
2026-08-25 16:05:59.319501,922,flowbot,0.54148,-0.05090,0.30695,0.00000,0.00000,-0.00000,0.00000,19.00,0.00,0.00,0.0000,0.0000,0.0000,0.0000,0,0
2026-08-25 16:05:59.375837,923,flowbot,0.54148,-0.05090,0.30695,0.00000,0.00000,-0.00000,0.00000,19.00,0.00,0.00,0.0000,0.0000,0.0000,0.0000,0,0
2026-08-25 16:05:59.427832,924,flowbot,0.54148,-0.05090,0.30695,0.00000,0.00000,-0.00000,0.00000,19.00,0.00,0.00,0.0000,0.0000,0.0000,0.0000,0,0
2026-08-25 16:05:59.481632,925,flowbot,0.54148,-0.05090,0.30695,0.00000,0.00000,-0.00000,0.00000,19.00,0.00,0.00,0.0000,0.0000,0.0000,0.0000,0,0
2026-08-25 16:05:59.535137,926,flowbot,0.54148,-0.05090,0.30695,0.00000,0.00000,-0.00000,0.00000,26.00,26.00,26.00,0.0000,0.0000,0.0000,0.0000,0,1
2026-08-25 16:05:59.591585,927,flowbot,0.54148,-0.05090,0.30695,0.00000,0.00000,-0.00000,0.00000,26.00,26.00,26.00,0.0000,0.0000,0.0000,0.0000,0,1
2026-08-25 16:05:59.642299,928,flowbot,0.54148,-0.05090,0.30695,0.00000,0.00000,-0.00000,0.00000,26.00,26.00,26.00,0.0000,0.0000,0.0000,0.0000,0,1
2026-08-25 16:05:59.695786,929,flowbot,0.54148,-0.05090,0.30695,0.00000,0.00000,-0.00000,0.00000,26.00,26.00,26.00,0.0000,0.0000,0.0000,0.0000,0,1
2026-08-25 16:05:59.749172,930,flowbot,0.54148,-0.05090,0.30695,0.00000,0.00000,-0.00000,0.00000,26.00,26.00,26.00,0.0000,0.0000,0.0000,0.0000,0,1
2026-08-25 16:05:59.798871,931,flowbot,0.54148,-0.05090,0.30695,0.00000,0.00000,-0.00000,0.00000,26.00,26.00,26.00,0.0000,0.0000,0.0000,0.0000,0,1
2026-08-25 16:05:59.852175,932,flowbot,0.54148,-0.05090,0.30695,0.00000,0.00000,-0.00000,0.00000,26.00,26.00,26.00,0.0000,0.0000,0.0000,0.0000,0,1
2026-08-25 16:05:59.903062,933,flowbot,0.54148,-0.05090,0.30695,0.00000,0.00000,-0.00000,0.00000,26.00,26.00,26.00,0.0000,0.0000,0.0000,0.0000,0,0
2026-08-25 16:05:59.958235,934,flowbot,0.54148,-0.05090,0.30695,0.00000,0.00000,-0.00000,0.00000,26.00,26.00,26.00,0.0000,0.0000,0.0000,0.0000,0,0
2026-08-25 16:06:00.009446,935,flowbot,0.54148,-0.05090,0.30695,0.00000,0.00000,-0.00000,0.00000,26.00,26.00,26.00,0.0000,0.0000,0.0000,0.0000,0,0
2026-08-25 16:06:00.062423,936,flowbot,0.54148,-0.05090,0.30695,0.00000,0.00000,-0.00000,0.00000,26.00,26.00,26.00,0.0000,0.0000,0.0000,0.0000,0,0
2026-08-25 16:06:00.114590,937,flowbot,0.54148,-0.05090,0.30695,0.00000,0.00000,-0.00000,0.00000,26.00,26.00,26.00,0.0000,0.0000,0.0000,0.0000,0,0
2026-08-25 16:06:00.167438,938,flowbot,0.54148,-0.05090,0.30695,0.00000,0.00000,-0.00000,0.00000,26.00,26.00,26.00,0.0000,0.0000,0.0000,0.0000,0,0
2026-08-25 16:06:00.224898,939,flowbot,0.54148,-0.05090,0.30695,0.00000,0.00000,-0.00000,0.00000,26.00,26.00,26.00,0.0000,0.0000,0.0000,0.0000,0,0
2026-08-25 16:06:00.274821,940,flowbot,0.54148,-0.05090,0.30695,0.00000,0.00000,-0.00000,0.00000,26.00,26.00,26.00,0.0000,0.0000,0.0000,0.0000,0,0
2026-08-25 16:06:00.325368,941,flowbot,0.54148,-0.05090,0.30695,0.00000,0.00000,-0.00000,0.00000,26.00,26.00,26.00,0.0000,0.0000,0.0000,0.0000,0,0
2026-08-25 16:06:00.375877,942,flowbot,0.54148,-0.05090,0.30695,0.00000,0.00000,-0.00000,0.00000,26.00,26.00,26.00,0.0000,0.0000,0.0000,0.0000,0,0
2026-08-25 16:06:00.425722,943,flowbot,0.54148,-0.05090,0.30695,0.00000,0.00000,-0.00000,0.00000,26.00,26.00,26.00,0.0000,0.0000,0.0000,0.0000,0,0
2026-08-25 16:06:00.480999,944,flowbot,0.54148,-0.05090,0.30695,0.00000,0.00000,-0.00000,0.00000,26.00,26.00,26.00,0.0000,0.0000,0.0000,0.0000,0,0
2026-08-25 16:06:00.533168,945,flowbot,0.54148,-0.05090,0.30695,0.00000,0.00000,-0.00000,0.00000,26.00,26.00,26.00,0.0000,0.0000,0.0000,0.0000,0,0
2026-08-25 16:06:00.586336,946,flowbot,0.54148,-0.05090,0.30695,0.00000,0.00000,-0.00000,0.00000,26.00,26.00,26.00,0.0000,0.0000,0.0000,0.0000,0,0
2026-08-25 16:06:00.641078,947,flowbot,0.54148,-0.05090,0.30695,0.00000,0.00000,-0.00000,0.00000,26.00,26.00,26.00,0.0000,0.0000,0.0000,0.0000,0,0
2026-08-25 16:06:00.694947,948,flowbot,0.54148,-0.05090,0.30695,0.00000,0.00000,-0.00000,0.00000,26.00,26.00,26.00,0.0000,0.0000,0.0000,0.0000,0,0
2026-08-25 16:06:00.747924,949,flowbot,0.54148,-0.05090,0.30695,0.00000,0.00000,-0.00000,0.00000,26.00,26.00,26.00,0.0000,0.0000,0.0000,0.0000,0,0
2026-08-25 16:06:00.800923,950,flowbot,0.54148,-0.05090,0.30695,0.00000,0.00000,-0.00000,0.00000,26.00,26.00,26.00,0.0000,0.0000,0.0000,0.0000,0,0
2026-08-25 16:06:00.859010,951,flowbot,0.54148,-0.05090,0.30695,0.00000,0.00000,-0.00000,0.00000,26.00,26.00,26.00,0.0000,0.0000,0.0000,0.0000,0,0
2026-08-25 16:06:00.910941,952,flowbot,0.54148,-0.05090,0.30695,0.00000,0.00000,-0.00000,0.00000,26.00,26.00,26.00,0.0000,0.0000,0.0000,0.0000,0,0
2026-08-25 16:06:00.961097,953,flowbot,0.54148,-0.05090,0.30695,0.00000,0.00000,-0.00000,0.00000,26.00,26.00,26.00,0.0000,0.0000,0.0000,0.0000,0,0
2026-08-25 16:06:01.014493,954,flowbot,0.54148,-0.05090,0.30695,0.00000,0.00000,-0.00000,0.00000,26.00,26.00,26.00,0.0000,0.0000,0.0000,0.0000,0,0
2026-08-25 16:06:01.069347,955,flowbot,0.54148,-0.05090,0.30695,0.00000,0.00000,-0.00000,0.00000,26.00,26.00,26.00,0.0000,0.0000,0.0000,0.0000,0,0
2026-08-25 16:06:01.119672,956,flowbot,0.54148,-0.05090,0.30695,0.00000,0.00000,-0.00000,0.00000,26.00,26.00,26.00,0.0000,0.0000,0.0000,0.0000,0,0
2026-08-25 16:06:01.172390,957,flowbot,0.54148,-0.05090,0.30695,0.00000,0.00000,-0.00000,0.00000,26.00,26.00,26.00,0.0000,0.0000,0.0000,0.0000,0,0
2026-08-25 16:06:01.227869,958,flowbot,0.54148,-0.05090,0.30695,0.00000,0.00000,-0.00000,0.00000,26.00,26.00,26.00,0.0000,0.0000,0.0000,0.0000,0,0
2026-08-25 16:06:01.278786,959,flowbot,0.54148,-0.05090,0.30695,0.00000,0.00000,-0.00000,0.00000,26.00,26.00,26.00,0.0000,0.0000,0.0000,0.0000,0,0
2026-08-25 16:06:01.330535,960,flowbot,0.54148,-0.05090,0.30695,0.00000,0.00000,-0.00000,0.00000,26.00,26.00,26.00,0.0000,0.0000,0.0000,0.0000,0,0
2026-08-25 16:06:01.384451,961,flowbot,0.54148,-0.05090,0.30695,0.00000,0.00000,-0.00000,0.00000,26.00,26.00,26.00,0.0000,0.0000,0.0000,0.0000,0,0
2026-08-25 16:06:01.435522,962,flowbot,0.54148,-0.05090,0.30695,0.00000,0.00000,-0.00000,0.00000,26.00,26.00,26.00,0.0000,0.0000,0.0000,0.0000,0,0
2026-08-25 16:06:01.487071,963,flowbot,0.54148,-0.05090,0.30695,0.00000,0.00000,-0.00000,0.00000,26.00,26.00,26.00,0.0000,0.0000,0.0000,0.0000,0,0
2026-08-25 16:06:01.544199,964,flowbot,0.54148,-0.05090,0.30695,0.00000,0.00000,-0.00000,0.00000,26.00,26.00,26.00,0.0000,0.0000,0.0000,0.0000,0,0
2026-08-25 16:06:01.597758,965,flowbot,0.54148,-0.05090,0.30695,0.00000,0.00000,-0.00000,0.00000,26.00,26.00,26.00,0.0000,0.0000,0.0000,0.0000,0,0
2026-08-25 16:06:01.654661,966,flowbot,0.54148,-0.05090,0.30695,0.00000,0.00000,-0.00000,0.00000,26.00,26.00,26.00,0.0000,0.0000,0.0000,0.0000,0,0
2026-08-25 16:06:01.704032,967,flowbot,0.54148,-0.05090,0.30695,0.00000,0.00000,-0.00000,0.00000,26.00,26.00,26.00,0.0000,0.0000,0.0000,0.0000,0,0
2026-08-25 16:06:01.759372,968,flowbot,0.54148,-0.05090,0.30695,0.00000,0.00000,-0.00000,0.00000,26.00,26.00,26.00,0.0000,0.0000,0.0000,0.0000,0,0
2026-08-25 16:06:01.813217,969,flowbot,0.54148,-0.05090,0.30695,0.00000,0.00000,-0.00000,0.00000,26.00,26.00,26.00,0.0000,0.0000,0.0000,0.0000,0,0
2026-08-25 16:06:01.865932,970,flowbot,0.54148,-0.05090,0.30695,0.00000,0.00000,-0.00000,0.00000,26.00,26.00,26.00,0.0000,0.0000,0.0000,0.0000,0,0
2026-08-25 16:06:01.920233,971,flowbot,0.54148,-0.05090,0.30695,0.00000,0.00000,-0.00000,0.00000,26.00,26.00,26.00,0.0000,0.0000,0.0000,0.0000,0,0
2026-08-25 16:06:01.976289,972,flowbot,0.54148,-0.05090,0.30695,0.00000,0.00000,-0.00000,0.00000,26.00,26.00,26.00,0.0000,0.0000,0.0000,0.0000,0,0
2026-08-25 16:06:02.023637,973,flowbot,0.54148,-0.05090,0.30695,0.00000,0.00000,-0.00000,0.00000,26.00,26.00,26.00,0.0000,0.0000,0.0000,0.0000,0,0
2026-08-25 16:06:02.078881,974,flowbot,0.54148,-0.05090,0.30695,0.00000,0.00000,-0.00000,0.00000,26.00,26.00,26.00,0.0000,0.0000,0.0000,0.0000,0,0
2026-08-25 16:06:02.130679,975,flowbot,0.54148,-0.05090,0.30695,0.00000,0.00000,-0.00000,0.00000,26.00,26.00,26.00,0.0000,0.0000,0.0000,0.0000,0,0
2026-08-25 16:06:02.183829,976,flowbot,0.54148,-0.05090,0.30695,0.00000,0.00000,-0.00000,0.00000,26.00,26.00,26.00,0.0000,0.0000,0.0000,0.0000,0,0
2026-08-25 16:06:02.235310,977,flowbot,0.54148,-0.05090,0.30695,0.00000,0.00000,-0.00000,0.00000,26.00,26.00,26.00,0.0000,0.0000,0.0000,0.0000,0,0
2026-08-25 16:06:02.288354,978,flowbot,0.54148,-0.05090,0.30695,0.00000,0.00000,-0.00000,0.00000,26.00,26.00,26.00,0.0000,0.0000,0.0000,0.0000,0,0
2026-08-25 16:06:02.337706,979,flowbot,0.54148,-0.05090,0.30695,0.00000,0.00000,-0.00000,0.00000,26.00,26.00,26.00,0.0000,0.0000,0.0000,0.0000,0,0
2026-08-25 16:06:02.388703,980,flowbot,0.54148,-0.05090,0.30695,0.00000,0.00000,-0.00000,0.00000,26.00,26.00,26.00,0.0000,0.0000,0.0000,0.0000,0,0
2026-08-25 16:06:02.439275,981,flowbot,0.54148,-0.05090,0.30695,0.00000,0.00000,-0.00000,0.00000,26.00,26.00,26.00,0.0000,0.0000,0.0000,0.0000,0,0
2026-08-25 16:06:02.492485,982,flowbot,0.54148,-0.05090,0.30695,0.00000,0.00000,-0.00000,0.00000,26.00,26.00,26.00,0.0000,0.0000,0.0000,0.0000,0,0
2026-08-25 16:06:02.544136,983,flowbot,0.54148,-0.05090,0.30695,0.00000,0.00000,-0.00000,0.00000,26.00,26.00,26.00,0.0000,0.0000,0.0000,0.0000,0,0
2026-08-25 16:06:02.595884,984,flowbot,0.54148,-0.05090,0.30695,0.00000,0.00000,-0.00000,0.00000,26.00,26.00,26.00,0.0000,0.0000,0.0000,0.0000,0,0
2026-08-25 16:06:02.647903,985,flowbot,0.54148,-0.05090,0.30695,0.00000,0.00000,-0.00000,0.00000,26.00,26.00,26.00,0.0000,0.0000,0.0000,0.0000,0,0
2026-08-25 16:06:02.701465,986,flowbot,0.54148,-0.05090,0.30695,0.00000,0.00000,-0.00000,0.00000,26.00,26.00,26.00,0.0000,0.0000,0.0000,0.0000,0,0
2026-08-25 16:06:02.754597,987,flowbot,0.54148,-0.05090,0.30695,0.00000,0.00000,-0.00000,0.00000,26.00,26.00,26.00,0.0000,0.0000,0.0000,0.0000,0,0
2026-08-25 16:06:02.811912,988,flowbot,0.54148,-0.05090,0.30695,0.00000,0.00000,-0.00000,0.00000,26.00,26.00,26.00,0.0000,0.0000,0.0000,0.0000,0,0
2026-08-25 16:06:02.861819,989,flowbot,0.54148,-0.05090,0.30695,0.00000,0.00000,-0.00000,0.00000,26.00,26.00,26.00,0.0000,0.0000,0.0000,0.0000,0,0
2026-08-25 16:06:02.919095,990,flowbot,0.54148,-0.05090,0.30695,0.00000,0.00000,-0.00000,0.00000,26.00,26.00,26.00,0.0000,0.0000,0.0000,0.0000,0,0
2026-08-25 16:06:02.969883,991,flowbot,0.54148,-0.05090,0.30695,0.00000,0.00000,-0.00000,0.00000,26.00,26.00,26.00,0.0000,0.0000,0.0000,0.0000,0,0
2026-08-25 16:06:03.016468,992,flowbot,0.54148,-0.05090,0.30695,0.00000,0.00000,-0.00000,0.00000,26.00,26.00,26.00,0.0000,0.0000,0.0000,0.0000,0,0
2026-08-25 16:06:03.067777,993,flowbot,0.54148,-0.05090,0.30695,0.00000,0.00000,-0.00000,0.00000,26.00,26.00,26.00,0.0000,0.0000,0.0000,0.0000,0,0
2026-08-25 16:06:03.122703,994,flowbot,0.54148,-0.05090,0.30695,0.00000,0.00000,-0.00000,0.00000,26.00,26.00,26.00,0.0000,0.0000,0.0000,0.0000,0,0
2026-08-25 16:06:03.172728,995,flowbot,0.54148,-0.05090,0.30695,0.00000,0.00000,-0.00000,0.00000,26.00,26.00,26.00,0.0000,0.0000,0.0000,0.0000,0,0
2026-08-25 16:06:03.225505,996,flowbot,0.54148,-0.05090,0.30695,0.00000,0.00000,-0.00000,0.00000,26.00,26.00,26.00,0.0000,0.0000,0.0000,0.0000,0,0
2026-08-25 16:06:03.282587,997,flowbot,0.54148,-0.05090,0.30695,0.00000,0.00000,-0.00000,0.00000,26.00,26.00,26.00,0.0000,0.0000,0.0000,0.0000,0,0
2026-08-25 16:06:03.332507,998,flowbot,0.54148,-0.05090,0.30695,0.00000,0.00000,-0.00000,0.00000,26.00,26.00,26.00,0.0000,0.0000,0.0000,0.0000,0,0
2026-08-25 16:06:03.382767,999,flowbot,0.54148,-0.05090,0.30695,0.00000,0.00000,-0.00000,0.00000,26.00,26.00,26.00,0.0000,0.0000,0.0000,0.0000,0,0
2026-08-25 16:06:03.432602,1000,flowbot,0.54148,-0.05090,0.30695,0.00000,0.00000,-0.00000,0.00000,26.00,26.00,26.00,0.0000,0.0000,0.0000,0.0000,0,0
2026-08-25 16:06:03.491887,1001,flowbot,0.54148,-0.05090,0.30695,0.00000,0.00000,-0.00000,0.00000,26.00,26.00,26.00,0.0000,0.0000,0.0000,0.0000,0,0
2026-08-25 16:06:03.544450,1002,flowbot,0.54148,-0.05090,0.30695,0.00000,0.00000,-0.00000,0.00000,26.00,26.00,26.00,0.0000,0.0000,0.0000,0.0000,0,0
2026-08-25 16:06:03.600424,1003,flowbot,0.54148,-0.05090,0.30695,0.00000,0.00000,-0.00000,0.00000,26.00,26.00,26.00,0.0000,0.0000,0.0000,0.0000,0,0
2026-08-25 16:06:03.652138,1004,flowbot,0.54148,-0.05090,0.30695,0.00000,0.00000,-0.00000,0.00000,26.00,26.00,26.00,0.0000,0.0000,0.0000,0.0000,0,0
2026-08-25 16:06:03.709644,1005,flowbot,0.54148,-0.05090,0.30695,0.00000,0.00000,-0.00000,0.00000,26.00,26.00,26.00,0.0000,0.0000,0.0000,0.0000,0,0
2026-08-25 16:06:03.762377,1006,flowbot,0.54148,-0.05090,0.30695,0.00000,0.00000,-0.00000,0.00000,26.00,26.00,26.00,0.0000,0.0000,0.0000,0.0000,0,0
2026-08-25 16:06:03.810340,1007,flowbot,0.54148,-0.05090,0.30695,0.00000,0.00000,-0.00000,0.00000,26.00,26.00,26.00,0.0000,0.0000,0.0000,0.0000,0,0
2026-08-25 16:06:03.861779,1008,flowbot,0.54148,-0.05090,0.30695,0.00000,0.00000,-0.00000,0.00000,26.00,26.00,26.00,0.0000,0.0000,0.0000,0.0000,0,0
2026-08-25 16:06:03.915651,1009,flowbot,0.54148,-0.05090,0.30695,0.00000,0.00000,-0.00000,0.00000,26.00,26.00,26.00,0.0000,0.0000,0.0000,0.0000,0,0
2026-08-25 16:06:03.966035,1010,flowbot,0.54148,-0.05090,0.30695,0.00000,0.00000,-0.00000,0.00000,26.00,26.00,26.00,0.0000,0.0000,0.0000,0.0000,0,0
2026-08-25 16:06:04.021581,1011,flowbot,0.54148,-0.05090,0.30695,0.00000,0.00000,-0.00000,0.00000,26.00,26.00,26.00,0.0000,0.0000,0.0000,0.0000,0,0
2026-08-25 16:06:04.071359,1012,flowbot,0.54148,-0.05090,0.30695,0.00000,0.00000,-0.00000,0.00000,26.00,26.00,26.00,0.0000,0.0000,0.0000,0.0000,0,0
2026-08-25 16:06:04.124930,1013,flowbot,0.54148,-0.05090,0.30695,0.00000,0.00000,-0.00000,0.00000,26.00,26.00,26.00,0.0000,0.0000,-0.1514,0.0000,0,0
2026-08-25 16:06:04.176100,1014,flowbot,0.54148,-0.05090,0.30695,0.00000,0.00000,-0.00000,0.00000,26.00,26.00,26.00,0.0000,0.0000,-0.1514,0.0000,0,0
2026-08-25 16:06:04.229887,1015,flowbot,0.54148,-0.05090,0.30695,0.00000,0.00000,-0.00000,0.00000,26.00,26.00,26.00,0.0000,0.0000,-0.1514,0.0000,0,0
2026-08-25 16:06:04.281323,1016,flowbot,0.54148,-0.05090,0.30695,0.00000,0.00000,-0.00000,0.00000,25.00,25.00,25.00,0.0000,0.0000,-0.3514,0.0000,0,0
2026-08-25 16:06:04.336367,1017,flowbot,0.54148,-0.05090,0.30695,0.00000,0.00000,-0.00000,0.00000,25.00,25.00,25.00,0.0000,0.0000,-0.3514,0.0000,0,0
2026-08-25 16:06:04.393387,1018,flowbot,0.54148,-0.05090,0.30695,0.00000,0.00000,-0.00000,0.00000,25.00,25.00,25.00,0.0000,0.0000,-0.3514,0.0000,0,0
2026-08-25 16:06:04.444091,1019,flowbot,0.54148,-0.05090,0.30695,0.00000,0.00000,-0.00000,0.00000,25.00,25.00,25.00,0.0000,0.0000,-0.3514,0.0000,0,0
2026-08-25 16:06:04.496687,1020,flowbot,0.54148,-0.05090,0.30695,0.00000,0.00000,-0.00000,0.00000,25.00,25.00,25.00,0.0000,0.0000,-0.2657,0.0000,0,0
2026-08-25 16:06:04.551366,1021,flowbot,0.54148,-0.05090,0.30695,0.00000,0.00000,-0.00000,0.00000,25.00,25.00,25.00,0.0000,0.0000,-0.2657,0.0000,0,0
2026-08-25 16:06:04.602061,1022,flowbot,0.54148,-0.05090,0.30695,0.00000,0.00000,-0.00000,0.00000,25.00,25.00,25.00,0.0000,0.0000,-0.2657,0.0000,0,0
2026-08-25 16:06:04.655080,1023,flowbot,0.54148,-0.05090,0.30695,0.00000,0.00000,-0.00000,0.00000,25.00,25.00,25.00,0.0000,0.0000,-0.2657,0.0000,0,0
2026-08-25 16:06:04.706893,1024,flowbot,0.54148,-0.05090,0.30695,0.00000,0.00000,-0.00000,0.00000,24.00,24.00,24.00,0.0000,0.0000,-0.3314,0.0000,0,0
2026-08-25 16:06:04.762890,1025,flowbot,0.54148,-0.05090,0.30695,0.00000,0.00000,-0.00000,0.00000,24.00,24.00,24.00,0.0000,0.0000,-0.3314,0.0000,0,0
2026-08-25 16:06:04.820110,1026,flowbot,0.54148,-0.05090,0.30695,0.00000,0.00000,-0.00000,0.00000,24.00,24.00,24.00,0.0000,0.0000,-0.3314,0.0000,0,0
2026-08-25 16:06:04.875282,1027,flowbot,0.54148,-0.05090,0.30695,0.00000,0.00000,-0.00000,0.00000,24.00,24.00,24.00,0.0000,0.0000,-0.3314,0.0000,0,0
2026-08-25 16:06:04.930057,1028,flowbot,0.54148,-0.05090,0.30695,0.00000,0.00000,-0.00000,0.00000,25.00,24.00,24.00,0.2286,0.0000,0.0000,0.0000,0,0
2026-08-25 16:06:04.979133,1029,flowbot,0.54148,-0.05090,0.30695,0.00000,0.00000,-0.00000,0.00000,25.00,24.00,24.00,0.2286,0.0000,0.0000,0.0000,0,0
2026-08-25 16:06:05.038510,1030,flowbot,0.54148,-0.05090,0.30695,0.00000,0.00000,-0.00000,0.00000,25.00,24.00,24.00,0.2286,0.0000,0.0000,0.0000,0,0
2026-08-25 16:06:05.088367,1031,flowbot,0.54148,-0.05090,0.30695,0.00000,0.00000,-0.00000,0.00000,25.00,24.00,24.00,0.2286,0.0000,0.0000,0.0000,0,0
2026-08-25 16:06:05.141125,1032,flowbot,0.54148,-0.05090,0.30695,0.00000,0.00000,-0.00000,0.00000,25.00,24.00,24.00,0.8857,0.0000,0.0000,0.0000,0,0
2026-08-25 16:06:05.193821,1033,flowbot,0.54148,-0.05090,0.30695,0.00000,0.00000,-0.00000,0.00000,25.00,24.00,24.00,0.8857,0.0000,0.0000,0.0000,0,0
2026-08-25 16:06:05.248740,1034,flowbot,0.54148,-0.05090,0.30695,0.00000,0.00000,-0.00000,0.00000,25.00,24.00,24.00,0.8857,0.0000,0.0000,0.0000,0,0
2026-08-25 16:06:05.303825,1035,flowbot,0.54148,-0.05090,0.30695,0.00000,0.00000,-0.00000,0.00000,25.00,24.00,24.00,0.8857,0.0000,0.0000,0.0000,0,0
2026-08-25 16:06:05.356374,1036,flowbot,0.54148,-0.05090,0.30695,0.00000,0.00000,-0.00000,0.00000,26.00,24.00,24.00,0.8200,0.0000,0.0000,0.0000,0,0
2026-08-25 16:06:05.409380,1037,flowbot,0.54148,-0.05090,0.30695,0.00000,0.00000,-0.00000,0.00000,26.00,24.00,24.00,0.8200,0.0000,0.0000,0.0000,0,0
2026-08-25 16:06:05.460611,1038,flowbot,0.54148,-0.05090,0.30695,0.00000,0.00000,-0.00000,0.00000,26.00,24.00,24.00,0.8200,0.0000,0.0000,0.0000,0,0
2026-08-25 16:06:05.512115,1039,flowbot,0.54148,-0.05090,0.30695,0.00000,0.00000,-0.00000,0.00000,26.00,24.00,24.00,0.4800,0.4143,0.0000,0.0000,0,0
2026-08-25 16:06:05.562763,1040,flowbot,0.54148,-0.05090,0.30695,0.00000,0.00000,-0.00000,0.00000,26.00,24.00,24.00,0.4800,0.4143,0.0000,0.0000,0,0
2026-08-25 16:06:05.618252,1041,flowbot,0.54148,-0.05090,0.30695,0.00000,0.00000,-0.00000,0.00000,26.00,24.00,24.00,0.4800,0.4143,0.0000,0.0000,0,0
2026-08-25 16:06:05.670635,1042,flowbot,0.54148,-0.05090,0.30695,0.00000,0.00000,-0.00000,0.00000,26.00,24.00,24.00,0.4800,0.4143,0.0000,0.0000,0,0
2026-08-25 16:06:05.721059,1043,flowbot,0.54148,-0.05090,0.30695,0.00000,0.00000,-0.00000,0.00000,24.00,22.00,22.00,0.0000,0.0000,-1.0286,0.0000,0,0
2026-08-25 16:06:05.777039,1044,flowbot,0.54148,-0.05090,0.30695,0.00000,0.00000,-0.00000,0.00000,24.00,22.00,22.00,0.0000,0.0000,-1.0286,0.0000,0,0
2026-08-25 16:06:05.831701,1045,flowbot,0.54148,-0.05090,0.30695,0.00000,0.00000,-0.00000,0.00000,24.00,22.00,22.00,0.0000,0.0000,-1.0286,0.0000,0,0
2026-08-25 16:06:05.884350,1046,flowbot,0.54148,-0.05090,0.30695,0.00000,0.00000,-0.00000,0.00000,24.00,22.00,22.00,0.0000,0.0000,-1.0286,0.0000,0,0
2026-08-25 16:06:05.932384,1047,flowbot,0.54148,-0.05090,0.30695,0.00000,0.00000,-0.00000,0.00000,24.00,22.00,21.00,0.6514,0.0000,-0.5286,0.0000,0,0
2026-08-25 16:06:05.991214,1048,flowbot,0.54148,-0.05090,0.30695,0.00000,0.00000,-0.00000,0.00000,24.00,22.00,21.00,0.6514,0.0000,-0.5286,0.0000,0,0
2026-08-25 16:06:06.041394,1049,flowbot,0.54148,-0.05090,0.30695,0.00000,0.00000,-0.00000,0.00000,24.00,22.00,21.00,0.6514,0.0000,-0.5286,0.0000,0,0
2026-08-25 16:06:06.094971,1050,flowbot,0.54148,-0.05090,0.30695,0.00000,0.00000,-0.00000,0.00000,24.00,22.00,21.00,0.6514,0.0000,-0.5286,0.0000,0,0
2026-08-25 16:06:06.147479,1051,flowbot,0.54148,-0.05090,0.30695,0.00000,0.00000,-0.00000,0.00000,24.00,21.00,21.00,0.4057,0.0000,0.0000,0.0000,0,0
2026-08-25 16:06:06.203194,1052,flowbot,0.54148,-0.05090,0.30695,0.00000,0.00000,-0.00000,0.00000,24.00,21.00,21.00,0.4057,0.0000,0.0000,0.0000,0,0
2026-08-25 16:06:06.254686,1053,flowbot,0.54148,-0.05090,0.30695,0.00000,0.00000,-0.00000,0.00000,24.00,21.00,21.00,0.4057,0.0000,0.0000,0.0000,0,0
2026-08-25 16:06:06.306435,1054,flowbot,0.54148,-0.05090,0.30695,0.00000,0.00000,-0.00000,0.00000,24.00,21.00,21.00,0.4057,0.0000,0.0000,0.0000,0,0
2026-08-25 16:06:06.356588,1055,flowbot,0.54148,-0.05090,0.30695,0.00000,0.00000,-0.00000,0.00000,25.00,22.00,21.00,0.2886,0.0000,0.2514,0.0000,0,0
2026-08-25 16:06:06.412164,1056,flowbot,0.54148,-0.05090,0.30695,0.00000,0.00000,-0.00000,0.00000,25.00,22.00,21.00,0.2886,0.0000,0.2514,0.0000,0,0
2026-08-25 16:06:06.466317,1057,flowbot,0.54148,-0.05090,0.30695,0.00000,0.00000,-0.00000,0.00000,25.00,22.00,21.00,0.2886,0.0000,0.2514,0.0000,0,0
2026-08-25 16:06:06.517415,1058,flowbot,0.54148,-0.05090,0.30695,0.00000,0.00000,-0.00000,0.00000,25.00,22.00,21.00,0.2886,0.0000,0.2514,0.0000,0,0
2026-08-25 16:06:06.569995,1059,flowbot,0.54148,-0.05090,0.30695,0.00000,0.00000,-0.00000,0.00000,24.00,20.00,20.00,0.2686,0.0000,-1.0914,0.0000,0,0
2026-08-25 16:06:06.625055,1060,flowbot,0.54148,-0.05090,0.30695,0.00000,0.00000,-0.00000,0.00000,24.00,20.00,20.00,0.2686,0.0000,-1.0914,0.0000,0,0
2026-08-25 16:06:06.678676,1061,flowbot,0.54148,-0.05090,0.30695,0.00000,0.00000,-0.00000,0.00000,24.00,20.00,20.00,0.2686,0.0000,-1.0914,0.0000,0,0
2026-08-25 16:06:06.729918,1062,flowbot,0.54148,-0.05090,0.30695,0.00000,0.00000,-0.00000,0.00000,24.00,20.00,20.00,0.2686,0.0000,-1.0914,0.0000,0,0
2026-08-25 16:06:06.783385,1063,flowbot,0.54148,-0.05090,0.30695,0.00000,0.00000,-0.00000,0.00000,23.00,19.00,19.00,0.2886,0.0000,-0.7229,0.0000,0,0
2026-08-25 16:06:06.835797,1064,flowbot,0.54148,-0.05090,0.30695,0.00000,0.00000,-0.00000,0.00000,23.00,19.00,19.00,0.2886,0.0000,-0.7229,0.0000,0,0
2026-08-25 16:06:06.889617,1065,flowbot,0.54148,-0.05090,0.30695,0.00000,0.00000,-0.00000,0.00000,23.00,19.00,19.00,0.2886,0.0000,-0.7229,0.0000,0,0
2026-08-25 16:06:06.942638,1066,flowbot,0.54148,-0.05090,0.30695,0.00000,0.00000,-0.00000,0.00000,23.00,19.00,19.00,0.2886,0.0000,-0.7229,0.0000,0,0
2026-08-25 16:06:06.994812,1067,flowbot,0.54148,-0.05090,0.30695,0.00000,0.00000,-0.00000,0.00000,23.00,19.00,18.00,0.4114,0.0000,0.0000,0.0000,0,0
2026-08-25 16:06:07.047066,1068,flowbot,0.54148,-0.05090,0.30695,0.00000,0.00000,-0.00000,0.00000,23.00,19.00,18.00,0.4114,0.0000,0.0000,0.0000,0,0
2026-08-25 16:06:07.099064,1069,flowbot,0.54148,-0.05090,0.30695,0.00000,0.00000,-0.00000,0.00000,23.00,19.00,18.00,0.4114,0.0000,0.0000,0.0000,0,0
2026-08-25 16:06:07.153734,1070,flowbot,0.54148,-0.05090,0.30695,0.00000,0.00000,-0.00000,0.00000,23.00,19.00,18.00,0.4114,0.0000,0.0000,0.0000,0,0
2026-08-25 16:06:07.204020,1071,flowbot,0.54148,-0.05090,0.30695,0.00000,0.00000,-0.00000,0.00000,24.00,19.00,19.00,0.4000,0.0000,0.4686,0.0000,0,0
2026-08-25 16:06:07.259657,1072,flowbot,0.54148,-0.05090,0.30695,0.00000,0.00000,-0.00000,0.00000,24.00,19.00,19.00,0.4000,0.0000,0.4686,0.0000,0,0
2026-08-25 16:06:07.313508,1073,flowbot,0.54148,-0.05090,0.30695,0.00000,0.00000,-0.00000,0.00000,24.00,19.00,19.00,0.4000,0.0000,0.4686,0.0000,0,0
2026-08-25 16:06:07.368760,1074,flowbot,0.54148,-0.05090,0.30695,0.00000,0.00000,-0.00000,0.00000,24.00,19.00,19.00,0.4000,0.0000,0.4686,0.0000,0,0
2026-08-25 16:06:07.423141,1075,flowbot,0.54148,-0.05090,0.30695,0.00000,0.00000,-0.00000,0.00000,25.00,19.00,19.00,0.9829,0.0000,0.0000,0.0000,0,0
2026-08-25 16:06:07.473451,1076,flowbot,0.54148,-0.05090,0.30695,0.00000,0.00000,-0.00000,0.00000,25.00,19.00,19.00,0.9829,0.0000,0.0000,0.0000,0,0
2026-08-25 16:06:07.529465,1077,flowbot,0.54148,-0.05090,0.30695,0.00000,0.00000,-0.00000,0.00000,25.00,19.00,19.00,0.9829,0.0000,0.0000,0.0000,0,0
2026-08-25 16:06:07.575686,1078,flowbot,0.54148,-0.05090,0.30695,0.00000,0.00000,-0.00000,0.00000,25.00,19.00,19.00,0.9829,0.0000,0.0000,0.0000,0,0
2026-08-25 16:06:07.632145,1079,flowbot,0.54148,-0.05090,0.30695,0.00000,0.00000,-0.00000,0.00000,25.00,19.00,19.00,0.6343,0.0000,0.0000,0.0000,0,0
2026-08-25 16:06:07.686869,1080,flowbot,0.54148,-0.05090,0.30695,0.00000,0.00000,-0.00000,0.00000,25.00,19.00,19.00,0.6343,0.0000,0.0000,0.0000,0,0
2026-08-25 16:06:07.739694,1081,flowbot,0.54148,-0.05090,0.30695,0.00000,0.00000,-0.00000,0.00000,25.00,19.00,19.00,0.6343,0.0000,0.0000,0.0000,0,0
2026-08-25 16:06:07.792044,1082,flowbot,0.54148,-0.05090,0.30695,0.00000,0.00000,-0.00000,0.00000,24.00,17.00,17.00,0.2714,0.0000,-1.1857,0.0000,0,0
2026-08-25 16:06:07.847498,1083,flowbot,0.54148,-0.05090,0.30695,0.00000,0.00000,-0.00000,0.00000,24.00,17.00,17.00,0.2714,0.0000,-1.1857,0.0000,0,0
2026-08-25 16:06:07.901467,1084,flowbot,0.54148,-0.05090,0.30695,0.00000,0.00000,-0.00000,0.00000,24.00,17.00,17.00,0.2714,0.0000,-1.1857,0.0000,0,0
2026-08-25 16:06:07.956455,1085,flowbot,0.54148,-0.05090,0.30695,0.00000,0.00000,-0.00000,0.00000,24.00,17.00,17.00,0.2714,0.0000,-1.1857,0.0000,0,0
2026-08-25 16:06:08.008738,1086,flowbot,0.54148,-0.05090,0.30695,0.00000,0.00000,-0.00000,0.00000,23.00,16.00,16.00,0.5343,0.0000,-0.9486,0.0000,0,0
2026-08-25 16:06:08.063839,1087,flowbot,0.54148,-0.05090,0.30695,0.00000,0.00000,-0.00000,0.00000,23.00,16.00,16.00,0.5343,0.0000,-0.9486,0.0000,0,0
2026-08-25 16:06:08.118027,1088,flowbot,0.54148,-0.05090,0.30695,0.00000,0.00000,-0.00000,0.00000,23.00,16.00,16.00,0.5343,0.0000,-0.9486,0.0000,0,0
2026-08-25 16:06:08.170378,1089,flowbot,0.54148,-0.05090,0.30695,0.00000,0.00000,-0.00000,0.00000,23.00,16.00,16.00,0.5343,0.0000,-0.9486,0.0000,0,0
2026-08-25 16:06:08.221428,1090,flowbot,0.54148,-0.05090,0.30695,0.00000,0.00000,-0.00000,0.00000,23.00,15.00,14.00,0.8429,0.0000,-0.6286,0.0000,0,0
2026-08-25 16:06:08.273970,1091,flowbot,0.54148,-0.05090,0.30695,0.00000,0.00000,-0.00000,0.00000,23.00,15.00,14.00,0.8429,0.0000,-0.6286,0.0000,0,0
2026-08-25 16:06:08.326804,1092,flowbot,0.54148,-0.05090,0.30695,0.00000,0.00000,-0.00000,0.00000,23.00,15.00,14.00,0.8429,0.0000,-0.6286,0.0000,0,0
2026-08-25 16:06:08.381948,1093,flowbot,0.54148,-0.05090,0.30695,0.00000,0.00000,-0.00000,0.00000,23.00,15.00,14.00,0.8429,0.0000,-0.6286,0.0000,0,0
2026-08-25 16:06:08.433925,1094,flowbot,0.54148,-0.05090,0.30695,0.00000,0.00000,-0.00000,0.00000,23.00,14.00,14.00,1.0857,-0.1429,-0.2371,0.0000,0,0
2026-08-25 16:06:08.487608,1095,flowbot,0.54148,-0.05090,0.30695,0.00000,0.00000,-0.00000,0.00000,23.00,14.00,14.00,1.0857,-0.1429,-0.2371,0.0000,0,0
2026-08-25 16:06:08.541244,1096,flowbot,0.54148,-0.05090,0.30695,0.00000,0.00000,-0.00000,0.00000,23.00,14.00,14.00,1.0857,-0.1429,-0.2371,0.0000,0,0
2026-08-25 16:06:08.594372,1097,flowbot,0.54148,-0.05090,0.30695,0.00000,0.00000,-0.00000,0.00000,23.00,14.00,14.00,1.0857,-0.1429,-0.2371,0.0000,0,0
2026-08-25 16:06:08.644619,1098,flowbot,0.54148,-0.05090,0.30695,0.00000,0.00000,-0.00000,0.00000,24.00,14.00,14.00,0.5743,0.0000,0.0000,0.0000,0,0
2026-08-25 16:06:08.702631,1099,flowbot,0.54148,-0.05090,0.30695,0.00000,0.00000,-0.00000,0.00000,24.00,14.00,14.00,0.5743,0.0000,0.0000,0.0000,0,0
2026-08-25 16:06:08.755436,1100,flowbot,0.54148,-0.05090,0.30695,0.00000,0.00000,-0.00000,0.00000,24.00,14.00,14.00,0.5743,0.0000,0.0000,0.0000,0,0
2026-08-25 16:06:08.805396,1101,flowbot,0.54148,-0.05090,0.30695,0.00000,0.00000,-0.00000,0.00000,24.00,14.00,14.00,0.5743,0.0000,0.0000,0.0000,0,0
2026-08-25 16:06:08.857111,1102,flowbot,0.54148,-0.05090,0.30695,0.00000,0.00000,-0.00000,0.00000,23.00,13.00,13.00,0.2886,0.0000,-0.9314,0.0000,0,0
2026-08-25 16:06:08.912169,1103,flowbot,0.54148,-0.05090,0.30695,0.00000,0.00000,-0.00000,0.00000,23.00,13.00,13.00,0.2886,0.0000,-0.9314,0.0000,0,0
2026-08-25 16:06:08.964078,1104,flowbot,0.54148,-0.05090,0.30695,0.00000,0.00000,-0.00000,0.00000,23.00,13.00,13.00,0.2886,0.0000,-0.9314,0.0000,0,0
2026-08-25 16:06:09.017944,1105,flowbot,0.54148,-0.05090,0.30695,0.00000,0.00000,-0.00000,0.00000,23.00,13.00,13.00,0.2886,0.0000,-0.9314,0.0000,0,0
2026-08-25 16:06:09.075552,1106,flowbot,0.54148,-0.05090,0.30695,0.00000,0.00000,-0.00000,0.00000,22.00,11.00,11.00,0.5543,0.0000,-1.0514,0.0000,0,0
2026-08-25 16:06:09.130805,1107,flowbot,0.54148,-0.05090,0.30695,0.00000,0.00000,-0.00000,0.00000,22.00,11.00,11.00,0.5543,0.0000,-1.0514,0.0000,0,0
2026-08-25 16:06:09.184769,1108,flowbot,0.54148,-0.05090,0.30695,0.00000,0.00000,-0.00000,0.00000,22.00,11.00,11.00,0.5543,0.0000,-1.0514,0.0000,0,0
2026-08-25 16:06:09.232882,1109,flowbot,0.54148,-0.05090,0.30695,0.00000,0.00000,-0.00000,0.00000,22.00,11.00,11.00,0.5543,0.0000,-1.0514,0.0000,0,0
2026-08-25 16:06:09.286087,1110,flowbot,0.54148,-0.05090,0.30695,0.00000,0.00000,-0.00000,0.00000,21.00,10.00,10.00,0.5629,0.0000,-0.8943,0.0000,0,0
2026-08-25 16:06:09.339540,1111,flowbot,0.54148,-0.05090,0.30695,0.00000,0.00000,-0.00000,0.00000,21.00,10.00,10.00,0.5629,0.0000,-0.8943,0.0000,0,0
2026-08-25 16:06:09.387871,1112,flowbot,0.54148,-0.05090,0.30695,0.00000,0.00000,-0.00000,0.00000,21.00,10.00,10.00,0.5629,0.0000,-0.8943,0.0000,0,0
2026-08-25 16:06:09.438270,1113,flowbot,0.54148,-0.05090,0.30695,0.00000,0.00000,-0.00000,0.00000,22.00,10.00,9.00,0.8571,-0.1200,-0.2429,0.0000,0,0
2026-08-25 16:06:09.494304,1114,flowbot,0.54148,-0.05090,0.30695,0.00000,0.00000,-0.00000,0.00000,22.00,10.00,9.00,0.8571,-0.1200,-0.2429,0.0000,0,0
2026-08-25 16:06:09.549120,1115,flowbot,0.54148,-0.05090,0.30695,0.00000,0.00000,-0.00000,0.00000,22.00,10.00,9.00,0.8571,-0.1200,-0.2429,0.0000,0,0
2026-08-25 16:06:09.603078,1116,flowbot,0.54148,-0.05090,0.30695,0.00000,0.00000,-0.00000,0.00000,22.00,10.00,9.00,0.8571,-0.1200,-0.2429,0.0000,0,0
2026-08-25 16:06:09.654241,1117,flowbot,0.54148,-0.05090,0.30695,0.00000,0.00000,-0.00000,0.00000,23.00,10.00,9.00,1.0029,0.0000,0.0000,0.0000,0,0
2026-08-25 16:06:09.709085,1118,flowbot,0.54148,-0.05090,0.30695,0.00000,0.00000,-0.00000,0.00000,23.00,10.00,9.00,1.0029,0.0000,0.0000,0.0000,0,0
2026-08-25 16:06:09.762782,1119,flowbot,0.54148,-0.05090,0.30695,0.00000,0.00000,-0.00000,0.00000,23.00,10.00,9.00,1.0029,0.0000,0.0000,0.0000,0,0
2026-08-25 16:06:09.815015,1120,flowbot,0.54148,-0.05090,0.30695,0.00000,0.00000,-0.00000,0.00000,23.00,10.00,9.00,1.0029,0.0000,0.0000,0.0000,0,0
2026-08-25 16:06:09.866507,1121,flowbot,0.54148,-0.05090,0.30695,0.00000,0.00000,-0.00000,0.00000,24.00,10.00,10.00,0.5057,0.0000,0.2314,0.0000,0,0
2026-08-25 16:06:09.918913,1122,flowbot,0.54148,-0.05090,0.30695,0.00000,0.00000,-0.00000,0.00000,24.00,10.00,10.00,0.5057,0.0000,0.2314,0.0000,0,0
2026-08-25 16:06:09.967631,1123,flowbot,0.54148,-0.05090,0.30695,0.00000,0.00000,-0.00000,0.00000,24.00,10.00,10.00,0.5057,0.0000,0.2314,0.0000,0,0
2026-08-25 16:06:10.019378,1124,flowbot,0.54148,-0.05090,0.30695,0.00000,0.00000,-0.00000,0.00000,24.00,10.00,10.00,0.5057,0.0000,0.2314,0.0000,0,0
2026-08-25 16:06:10.070971,1125,flowbot,0.54148,-0.05090,0.30695,0.00000,0.00000,-0.00000,0.00000,23.00,9.00,8.00,0.3743,0.0000,-0.8543,0.0000,0,0
2026-08-25 16:06:10.125052,1126,flowbot,0.54148,-0.05090,0.30695,0.00000,0.00000,-0.00000,0.00000,23.00,9.00,8.00,0.3743,0.0000,-0.8543,0.0000,0,0
2026-08-25 16:06:10.174460,1127,flowbot,0.54148,-0.05090,0.30695,0.00000,0.00000,-0.00000,0.00000,23.00,9.00,8.00,0.3743,0.0000,-0.8543,0.0000,0,0
2026-08-25 16:06:10.230017,1128,flowbot,0.54148,-0.05090,0.30695,0.00000,0.00000,-0.00000,0.00000,23.00,9.00,8.00,0.3743,0.0000,-0.8543,0.0000,0,0
2026-08-25 16:06:10.281976,1129,flowbot,0.54148,-0.05090,0.30695,0.00000,0.00000,-0.00000,0.00000,22.00,7.00,7.00,0.4286,-0.1000,-1.2343,0.0000,0,0
2026-08-25 16:06:10.337104,1130,flowbot,0.54148,-0.05090,0.30695,0.00000,0.00000,-0.00000,0.00000,22.00,7.00,7.00,0.4286,-0.1000,-1.2343,0.0000,0,0
2026-08-25 16:06:10.387883,1131,flowbot,0.54148,-0.05090,0.30695,0.00000,0.00000,-0.00000,0.00000,22.00,7.00,7.00,0.4286,-0.1000,-1.2343,0.0000,0,0
2026-08-25 16:06:10.442724,1132,flowbot,0.54148,-0.05090,0.30695,0.00000,0.00000,-0.00000,0.00000,22.00,7.00,7.00,0.4286,-0.1000,-1.2343,0.0000,0,0
2026-08-25 16:06:10.493210,1133,flowbot,0.54148,-0.05090,0.30695,0.00000,0.00000,-0.00000,0.00000,22.00,6.00,6.00,0.9171,0.0000,-0.3686,0.0000,0,0
2026-08-25 16:06:10.545574,1134,flowbot,0.54148,-0.05090,0.30695,0.00000,0.00000,-0.00000,0.00000,22.00,6.00,6.00,0.9171,0.0000,-0.3686,0.0000,0,0
2026-08-25 16:06:10.601455,1135,flowbot,0.54148,-0.05090,0.30695,0.00000,0.00000,-0.00000,0.00000,22.00,6.00,6.00,0.9171,0.0000,-0.3686,0.0000,0,0
2026-08-25 16:06:10.649419,1136,flowbot,0.54148,-0.05090,0.30695,0.00000,0.00000,-0.00000,0.00000,22.00,6.00,6.00,0.9171,0.0000,-0.3686,0.0000,0,0
2026-08-25 16:06:10.698610,1137,flowbot,0.54148,-0.05090,0.30695,0.00000,0.00000,-0.00000,0.00000,23.00,6.00,6.00,0.9086,0.0000,0.0000,0.0000,0,0
2026-08-25 16:06:10.751831,1138,flowbot,0.54148,-0.05090,0.30695,0.00000,0.00000,-0.00000,0.00000,23.00,6.00,6.00,0.9086,0.0000,0.0000,0.0000,0,0
2026-08-25 16:06:10.801847,1139,flowbot,0.54148,-0.05090,0.30695,0.00000,0.00000,-0.00000,0.00000,23.00,6.00,6.00,0.9086,0.0000,0.0000,0.0000,0,0
2026-08-25 16:06:10.855287,1140,flowbot,0.54148,-0.05090,0.30695,0.00000,0.00000,-0.00000,0.00000,23.00,6.00,6.00,0.9086,0.0000,0.0000,0.0000,0,0
2026-08-25 16:06:10.905295,1141,flowbot,0.54148,-0.05090,0.30695,0.00000,0.00000,-0.00000,0.00000,24.00,7.00,6.00,0.6714,0.0000,0.0000,0.0000,0,0
2026-08-25 16:06:10.964310,1142,flowbot,0.54148,-0.05090,0.30695,0.00000,0.00000,-0.00000,0.00000,24.00,7.00,6.00,0.6714,0.0000,0.0000,0.0000,0,0
2026-08-25 16:06:11.017754,1143,flowbot,0.54148,-0.05090,0.30695,0.00000,0.00000,-0.00000,0.00000,24.00,7.00,6.00,0.6714,0.0000,0.0000,0.0000,0,0
2026-08-25 16:06:11.070753,1144,flowbot,0.54148,-0.05090,0.30695,0.00000,0.00000,-0.00000,0.00000,24.00,7.00,6.00,0.6714,0.0000,0.0000,0.0000,0,0
2026-08-25 16:06:11.120707,1145,flowbot,0.54148,-0.05090,0.30695,0.00000,0.00000,-0.00000,0.00000,23.00,5.00,5.00,0.4200,0.0000,-1.0800,0.0000,0,0
2026-08-25 16:06:11.173775,1146,flowbot,0.54148,-0.05090,0.30695,0.00000,0.00000,-0.00000,0.00000,23.00,5.00,5.00,0.4200,0.0000,-1.0800,0.0000,0,0
2026-08-25 16:06:11.229558,1147,flowbot,0.54148,-0.05090,0.30695,0.00000,0.00000,-0.00000,0.00000,23.00,5.00,5.00,0.4200,0.0000,-1.0800,0.0000,0,0
2026-08-25 16:06:11.277987,1148,flowbot,0.54148,-0.05090,0.30695,0.00000,0.00000,-0.00000,0.00000,23.00,5.00,5.00,0.4200,0.0000,-1.0800,0.0000,0,0
2026-08-25 16:06:11.327121,1149,flowbot,0.54148,-0.05090,0.30695,0.00000,0.00000,-0.00000,0.00000,22.00,3.00,3.00,0.2714,0.1029,-1.0829,0.0000,0,0
2026-08-25 16:06:11.384535,1150,flowbot,0.54148,-0.05090,0.30695,0.00000,0.00000,-0.00000,0.00000,22.00,3.00,3.00,0.2714,0.1029,-1.0829,0.0000,0,0
2026-08-25 16:06:11.435743,1151,flowbot,0.54148,-0.05090,0.30695,0.00000,0.00000,-0.00000,0.00000,22.00,3.00,3.00,0.2714,0.1029,-1.0829,0.0000,0,0
2026-08-25 16:06:11.487295,1152,flowbot,0.54148,-0.05090,0.30695,0.00000,0.00000,-0.00000,0.00000,22.00,3.00,3.00,0.2714,0.1029,-1.0829,0.0000,0,0
2026-08-25 16:06:11.544721,1153,flowbot,0.54148,-0.05090,0.30695,0.00000,0.00000,-0.00000,0.00000,22.00,2.00,2.00,0.5543,0.0000,-0.8629,0.0000,0,0
2026-08-25 16:06:11.594757,1154,flowbot,0.54148,-0.05090,0.30695,0.00000,0.00000,-0.00000,0.00000,22.00,2.00,2.00,0.5543,0.0000,-0.8629,0.0000,0,0
2026-08-25 16:06:11.649386,1155,flowbot,0.54148,-0.05090,0.30695,0.00000,0.00000,-0.00000,0.00000,22.00,2.00,2.00,0.5543,0.0000,-0.8629,0.0000,0,0
2026-08-25 16:06:11.701902,1156,flowbot,0.54148,-0.05090,0.30695,0.00000,0.00000,-0.00000,0.00000,22.00,2.00,2.00,0.5543,0.0000,-0.8629,0.0000,0,0
2026-08-25 16:06:11.758911,1157,flowbot,0.54148,-0.05090,0.30695,0.00000,0.00000,-0.00000,0.00000,23.00,3.00,2.00,0.8914,0.0000,0.1343,0.0000,0,0
2026-08-25 16:06:11.816188,1158,flowbot,0.54148,-0.05090,0.30695,0.00000,0.00000,-0.00000,0.00000,23.00,3.00,2.00,0.8914,0.0000,0.1343,0.0000,0,0
2026-08-25 16:06:11.869025,1159,flowbot,0.54148,-0.05090,0.30695,0.00000,0.00000,-0.00000,0.00000,23.00,3.00,2.00,0.8914,0.0000,0.1343,0.0000,0,0
2026-08-25 16:06:11.918064,1160,flowbot,0.54148,-0.05090,0.30695,0.00000,0.00000,-0.00000,0.00000,23.00,3.00,2.00,0.8914,0.0000,0.1343,0.0000,0,0
2026-08-25 16:06:11.973199,1161,flowbot,0.54148,-0.05090,0.30695,0.00000,0.00000,-0.00000,0.00000,24.00,3.00,3.00,0.8486,0.0000,0.0000,0.0000,0,0
2026-08-25 16:06:12.029925,1162,flowbot,0.54148,-0.05090,0.30695,0.00000,0.00000,-0.00000,0.00000,24.00,3.00,3.00,0.8486,0.0000,0.0000,0.0000,0,0
2026-08-25 16:06:12.080607,1163,flowbot,0.54148,-0.05090,0.30695,0.00000,0.00000,-0.00000,0.00000,24.00,3.00,3.00,0.8486,0.0000,0.0000,0.0000,0,0
2026-08-25 16:06:12.131447,1164,flowbot,0.54148,-0.05090,0.30695,0.00000,0.00000,-0.00000,0.00000,23.00,1.00,1.00,0.5371,0.0000,-1.1486,0.0000,0,0
2026-08-25 16:06:12.184474,1165,flowbot,0.54148,-0.05090,0.30695,0.00000,0.00000,-0.00000,0.00000,23.00,1.00,1.00,0.5371,0.0000,-1.1486,0.0000,0,0
2026-08-25 16:06:12.240958,1166,flowbot,0.54148,-0.05090,0.30695,0.00000,0.00000,-0.00000,0.00000,23.00,1.00,1.00,0.5371,0.0000,-1.1486,0.0000,0,0
2026-08-25 16:06:12.291870,1167,flowbot,0.54148,-0.05090,0.30695,0.00000,0.00000,-0.00000,0.00000,23.00,1.00,1.00,0.5371,0.0000,-1.1486,0.0000,0,0
2026-08-25 16:06:12.343634,1168,flowbot,0.54148,-0.05090,0.30695,0.00000,0.00000,-0.00000,0.00000,23.00,0.00,0.00,0.4971,0.0000,-1.1971,0.0000,0,0
2026-08-25 16:06:12.397220,1169,flowbot,0.54148,-0.05090,0.30695,0.00000,0.00000,-0.00000,0.00000,23.00,0.00,0.00,0.4971,0.0000,-1.1971,0.0000,0,0
2026-08-25 16:06:12.452351,1170,flowbot,0.54148,-0.05090,0.30695,0.00000,0.00000,-0.00000,0.00000,23.00,0.00,0.00,0.4971,0.0000,-1.1971,0.0000,0,0
2026-08-25 16:06:12.506092,1171,flowbot,0.54148,-0.05090,0.30695,0.00000,0.00000,-0.00000,0.00000,23.00,0.00,0.00,0.4971,0.0000,-1.1971,0.0000,0,0
2026-08-25 16:06:12.556956,1172,flowbot,0.54148,-0.05090,0.30695,0.00000,0.00000,-0.00000,0.00000,23.00,0.00,0.00,0.8286,-0.1086,-0.2171,0.0000,0,0
2026-08-25 16:06:12.610196,1173,flowbot,0.54148,-0.05090,0.30695,0.00000,0.00000,-0.00000,0.00000,23.00,0.00,0.00,0.8286,-0.1086,-0.2171,0.0000,0,0
2026-08-25 16:06:12.665597,1174,flowbot,0.54148,-0.05090,0.30695,0.00000,0.00000,-0.00000,0.00000,23.00,0.00,0.00,0.8286,-0.1086,-0.2171,0.0000,0,0
2026-08-25 16:06:12.718528,1175,flowbot,0.54148,-0.05090,0.30695,0.00000,0.00000,-0.00000,0.00000,23.00,0.00,0.00,0.8286,-0.1086,-0.2171,0.0000,0,0
2026-08-25 16:06:12.768000,1176,flowbot,0.54148,-0.05090,0.30695,0.00000,0.00000,-0.00000,0.00000,25.00,0.00,0.00,1.0229,-0.1086,0.0000,0.0000,0,0
2026-08-25 16:06:12.824558,1177,flowbot,0.54148,-0.05090,0.30695,0.00000,0.00000,-0.00000,0.00000,25.00,0.00,0.00,1.0229,-0.1086,0.0000,0.0000,0,0
2026-08-25 16:06:12.875930,1178,flowbot,0.54148,-0.05090,0.30695,0.00000,0.00000,-0.00000,0.00000,25.00,0.00,0.00,1.0229,-0.1086,0.0000,0.0000,0,0
2026-08-25 16:06:12.930177,1179,flowbot,0.54148,-0.05090,0.30695,0.00000,0.00000,-0.00000,0.00000,25.00,0.00,0.00,1.0229,-0.1086,0.0000,0.0000,0,0
2026-08-25 16:06:12.982059,1180,flowbot,0.54148,-0.05090,0.30695,0.00000,0.00000,-0.00000,0.00000,26.00,0.00,0.00,1.0200,0.0000,0.0000,0.0000,0,0
2026-08-25 16:06:13.035127,1181,flowbot,0.54148,-0.05090,0.30695,0.00000,0.00000,-0.00000,0.00000,26.00,0.00,0.00,1.0200,0.0000,0.0000,0.0000,0,0
2026-08-25 16:06:13.086185,1182,flowbot,0.54148,-0.05090,0.30695,0.00000,0.00000,-0.00000,0.00000,26.00,0.00,0.00,1.0200,0.0000,0.0000,0.0000,0,0
2026-08-25 16:06:13.139920,1183,flowbot,0.54148,-0.05090,0.30695,0.00000,0.00000,-0.00000,0.00000,26.00,0.00,0.00,1.0200,0.0000,0.0000,0.0000,0,0
2026-08-25 16:06:13.196603,1184,flowbot,0.54148,-0.05090,0.30695,0.00000,0.00000,-0.00000,0.00000,26.00,0.00,0.00,0.9143,0.0000,0.0000,0.0000,0,0
2026-08-25 16:06:13.249289,1185,flowbot,0.54148,-0.05090,0.30695,0.00000,0.00000,-0.00000,0.00000,26.00,0.00,0.00,0.9143,0.0000,0.0000,0.0000,0,0
2026-08-25 16:06:13.305569,1186,flowbot,0.54148,-0.05090,0.30695,0.00000,0.00000,-0.00000,0.00000,26.00,0.00,0.00,0.9143,0.0000,0.0000,0.0000,0,0
2026-08-25 16:06:13.355634,1187,flowbot,0.54148,-0.05090,0.30695,0.00000,0.00000,-0.00000,0.00000,26.00,0.00,0.00,0.9143,0.0000,0.0000,0.0000,0,0
2026-08-25 16:06:13.413454,1188,flowbot,0.54148,-0.05090,0.30695,0.00000,0.00000,-0.00000,0.00000,26.00,0.00,0.00,0.0000,0.0000,0.0000,0.0000,0,0
2026-08-25 16:06:13.471085,1189,flowbot,0.54148,-0.05090,0.30695,0.00000,0.00000,-0.00000,0.00000,26.00,0.00,0.00,0.0000,0.0000,0.0000,0.0000,0,0
2026-08-25 16:06:13.524781,1190,flowbot,0.54148,-0.05090,0.30695,0.00000,0.00000,-0.00000,0.00000,26.00,0.00,0.00,0.0000,0.0000,0.0000,0.0000,0,0
2026-08-25 16:06:13.579360,1191,flowbot,0.54148,-0.05090,0.30695,0.00000,0.00000,-0.00000,0.00000,26.00,0.00,0.00,0.0000,0.0000,0.0000,0.0000,0,0
2026-08-25 16:06:13.629835,1192,flowbot,0.54148,-0.05090,0.30695,0.00000,0.00000,-0.00000,0.00000,26.00,0.00,0.00,0.0000,0.0000,0.0000,0.0000,0,0
2026-08-25 16:06:13.681703,1193,flowbot,0.54148,-0.05090,0.30695,0.00000,0.00000,-0.00000,0.00000,26.00,0.00,0.00,0.0000,0.0000,0.0000,0.0000,0,0
2026-08-25 16:06:13.734441,1194,flowbot,0.54148,-0.05090,0.30695,0.00000,0.00000,-0.00000,0.00000,26.00,0.00,0.00,0.0000,0.0000,0.0000,0.0000,0,0
2026-08-25 16:06:13.786571,1195,flowbot,0.54148,-0.05090,0.30695,0.00000,0.00000,-0.00000,0.00000,26.00,0.00,0.00,0.0000,0.0000,0.0000,0.0000,0,0
2026-08-25 16:06:13.836996,1196,flowbot,0.54148,-0.05090,0.30695,0.00000,0.00000,-0.00000,0.00000,26.00,0.00,0.00,0.0000,0.0000,0.0000,0.0000,0,0
2026-08-25 16:06:13.891623,1197,flowbot,0.54148,-0.05090,0.30695,0.00000,0.00000,-0.00000,0.00000,26.00,0.00,0.00,0.0000,0.0000,0.0000,0.0000,0,0
2026-08-25 16:06:13.943463,1198,flowbot,0.54148,-0.05090,0.30695,0.00000,0.00000,-0.00000,0.00000,26.00,0.00,0.00,0.0000,0.0000,0.0000,0.0000,0,0
2026-08-25 16:06:13.993278,1199,flowbot,0.54148,-0.05090,0.30695,0.00000,0.00000,-0.00000,0.00000,26.00,0.00,0.00,0.0000,0.0000,0.0000,0.0000,0,0
2026-08-25 16:06:14.047994,1200,flowbot,0.54148,-0.05090,0.30695,0.00000,0.00000,-0.00000,0.00000,26.00,0.00,0.00,0.0000,0.0000,0.0000,0.0000,0,0
2026-08-25 16:06:14.102145,1201,flowbot,0.54148,-0.05090,0.30695,0.00000,0.00000,-0.00000,0.00000,26.00,0.00,0.00,0.0000,0.0000,0.0000,0.0000,0,0
2026-08-25 16:06:14.151915,1202,flowbot,0.54148,-0.05090,0.30695,0.00000,0.00000,-0.00000,0.00000,26.00,0.00,0.00,0.0000,0.0000,0.0000,0.0000,0,0
2026-08-25 16:06:14.207724,1203,flowbot,0.54148,-0.05090,0.30695,0.00000,0.00000,-0.00000,0.00000,26.00,0.00,0.00,0.0000,0.0000,0.0000,0.0000,0,0
2026-08-25 16:06:14.258140,1204,flowbot,0.54148,-0.05090,0.30695,0.00000,0.00000,-0.00000,0.00000,26.00,0.00,0.00,0.0000,0.0000,0.0000,0.0000,0,0
2026-08-25 16:06:14.309083,1205,flowbot,0.54148,-0.05090,0.30695,0.00000,0.00000,-0.00000,0.00000,26.00,0.00,0.00,0.0000,0.0000,0.0000,0.0000,0,0
2026-08-25 16:06:14.365536,1206,flowbot,0.54148,-0.05090,0.30695,0.00000,0.00000,-0.00000,0.00000,26.00,0.00,0.00,0.0000,0.0000,0.0000,0.0000,0,0
2026-08-25 16:06:14.415653,1207,franka,0.54148,-0.05090,0.30695,0.00000,0.00000,-0.00000,0.00000,26.00,0.00,0.00,0.0000,0.0000,0.0000,0.0000,1,0
2026-08-25 16:06:14.469495,1208,franka,0.54148,-0.05089,0.30695,0.00000,0.00000,0.00000,0.00000,26.00,0.00,0.00,0.0000,0.0000,0.0000,0.0000,0,0
2026-08-25 16:06:14.523335,1209,franka,0.54148,-0.05089,0.30694,0.00000,0.00000,0.00000,0.00000,26.00,0.00,0.00,0.0000,0.0000,0.0000,0.0000,0,0
2026-08-25 16:06:14.577283,1210,franka,0.54148,-0.05089,0.30694,0.00000,0.00000,0.00000,0.00000,26.00,0.00,0.00,0.0000,0.0000,0.0000,0.0000,0,0
2026-08-25 16:06:14.631316,1211,franka,0.54148,-0.05089,0.30695,0.00000,0.00000,0.00000,0.00000,26.00,0.00,0.00,0.0000,0.0000,0.0000,0.0000,0,0
2026-08-25 16:06:14.685322,1212,franka,0.54148,-0.05090,0.30695,0.00000,0.00000,0.00000,0.00000,26.00,0.00,0.00,0.0000,0.0000,0.0000,0.0000,0,0
2026-08-25 16:06:14.739287,1213,franka,0.54148,-0.05090,0.30695,0.00000,0.00000,0.00000,0.00000,26.00,0.00,0.00,0.0000,0.0000,0.0000,0.0000,0,0
2026-08-25 16:06:14.792976,1214,franka,0.54148,-0.05090,0.30695,0.00000,0.00000,0.00000,0.00000,26.00,0.00,0.00,0.0000,0.0000,0.0000,0.0000,0,0
2026-08-25 16:06:14.846768,1215,franka,0.54148,-0.05089,0.30694,0.00000,0.00000,0.00000,0.00000,26.00,0.00,0.00,0.1371,-0.0143,0.0200,-0.0086,0,0
2026-08-25 16:06:14.900341,1216,franka,0.54148,-0.05089,0.30695,0.00000,0.00000,0.00000,0.00000,26.00,0.00,0.00,0.1343,-0.0257,0.0229,-0.0171,0,0
2026-08-25 16:06:14.954696,1217,franka,0.54148,-0.05089,0.30695,0.00000,0.00000,0.00000,0.00000,26.00,0.00,0.00,0.1943,-0.0314,0.0171,-0.0200,0,0
2026-08-25 16:06:15.008535,1218,franka,0.54148,-0.05090,0.30695,0.00000,0.00117,0.00000,0.00000,26.00,0.00,0.00,0.2743,-0.0457,0.0171,-0.0314,0,0
2026-08-25 16:06:15.061976,1219,franka,0.54148,-0.05016,0.30693,0.00000,0.02998,0.00000,0.00000,26.00,0.00,0.00,0.4086,-0.0600,0.0029,-0.0371,0,0
2026-08-25 16:06:15.115489,1220,franka,0.54148,-0.04867,0.30692,0.00000,0.03000,0.00000,0.00000,26.00,0.00,0.00,0.5057,-0.0686,0.0000,-0.0429,0,0
2026-08-25 16:06:15.170032,1221,franka,0.54150,-0.04699,0.30693,0.00000,0.03000,0.00000,0.00000,26.00,0.00,0.00,0.5657,-0.0371,0.0000,-0.0229,0,0
2026-08-25 16:06:15.223718,1222,franka,0.54149,-0.04558,0.30692,0.00000,0.03000,0.00000,0.00000,26.00,0.00,0.00,0.6029,-0.0286,0.0000,-0.0143,0,0
2026-08-25 16:06:15.277549,1223,franka,0.54149,-0.04250,0.30693,0.00000,0.03000,0.00000,0.00000,26.00,0.00,0.00,0.6286,-0.0257,0.0000,-0.0114,0,0
2026-08-25 16:06:15.331419,1224,franka,0.54149,-0.04105,0.30693,0.00000,0.03000,0.00000,0.00000,26.00,0.00,0.00,0.6486,-0.0200,0.0000,-0.0086,0,0
2026-08-25 16:06:15.385166,1225,franka,0.54149,-0.03954,0.30693,0.00000,0.03000,0.00000,0.00000,26.00,0.00,0.00,0.6600,-0.0171,0.0000,-0.0057,0,0
2026-08-25 16:06:15.438862,1226,franka,0.54150,-0.03801,0.30693,0.00000,0.03000,0.00000,0.00000,26.00,0.00,0.00,0.6571,-0.0171,0.0000,-0.0057,0,0
2026-08-25 16:06:15.492655,1227,franka,0.54150,-0.03654,0.30692,0.00000,0.03000,0.00000,0.00000,26.00,0.00,0.00,0.6600,-0.0171,0.0000,-0.0057,0,0
2026-08-25 16:06:15.547415,1228,franka,0.54150,-0.03501,0.30693,0.00000,0.03000,0.00000,0.00000,26.00,0.00,0.00,0.6800,-0.0114,0.0000,0.0000,0,0
2026-08-25 16:06:15.601209,1229,franka,0.54150,-0.03348,0.30693,0.00000,0.03000,0.00000,0.00000,26.00,0.00,0.00,0.6743,-0.0086,0.0000,0.0000,0,0
2026-08-25 16:06:15.655510,1230,franka,0.54150,-0.03199,0.30693,0.00000,0.03000,0.00000,0.00000,26.00,0.00,0.00,0.4143,0.0000,0.0000,0.0000,0,0
2026-08-25 16:06:15.709324,1231,franka,0.54150,-0.03047,0.30693,0.00000,0.02828,0.00000,0.00000,26.00,0.00,0.00,0.0229,0.0000,0.0000,0.0000,0,0
2026-08-25 16:06:15.762925,1232,franka,0.54150,-0.02975,0.30694,0.00000,0.00002,0.00000,0.00000,26.00,0.00,0.00,0.0114,0.0000,0.0657,0.0000,0,0
2026-08-25 16:06:15.816610,1233,franka,0.54150,-0.02975,0.30694,0.00000,0.00000,0.00000,0.00000,26.00,0.00,0.00,0.0000,-0.0457,0.4257,0.0000,0,0
2026-08-25 16:06:15.870370,1234,franka,0.54146,-0.02986,0.30708,0.00000,0.00000,0.01652,0.00000,26.00,0.00,0.00,0.0629,0.0886,0.4543,0.0829,0,0
2026-08-25 16:06:15.924416,1235,franka,0.54146,-0.02974,0.30841,0.00000,-0.00000,0.03000,0.00000,26.00,0.00,0.00,0.0000,0.2086,0.3571,0.0457,0,0
2026-08-25 16:06:15.977935,1236,franka,0.54154,-0.02978,0.30995,0.01002,-0.00000,0.02584,0.00000,26.00,0.00,0.00,0.0000,0.1629,0.5143,0.0943,0,0
2026-08-25 16:06:16.031451,1237,franka,0.54246,-0.02977,0.31240,0.00000,-0.00000,0.03000,0.00000,26.00,0.00,0.00,0.0000,0.0886,0.6000,0.0629,0,0
2026-08-25 16:06:16.084926,1238,franka,0.54249,-0.02975,0.31390,0.00000,-0.00000,0.03000,0.00000,26.00,0.00,0.00,0.0057,0.0943,0.6114,0.0314,0,0
2026-08-25 16:06:16.138968,1239,franka,0.54257,-0.02978,0.31571,0.00000,-0.00000,0.03000,0.00000,26.00,0.00,0.00,0.0229,0.0657,0.5857,0.0343,0,0
2026-08-25 16:06:16.192624,1240,franka,0.54252,-0.02978,0.31705,0.00000,-0.00000,0.03000,0.00000,26.00,0.00,0.00,0.0457,0.0629,0.5714,0.0143,0,0
2026-08-25 16:06:16.246215,1241,franka,0.54250,-0.02973,0.31843,0.00000,-0.00000,0.03000,0.00000,26.00,0.00,0.00,0.0714,0.0457,0.5829,0.0086,0,0
2026-08-25 16:06:16.299740,1242,franka,0.54254,-0.02976,0.32012,-0.00000,-0.00000,0.03000,0.00000,26.00,0.00,0.00,0.0657,0.0314,0.5343,0.0000,0,0
2026-08-25 16:06:16.353436,1243,franka,0.54252,-0.02977,0.32163,-0.00000,-0.00000,0.03000,0.00000,26.00,0.00,0.00,0.0800,0.0314,0.4829,0.0000,0,0
2026-08-25 16:06:16.406962,1244,franka,0.54251,-0.02975,0.32301,-0.00000,-0.00000,0.03000,0.00000,26.00,0.00,0.00,0.0686,0.0000,0.5200,0.0286,0,0
2026-08-25 16:06:16.460414,1245,franka,0.54252,-0.02975,0.32457,-0.00000,-0.00000,0.03000,0.00000,26.00,0.00,0.00,0.0400,0.0000,0.5600,0.0457,0,0
2026-08-25 16:06:16.514032,1246,franka,0.54254,-0.02976,0.32617,-0.00000,-0.00000,0.03000,0.00000,26.00,0.00,0.00,0.0629,0.0000,0.5971,0.0829,0,0
2026-08-25 16:06:16.567759,1247,franka,0.54252,-0.02974,0.32756,0.00000,-0.00000,0.03000,0.00000,26.00,0.00,0.00,0.0514,0.0029,0.6143,0.0714,0,0
2026-08-25 16:06:16.621301,1248,franka,0.54250,-0.02974,0.32901,0.00000,-0.00000,0.03000,0.00000,26.00,0.00,0.00,0.0714,0.0000,0.5800,0.0629,0,0
2026-08-25 16:06:16.674884,1249,franka,0.54252,-0.02975,0.33062,0.00000,-0.00000,0.03000,0.00000,26.00,0.00,0.00,0.0600,0.0000,0.6057,0.0371,0,0
2026-08-25 16:06:16.728662,1250,franka,0.54253,-0.02975,0.33214,0.00000,-0.00000,0.03000,0.00000,26.00,0.00,0.00,0.0771,0.0000,0.5943,0.0086,0,0
2026-08-25 16:06:16.782841,1251,franka,0.54252,-0.02975,0.33357,0.00000,-0.00000,0.03000,0.00000,26.00,0.00,0.00,0.0771,0.0057,0.5486,0.0000,0,0
2026-08-25 16:06:16.836342,1252,franka,0.54253,-0.02975,0.33666,0.00000,-0.00000,0.03000,0.00000,26.00,0.00,0.00,0.0629,0.0000,0.5029,0.0000,0,0
2026-08-25 16:06:16.889841,1253,franka,0.54252,-0.02974,0.33811,0.00000,-0.00000,0.03000,0.00000,26.00,0.00,0.00,0.0771,0.0000,0.4543,0.0000,0,0
2026-08-25 16:06:16.944194,1254,franka,0.54252,-0.02974,0.33963,0.00000,-0.00000,0.03000,0.00000,26.00,0.00,0.00,0.1000,0.0000,0.3143,0.0000,0,0
2026-08-25 16:06:16.997686,1255,franka,0.54253,-0.02974,0.34117,0.00000,-0.00000,0.03000,0.00000,26.00,0.00,0.00,0.1200,0.0000,0.2029,0.0000,0,0
2026-08-25 16:06:17.051239,1256,franka,0.54253,-0.02975,0.34247,0.00000,-0.00000,0.01283,0.00000,26.00,0.00,0.00,0.1343,0.0514,0.0143,0.0000,0,0
2026-08-25 16:06:17.104777,1257,franka,0.54253,-0.02976,0.34262,0.00000,-0.00000,0.00000,0.00000,26.00,0.00,0.00,0.0743,0.0000,0.0000,0.0000,0,0
2026-08-25 16:06:17.158245,1258,franka,0.54253,-0.02975,0.34264,0.00000,-0.00000,0.00000,0.00000,26.00,0.00,0.00,0.0914,0.0000,0.0000,0.0000,0,0
2026-08-25 16:06:17.212001,1259,franka,0.54253,-0.02976,0.34261,0.00000,-0.00000,0.00000,0.00000,26.00,0.00,0.00,0.2143,0.0000,0.0000,0.0000,0,0
2026-08-25 16:06:17.265507,1260,franka,0.54254,-0.02956,0.34267,0.00000,0.01652,-0.00000,0.00000,26.00,0.00,0.00,0.4057,0.0000,-0.0029,0.0000,0,0
2026-08-25 16:06:17.319004,1261,franka,0.54256,-0.02843,0.34267,0.00000,0.03000,-0.00000,0.00000,26.00,0.00,0.00,0.6400,0.0000,-0.0400,0.0000,0,0
2026-08-25 16:06:17.372547,1262,franka,0.54256,-0.02669,0.34263,0.00000,0.03000,-0.00000,0.00000,26.00,0.00,0.00,0.7371,0.0000,-0.0429,0.0000,0,0
2026-08-25 16:06:17.426607,1263,franka,0.54256,-0.02519,0.34267,0.00000,0.03000,-0.00000,0.00000,26.00,0.00,0.00,0.8057,0.0000,-0.0514,0.0000,0,0
2026-08-25 16:06:17.480743,1264,franka,0.54256,-0.02383,0.34267,0.00000,0.03000,-0.00000,0.00000,26.00,0.00,0.00,0.8171,0.0000,-0.0514,0.0000,0,0
2026-08-25 16:06:17.534617,1265,franka,0.54256,-0.02221,0.34265,0.00000,0.03000,-0.00000,0.00000,26.00,0.00,0.00,0.8343,0.0000,-0.0600,0.0000,0,0
2026-08-25 16:06:17.588837,1266,franka,0.54257,-0.01924,0.34268,0.00000,0.03000,-0.00000,0.00000,26.00,0.00,0.00,0.8057,0.0000,-0.0543,0.0000,0,0
2026-08-25 16:06:17.643327,1267,franka,0.54256,-0.01769,0.34265,0.00000,0.03000,-0.00000,0.00000,26.00,0.00,0.00,0.7857,0.0000,-0.0514,0.0000,0,0
2026-08-25 16:06:17.696970,1268,franka,0.54257,-0.01614,0.34267,0.00000,0.03000,-0.00000,0.00000,26.00,0.00,0.00,0.7629,0.0000,-0.0286,0.0000,0,0
2026-08-25 16:06:17.751238,1269,franka,0.54256,-0.01469,0.34267,0.00000,0.03000,-0.00000,0.00000,26.00,0.00,0.00,0.7486,0.0000,-0.0200,0.0000,0,0
2026-08-25 16:06:17.805244,1270,franka,0.54256,-0.01313,0.34267,0.00000,0.03000,-0.00000,0.00000,26.00,0.00,0.00,0.7029,0.0000,-0.0171,0.0000,0,0
2026-08-25 16:06:17.858721,1271,franka,0.54256,-0.01161,0.34266,0.00000,0.03000,-0.00000,0.00000,26.00,0.00,0.00,0.6914,0.0000,-0.0143,0.0000,0,0
2026-08-25 16:06:17.912309,1272,franka,0.54257,-0.01013,0.34267,0.00000,0.03000,-0.00000,0.00000,26.00,0.00,0.00,0.6714,0.0000,-0.0143,0.0000,0,0
2026-08-25 16:06:17.966384,1273,franka,0.54257,-0.00863,0.34267,0.00000,0.03000,-0.00000,0.00000,26.00,0.00,0.00,0.6800,0.0000,-0.0171,0.0000,0,0
2026-08-25 16:06:18.019792,1274,franka,0.54257,-0.00708,0.34267,0.00000,0.03000,-0.00000,0.00000,26.00,0.00,0.00,0.6943,0.0000,-0.0229,0.0000,0,0
2026-08-25 16:06:18.073136,1275,franka,0.54257,-0.00556,0.34267,0.00000,0.03000,-0.00000,0.00000,26.00,0.00,0.00,0.7171,0.0000,-0.0314,0.0000,0,0
2026-08-25 16:06:18.126596,1276,franka,0.54256,-0.00406,0.34266,0.00000,0.03000,-0.00000,0.00000,26.00,0.00,0.00,0.7200,0.0000,-0.0343,0.0000,0,0
2026-08-25 16:06:18.180074,1277,franka,0.54256,-0.00256,0.34266,0.00000,0.03000,-0.00000,0.00000,26.00,0.00,0.00,0.7371,0.0000,-0.0486,0.0000,0,0
2026-08-25 16:06:18.233781,1278,franka,0.54255,-0.00105,0.34266,0.00000,0.03000,-0.00000,0.00000,26.00,0.00,0.00,0.7514,0.0000,-0.0486,0.0000,0,0
2026-08-25 16:06:18.287268,1279,franka,0.54254,0.00046,0.34266,0.00000,0.03000,-0.00000,0.00000,26.00,0.00,0.00,0.7514,0.0000,-0.0543,0.0000,0,0
2026-08-25 16:06:18.340864,1280,franka,0.54253,0.00198,0.34266,0.00000,0.03000,-0.00000,0.00000,26.00,0.00,0.00,0.7543,0.0000,-0.0571,0.0000,0,0
2026-08-25 16:06:18.394553,1281,franka,0.54254,0.00348,0.34269,0.00000,0.03000,-0.00000,0.00000,26.00,0.00,0.00,0.7600,0.0000,-0.0600,0.0000,0,0
2026-08-25 16:06:18.449066,1282,franka,0.54254,0.00653,0.34268,0.00000,0.03000,-0.00000,0.00000,26.00,0.00,0.00,0.7629,0.0000,-0.0629,0.0000,0,0
2026-08-25 16:06:18.502884,1283,franka,0.54254,0.00804,0.34268,0.00000,0.03000,-0.00000,0.00000,26.00,0.00,0.00,0.7400,0.0000,-0.0629,0.0000,0,0
2026-08-25 16:06:18.556570,1284,franka,0.54253,0.00956,0.34268,0.00000,0.03000,-0.00000,0.00000,26.00,0.00,0.00,0.7286,0.0000,-0.0600,0.0000,0,0
2026-08-25 16:06:18.610147,1285,franka,0.54253,0.01107,0.34268,0.00000,0.03000,-0.00000,0.00000,26.00,0.00,0.00,0.7171,0.0000,-0.0600,0.0000,0,0
2026-08-25 16:06:18.663855,1286,franka,0.54253,0.01256,0.34268,0.00000,0.03000,-0.00000,0.00000,26.00,0.00,0.00,0.7086,0.0000,-0.0600,0.0000,0,0
2026-08-25 16:06:18.717376,1287,franka,0.54253,0.01409,0.34268,0.00000,0.03000,-0.00000,0.00000,26.00,0.00,0.00,0.7029,0.0000,-0.0600,0.0000,0,0
2026-08-25 16:06:18.771450,1288,franka,0.54253,0.01560,0.34268,0.00000,0.03000,-0.00000,0.00000,26.00,0.00,0.00,0.6971,0.0000,-0.0600,0.0000,0,0
2026-08-25 16:06:18.825173,1289,franka,0.54253,0.01710,0.34268,0.00000,0.03000,-0.00000,0.00000,26.00,0.00,0.00,0.6771,0.0000,-0.0600,0.0000,0,0
2026-08-25 16:06:18.879615,1290,franka,0.54253,0.01861,0.34268,0.00000,0.03000,-0.00000,0.00000,26.00,0.00,0.00,0.6714,0.0000,-0.0657,0.0000,0,0
2026-08-25 16:06:18.933117,1291,franka,0.54253,0.02011,0.34268,0.00000,0.03000,-0.00000,0.00000,26.00,0.00,0.00,0.6657,0.0000,-0.0657,0.0000,0,0
2026-08-25 16:06:18.986815,1292,franka,0.54253,0.02162,0.34268,0.00000,0.03000,-0.00000,0.00000,26.00,0.00,0.00,0.6314,0.0000,-0.0657,0.0000,0,0
2026-08-25 16:06:19.040655,1293,franka,0.54253,0.02313,0.34267,0.00000,0.03000,-0.00000,0.00000,26.00,0.00,0.00,0.6457,0.0000,-0.0686,0.0000,0,0
2026-08-25 16:06:19.094535,1294,franka,0.54253,0.02463,0.34268,0.00000,0.03000,-0.00000,0.00000,26.00,0.00,0.00,0.6686,0.0000,-0.0714,0.0000,0,0
2026-08-25 16:06:19.148847,1295,franka,0.54253,0.02615,0.34268,0.00000,0.03000,-0.00000,0.00000,26.00,0.00,0.00,0.6800,0.0000,-0.0771,0.0000,0,0
2026-08-25 16:06:19.202997,1296,franka,0.54253,0.02919,0.34268,0.00000,0.03000,-0.00000,0.00000,26.00,0.00,0.00,0.6886,0.0000,-0.0914,0.0000,0,0
2026-08-25 16:06:19.257102,1297,franka,0.54253,0.03072,0.34268,0.00000,0.03000,-0.00000,0.00000,26.00,0.00,0.00,0.6857,0.0000,-0.1057,0.0000,0,0
2026-08-25 16:06:19.310548,1298,franka,0.54252,0.03221,0.34268,0.00000,0.03000,-0.00000,0.00000,26.00,0.00,0.00,0.7000,0.0000,-0.1086,0.0000,0,0
2026-08-25 16:06:19.364516,1299,franka,0.54253,0.03373,0.34267,0.00000,0.03000,-0.00000,0.00000,26.00,0.00,0.00,0.7057,0.0000,-0.0943,0.0000,0,0
2026-08-25 16:06:19.418297,1300,franka,0.54252,0.03524,0.34267,0.00000,0.03000,-0.00000,0.00000,26.00,0.00,0.00,0.7086,0.0000,-0.0771,0.0000,0,0
2026-08-25 16:06:19.471986,1301,franka,0.54252,0.03675,0.34267,0.00000,0.03000,-0.00000,0.00000,26.00,0.00,0.00,0.7086,0.0000,-0.0771,0.0000,0,0
2026-08-25 16:06:19.525656,1302,franka,0.54252,0.03828,0.34267,0.00000,0.03000,-0.00000,0.00000,26.00,0.00,0.00,0.7257,0.0000,-0.1029,0.0000,0,0
2026-08-25 16:06:19.579938,1303,franka,0.54252,0.03981,0.34267,0.00000,0.03000,-0.00000,0.00000,26.00,0.00,0.00,0.5829,0.0000,-0.0771,0.0000,0,0
2026-08-25 16:06:19.633416,1304,franka,0.54252,0.04129,0.34267,0.00000,0.03000,-0.00000,0.00000,26.00,0.00,0.00,0.1086,0.0000,-0.0171,0.0971,0,0
2026-08-25 16:06:19.686811,1305,franka,0.54252,0.04240,0.34268,0.00000,0.00568,-0.00000,0.00000,26.00,0.00,0.00,0.0257,-0.0600,0.0000,0.0286,0,0
2026-08-25 16:06:19.740295,1306,franka,0.54251,0.04256,0.34266,0.00000,0.00000,-0.00000,0.00000,26.00,0.00,0.00,0.0686,-0.0086,-0.0057,0.0200,0,0
2026-08-25 16:06:19.794071,1307,franka,0.54253,0.04239,0.34267,0.00000,0.00000,-0.00000,0.00000,26.00,0.00,0.00,0.0943,0.0000,-0.0314,0.0200,0,0
2026-08-25 16:06:19.847576,1308,franka,0.54253,0.04246,0.34267,0.00000,0.00000,-0.00000,0.00000,26.00,0.00,0.00,0.2943,-0.0943,-0.0286,0.0457,0,0
2026-08-25 16:06:19.901043,1309,franka,0.54251,0.04270,0.34266,0.00000,0.01522,-0.00000,0.00000,26.00,0.00,0.00,0.3257,-0.1114,-0.0257,0.0514,0,0
2026-08-25 16:06:19.954676,1310,franka,0.54255,0.04371,0.34270,0.00000,0.03000,-0.00000,0.00000,26.00,0.00,0.00,0.4714,-0.1257,-0.0600,0.1057,0,0
2026-08-25 16:06:20.008340,1311,franka,0.54251,0.04550,0.34267,0.00000,0.03000,-0.00000,0.00000,26.00,0.00,0.00,0.5400,-0.1686,-0.0600,0.1314,0,0
2026-08-25 16:06:20.061900,1312,franka,0.54246,0.04830,0.34273,-0.01262,0.02480,-0.00000,0.00000,26.00,0.00,0.00,0.6200,-0.2400,-0.0514,0.1343,0,0
2026-08-25 16:06:20.115320,1313,franka,0.54141,0.04956,0.34257,-0.02121,0.02121,-0.00000,0.00000,26.00,0.00,0.00,0.6571,-0.2629,-0.0486,0.1314,0,0
2026-08-25 16:06:20.168817,1314,franka,0.54037,0.05067,0.34268,-0.02121,0.02121,-0.00000,0.00000,26.00,0.00,0.00,0.6943,-0.2886,-0.0429,0.1343,0,0
2026-08-25 16:06:20.223240,1315,franka,0.53935,0.05162,0.34279,-0.02121,0.02121,-0.00000,0.00000,26.00,0.00,0.00,0.6971,-0.3143,-0.0371,0.1229,0,0
2026-08-25 16:06:20.276712,1316,franka,0.53822,0.05272,0.34262,-0.02121,0.02121,-0.00000,0.00000,26.00,0.00,0.00,0.7000,-0.3171,-0.0343,0.1200,0,0
2026-08-25 16:06:20.330437,1317,franka,0.53715,0.05381,0.34262,-0.02121,0.02121,-0.00000,0.00000,26.00,0.00,0.00,0.7000,-0.4143,0.0000,0.0800,0,0
2026-08-25 16:06:20.383951,1318,franka,0.53613,0.05483,0.34273,-0.02121,0.02121,-0.00000,0.00000,26.00,0.00,0.00,0.6743,-0.4257,0.0000,0.0686,0,0
2026-08-25 16:06:20.437440,1319,franka,0.53505,0.05590,0.34267,-0.02121,0.02121,-0.00000,0.00000,26.00,0.00,0.00,0.4914,-0.3943,0.0000,0.0343,0,0
2026-08-25 16:06:20.491022,1320,franka,0.53396,0.05701,0.34263,-0.02121,0.02121,-0.00000,0.00000,26.00,0.00,0.00,0.4914,-0.3943,0.0000,0.0343,0,0
2026-08-25 16:06:20.544569,1321,franka,0.53290,0.05805,0.34267,-0.02121,0.02121,-0.00000,0.00000,26.00,0.00,0.00,0.2543,-0.3143,0.0000,0.0000,0,0
2026-08-25 16:06:20.598212,1322,franka,0.53185,0.05908,0.34267,-0.01509,0.01509,-0.00000,0.00000,26.00,0.00,0.00,0.0000,0.0000,0.0000,0.0000,0,0
2026-08-25 16:06:20.651750,1323,franka,0.53164,0.05944,0.34270,-0.00000,0.00000,-0.00000,0.00000,26.00,0.00,0.00,0.0000,0.0000,0.0000,0.0000,0,0
2026-08-25 16:06:20.706448,1324,franka,0.53165,0.05929,0.34269,-0.00000,0.00000,-0.00000,0.00000,26.00,0.00,0.00,0.0000,0.0000,0.0000,0.0000,0,0
2026-08-25 16:06:20.760161,1325,franka,0.53164,0.05929,0.34263,-0.00000,0.00000,-0.00000,0.00000,26.00,0.00,0.00,0.0000,0.0000,0.0000,0.0000,0,0
2026-08-25 16:06:20.813922,1326,franka,0.53164,0.05939,0.34270,-0.00000,0.00000,-0.00000,0.00000,26.00,0.00,0.00,0.0000,0.0000,0.0000,0.0000,0,0
2026-08-25 16:06:20.867441,1327,franka,0.53164,0.05933,0.34266,-0.00000,0.00000,-0.00000,0.00000,26.00,0.00,0.00,0.0000,0.0000,0.0000,0.0000,0,0
2026-08-25 16:06:20.921489,1328,franka,0.53164,0.05935,0.34267,-0.00000,0.00000,-0.00000,0.00000,26.00,0.00,0.00,0.0000,0.0000,0.0000,0.0000,0,0
2026-08-25 16:06:20.976010,1329,franka,0.53164,0.05934,0.34270,-0.00000,0.00000,-0.00000,0.00000,26.00,0.00,0.00,-0.0314,0.1286,0.0000,0.0000,0,0
2026-08-25 16:06:21.029607,1330,franka,0.53164,0.05935,0.34266,-0.00000,0.00000,-0.00000,0.00000,26.00,0.00,0.00,-0.0286,0.2229,0.0000,-0.0314,0,0
2026-08-25 16:06:21.083608,1331,franka,0.53167,0.05935,0.34265,0.00872,0.00000,-0.00000,0.00000,26.00,0.00,0.00,-0.0400,0.3400,0.0000,-0.1114,0,0
2026-08-25 16:06:21.137438,1332,franka,0.53283,0.05939,0.34277,0.03000,0.00000,-0.00000,0.00000,26.00,0.00,0.00,-0.0686,0.4086,0.0000,-0.1429,0,0
2026-08-25 16:06:21.190931,1333,franka,0.53434,0.05941,0.34267,0.03000,0.00000,-0.00000,0.00000,26.00,0.00,0.00,-0.0714,0.4114,0.0000,-0.1400,0,0
2026-08-25 16:06:21.244798,1334,franka,0.53587,0.05938,0.34260,0.03000,0.00000,-0.00000,0.00000,26.00,0.00,0.00,-0.0714,0.4114,0.0000,-0.1400,0,0
2026-08-25 16:06:21.298479,1335,franka,0.53742,0.05941,0.34275,0.03000,0.00000,-0.00000,0.00000,26.00,0.00,0.00,-0.0771,0.4286,0.0000,-0.1457,0,0
2026-08-25 16:06:21.352237,1336,franka,0.53894,0.05941,0.34279,0.03000,0.00000,-0.00000,0.00000,26.00,0.00,0.00,-0.0886,0.4800,0.0000,-0.1686,0,0
2026-08-25 16:06:21.405814,1337,franka,0.54040,0.05938,0.34261,0.03000,0.00000,-0.00000,0.00000,26.00,0.00,0.00,-0.0857,0.4686,0.0000,-0.1657,0,0
2026-08-25 16:06:21.459719,1338,franka,0.54196,0.05940,0.34272,0.03000,0.00000,-0.00000,0.00000,26.00,0.00,0.00,-0.0914,0.4486,0.0000,-0.1600,0,0
2026-08-25 16:06:21.513352,1339,franka,0.54348,0.05940,0.34273,0.03000,0.00000,-0.00000,0.00000,26.00,0.00,0.00,-0.1029,0.4714,0.0000,-0.1600,0,0
2026-08-25 16:06:21.566958,1340,franka,0.54497,0.05939,0.34269,0.03000,0.00000,-0.00000,0.00000,26.00,0.00,0.00,-0.1114,0.4714,0.0000,-0.1571,0,0
2026-08-25 16:06:21.620594,1341,franka,0.54650,0.05939,0.34268,0.03000,0.00000,-0.00000,0.00000,26.00,0.00,0.00,-0.1143,0.4486,0.0000,-0.1486,0,0
2026-08-25 16:06:21.674142,1342,franka,0.54800,0.05940,0.34271,0.03000,0.00000,-0.00000,0.00000,26.00,0.00,0.00,-0.1200,0.4457,0.0000,-0.1429,0,0
2026-08-25 16:06:21.727614,1343,franka,0.54955,0.05941,0.34274,0.03000,0.00000,-0.00000,0.00000,26.00,0.00,0.00,-0.1229,0.4457,0.0000,-0.1371,0,0
2026-08-25 16:06:21.781516,1344,franka,0.55257,0.05940,0.34272,0.03000,0.00000,-0.00000,0.00000,26.00,0.00,0.00,-0.1257,0.4600,0.0000,-0.1400,0,0
2026-08-25 16:06:21.835327,1345,franka,0.55411,0.05940,0.34275,0.03000,0.00000,-0.00000,0.00000,26.00,0.00,0.00,-0.1257,0.4686,0.0000,-0.1429,0,0
2026-08-25 16:06:21.889231,1346,franka,0.55562,0.05940,0.34269,0.03000,0.00000,-0.00000,0.00000,26.00,0.00,0.00,-0.1257,0.4686,0.0000,-0.1457,0,0
2026-08-25 16:06:21.943029,1347,franka,0.55716,0.05939,0.34271,0.03000,0.00000,-0.00000,0.00000,26.00,0.00,0.00,-0.1257,0.4857,0.0000,-0.1514,0,0
2026-08-25 16:06:21.996615,1348,franka,0.55865,0.05939,0.34270,0.03000,0.00000,-0.00000,0.00000,26.00,0.00,0.00,-0.1229,0.4914,0.0000,-0.1543,0,0
2026-08-25 16:06:22.050373,1349,franka,0.56019,0.05940,0.34273,0.03000,0.00000,-0.00000,0.00000,26.00,0.00,0.00,-0.1286,0.4886,0.0000,-0.1543,0,0
2026-08-25 16:06:22.103921,1350,franka,0.56170,0.05939,0.34266,0.03000,0.00000,-0.00000,0.00000,26.00,0.00,0.00,-0.1286,0.4771,0.0000,-0.1486,0,0
2026-08-25 16:06:22.154809,1351,franka,0.56322,0.05940,0.34274,0.03000,0.00000,-0.00000,0.00000,26.00,0.00,0.00,-0.1314,0.4829,0.0000,-0.1514,0,0
2026-08-25 16:06:22.208514,1352,franka,0.56472,0.05941,0.34274,0.03000,0.00000,-0.00000,0.00000,26.00,0.00,0.00,-0.1314,0.4857,0.0000,-0.1514,0,0
2026-08-25 16:06:22.262087,1353,franka,0.56624,0.05939,0.34267,0.03000,0.00000,-0.00000,0.00000,26.00,0.00,0.00,-0.1343,0.4743,0.0000,-0.1486,0,0
2026-08-25 16:06:22.315795,1354,franka,0.56776,0.05940,0.34275,0.03000,0.00000,-0.00000,0.00000,26.00,0.00,0.00,-0.1343,0.4657,0.0000,-0.1457,0,0
2026-08-25 16:06:22.369564,1355,franka,0.56926,0.05940,0.34269,0.03000,0.00000,-0.00000,0.00000,26.00,0.00,0.00,-0.1314,0.4543,0.0000,-0.1400,0,0
2026-08-25 16:06:22.423727,1356,franka,0.57079,0.05940,0.34274,0.03000,0.00000,-0.00000,0.00000,26.00,0.00,0.00,-0.1314,0.4286,0.0000,-0.1286,0,0
2026-08-25 16:06:22.477317,1357,franka,0.57229,0.05939,0.34269,0.03000,0.00000,-0.00000,0.00000,26.00,0.00,0.00,-0.1314,0.4257,0.0000,-0.1286,0,0
2026-08-25 16:06:22.531301,1358,franka,0.57384,0.05940,0.34273,0.03000,0.00000,-0.00000,0.00000,26.00,0.00,0.00,-0.1343,0.4286,0.0000,-0.1286,0,0
2026-08-25 16:06:22.585104,1359,franka,0.57536,0.05940,0.34270,0.03000,0.00000,-0.00000,0.00000,26.00,0.00,0.00,-0.1400,0.4400,0.0000,-0.1286,0,0
2026-08-25 16:06:22.638655,1360,franka,0.57686,0.05939,0.34270,0.03000,0.00000,-0.00000,0.00000,26.00,0.00,0.00,-0.1400,0.4343,0.0000,-0.1286,0,0
2026-08-25 16:06:22.692161,1361,franka,0.57989,0.05939,0.34269,0.03000,0.00000,-0.00000,0.00000,26.00,0.00,0.00,-0.1400,0.4286,0.0000,-0.1229,0,0
2026-08-25 16:06:22.745763,1362,franka,0.58144,0.05940,0.34277,0.03000,0.00000,-0.00000,0.00000,26.00,0.00,0.00,-0.1400,0.4143,0.0000,-0.1171,0,0
2026-08-25 16:06:22.799395,1363,franka,0.58294,0.05940,0.34267,0.03000,0.00000,-0.00000,0.00000,26.00,0.00,0.00,-0.1286,0.3886,0.0000,-0.1143,0,0
2026-08-25 16:06:22.852829,1364,franka,0.58450,0.05940,0.34276,0.03000,0.00000,-0.00000,0.00000,26.00,0.00,0.00,-0.1229,0.3486,0.0000,-0.0971,0,0
2026-08-25 16:06:22.906247,1365,franka,0.58597,0.05939,0.34269,0.03000,0.00000,-0.00000,0.00000,26.00,0.00,0.00,-0.1314,0.3714,0.0000,-0.1000,0,0
2026-08-25 16:06:22.959957,1366,franka,0.58752,0.05940,0.34272,0.03000,0.00000,-0.00000,0.00000,26.00,0.00,0.00,-0.1257,0.3829,0.0000,-0.1029,0,0
2026-08-25 16:06:23.013652,1367,franka,0.58904,0.05940,0.34271,0.03000,0.00000,-0.00000,0.00000,26.00,0.00,0.00,-0.1229,0.3714,0.0000,-0.1000,0,0
2026-08-25 16:06:23.067166,1368,franka,0.59055,0.05940,0.34273,0.03000,0.00000,-0.00000,0.00000,26.00,0.00,0.00,-0.1171,0.3400,0.0000,-0.0943,0,0
2026-08-25 16:06:23.120965,1369,franka,0.59208,0.05940,0.34272,0.03000,0.00000,-0.00000,0.00000,26.00,0.00,0.00,-0.0743,0.2171,0.0000,-0.0314,0,0
2026-08-25 16:06:23.174582,1370,franka,0.59359,0.05940,0.34270,0.02453,0.00000,-0.00000,0.00000,26.00,0.00,0.00,0.0000,0.1000,0.0000,0.0000,0,0
2026-08-25 16:06:23.228280,1371,franka,0.59409,0.05938,0.34271,0.00000,0.00000,-0.00000,0.00000,26.00,0.00,0.00,0.0000,0.0086,0.0000,-0.0200,0,0
2026-08-25 16:06:23.282553,1372,franka,0.59409,0.05937,0.34268,0.00000,0.00000,-0.00000,0.00000,26.00,0.00,0.00,0.0000,0.0000,0.0000,0.0000,0,0
2026-08-25 16:06:23.336220,1373,franka,0.59410,0.05938,0.34278,0.00000,0.00000,-0.00000,0.00000,26.00,0.00,0.00,0.0000,0.0000,0.0000,0.0000,0,0
2026-08-25 16:06:23.389688,1374,franka,0.59410,0.05936,0.34270,0.00000,0.00000,-0.00000,0.00000,26.00,0.00,0.00,0.0000,0.0000,0.0000,0.0000,0,0
2026-08-25 16:06:23.443163,1375,franka,0.59409,0.05938,0.34267,0.00000,0.00000,-0.00000,0.00000,26.00,0.00,0.00,0.0000,0.0000,0.0000,0.0000,0,0
2026-08-25 16:06:23.496833,1376,franka,0.59409,0.05938,0.34272,0.00000,0.00000,-0.00000,0.00000,26.00,0.00,0.00,0.0000,0.0000,0.0000,0.0000,0,0
2026-08-25 16:06:23.550639,1377,franka,0.59410,0.05938,0.34272,-0.00000,0.00000,-0.00000,0.00000,26.00,0.00,0.00,0.0000,-0.0886,0.0000,0.0000,0,0
2026-08-25 16:06:23.604636,1378,franka,0.59409,0.05937,0.34271,-0.00000,0.00000,-0.00000,0.00000,26.00,0.00,0.00,0.0000,-0.0457,-0.0543,0.0000,0,0
2026-08-25 16:06:23.658022,1379,franka,0.59408,0.05938,0.34267,0.00000,0.00000,-0.00872,0.00000,26.00,0.00,0.00,0.0000,0.0000,-0.3286,0.0029,0,0
2026-08-25 16:06:23.711498,1380,franka,0.59410,0.05938,0.34160,0.00000,0.00000,-0.03000,0.00000,26.00,0.00,0.00,0.0000,0.0000,-0.3743,0.0200,0,0
2026-08-25 16:06:23.765386,1381,franka,0.59408,0.05938,0.33999,0.00000,0.00000,-0.03000,0.00000,26.00,0.00,0.00,0.0000,0.0000,-0.4029,0.0371,0,0
2026-08-25 16:06:23.819034,1382,franka,0.59411,0.05939,0.33856,0.00000,0.00000,-0.03000,0.00000,26.00,0.00,0.00,0.0000,0.0000,-0.5000,0.0829,0,0
2026-08-25 16:06:23.872532,1383,franka,0.59410,0.05938,0.33702,0.00000,0.00000,-0.03000,0.00000,26.00,0.00,0.00,0.0000,0.0143,-0.4629,0.0829,0,0
2026-08-25 16:06:23.925883,1384,franka,0.59411,0.05939,0.33555,0.00000,0.00000,-0.03000,0.00000,26.00,0.00,0.00,0.0000,0.0343,-0.4086,0.0600,0,0
2026-08-25 16:06:23.979246,1385,franka,0.59409,0.05939,0.33396,0.00000,0.00000,-0.03000,0.00000,26.00,0.00,0.00,0.0000,0.0000,-0.1971,0.0200,0,0
2026-08-25 16:06:24.033207,1386,franka,0.59410,0.05939,0.33257,0.00000,0.00000,-0.01868,0.00000,26.00,0.00,0.00,0.0000,0.0000,-0.1771,0.0286,0,0
2026-08-25 16:06:24.086509,1387,franka,0.59409,0.05939,0.33222,0.00000,0.00000,-0.00000,0.00000,26.00,0.00,0.00,0.0000,0.0000,0.0000,0.0000,0,0
2026-08-25 16:06:24.140468,1388,franka,0.59410,0.05936,0.33223,0.00000,0.00000,-0.00000,0.00000,26.00,0.00,0.00,0.0000,0.0000,0.0000,0.0000,0,0
2026-08-25 16:06:24.193676,1389,franka,0.59410,0.05937,0.33225,0.00000,0.00000,-0.00000,0.00000,26.00,0.00,0.00,0.0000,0.0000,0.0000,0.0000,0,0
2026-08-25 16:06:24.247815,1390,franka,0.59409,0.05937,0.33220,0.00000,0.00000,-0.00000,0.00000,26.00,0.00,0.00,0.0000,0.0000,0.0000,0.0000,0,0
2026-08-25 16:06:24.301196,1391,franka,0.59409,0.05937,0.33221,0.00000,0.00000,-0.00000,0.00000,26.00,0.00,0.00,0.0257,0.0000,-0.0200,0.0000,0,0
2026-08-25 16:06:24.354609,1392,franka,0.59409,0.05937,0.33222,0.00000,0.00000,-0.00000,0.00000,26.00,0.00,0.00,0.0629,0.0000,-0.0600,0.0000,0,0
2026-08-25 16:06:24.408294,1393,franka,0.59409,0.05938,0.33221,0.00000,0.00000,-0.00000,0.00000,26.00,0.00,0.00,0.1171,0.0000,-0.0600,0.0000,0,0
2026-08-25 16:06:24.461961,1394,franka,0.59409,0.05936,0.33220,0.00000,0.00000,-0.00000,0.00000,26.00,0.00,0.00,0.3143,0.0286,-0.0657,0.0000,0,0
2026-08-25 16:06:24.515416,1395,franka,0.59411,0.06078,0.33224,0.00000,0.03000,-0.00000,0.00000,26.00,0.00,0.00,0.3543,0.0314,-0.0686,0.0029,0,0
2026-08-25 16:06:24.569483,1396,franka,0.59408,0.06246,0.33220,0.00000,0.03000,-0.00000,0.00000,26.00,0.00,0.00,0.6229,0.0600,-0.1086,0.0371,0,0
2026-08-25 16:06:24.623135,1397,franka,0.59409,0.06396,0.33224,0.00000,0.03000,-0.00000,0.00000,26.00,0.00,0.00,0.6343,0.0543,-0.1171,0.0343,0,0
2026-08-25 16:06:24.675000,1398,franka,0.59411,0.06536,0.33225,0.00000,0.03000,-0.00000,0.00000,26.00,0.00,0.00,0.6571,0.0400,-0.1171,0.0286,0,0
2026-08-25 16:06:24.729190,1399,franka,0.59410,0.06698,0.33223,0.00000,0.03000,-0.00000,0.00000,26.00,0.00,0.00,0.6229,0.0286,-0.1029,0.0171,0,0
2026-08-25 16:06:24.782748,1400,franka,0.59410,0.06851,0.33224,0.00000,0.03000,-0.00000,0.00000,26.00,0.00,0.00,0.4286,0.0000,-0.0571,0.0000,0,0
2026-08-25 16:06:24.836484,1401,franka,0.59412,0.06995,0.33229,0.00000,0.03000,-0.00000,0.00000,26.00,0.00,0.00,0.2286,0.0000,-0.0114,0.0000,0,0
2026-08-25 16:06:24.889879,1402,franka,0.59413,0.07132,0.33226,0.00000,0.01803,-0.00000,0.00000,26.00,0.00,0.00,0.0000,0.0000,0.0000,0.0000,0,0
2026-08-25 16:06:24.943503,1403,franka,0.59410,0.07183,0.33225,0.00000,0.00000,-0.00000,0.00000,26.00,0.00,0.00,0.0000,0.0000,0.0000,0.0000,0,0
2026-08-25 16:06:24.997031,1404,franka,0.59412,0.07167,0.33226,0.00000,0.00000,-0.00000,0.00000,26.00,0.00,0.00,0.0000,0.0000,0.0000,0.0000,0,0
2026-08-25 16:06:25.050884,1405,franka,0.59413,0.07165,0.33226,0.00000,0.00000,-0.00000,0.00000,26.00,0.00,0.00,0.0000,0.0000,0.0000,0.0000,0,0
2026-08-25 16:06:25.104495,1406,franka,0.59411,0.07178,0.33224,0.00000,0.00000,-0.00000,0.00000,26.00,0.00,0.00,0.0000,0.0000,0.0000,0.0000,0,0
2026-08-25 16:06:25.158012,1407,franka,0.59412,0.07170,0.33225,0.00000,0.00000,-0.00000,0.00000,26.00,0.00,0.00,0.0000,0.0000,0.0000,0.0000,0,0
2026-08-25 16:06:25.211707,1408,franka,0.59412,0.07169,0.33225,0.00000,0.00000,-0.00000,0.00000,26.00,0.00,0.00,0.0000,0.0000,0.0000,0.0000,1,0
2026-08-25 16:06:25.277469,1409,flowbot,0.59411,0.07175,0.33225,0.00000,0.00000,-0.00000,0.00000,26.00,0.00,0.00,0.0000,0.0000,0.0000,0.0000,1,0
2026-08-25 16:06:25.339595,1410,flowbot,0.59411,0.07175,0.33225,0.00000,0.00000,-0.00000,0.00000,26.00,0.00,0.00,0.0000,0.0000,0.0000,0.0000,1,0
2026-08-25 16:06:25.387860,1411,flowbot,0.59411,0.07175,0.33225,0.00000,0.00000,-0.00000,0.00000,26.00,0.00,0.00,0.0000,0.0000,0.0000,0.0000,1,0
2026-08-25 16:06:25.435569,1412,flowbot,0.59411,0.07175,0.33225,0.00000,0.00000,-0.00000,0.00000,26.00,0.00,0.00,0.0000,0.0000,0.0000,0.0000,1,0
2026-08-25 16:06:25.489510,1413,flowbot,0.59411,0.07175,0.33225,0.00000,0.00000,-0.00000,0.00000,26.00,0.00,0.00,0.0000,0.0000,0.0000,0.0000,1,0
2026-08-25 16:06:25.548538,1414,flowbot,0.59411,0.07175,0.33225,0.00000,0.00000,-0.00000,0.00000,26.00,0.00,0.00,0.0000,0.0000,0.0000,0.0000,1,0
2026-08-25 16:06:25.600648,1415,flowbot,0.59411,0.07175,0.33225,0.00000,0.00000,-0.00000,0.00000,26.00,0.00,0.00,0.0000,0.0000,0.0000,0.0000,1,0
2026-08-25 16:06:25.649711,1416,flowbot,0.59411,0.07175,0.33225,0.00000,0.00000,-0.00000,0.00000,26.00,0.00,0.00,0.0000,0.0000,0.0000,0.0000,1,0
2026-08-25 16:06:25.704856,1417,flowbot,0.59411,0.07175,0.33225,0.00000,0.00000,-0.00000,0.00000,26.00,0.00,0.00,0.0000,0.0000,0.0000,0.0000,0,0
2026-08-25 16:06:25.763923,1418,flowbot,0.59411,0.07175,0.33225,0.00000,0.00000,-0.00000,0.00000,26.00,0.00,0.00,0.0000,0.0000,0.0000,0.0000,0,0
2026-08-25 16:06:25.812082,1419,flowbot,0.59411,0.07175,0.33225,0.00000,0.00000,-0.00000,0.00000,26.00,0.00,0.00,0.0000,0.0000,0.0000,0.0000,0,0
2026-08-25 16:06:25.869306,1420,flowbot,0.59411,0.07175,0.33225,0.00000,0.00000,-0.00000,0.00000,26.00,0.00,0.00,0.0000,0.0000,0.0000,0.0000,0,0
2026-08-25 16:06:25.923959,1421,flowbot,0.59411,0.07175,0.33225,0.00000,0.00000,-0.00000,0.00000,26.00,0.00,0.00,0.0000,0.0000,0.0000,0.0000,0,0
2026-08-25 16:06:25.973881,1422,flowbot,0.59411,0.07175,0.33225,0.00000,0.00000,-0.00000,0.00000,26.00,0.00,0.00,0.0000,0.0000,0.0000,0.0000,0,0
2026-08-25 16:06:26.024001,1423,flowbot,0.59411,0.07175,0.33225,0.00000,0.00000,-0.00000,0.00000,26.00,0.00,0.00,0.0000,0.0000,0.0000,0.0000,0,0
2026-08-25 16:06:26.078716,1424,flowbot,0.59411,0.07175,0.33225,0.00000,0.00000,-0.00000,0.00000,26.00,0.00,0.00,0.0000,0.0000,0.0000,0.0000,0,0
2026-08-25 16:06:26.136806,1425,flowbot,0.59411,0.07175,0.33225,0.00000,0.00000,-0.00000,0.00000,26.00,0.00,0.00,0.0000,0.0000,0.0000,0.0000,0,0
2026-08-25 16:06:26.190316,1426,flowbot,0.59411,0.07175,0.33225,0.00000,0.00000,-0.00000,0.00000,26.00,0.00,0.00,0.0000,0.0000,0.0000,0.0000,0,0
2026-08-25 16:06:26.246783,1427,flowbot,0.59411,0.07175,0.33225,0.00000,0.00000,-0.00000,0.00000,26.00,0.00,0.00,0.0000,0.0000,0.0000,0.0000,0,0
2026-08-25 16:06:26.295575,1428,flowbot,0.59411,0.07175,0.33225,0.00000,0.00000,-0.00000,0.00000,26.00,0.00,0.00,0.0000,0.0000,0.0000,0.0000,0,0
2026-08-25 16:06:26.349433,1429,flowbot,0.59411,0.07175,0.33225,0.00000,0.00000,-0.00000,0.00000,26.00,0.00,0.00,0.0000,0.0000,0.0000,0.0000,0,0
2026-08-25 16:06:26.404827,1430,flowbot,0.59411,0.07175,0.33225,0.00000,0.00000,-0.00000,0.00000,26.00,0.00,0.00,0.0000,0.0000,0.0000,0.0000,0,0
2026-08-25 16:06:26.459405,1431,flowbot,0.59411,0.07175,0.33225,0.00000,0.00000,-0.00000,0.00000,26.00,0.00,0.00,0.0000,0.0000,0.0000,0.0000,0,0
2026-08-25 16:06:26.507119,1432,flowbot,0.59411,0.07175,0.33225,0.00000,0.00000,-0.00000,0.00000,26.00,0.00,0.00,0.0000,0.0000,0.0000,0.0000,0,0
2026-08-25 16:06:26.563468,1433,flowbot,0.59411,0.07175,0.33225,0.00000,0.00000,-0.00000,0.00000,26.00,0.00,0.00,0.0000,0.0000,0.0000,0.0000,0,0
2026-08-25 16:06:26.612252,1434,flowbot,0.59411,0.07175,0.33225,0.00000,0.00000,-0.00000,0.00000,26.00,0.00,0.00,0.0000,0.0000,0.0000,0.0000,0,0
2026-08-25 16:06:26.667501,1435,flowbot,0.59411,0.07175,0.33225,0.00000,0.00000,-0.00000,0.00000,26.00,0.00,0.00,0.0000,0.0000,0.0000,0.0000,0,0
2026-08-25 16:06:26.718094,1436,flowbot,0.59411,0.07175,0.33225,0.00000,0.00000,-0.00000,0.00000,26.00,0.00,0.00,0.0000,0.0000,0.0000,0.0000,0,0
2026-08-25 16:06:26.773379,1437,flowbot,0.59411,0.07175,0.33225,0.00000,0.00000,-0.00000,0.00000,26.00,0.00,0.00,0.0000,0.0000,0.0000,0.0000,0,0
2026-08-25 16:06:26.830228,1438,flowbot,0.59411,0.07175,0.33225,0.00000,0.00000,-0.00000,0.00000,26.00,0.00,0.00,0.0000,0.0000,0.0000,0.0000,0,0
2026-08-25 16:06:26.880621,1439,flowbot,0.59411,0.07175,0.33225,0.00000,0.00000,-0.00000,0.00000,26.00,0.00,0.00,0.0000,0.0000,0.0000,0.0000,0,0
2026-08-25 16:06:26.931209,1440,flowbot,0.59411,0.07175,0.33225,0.00000,0.00000,-0.00000,0.00000,26.00,0.00,0.00,0.0000,0.0000,0.0000,0.0000,0,0
2026-08-25 16:06:26.986590,1441,flowbot,0.59411,0.07175,0.33225,0.00000,0.00000,-0.00000,0.00000,26.00,0.00,0.00,0.0000,0.0000,0.0000,0.0000,0,0
2026-08-25 16:06:27.039925,1442,flowbot,0.59411,0.07175,0.33225,0.00000,0.00000,-0.00000,0.00000,26.00,0.00,0.00,0.0000,0.0000,0.0000,0.0000,0,0
2026-08-25 16:06:27.088429,1443,flowbot,0.59411,0.07175,0.33225,0.00000,0.00000,-0.00000,0.00000,26.00,0.00,0.00,0.0000,0.0000,0.0000,0.0000,0,0
2026-08-25 16:06:27.139511,1444,flowbot,0.59411,0.07175,0.33225,0.00000,0.00000,-0.00000,0.00000,26.00,0.00,0.00,0.0000,0.0000,0.0000,0.0000,0,0
2026-08-25 16:06:27.193425,1445,flowbot,0.59411,0.07175,0.33225,0.00000,0.00000,-0.00000,0.00000,26.00,0.00,0.00,0.0000,0.0000,0.0000,0.0000,0,0
2026-08-25 16:06:27.250144,1446,flowbot,0.59411,0.07175,0.33225,0.00000,0.00000,-0.00000,0.00000,26.00,0.00,0.00,0.0000,0.0000,0.0000,0.0000,0,0
2026-08-25 16:06:27.297542,1447,flowbot,0.59411,0.07175,0.33225,0.00000,0.00000,-0.00000,0.00000,26.00,0.00,0.00,0.0000,0.0000,0.0000,0.0000,0,0
2026-08-25 16:06:27.350420,1448,flowbot,0.59411,0.07175,0.33225,0.00000,0.00000,-0.00000,0.00000,26.00,0.00,0.00,0.0000,0.0000,-0.1429,0.0000,0,0
2026-08-25 16:06:27.405681,1449,flowbot,0.59411,0.07175,0.33225,0.00000,0.00000,-0.00000,0.00000,26.00,0.00,0.00,0.0000,0.0000,-0.1429,0.0000,0,0
2026-08-25 16:06:27.462428,1450,flowbot,0.59411,0.07175,0.33225,0.00000,0.00000,-0.00000,0.00000,26.00,0.00,0.00,0.0000,0.0000,-0.1429,0.0000,0,0
2026-08-25 16:06:27.521105,1451,flowbot,0.59411,0.07175,0.33225,0.00000,0.00000,-0.00000,0.00000,26.00,0.00,0.00,0.0000,0.0000,-0.1429,0.0000,0,0
2026-08-25 16:06:27.575637,1452,flowbot,0.59411,0.07175,0.33225,0.00000,0.00000,-0.00000,0.00000,25.00,0.00,0.00,0.0000,0.0000,-0.6457,0.0000,0,0
2026-08-25 16:06:27.623534,1453,flowbot,0.59411,0.07175,0.33225,0.00000,0.00000,-0.00000,0.00000,25.00,0.00,0.00,0.0000,0.0000,-0.6457,0.0000,0,0
2026-08-25 16:06:27.676937,1454,flowbot,0.59411,0.07175,0.33225,0.00000,0.00000,-0.00000,0.00000,25.00,0.00,0.00,0.0000,0.0000,-0.6457,0.0000,0,0
2026-08-25 16:06:27.730106,1455,flowbot,0.59411,0.07175,0.33225,0.00000,0.00000,-0.00000,0.00000,25.00,0.00,0.00,0.0000,0.0000,-0.6457,0.0000,0,0
2026-08-25 16:06:27.788115,1456,flowbot,0.59411,0.07175,0.33225,0.00000,0.00000,-0.00000,0.00000,24.00,0.00,0.00,0.0000,0.0000,-0.9200,0.0000,0,0
2026-08-25 16:06:27.845058,1457,flowbot,0.59411,0.07175,0.33225,0.00000,0.00000,-0.00000,0.00000,24.00,0.00,0.00,0.0000,0.0000,-0.9200,0.0000,0,0
2026-08-25 16:06:27.898395,1458,flowbot,0.59411,0.07175,0.33225,0.00000,0.00000,-0.00000,0.00000,24.00,0.00,0.00,0.0000,0.0000,-0.9200,0.0000,0,0
2026-08-25 16:06:27.949717,1459,flowbot,0.59411,0.07175,0.33225,0.00000,0.00000,-0.00000,0.00000,23.00,0.00,0.00,0.0000,0.0000,-0.6571,0.0000,0,0
2026-08-25 16:06:28.000218,1460,flowbot,0.59411,0.07175,0.33225,0.00000,0.00000,-0.00000,0.00000,23.00,0.00,0.00,0.0000,0.0000,-0.6571,0.0000,0,0
2026-08-25 16:06:28.054403,1461,flowbot,0.59411,0.07175,0.33225,0.00000,0.00000,-0.00000,0.00000,23.00,0.00,0.00,0.0000,0.0000,-0.6571,0.0000,0,0
2026-08-25 16:06:28.109943,1462,flowbot,0.59411,0.07175,0.33225,0.00000,0.00000,-0.00000,0.00000,23.00,0.00,0.00,0.0000,0.0000,-0.6571,0.0000,0,0
2026-08-25 16:06:28.162837,1463,flowbot,0.59411,0.07175,0.33225,0.00000,0.00000,-0.00000,0.00000,23.00,0.00,0.00,0.0000,0.0000,-0.7714,0.0000,0,0
2026-08-25 16:06:28.218191,1464,flowbot,0.59411,0.07175,0.33225,0.00000,0.00000,-0.00000,0.00000,23.00,0.00,0.00,0.0000,0.0000,-0.7714,0.0000,0,0
2026-08-25 16:06:28.273904,1465,flowbot,0.59411,0.07175,0.33225,0.00000,0.00000,-0.00000,0.00000,23.00,0.00,0.00,0.0000,0.0000,-0.7714,0.0000,0,0
2026-08-25 16:06:28.329517,1466,flowbot,0.59411,0.07175,0.33225,0.00000,0.00000,-0.00000,0.00000,23.00,0.00,0.00,0.0000,0.0000,-0.7714,0.0000,0,0
2026-08-25 16:06:28.380834,1467,flowbot,0.59411,0.07175,0.33225,0.00000,0.00000,-0.00000,0.00000,22.00,0.00,0.00,0.0000,0.0000,-0.4629,0.0000,0,0
2026-08-25 16:06:28.436014,1468,flowbot,0.59411,0.07175,0.33225,0.00000,0.00000,-0.00000,0.00000,22.00,0.00,0.00,0.0000,0.0000,-0.4629,0.0000,0,0
2026-08-25 16:06:28.488043,1469,flowbot,0.59411,0.07175,0.33225,0.00000,0.00000,-0.00000,0.00000,22.00,0.00,0.00,0.0000,0.0000,-0.4629,0.0000,0,0
2026-08-25 16:06:28.537555,1470,flowbot,0.59411,0.07175,0.33225,0.00000,0.00000,-0.00000,0.00000,22.00,0.00,0.00,0.0000,0.0000,-0.4629,0.0000,0,0
2026-08-25 16:06:28.590721,1471,flowbot,0.59411,0.07175,0.33225,0.00000,0.00000,-0.00000,0.00000,22.00,0.00,0.00,-0.1514,0.0000,-0.7400,0.0000,0,0
2026-08-25 16:06:28.644586,1472,flowbot,0.59411,0.07175,0.33225,0.00000,0.00000,-0.00000,0.00000,22.00,0.00,0.00,-0.1514,0.0000,-0.7400,0.0000,0,0
2026-08-25 16:06:28.695090,1473,flowbot,0.59411,0.07175,0.33225,0.00000,0.00000,-0.00000,0.00000,22.00,0.00,0.00,-0.1514,0.0000,-0.7400,0.0000,0,0
2026-08-25 16:06:28.749585,1474,flowbot,0.59411,0.07175,0.33225,0.00000,0.00000,-0.00000,0.00000,22.00,0.00,0.00,-0.1514,0.0000,-0.7400,0.0000,0,0
2026-08-25 16:06:28.800478,1475,flowbot,0.59411,0.07175,0.33225,0.00000,0.00000,-0.00000,0.00000,22.00,0.00,0.00,0.0000,0.0000,-0.9086,0.0000,0,0
2026-08-25 16:06:28.851510,1476,flowbot,0.59411,0.07175,0.33225,0.00000,0.00000,-0.00000,0.00000,22.00,0.00,0.00,0.0000,0.0000,-0.9086,0.0000,0,0
2026-08-25 16:06:28.902096,1477,flowbot,0.59411,0.07175,0.33225,0.00000,0.00000,-0.00000,0.00000,22.00,0.00,0.00,0.0000,0.0000,-0.9086,0.0000,0,0
2026-08-25 16:06:28.955889,1478,flowbot,0.59411,0.07175,0.33225,0.00000,0.00000,-0.00000,0.00000,22.00,0.00,0.00,0.0000,0.0000,-0.9086,0.0000,0,0
2026-08-25 16:06:29.004150,1479,flowbot,0.59411,0.07175,0.33225,0.00000,0.00000,-0.00000,0.00000,22.00,0.00,0.00,0.0000,0.0000,-0.3229,0.0000,0,0
2026-08-25 16:06:29.059738,1480,flowbot,0.59411,0.07175,0.33225,0.00000,0.00000,-0.00000,0.00000,22.00,0.00,0.00,0.0000,0.0000,-0.3229,0.0000,0,0
2026-08-25 16:06:29.110567,1481,flowbot,0.59411,0.07175,0.33225,0.00000,0.00000,-0.00000,0.00000,22.00,0.00,0.00,0.0000,0.0000,-0.3229,0.0000,0,0
2026-08-25 16:06:29.166095,1482,flowbot,0.59411,0.07175,0.33225,0.00000,0.00000,-0.00000,0.00000,22.00,0.00,0.00,0.0000,0.0000,-0.3229,0.0000,0,0
2026-08-25 16:06:29.215912,1483,flowbot,0.59411,0.07175,0.33225,0.00000,0.00000,-0.00000,0.00000,22.00,0.00,0.00,0.0000,0.0000,0.0000,0.0000,0,0
2026-08-25 16:06:29.269467,1484,flowbot,0.59411,0.07175,0.33225,0.00000,0.00000,-0.00000,0.00000,22.00,0.00,0.00,0.0000,0.0000,0.0000,0.0000,0,0
2026-08-25 16:06:29.321475,1485,flowbot,0.59411,0.07175,0.33225,0.00000,0.00000,-0.00000,0.00000,22.00,0.00,0.00,0.0000,0.0000,0.0000,0.0000,0,0
2026-08-25 16:06:29.376290,1486,flowbot,0.59411,0.07175,0.33225,0.00000,0.00000,-0.00000,0.00000,22.00,0.00,0.00,0.0000,0.0000,0.0000,0.0000,0,0
2026-08-25 16:06:29.430025,1487,flowbot,0.59411,0.07175,0.33225,0.00000,0.00000,-0.00000,0.00000,22.00,0.00,0.00,0.0000,0.0000,0.0000,0.0000,0,0
2026-08-25 16:06:29.480488,1488,flowbot,0.59411,0.07175,0.33225,0.00000,0.00000,-0.00000,0.00000,22.00,0.00,0.00,0.0000,0.0000,0.0000,0.0000,0,0
2026-08-25 16:06:29.530134,1489,flowbot,0.59411,0.07175,0.33225,0.00000,0.00000,-0.00000,0.00000,22.00,0.00,0.00,0.0000,0.0000,0.0000,0.0000,0,0
2026-08-25 16:06:29.583878,1490,flowbot,0.59411,0.07175,0.33225,0.00000,0.00000,-0.00000,0.00000,22.00,0.00,0.00,0.0000,0.0000,0.0000,0.0000,0,0
2026-08-25 16:06:29.644677,1491,flowbot,0.59411,0.07175,0.33225,0.00000,0.00000,-0.00000,0.00000,22.00,0.00,0.00,0.0000,0.0000,0.0000,0.0000,0,0
2026-08-25 16:06:29.701234,1492,flowbot,0.59411,0.07175,0.33225,0.00000,0.00000,-0.00000,0.00000,22.00,0.00,0.00,0.0000,0.0000,0.0000,0.0000,0,0
2026-08-25 16:06:29.748543,1493,flowbot,0.59411,0.07175,0.33225,0.00000,0.00000,-0.00000,0.00000,22.00,0.00,0.00,0.0000,0.0000,0.0000,0.0000,0,0
2026-08-25 16:06:29.799951,1494,flowbot,0.59411,0.07175,0.33225,0.00000,0.00000,-0.00000,0.00000,22.00,0.00,0.00,0.0000,0.0000,0.0000,0.0000,0,0
2026-08-25 16:06:29.857032,1495,flowbot,0.59411,0.07175,0.33225,0.00000,0.00000,-0.00000,0.00000,22.00,0.00,0.00,0.0000,0.0000,0.0000,0.0000,0,0
2026-08-25 16:06:29.911328,1496,flowbot,0.59411,0.07175,0.33225,0.00000,0.00000,-0.00000,0.00000,22.00,0.00,0.00,0.0000,0.0000,0.0000,0.0000,0,0
2026-08-25 16:06:29.961602,1497,flowbot,0.59411,0.07175,0.33225,0.00000,0.00000,-0.00000,0.00000,22.00,0.00,0.00,0.0000,0.0000,0.0000,0.0000,0,0
2026-08-25 16:06:30.016349,1498,flowbot,0.59411,0.07175,0.33225,0.00000,0.00000,-0.00000,0.00000,22.00,0.00,0.00,0.0000,0.0000,0.0000,0.0000,0,0
2026-08-25 16:06:30.071734,1499,flowbot,0.59411,0.07175,0.33225,0.00000,0.00000,-0.00000,0.00000,22.00,0.00,0.00,0.0000,0.0000,0.0000,0.0000,0,0
2026-08-25 16:06:30.125722,1500,flowbot,0.59411,0.07175,0.33225,0.00000,0.00000,-0.00000,0.00000,22.00,0.00,0.00,0.0000,0.0000,0.0000,0.0000,0,0
2026-08-25 16:06:30.181238,1501,flowbot,0.59411,0.07175,0.33225,0.00000,0.00000,-0.00000,0.00000,22.00,0.00,0.00,0.0000,0.0000,0.0000,0.0000,0,0
2026-08-25 16:06:30.232806,1502,flowbot,0.59411,0.07175,0.33225,0.00000,0.00000,-0.00000,0.00000,22.00,0.00,0.00,0.0000,0.0000,0.0000,0.0000,0,0
2026-08-25 16:06:30.286985,1503,flowbot,0.59411,0.07175,0.33225,0.00000,0.00000,-0.00000,0.00000,22.00,0.00,0.00,0.0000,0.0000,0.0000,0.0000,0,0
2026-08-25 16:06:30.339926,1504,flowbot,0.59411,0.07175,0.33225,0.00000,0.00000,-0.00000,0.00000,22.00,0.00,0.00,0.0000,0.0000,0.0000,0.0000,0,0
2026-08-25 16:06:30.392084,1505,flowbot,0.59411,0.07175,0.33225,0.00000,0.00000,-0.00000,0.00000,22.00,0.00,0.00,0.0000,0.0000,0.0000,0.0000,0,0
2026-08-25 16:06:30.438822,1506,flowbot,0.59411,0.07175,0.33225,0.00000,0.00000,-0.00000,0.00000,22.00,0.00,0.00,0.0000,0.0000,0.0000,0.0000,0,0
2026-08-25 16:06:30.495096,1507,flowbot,0.59411,0.07175,0.33225,0.00000,0.00000,-0.00000,0.00000,22.00,0.00,0.00,0.0000,0.0000,0.0000,0.0000,0,0
2026-08-25 16:06:30.548617,1508,flowbot,0.59411,0.07175,0.33225,0.00000,0.00000,-0.00000,0.00000,22.00,0.00,0.00,0.0000,0.0000,0.0000,0.0000,0,0
2026-08-25 16:06:30.599841,1509,flowbot,0.59411,0.07175,0.33225,0.00000,0.00000,-0.00000,0.00000,22.00,0.00,0.00,0.0000,0.0000,0.0000,0.0000,0,0
2026-08-25 16:06:30.649605,1510,flowbot,0.59411,0.07175,0.33225,0.00000,0.00000,-0.00000,0.00000,22.00,0.00,0.00,0.0000,0.0000,0.0000,0.0000,0,0
2026-08-25 16:06:30.704166,1511,flowbot,0.59411,0.07175,0.33225,0.00000,0.00000,-0.00000,0.00000,22.00,0.00,0.00,0.0000,0.0000,0.0000,0.0000,0,0
2026-08-25 16:06:30.759789,1512,flowbot,0.59411,0.07175,0.33225,0.00000,0.00000,-0.00000,0.00000,22.00,0.00,0.00,0.0000,0.0000,0.0000,0.0000,0,0
2026-08-25 16:06:30.808368,1513,flowbot,0.59411,0.07175,0.33225,0.00000,0.00000,-0.00000,0.00000,22.00,0.00,0.00,0.0000,0.0000,0.0000,0.0000,0,0
2026-08-25 16:06:30.859596,1514,flowbot,0.59411,0.07175,0.33225,0.00000,0.00000,-0.00000,0.00000,22.00,0.00,0.00,0.0000,0.0000,0.0000,0.0000,0,0
2026-08-25 16:06:30.911907,1515,flowbot,0.59411,0.07175,0.33225,0.00000,0.00000,-0.00000,0.00000,22.00,0.00,0.00,0.0000,0.0000,0.0000,0.0000,0,0
2026-08-25 16:06:30.967298,1516,flowbot,0.59411,0.07175,0.33225,0.00000,0.00000,-0.00000,0.00000,22.00,0.00,0.00,0.0000,0.0000,0.0000,0.0000,0,0
2026-08-25 16:06:31.016706,1517,flowbot,0.59411,0.07175,0.33225,0.00000,0.00000,-0.00000,0.00000,22.00,0.00,0.00,0.0000,0.0000,0.0000,0.0000,0,0
2026-08-25 16:06:31.067049,1518,flowbot,0.59411,0.07175,0.33225,0.00000,0.00000,-0.00000,0.00000,22.00,0.00,0.00,0.0000,0.0000,-0.3400,0.0000,0,0
2026-08-25 16:06:31.121988,1519,flowbot,0.59411,0.07175,0.33225,0.00000,0.00000,-0.00000,0.00000,22.00,0.00,0.00,0.0000,0.0000,-0.3400,0.0000,0,0
2026-08-25 16:06:31.177337,1520,flowbot,0.59411,0.07175,0.33225,0.00000,0.00000,-0.00000,0.00000,22.00,0.00,0.00,0.0000,0.0000,-0.3400,0.0000,0,0
2026-08-25 16:06:31.225102,1521,flowbot,0.59411,0.07175,0.33225,0.00000,0.00000,-0.00000,0.00000,22.00,0.00,0.00,0.0000,0.0000,-0.3400,0.0000,0,0
2026-08-25 16:06:31.281281,1522,flowbot,0.59411,0.07175,0.33225,0.00000,0.00000,-0.00000,0.00000,22.00,0.00,0.00,0.0000,0.0000,-1.0571,0.0000,0,0
2026-08-25 16:06:31.332889,1523,flowbot,0.59411,0.07175,0.33225,0.00000,0.00000,-0.00000,0.00000,22.00,0.00,0.00,0.0000,0.0000,-1.0571,0.0000,0,0
2026-08-25 16:06:31.384858,1524,flowbot,0.59411,0.07175,0.33225,0.00000,0.00000,-0.00000,0.00000,22.00,0.00,0.00,0.0000,0.0000,-1.0571,0.0000,0,0
2026-08-25 16:06:31.439229,1525,flowbot,0.59411,0.07175,0.33225,0.00000,0.00000,-0.00000,0.00000,22.00,0.00,0.00,0.0000,0.0000,-1.0571,0.0000,0,0
2026-08-25 16:06:31.496376,1526,flowbot,0.59411,0.07175,0.33225,0.00000,0.00000,-0.00000,0.00000,22.00,0.00,0.00,0.0000,0.0000,-0.1229,0.0000,0,0
2026-08-25 16:06:31.550554,1527,flowbot,0.59411,0.07175,0.33225,0.00000,0.00000,-0.00000,0.00000,22.00,0.00,0.00,0.0000,0.0000,-0.1229,0.0000,0,0
2026-08-25 16:06:31.603145,1528,flowbot,0.59411,0.07175,0.33225,0.00000,0.00000,-0.00000,0.00000,22.00,0.00,0.00,0.0000,0.0000,-0.1229,0.0000,0,0
2026-08-25 16:06:31.654717,1529,flowbot,0.59411,0.07175,0.33225,0.00000,0.00000,-0.00000,0.00000,22.00,0.00,0.00,0.0000,0.0000,-1.1114,0.0000,0,0
2026-08-25 16:06:31.704617,1530,flowbot,0.59411,0.07175,0.33225,0.00000,0.00000,-0.00000,0.00000,22.00,0.00,0.00,0.0000,0.0000,-1.1114,0.0000,0,0
2026-08-25 16:06:31.755982,1531,flowbot,0.59411,0.07175,0.33225,0.00000,0.00000,-0.00000,0.00000,22.00,0.00,0.00,0.0000,0.0000,-1.1114,0.0000,0,0
2026-08-25 16:06:31.809349,1532,flowbot,0.59411,0.07175,0.33225,0.00000,0.00000,-0.00000,0.00000,22.00,0.00,0.00,0.0000,0.0000,-1.1114,0.0000,0,0
2026-08-25 16:06:31.861887,1533,flowbot,0.59411,0.07175,0.33225,0.00000,0.00000,-0.00000,0.00000,22.00,0.00,0.00,0.0000,0.0000,0.0000,0.0000,0,0
2026-08-25 16:06:31.918070,1534,flowbot,0.59411,0.07175,0.33225,0.00000,0.00000,-0.00000,0.00000,22.00,0.00,0.00,0.0000,0.0000,0.0000,0.0000,0,0
2026-08-25 16:06:31.969941,1535,flowbot,0.59411,0.07175,0.33225,0.00000,0.00000,-0.00000,0.00000,22.00,0.00,0.00,0.0000,0.0000,0.0000,0.0000,0,0
2026-08-25 16:06:32.018116,1536,flowbot,0.59411,0.07175,0.33225,0.00000,0.00000,-0.00000,0.00000,22.00,0.00,0.00,0.0000,0.0000,0.0000,0.0000,0,0
2026-08-25 16:06:32.072851,1537,flowbot,0.59411,0.07175,0.33225,0.00000,0.00000,-0.00000,0.00000,22.00,0.00,0.00,0.0000,0.0000,0.0000,0.0000,0,0
2026-08-25 16:06:32.126875,1538,flowbot,0.59411,0.07175,0.33225,0.00000,0.00000,-0.00000,0.00000,22.00,0.00,0.00,0.0000,0.0000,0.0000,0.0000,0,0
2026-08-25 16:06:32.179387,1539,flowbot,0.59411,0.07175,0.33225,0.00000,0.00000,-0.00000,0.00000,22.00,0.00,0.00,0.0000,0.0000,0.0000,0.0000,0,0
2026-08-25 16:06:32.229785,1540,flowbot,0.59411,0.07175,0.33225,0.00000,0.00000,-0.00000,0.00000,22.00,0.00,0.00,0.0000,0.0000,0.0000,0.0000,0,0
2026-08-25 16:06:32.281473,1541,flowbot,0.59411,0.07175,0.33225,0.00000,0.00000,-0.00000,0.00000,22.00,0.00,0.00,0.0000,0.0000,0.0000,0.0000,0,0
2026-08-25 16:06:32.338242,1542,flowbot,0.59411,0.07175,0.33225,0.00000,0.00000,-0.00000,0.00000,22.00,0.00,0.00,0.0000,0.0000,0.0000,0.0000,0,0
2026-08-25 16:06:32.392736,1543,flowbot,0.59411,0.07175,0.33225,0.00000,0.00000,-0.00000,0.00000,22.00,0.00,0.00,0.0000,0.0000,0.0000,0.0000,0,0
2026-08-25 16:06:32.447010,1544,flowbot,0.59411,0.07175,0.33225,0.00000,0.00000,-0.00000,0.00000,22.00,0.00,0.00,0.0000,0.0000,0.0000,0.0000,0,0
2026-08-25 16:06:32.499037,1545,flowbot,0.59411,0.07175,0.33225,0.00000,0.00000,-0.00000,0.00000,22.00,0.00,0.00,0.0000,0.0000,0.0000,0.0000,0,0
2026-08-25 16:06:32.557746,1546,flowbot,0.59411,0.07175,0.33225,0.00000,0.00000,-0.00000,0.00000,22.00,0.00,0.00,0.0000,0.0000,0.0000,0.0000,0,0
2026-08-25 16:06:32.607771,1547,flowbot,0.59411,0.07175,0.33225,0.00000,0.00000,-0.00000,0.00000,22.00,0.00,0.00,0.0000,0.0000,0.0000,0.0000,0,0
2026-08-25 16:06:32.662776,1548,flowbot,0.59411,0.07175,0.33225,0.00000,0.00000,-0.00000,0.00000,22.00,0.00,0.00,0.0000,0.0000,0.0000,0.0000,0,0
2026-08-25 16:06:32.712265,1549,flowbot,0.59411,0.07175,0.33225,0.00000,0.00000,-0.00000,0.00000,22.00,0.00,0.00,0.0000,0.0000,0.0000,0.0000,0,0
2026-08-25 16:06:32.766790,1550,flowbot,0.59411,0.07175,0.33225,0.00000,0.00000,-0.00000,0.00000,22.00,0.00,0.00,0.0000,0.0000,0.0000,0.0000,0,0
2026-08-25 16:06:32.821889,1551,flowbot,0.59411,0.07175,0.33225,0.00000,0.00000,-0.00000,0.00000,22.00,0.00,0.00,0.0000,0.0000,0.0000,0.0000,0,0
2026-08-25 16:06:32.875966,1552,flowbot,0.59411,0.07175,0.33225,0.00000,0.00000,-0.00000,0.00000,22.00,0.00,0.00,0.0000,0.0000,0.0000,0.0000,0,0
2026-08-25 16:06:32.927931,1553,flowbot,0.59411,0.07175,0.33225,0.00000,0.00000,-0.00000,0.00000,22.00,0.00,0.00,0.0000,0.0000,0.0000,0.0000,0,0
2026-08-25 16:06:32.981524,1554,flowbot,0.59411,0.07175,0.33225,0.00000,0.00000,-0.00000,0.00000,22.00,0.00,0.00,0.0000,0.0000,0.0000,0.0000,0,0
2026-08-25 16:06:33.031879,1555,flowbot,0.59411,0.07175,0.33225,0.00000,0.00000,-0.00000,0.00000,22.00,0.00,0.00,0.0000,0.0000,0.0000,0.0000,0,0
2026-08-25 16:06:33.085442,1556,flowbot,0.59411,0.07175,0.33225,0.00000,0.00000,-0.00000,0.00000,22.00,0.00,0.00,0.0000,0.0000,0.0000,0.0000,0,0
2026-08-25 16:06:33.135254,1557,flowbot,0.59411,0.07175,0.33225,0.00000,0.00000,-0.00000,0.00000,22.00,0.00,0.00,0.0000,0.0000,0.0000,0.0000,0,0
2026-08-25 16:06:33.193462,1558,flowbot,0.59411,0.07175,0.33225,0.00000,0.00000,-0.00000,0.00000,22.00,0.00,0.00,0.0000,0.0000,0.0000,0.0000,0,0
2026-08-25 16:06:33.246238,1559,flowbot,0.59411,0.07175,0.33225,0.00000,0.00000,-0.00000,0.00000,22.00,0.00,0.00,0.0000,0.0000,0.0000,0.0000,0,0
2026-08-25 16:06:33.299350,1560,flowbot,0.59411,0.07175,0.33225,0.00000,0.00000,-0.00000,0.00000,22.00,0.00,0.00,0.0000,0.0000,0.0000,0.0000,0,0
2026-08-25 16:06:33.355819,1561,flowbot,0.59411,0.07175,0.33225,0.00000,0.00000,-0.00000,0.00000,22.00,0.00,0.00,0.0000,0.0000,0.0000,0.0000,0,0
2026-08-25 16:06:33.406491,1562,flowbot,0.59411,0.07175,0.33225,0.00000,0.00000,-0.00000,0.00000,22.00,0.00,0.00,0.0000,0.0000,0.0000,0.0000,0,0
2026-08-25 16:06:33.459592,1563,flowbot,0.59411,0.07175,0.33225,0.00000,0.00000,-0.00000,0.00000,22.00,0.00,0.00,0.0000,0.0000,0.0000,0.0000,0,0
2026-08-25 16:06:33.513199,1564,flowbot,0.59411,0.07175,0.33225,0.00000,0.00000,-0.00000,0.00000,22.00,0.00,0.00,0.0000,0.0000,0.0000,0.0000,0,0
2026-08-25 16:06:33.572018,1565,flowbot,0.59411,0.07175,0.33225,0.00000,0.00000,-0.00000,0.00000,22.00,0.00,0.00,0.0000,0.0000,0.0000,0.0000,0,0
2026-08-25 16:06:33.633626,1566,flowbot,0.59411,0.07175,0.33225,0.00000,0.00000,-0.00000,0.00000,22.00,0.00,0.00,0.0000,0.0000,0.0000,0.0000,0,0
2026-08-25 16:06:33.678618,1567,flowbot,0.59411,0.07175,0.33225,0.00000,0.00000,-0.00000,0.00000,22.00,0.00,0.00,0.0000,0.0000,0.0000,0.0000,0,0
2026-08-25 16:06:33.729173,1568,flowbot,0.59411,0.07175,0.33225,0.00000,0.00000,-0.00000,0.00000,22.00,0.00,0.00,0.0000,0.0000,0.0000,0.0000,0,0
2026-08-25 16:06:33.785591,1569,flowbot,0.59411,0.07175,0.33225,0.00000,0.00000,-0.00000,0.00000,22.00,0.00,0.00,0.0000,0.0000,0.0000,0.0000,0,0
2026-08-25 16:06:33.834754,1570,flowbot,0.59411,0.07175,0.33225,0.00000,0.00000,-0.00000,0.00000,22.00,0.00,0.00,0.0000,0.0000,0.0000,0.0000,0,0
2026-08-25 16:06:33.887038,1571,flowbot,0.59411,0.07175,0.33225,0.00000,0.00000,-0.00000,0.00000,22.00,0.00,0.00,0.0000,0.0000,0.0000,0.0000,0,0
2026-08-25 16:06:33.939578,1572,flowbot,0.59411,0.07175,0.33225,0.00000,0.00000,-0.00000,0.00000,22.00,0.00,0.00,0.0000,0.0000,0.0000,0.0000,0,0
2026-08-25 16:06:33.993410,1573,flowbot,0.59411,0.07175,0.33225,0.00000,0.00000,-0.00000,0.00000,22.00,0.00,0.00,0.0000,0.0000,0.0000,0.0000,0,0
2026-08-25 16:06:34.055059,1574,flowbot,0.59411,0.07175,0.33225,0.00000,0.00000,-0.00000,0.00000,22.00,0.00,0.00,0.0000,0.0000,0.0000,0.0000,0,0
2026-08-25 16:06:34.103606,1575,flowbot_release,0.59411,0.07175,0.33225,0.00000,0.00000,-0.00000,0.00000,22.00,0.00,0.00,0.0000,0.0000,0.0000,0.0000,0,0
2026-08-25 16:06:34.152098,1576,flowbot_release,0.59411,0.07175,0.33225,0.00000,0.00000,-0.00000,0.00000,22.00,0.00,0.00,0.0000,0.0000,0.0000,0.0000,0,0
2026-08-25 16:06:34.200766,1577,flowbot_release,0.59411,0.07175,0.33225,0.00000,0.00000,-0.00000,0.00000,22.00,0.00,0.00,0.0000,0.0000,0.0000,0.0000,0,0
2026-08-25 16:06:34.256205,1578,flowbot_release,0.59411,0.07175,0.33225,0.00000,0.00000,-0.00000,0.00000,22.00,0.00,0.00,0.0000,0.0000,0.0000,0.0000,1,1
2026-08-25 16:06:34.308521,1579,flowbot_release,0.59411,0.07175,0.33225,0.00000,0.00000,-0.00000,0.00000,22.00,0.00,0.00,0.0000,0.0000,0.0000,0.0000,1,1
2026-08-25 16:06:34.364749,1580,flowbot_release,0.59411,0.07175,0.33225,0.00000,0.00000,-0.00000,0.00000,22.00,0.00,0.00,0.0000,0.0000,0.0000,0.0000,1,1
2026-08-25 16:06:34.415515,1581,flowbot,0.59411,0.07175,0.33225,0.00000,0.00000,-0.00000,0.00000,22.00,0.00,0.00,0.0000,0.0000,0.0000,0.0000,1,1
2026-08-25 16:06:34.469957,1582,flowbot,0.59411,0.07175,0.33225,0.00000,0.00000,-0.00000,0.00000,22.00,0.00,0.00,0.0000,0.0000,0.0000,0.0000,1,1
2026-08-25 16:06:34.520058,1583,flowbot,0.59411,0.07175,0.33225,0.00000,0.00000,-0.00000,0.00000,22.00,0.00,0.00,0.0000,0.0000,0.0000,0.0000,1,1
2026-08-25 16:06:34.575792,1584,flowbot,0.59411,0.07175,0.33225,0.00000,0.00000,-0.00000,0.00000,22.00,0.00,0.00,0.0000,0.0000,0.0000,0.0000,1,1
2026-08-25 16:06:34.627878,1585,flowbot,0.59411,0.07175,0.33225,0.00000,0.00000,-0.00000,0.00000,22.00,0.00,0.00,0.0000,0.0000,0.0000,0.0000,0,0
2026-08-25 16:06:34.681202,1586,flowbot,0.59411,0.07175,0.33225,0.00000,0.00000,-0.00000,0.00000,22.00,0.00,0.00,0.0000,0.0000,0.0000,0.0000,0,0
2026-08-25 16:06:34.733949,1587,flowbot,0.59411,0.07175,0.33225,0.00000,0.00000,-0.00000,0.00000,22.00,0.00,0.00,0.0000,0.0000,0.0000,0.0000,0,0
2026-08-25 16:06:34.788457,1588,flowbot,0.59411,0.07175,0.33225,0.00000,0.00000,-0.00000,0.00000,22.00,0.00,0.00,0.0000,0.0000,0.0000,0.0000,0,0
2026-08-25 16:06:34.841798,1589,flowbot,0.59411,0.07175,0.33225,0.00000,0.00000,-0.00000,0.00000,22.00,0.00,0.00,0.0000,0.2086,-0.9943,0.0000,0,0
2026-08-25 16:06:34.897399,1590,flowbot,0.59411,0.07175,0.33225,0.00000,0.00000,-0.00000,0.00000,22.00,0.00,0.00,0.0000,0.2086,-0.9943,0.0000,0,0
2026-08-25 16:06:34.950049,1591,flowbot,0.59411,0.07175,0.33225,0.00000,0.00000,-0.00000,0.00000,22.00,0.00,0.00,0.0000,0.2086,-0.9943,0.0000,0,0
2026-08-25 16:06:35.002217,1592,flowbot,0.59411,0.07175,0.33225,0.00000,0.00000,-0.00000,0.00000,22.00,0.00,0.00,0.0000,0.2086,-0.9943,0.0000,0,0
2026-08-25 16:06:35.052503,1593,flowbot,0.59411,0.07175,0.33225,0.00000,0.00000,-0.00000,0.00000,22.00,0.00,0.00,0.0000,0.2943,-1.0743,0.0000,0,0
2026-08-25 16:06:35.106088,1594,flowbot,0.59411,0.07175,0.33225,0.00000,0.00000,-0.00000,0.00000,22.00,0.00,0.00,0.0000,0.2943,-1.0743,0.0000,0,0
2026-08-25 16:06:35.157991,1595,flowbot,0.59411,0.07175,0.33225,0.00000,0.00000,-0.00000,0.00000,22.00,0.00,0.00,0.0000,0.2943,-1.0743,0.0000,0,0
2026-08-25 16:06:35.210844,1596,flowbot,0.59411,0.07175,0.33225,0.00000,0.00000,-0.00000,0.00000,22.00,0.00,0.00,0.0000,0.2943,-1.0743,0.0000,0,0
2026-08-25 16:06:35.263296,1597,flowbot,0.59411,0.07175,0.33225,0.00000,0.00000,-0.00000,0.00000,22.00,0.00,0.00,0.0000,0.1657,-1.2286,0.0000,0,0
2026-08-25 16:06:35.317500,1598,flowbot,0.59411,0.07175,0.33225,0.00000,0.00000,-0.00000,0.00000,22.00,0.00,0.00,0.0000,0.1657,-1.2286,0.0000,0,0
2026-08-25 16:06:35.367635,1599,flowbot,0.59411,0.07175,0.33225,0.00000,0.00000,-0.00000,0.00000,22.00,0.00,0.00,0.0000,0.1657,-1.2286,0.0000,0,0
2026-08-25 16:06:35.424034,1600,flowbot,0.59411,0.07175,0.33225,0.00000,0.00000,-0.00000,0.00000,22.00,0.00,0.00,0.0000,0.1657,-1.2286,0.0000,0,0
2026-08-25 16:06:35.473496,1601,flowbot,0.59411,0.07175,0.33225,0.00000,0.00000,-0.00000,0.00000,22.00,0.00,0.00,0.0000,0.0000,0.0000,0.0000,0,0
2026-08-25 16:06:35.529809,1602,flowbot,0.59411,0.07175,0.33225,0.00000,0.00000,-0.00000,0.00000,22.00,0.00,0.00,0.0000,0.0000,0.0000,0.0000,0,0
2026-08-25 16:06:35.584660,1603,flowbot,0.59411,0.07175,0.33225,0.00000,0.00000,-0.00000,0.00000,22.00,0.00,0.00,0.0000,0.0000,0.0000,0.0000,0,0
2026-08-25 16:06:35.633868,1604,flowbot,0.59411,0.07175,0.33225,0.00000,0.00000,-0.00000,0.00000,22.00,0.00,0.00,0.0000,0.0000,0.0000,0.0000,0,0
2026-08-25 16:06:35.683417,1605,flowbot,0.59411,0.07175,0.33225,0.00000,0.00000,-0.00000,0.00000,22.00,0.00,0.00,0.0000,0.0000,0.0000,0.0000,0,0
2026-08-25 16:06:35.738769,1606,flowbot,0.59411,0.07175,0.33225,0.00000,0.00000,-0.00000,0.00000,22.00,0.00,0.00,0.0000,0.0000,0.0000,0.0000,0,0
2026-08-25 16:06:35.789988,1607,flowbot,0.59411,0.07175,0.33225,0.00000,0.00000,-0.00000,0.00000,22.00,0.00,0.00,0.0000,0.0000,0.0000,0.0000,0,0
2026-08-25 16:06:35.842692,1608,flowbot,0.59411,0.07175,0.33225,0.00000,0.00000,-0.00000,0.00000,22.00,0.00,0.00,0.0000,0.0000,0.0000,0.0000,0,0
2026-08-25 16:06:35.890320,1609,flowbot,0.59411,0.07175,0.33225,0.00000,0.00000,-0.00000,0.00000,22.00,0.00,0.00,0.0000,0.0000,-0.5486,0.0000,0,0
2026-08-25 16:06:35.944047,1610,flowbot,0.59411,0.07175,0.33225,0.00000,0.00000,-0.00000,0.00000,22.00,0.00,0.00,0.0000,0.0000,-0.5486,0.0000,0,0
2026-08-25 16:06:35.993352,1611,flowbot,0.59411,0.07175,0.33225,0.00000,0.00000,-0.00000,0.00000,22.00,0.00,0.00,0.0000,0.0000,-0.5486,0.0000,0,0
2026-08-25 16:06:36.045756,1612,flowbot,0.59411,0.07175,0.33225,0.00000,0.00000,-0.00000,0.00000,22.00,0.00,0.00,0.0000,0.0000,-0.5486,0.0000,0,0
2026-08-25 16:06:36.097237,1613,flowbot,0.59411,0.07175,0.33225,0.00000,0.00000,-0.00000,0.00000,22.00,0.00,0.00,0.0000,0.0000,-1.4286,0.0000,0,0
2026-08-25 16:06:36.151994,1614,flowbot,0.59411,0.07175,0.33225,0.00000,0.00000,-0.00000,0.00000,22.00,0.00,0.00,0.0000,0.0000,-1.4286,0.0000,0,0
2026-08-25 16:06:36.205070,1615,flowbot,0.59411,0.07175,0.33225,0.00000,0.00000,-0.00000,0.00000,22.00,0.00,0.00,0.0000,0.0000,-1.4286,0.0000,0,0
2026-08-25 16:06:36.257790,1616,flowbot,0.59411,0.07175,0.33225,0.00000,0.00000,-0.00000,0.00000,22.00,0.00,0.00,0.0000,0.0000,-1.4286,0.0000,0,0
2026-08-25 16:06:36.311519,1617,flowbot,0.59411,0.07175,0.33225,0.00000,0.00000,-0.00000,0.00000,22.00,0.00,0.00,0.0000,0.0000,-1.1314,0.0000,0,0
2026-08-25 16:06:36.368393,1618,flowbot,0.59411,0.07175,0.33225,0.00000,0.00000,-0.00000,0.00000,22.00,0.00,0.00,0.0000,0.0000,-1.1314,0.0000,0,0
2026-08-25 16:06:36.421569,1619,flowbot,0.59411,0.07175,0.33225,0.00000,0.00000,-0.00000,0.00000,22.00,0.00,0.00,0.0000,0.0000,-1.1314,0.0000,0,0
2026-08-25 16:06:36.472183,1620,flowbot,0.59411,0.07175,0.33225,0.00000,0.00000,-0.00000,0.00000,22.00,0.00,0.00,0.0000,0.0000,-1.1314,0.0000,0,0
2026-08-25 16:06:36.524832,1621,flowbot,0.59411,0.07175,0.33225,0.00000,0.00000,-0.00000,0.00000,22.00,0.00,0.00,0.0000,0.0000,0.0000,0.0000,0,0
2026-08-25 16:06:36.579708,1622,flowbot,0.59411,0.07175,0.33225,0.00000,0.00000,-0.00000,0.00000,22.00,0.00,0.00,0.0000,0.0000,0.0000,0.0000,0,0
2026-08-25 16:06:36.635750,1623,flowbot,0.59411,0.07175,0.33225,0.00000,0.00000,-0.00000,0.00000,22.00,0.00,0.00,0.0000,0.0000,0.0000,0.0000,0,0
2026-08-25 16:06:36.690390,1624,flowbot,0.59411,0.07175,0.33225,0.00000,0.00000,-0.00000,0.00000,22.00,0.00,0.00,0.0000,0.0000,0.0000,0.0000,0,0
2026-08-25 16:06:36.746989,1625,flowbot,0.59411,0.07175,0.33225,0.00000,0.00000,-0.00000,0.00000,22.00,0.00,0.00,0.0000,0.0000,0.0000,0.0000,0,0
2026-08-25 16:06:36.804251,1626,flowbot,0.59411,0.07175,0.33225,0.00000,0.00000,-0.00000,0.00000,22.00,0.00,0.00,0.0000,0.0000,0.0000,0.0000,0,0
2026-08-25 16:06:36.857896,1627,flowbot,0.59411,0.07175,0.33225,0.00000,0.00000,-0.00000,0.00000,22.00,0.00,0.00,0.0000,0.0000,0.0000,0.0000,0,0
2026-08-25 16:06:36.909399,1628,flowbot,0.59411,0.07175,0.33225,0.00000,0.00000,-0.00000,0.00000,22.00,0.00,0.00,0.0000,0.0000,0.0000,0.0000,0,0
2026-08-25 16:06:36.962814,1629,flowbot,0.59411,0.07175,0.33225,0.00000,0.00000,-0.00000,0.00000,22.00,0.00,0.00,0.0000,0.0000,0.0000,0.0000,0,0
2026-08-25 16:06:37.013622,1630,flowbot,0.59411,0.07175,0.33225,0.00000,0.00000,-0.00000,0.00000,22.00,0.00,0.00,0.0000,0.0000,0.0000,0.0000,0,0
2026-08-25 16:06:37.068544,1631,flowbot,0.59411,0.07175,0.33225,0.00000,0.00000,-0.00000,0.00000,22.00,0.00,0.00,0.0000,0.0000,0.0000,0.0000,0,0
2026-08-25 16:06:37.115545,1632,flowbot,0.59411,0.07175,0.33225,0.00000,0.00000,-0.00000,0.00000,22.00,0.00,0.00,0.0000,0.0000,0.0000,0.0000,0,0
2026-08-25 16:06:37.168818,1633,flowbot,0.59411,0.07175,0.33225,0.00000,0.00000,-0.00000,0.00000,22.00,0.00,0.00,0.0000,0.0000,0.0000,0.0000,0,0
2026-08-25 16:06:37.224072,1634,flowbot,0.59411,0.07175,0.33225,0.00000,0.00000,-0.00000,0.00000,22.00,0.00,0.00,0.0000,0.0000,0.0000,0.0000,0,0
2026-08-25 16:06:37.274701,1635,flowbot,0.59411,0.07175,0.33225,0.00000,0.00000,-0.00000,0.00000,22.00,0.00,0.00,0.0000,0.0000,0.0000,0.0000,0,0
2026-08-25 16:06:37.327012,1636,flowbot,0.59411,0.07175,0.33225,0.00000,0.00000,-0.00000,0.00000,22.00,0.00,0.00,0.0000,0.0000,-0.1600,0.0000,0,0
2026-08-25 16:06:37.384562,1637,flowbot,0.59411,0.07175,0.33225,0.00000,0.00000,-0.00000,0.00000,22.00,0.00,0.00,0.0000,0.0000,-0.1600,0.0000,0,0
2026-08-25 16:06:37.435377,1638,flowbot,0.59411,0.07175,0.33225,0.00000,0.00000,-0.00000,0.00000,22.00,0.00,0.00,0.0000,0.0000,-0.1600,0.0000,0,0
2026-08-25 16:06:37.486862,1639,flowbot,0.59411,0.07175,0.33225,0.00000,0.00000,-0.00000,0.00000,22.00,0.00,0.00,0.0000,0.0000,-0.1600,0.0000,0,0
2026-08-25 16:06:37.539051,1640,flowbot,0.59411,0.07175,0.33225,0.00000,0.00000,-0.00000,0.00000,22.00,0.00,0.00,0.0000,0.0000,-0.3857,0.0000,0,0
2026-08-25 16:06:37.589841,1641,flowbot,0.59411,0.07175,0.33225,0.00000,0.00000,-0.00000,0.00000,22.00,0.00,0.00,0.0000,0.0000,-0.3857,0.0000,0,0
2026-08-25 16:06:37.639758,1642,flowbot,0.59411,0.07175,0.33225,0.00000,0.00000,-0.00000,0.00000,22.00,0.00,0.00,0.0000,0.0000,-0.3857,0.0000,0,0
2026-08-25 16:06:37.694499,1643,flowbot,0.59411,0.07175,0.33225,0.00000,0.00000,-0.00000,0.00000,22.00,0.00,0.00,0.0000,0.0000,-0.3857,0.0000,0,0
2026-08-25 16:06:37.748167,1644,flowbot,0.59411,0.07175,0.33225,0.00000,0.00000,-0.00000,0.00000,22.00,0.00,0.00,0.0000,0.0000,-0.5000,0.0000,0,0
2026-08-25 16:06:37.802937,1645,flowbot,0.59411,0.07175,0.33225,0.00000,0.00000,-0.00000,0.00000,22.00,0.00,0.00,0.0000,0.0000,-0.5000,0.0000,0,0
2026-08-25 16:06:37.852843,1646,flowbot,0.59411,0.07175,0.33225,0.00000,0.00000,-0.00000,0.00000,22.00,0.00,0.00,0.0000,0.0000,-0.5000,0.0000,0,0
2026-08-25 16:06:37.901866,1647,flowbot,0.59411,0.07175,0.33225,0.00000,0.00000,-0.00000,0.00000,22.00,0.00,0.00,0.0000,0.0000,-0.5000,0.0000,0,0
2026-08-25 16:06:37.952381,1648,flowbot,0.59411,0.07175,0.33225,0.00000,0.00000,-0.00000,0.00000,22.00,0.00,0.00,0.0000,0.0000,-0.3600,0.0000,0,0
2026-08-25 16:06:38.007446,1649,flowbot,0.59411,0.07175,0.33225,0.00000,0.00000,-0.00000,0.00000,22.00,0.00,0.00,0.0000,0.0000,-0.3600,0.0000,0,0
2026-08-25 16:06:38.058334,1650,flowbot,0.59411,0.07175,0.33225,0.00000,0.00000,-0.00000,0.00000,22.00,0.00,0.00,0.0000,0.0000,-0.3600,0.0000,0,0
2026-08-25 16:06:38.109672,1651,flowbot,0.59411,0.07175,0.33225,0.00000,0.00000,-0.00000,0.00000,22.00,0.00,0.00,0.0000,0.0000,-0.3600,0.0000,0,0
2026-08-25 16:06:38.162888,1652,flowbot,0.59411,0.07175,0.33225,0.00000,0.00000,-0.00000,0.00000,22.00,0.00,0.00,0.0000,0.0000,0.0000,0.0000,0,0
2026-08-25 16:06:38.220177,1653,flowbot,0.59411,0.07175,0.33225,0.00000,0.00000,-0.00000,0.00000,22.00,0.00,0.00,0.0000,0.0000,0.0000,0.0000,0,0
2026-08-25 16:06:38.274263,1654,flowbot,0.59411,0.07175,0.33225,0.00000,0.00000,-0.00000,0.00000,22.00,0.00,0.00,0.0000,0.0000,0.0000,0.0000,0,0
2026-08-25 16:06:38.328566,1655,flowbot,0.59411,0.07175,0.33225,0.00000,0.00000,-0.00000,0.00000,22.00,0.00,0.00,0.0000,0.0000,0.0000,0.0000,0,0
2026-08-25 16:06:38.379715,1656,flowbot,0.59411,0.07175,0.33225,0.00000,0.00000,-0.00000,0.00000,22.00,0.00,0.00,0.0000,0.0000,-0.9200,0.0000,0,0
2026-08-25 16:06:38.434218,1657,flowbot,0.59411,0.07175,0.33225,0.00000,0.00000,-0.00000,0.00000,22.00,0.00,0.00,0.0000,0.0000,-0.9200,0.0000,0,0
2026-08-25 16:06:38.488161,1658,flowbot,0.59411,0.07175,0.33225,0.00000,0.00000,-0.00000,0.00000,22.00,0.00,0.00,0.0000,0.0000,-0.9200,0.0000,0,0
2026-08-25 16:06:38.537384,1659,flowbot,0.59411,0.07175,0.33225,0.00000,0.00000,-0.00000,0.00000,22.00,0.00,0.00,0.0000,0.0000,-0.9200,0.0000,0,0
2026-08-25 16:06:38.590690,1660,flowbot,0.59411,0.07175,0.33225,0.00000,0.00000,-0.00000,0.00000,22.00,0.00,0.00,0.0000,0.0000,-1.4286,0.0000,0,0
2026-08-25 16:06:38.648853,1661,flowbot,0.59411,0.07175,0.33225,0.00000,0.00000,-0.00000,0.00000,22.00,0.00,0.00,0.0000,0.0000,-1.4286,0.0000,0,0
2026-08-25 16:06:38.703817,1662,flowbot,0.59411,0.07175,0.33225,0.00000,0.00000,-0.00000,0.00000,22.00,0.00,0.00,0.0000,0.0000,-1.4286,0.0000,0,0
2026-08-25 16:06:38.756170,1663,flowbot,0.59411,0.07175,0.33225,0.00000,0.00000,-0.00000,0.00000,22.00,0.00,0.00,0.0000,0.0000,-1.4286,0.0000,0,0
2026-08-25 16:06:38.806583,1664,flowbot,0.59411,0.07175,0.33225,0.00000,0.00000,-0.00000,0.00000,22.00,0.00,0.00,0.0000,0.0000,-0.4086,0.0000,0,0
2026-08-25 16:06:38.862872,1665,flowbot,0.59411,0.07175,0.33225,0.00000,0.00000,-0.00000,0.00000,22.00,0.00,0.00,0.0000,0.0000,-0.4086,0.0000,0,0
2026-08-25 16:06:38.918028,1666,flowbot,0.59411,0.07175,0.33225,0.00000,0.00000,-0.00000,0.00000,22.00,0.00,0.00,0.0000,0.0000,-0.4086,0.0000,0,0
2026-08-25 16:06:38.972654,1667,flowbot,0.59411,0.07175,0.33225,0.00000,0.00000,-0.00000,0.00000,22.00,0.00,0.00,0.0000,0.0000,-0.4086,0.0000,0,0
2026-08-25 16:06:39.021673,1668,flowbot,0.59411,0.07175,0.33225,0.00000,0.00000,-0.00000,0.00000,22.00,0.00,0.00,0.0000,0.0000,0.0000,0.0000,0,0
2026-08-25 16:06:39.076985,1669,flowbot,0.59411,0.07175,0.33225,0.00000,0.00000,-0.00000,0.00000,22.00,0.00,0.00,0.0000,0.0000,0.0000,0.0000,0,0
2026-08-25 16:06:39.129459,1670,flowbot,0.59411,0.07175,0.33225,0.00000,0.00000,-0.00000,0.00000,22.00,0.00,0.00,0.0000,0.0000,0.0000,0.0000,0,0
2026-08-25 16:06:39.182973,1671,flowbot,0.59411,0.07175,0.33225,0.00000,0.00000,-0.00000,0.00000,22.00,0.00,0.00,0.0000,0.0000,0.0000,0.0000,0,0
2026-08-25 16:06:39.238448,1672,flowbot,0.59411,0.07175,0.33225,0.00000,0.00000,-0.00000,0.00000,22.00,0.00,0.00,0.0000,0.0000,0.0000,0.0000,0,0
2026-08-25 16:06:39.287356,1673,flowbot,0.59411,0.07175,0.33225,0.00000,0.00000,-0.00000,0.00000,22.00,0.00,0.00,0.0000,0.0000,0.0000,0.0000,0,0
2026-08-25 16:06:39.345670,1674,flowbot,0.59411,0.07175,0.33225,0.00000,0.00000,-0.00000,0.00000,22.00,0.00,0.00,0.0000,0.0000,0.0000,0.0000,0,0
2026-08-25 16:06:39.392464,1675,franka,0.59411,0.07175,0.33225,0.00000,0.00000,-0.00000,0.00000,22.00,0.00,0.00,0.0000,0.0000,0.0000,0.0000,1,0
2026-08-25 16:06:39.446727,1676,franka,0.59412,0.07172,0.33225,0.00000,0.00000,-0.00000,0.00000,22.00,0.00,0.00,0.0000,0.0000,0.0000,0.0000,0,0
2026-08-25 16:06:39.500245,1677,franka,0.59412,0.07169,0.33231,0.00000,0.00000,0.00000,0.00000,22.00,0.00,0.00,0.0000,0.0000,0.0000,0.0000,0,0
2026-08-25 16:06:39.554418,1678,franka,0.59412,0.07169,0.33232,0.00000,0.00000,0.00000,0.00000,22.00,0.00,0.00,0.0000,0.0000,0.0000,0.0000,0,0
2026-08-25 16:06:39.608237,1679,franka,0.59412,0.07169,0.33232,0.00000,0.00000,0.00000,0.00000,22.00,0.00,0.00,0.0000,0.0000,0.0000,0.0000,0,0
2026-08-25 16:06:39.664083,1680,franka,0.59412,0.07169,0.33232,0.00000,0.00000,0.00000,0.00000,22.00,0.00,0.00,0.0000,0.0000,0.0000,0.0000,0,0
2026-08-25 16:06:39.712871,1681,franka,0.59412,0.07169,0.33232,0.00000,0.00000,0.00000,0.00000,22.00,0.00,0.00,0.0000,0.0000,0.0000,0.0000,0,0
2026-08-25 16:06:39.766689,1682,franka,0.59412,0.07169,0.33232,0.00000,0.00000,0.00000,0.00000,22.00,0.00,0.00,0.0000,0.0000,0.0000,0.0000,0,0
2026-08-25 16:06:39.820628,1683,franka,0.59413,0.07168,0.33232,0.00000,0.00000,0.00000,0.00000,22.00,0.00,0.00,0.0000,0.0000,0.0000,0.0000,0,0
2026-08-25 16:06:39.874077,1684,franka,0.59412,0.07169,0.33232,0.00000,0.00000,0.00000,0.00000,22.00,0.00,0.00,0.0000,0.0000,0.0000,0.0000,0,0
2026-08-25 16:06:39.927640,1685,franka,0.59413,0.07169,0.33233,0.00000,0.00000,0.00000,0.00000,22.00,0.00,0.00,0.0000,0.0000,0.0000,0.0000,0,0
2026-08-25 16:06:39.981214,1686,franka,0.59413,0.07168,0.33232,0.00000,0.00000,0.00000,0.00000,22.00,0.00,0.00,0.0000,0.0000,0.0000,0.0000,0,0
2026-08-25 16:06:40.036060,1687,franka,0.59413,0.07169,0.33233,0.00000,0.00000,0.00000,0.00000,22.00,0.00,0.00,0.0000,0.0000,0.0000,0.0000,0,0
2026-08-25 16:06:40.090328,1688,franka,0.59412,0.07168,0.33232,0.00000,0.00000,0.00000,0.00000,22.00,0.00,0.00,0.0000,0.0000,0.0000,0.0000,0,0
2026-08-25 16:06:40.143887,1689,franka,0.59412,0.07168,0.33232,0.00000,0.00000,0.00000,0.00000,22.00,0.00,0.00,0.0000,-0.0457,0.0000,0.0114,0,0
2026-08-25 16:06:40.197348,1690,franka,0.59412,0.07169,0.33232,0.00000,0.00000,0.00000,0.00000,22.00,0.00,0.00,-0.1000,-0.0714,0.0000,0.0714,0,0
2026-08-25 16:06:40.251041,1691,franka,0.59413,0.07165,0.33232,0.00000,-0.00483,0.00000,0.00000,22.00,0.00,0.00,-0.3800,0.0114,0.0000,0.0000,0,0
2026-08-25 16:06:40.304941,1692,franka,0.59414,0.07076,0.33235,0.00000,-0.03000,0.00000,0.00000,22.00,0.00,0.00,-0.4743,0.0000,0.1086,-0.0486,0,0
2026-08-25 16:06:40.359689,1693,franka,0.59413,0.06920,0.33233,0.00000,-0.03000,0.00000,0.00000,22.00,0.00,0.00,-0.5000,0.0000,0.1600,0.0000,0,0
2026-08-25 16:06:40.408687,1694,franka,0.59414,0.06761,0.33233,0.00000,-0.03000,0.00000,0.00000,22.00,0.00,0.00,-0.6457,0.0000,0.1800,0.0000,0,0
2026-08-25 16:06:40.462430,1695,franka,0.59412,0.06622,0.33231,0.00000,-0.03000,0.00000,0.00000,22.00,0.00,0.00,-0.6743,0.0000,0.1571,0.0000,0,0
2026-08-25 16:06:40.516326,1696,franka,0.59412,0.06469,0.33230,0.00000,-0.03000,0.00000,0.00000,22.00,0.00,0.00,-0.6571,0.0000,0.1486,0.0000,0,0
2026-08-25 16:06:40.569743,1697,franka,0.59413,0.06308,0.33231,0.00000,-0.03000,0.00000,0.00000,22.00,0.00,0.00,-0.5486,0.0000,0.1257,0.0000,0,0
2026-08-25 16:06:40.623833,1698,franka,0.59412,0.06161,0.33229,0.00000,-0.03000,0.00000,0.00000,22.00,0.00,0.00,-0.4857,0.0000,0.1029,0.0000,0,0
2026-08-25 16:06:40.678049,1699,franka,0.59411,0.06018,0.33228,0.00000,-0.03000,0.00000,0.00000,22.00,0.00,0.00,-0.2486,0.0000,0.0257,0.0143,0,0
2026-08-25 16:06:40.732177,1700,franka,0.59412,0.05858,0.33229,0.00000,-0.03000,0.00000,0.00000,22.00,0.00,0.00,0.0000,0.0000,0.0000,0.0000,0,0
2026-08-25 16:06:40.785575,1701,franka,0.59412,0.05714,0.33230,0.00000,-0.02323,0.00000,0.00000,22.00,0.00,0.00,0.0000,0.0000,0.0000,0.0000,0,0
2026-08-25 16:06:40.839067,1702,franka,0.59412,0.05658,0.33229,0.00000,-0.00000,0.00000,0.00000,22.00,0.00,0.00,0.0000,0.0000,0.0000,0.0000,0,0
2026-08-25 16:06:40.894222,1703,franka,0.59412,0.05666,0.33229,0.00000,-0.00000,0.00000,0.00000,22.00,0.00,0.00,0.0000,0.0000,0.0000,0.0000,0,0
2026-08-25 16:06:40.947943,1704,franka,0.59411,0.05673,0.33229,0.00000,-0.00000,0.00000,0.00000,22.00,0.00,0.00,0.0000,0.0000,0.0000,0.0000,0,0
2026-08-25 16:06:41.001546,1705,franka,0.59412,0.05664,0.33230,0.00000,-0.00000,0.00000,0.00000,22.00,0.00,0.00,0.0000,0.0000,0.0000,0.0000,0,0
2026-08-25 16:06:41.054982,1706,franka,0.59411,0.05669,0.33230,0.00000,-0.00000,0.00000,0.00000,22.00,0.00,0.00,0.0000,0.0000,0.0000,0.0000,0,0
2026-08-25 16:06:41.108257,1707,franka,0.59412,0.05664,0.33230,0.00000,0.00000,0.00000,0.00000,22.00,0.00,0.00,0.0000,0.0000,0.0000,0.0000,0,0
2026-08-25 16:06:41.161837,1708,franka,0.59412,0.05664,0.33230,0.00000,0.00000,0.00000,0.00000,22.00,0.00,0.00,0.0000,0.0000,0.0000,0.0000,0,0
2026-08-25 16:06:41.215149,1709,franka,0.59412,0.05668,0.33230,0.00000,0.00000,0.00000,0.00000,22.00,0.00,0.00,0.0000,0.0000,0.0000,0.0000,0,0
2026-08-25 16:06:41.268546,1710,franka,0.59412,0.05665,0.33230,0.00000,0.00000,0.00000,0.00000,22.00,0.00,0.00,0.0000,0.0000,0.0000,0.0000,0,0
2026-08-25 16:06:41.322971,1711,franka,0.59412,0.05664,0.33230,0.00000,-0.00000,0.00000,0.00000,22.00,0.00,0.00,0.0000,0.0000,0.0000,0.0000,0,0
2026-08-25 16:06:41.376663,1712,franka,0.59412,0.05666,0.33230,0.00000,-0.00000,0.00000,0.00000,22.00,0.00,0.00,0.0000,0.0000,0.0000,0.0000,0,0
2026-08-25 16:06:41.431224,1713,franka,0.59412,0.05665,0.33230,0.00000,-0.00000,0.00000,0.00000,22.00,0.00,0.00,0.0000,0.0000,0.0000,0.0000,0,0
2026-08-25 16:06:41.484720,1714,franka,0.59412,0.05665,0.33230,0.00000,-0.00000,0.00000,0.00000,22.00,0.00,0.00,0.0000,0.0000,0.0000,0.0000,0,0
2026-08-25 16:06:41.538382,1715,franka,0.59412,0.05666,0.33230,0.00000,-0.00000,0.00000,0.00000,22.00,0.00,0.00,0.0000,0.0000,0.0000,0.0000,0,0
2026-08-25 16:06:41.591899,1716,franka,0.59412,0.05665,0.33229,0.00000,-0.00000,0.00000,0.00000,22.00,0.00,0.00,0.0000,0.0000,0.0000,0.0000,0,0
2026-08-25 16:06:41.645529,1717,franka,0.59412,0.05665,0.33230,0.00000,-0.00000,0.00000,0.00000,22.00,0.00,0.00,0.0000,0.0000,0.0000,0.0000,0,0
2026-08-25 16:06:41.699033,1718,franka,0.59412,0.05666,0.33230,0.00000,-0.00000,0.00000,0.00000,22.00,0.00,0.00,0.0257,0.0000,0.0000,0.0000,0,0
2026-08-25 16:06:41.752880,1719,franka,0.59412,0.05665,0.33230,0.00000,-0.00000,0.00000,0.00000,22.00,0.00,0.00,0.0000,0.0000,0.0000,0.0000,0,0
2026-08-25 16:06:41.806362,1720,franka,0.59412,0.05666,0.33230,0.00000,-0.00000,0.00000,0.00000,22.00,0.00,0.00,0.0000,0.0000,0.0000,0.0000,0,0
2026-08-25 16:06:41.859734,1721,franka,0.59412,0.05665,0.33230,0.00000,-0.00000,0.00000,0.00000,22.00,0.00,0.00,0.0000,0.0000,0.0000,0.0000,0,0
2026-08-25 16:06:41.913232,1722,franka,0.59412,0.05666,0.33230,0.00000,-0.00000,0.00000,0.00000,22.00,0.00,0.00,0.0000,0.0000,0.0000,0.0000,0,0
2026-08-25 16:06:41.966660,1723,franka,0.59412,0.05665,0.33230,0.00000,-0.00000,0.00000,0.00000,22.00,0.00,0.00,0.0000,0.0000,0.0000,0.0000,1,0
2026-08-25 16:06:42.021466,1724,flowbot,0.59412,0.05665,0.33230,0.00000,-0.00000,0.00000,0.00000,22.00,0.00,0.00,0.0000,0.0000,0.0000,0.0000,1,0
2026-08-25 16:06:42.074033,1725,flowbot,0.59412,0.05665,0.33230,0.00000,-0.00000,0.00000,0.00000,22.00,0.00,0.00,0.0000,0.0000,0.0000,0.0000,1,0
2026-08-25 16:06:42.127697,1726,flowbot,0.59412,0.05665,0.33230,0.00000,-0.00000,0.00000,0.00000,22.00,0.00,0.00,0.0000,0.0000,0.0000,0.0000,1,0
2026-08-25 16:06:42.180166,1727,flowbot,0.59412,0.05665,0.33230,0.00000,-0.00000,0.00000,0.00000,22.00,0.00,0.00,0.0000,0.0000,0.0000,0.0000,1,0
2026-08-25 16:06:42.228740,1728,flowbot,0.59412,0.05665,0.33230,0.00000,-0.00000,0.00000,0.00000,22.00,0.00,0.00,0.0000,0.0000,0.0000,0.0000,1,0
2026-08-25 16:06:42.283584,1729,flowbot,0.59412,0.05665,0.33230,0.00000,-0.00000,0.00000,0.00000,22.00,0.00,0.00,0.0000,0.0000,0.0000,0.0000,1,0
2026-08-25 16:06:42.339021,1730,flowbot,0.59412,0.05665,0.33230,0.00000,-0.00000,0.00000,0.00000,22.00,0.00,0.00,0.0000,0.0000,0.0000,0.0000,1,0
2026-08-25 16:06:42.388083,1731,flowbot,0.59412,0.05665,0.33230,0.00000,-0.00000,0.00000,0.00000,22.00,0.00,0.00,0.0000,0.0000,0.0000,0.0000,1,0
2026-08-25 16:06:42.439985,1732,flowbot,0.59412,0.05665,0.33230,0.00000,-0.00000,0.00000,0.00000,22.00,0.00,0.00,0.0000,0.0000,0.0000,0.0000,0,0
2026-08-25 16:06:42.495845,1733,flowbot,0.59412,0.05665,0.33230,0.00000,-0.00000,0.00000,0.00000,22.00,0.00,0.00,0.0000,0.0000,0.0000,0.0000,0,0
2026-08-25 16:06:42.551422,1734,flowbot,0.59412,0.05665,0.33230,0.00000,-0.00000,0.00000,0.00000,22.00,0.00,0.00,0.0000,0.0000,0.0000,0.0000,0,0
2026-08-25 16:06:42.601064,1735,flowbot,0.59412,0.05665,0.33230,0.00000,-0.00000,0.00000,0.00000,22.00,0.00,0.00,0.0000,0.0000,0.0000,0.0000,0,0
2026-08-25 16:06:42.654346,1736,flowbot,0.59412,0.05665,0.33230,0.00000,-0.00000,0.00000,0.00000,22.00,0.00,0.00,0.0000,0.0000,0.0000,0.0000,0,0
2026-08-25 16:06:42.709010,1737,flowbot,0.59412,0.05665,0.33230,0.00000,-0.00000,0.00000,0.00000,22.00,0.00,0.00,0.0000,0.0000,0.0000,0.0000,0,0
2026-08-25 16:06:42.759899,1738,flowbot,0.59412,0.05665,0.33230,0.00000,-0.00000,0.00000,0.00000,22.00,0.00,0.00,0.0000,0.0000,0.0000,0.0000,0,0
2026-08-25 16:06:42.815537,1739,flowbot,0.59412,0.05665,0.33230,0.00000,-0.00000,0.00000,0.00000,22.00,0.00,0.00,0.0000,0.0000,0.0000,0.0000,0,0
2026-08-25 16:06:42.869514,1740,flowbot,0.59412,0.05665,0.33230,0.00000,-0.00000,0.00000,0.00000,22.00,0.00,0.00,0.0000,0.0000,0.0000,0.0000,0,0
2026-08-25 16:06:42.926503,1741,flowbot,0.59412,0.05665,0.33230,0.00000,-0.00000,0.00000,0.00000,22.00,0.00,0.00,0.0000,0.0000,0.0000,0.0000,0,0
2026-08-25 16:06:42.976141,1742,flowbot,0.59412,0.05665,0.33230,0.00000,-0.00000,0.00000,0.00000,22.00,0.00,0.00,0.0000,0.0000,0.0000,0.0000,0,0
2026-08-25 16:06:43.029165,1743,flowbot,0.59412,0.05665,0.33230,0.00000,-0.00000,0.00000,0.00000,22.00,0.00,0.00,0.0000,0.0000,0.0000,0.0000,0,0
2026-08-25 16:06:43.082218,1744,flowbot,0.59412,0.05665,0.33230,0.00000,-0.00000,0.00000,0.00000,22.00,0.00,0.00,0.0000,0.0000,0.0000,0.0000,0,0
2026-08-25 16:06:43.139339,1745,flowbot,0.59412,0.05665,0.33230,0.00000,-0.00000,0.00000,0.00000,22.00,0.00,0.00,0.0000,0.0000,0.0000,0.0000,0,0
2026-08-25 16:06:43.193707,1746,flowbot,0.59412,0.05665,0.33230,0.00000,-0.00000,0.00000,0.00000,22.00,0.00,0.00,0.0000,0.0000,0.0000,0.0000,0,0
2026-08-25 16:06:43.246439,1747,flowbot,0.59412,0.05665,0.33230,0.00000,-0.00000,0.00000,0.00000,22.00,0.00,0.00,0.0000,0.0000,0.0000,0.0000,0,0
2026-08-25 16:06:43.296128,1748,flowbot,0.59412,0.05665,0.33230,0.00000,-0.00000,0.00000,0.00000,22.00,0.00,0.00,0.0000,0.0000,0.0000,0.0000,0,0
2026-08-25 16:06:43.350149,1749,flowbot,0.59412,0.05665,0.33230,0.00000,-0.00000,0.00000,0.00000,22.00,0.00,0.00,0.0000,0.0000,0.0000,0.0000,0,0
2026-08-25 16:06:43.402567,1750,flowbot_release,0.59412,0.05665,0.33230,0.00000,-0.00000,0.00000,0.00000,22.00,0.00,0.00,0.0000,0.0000,0.0000,0.0000,0,0
2026-08-25 16:06:43.456459,1751,flowbot_release,0.59412,0.05665,0.33230,0.00000,-0.00000,0.00000,0.00000,22.00,0.00,0.00,0.0000,0.0000,0.0000,0.0000,0,0
2026-08-25 16:06:43.511588,1752,flowbot_release,0.59412,0.05665,0.33230,0.00000,-0.00000,0.00000,0.00000,22.00,0.00,0.00,0.0000,0.0000,0.0000,0.0000,0,0
2026-08-25 16:06:43.580124,1753,flowbot_release,0.59412,0.05665,0.33230,0.00000,-0.00000,0.00000,0.00000,22.00,0.00,0.00,0.0000,0.0000,0.0000,0.0000,1,1
2026-08-25 16:06:43.633755,1754,flowbot_release,0.59412,0.05665,0.33230,0.00000,-0.00000,0.00000,0.00000,22.00,0.00,0.00,0.0000,0.0000,0.0000,0.0000,1,1
2026-08-25 16:06:43.685221,1755,flowbot_release,0.59412,0.05665,0.33230,0.00000,-0.00000,0.00000,0.00000,22.00,0.00,0.00,0.0000,0.0000,0.0000,0.0000,1,1
2026-08-25 16:06:43.734891,1756,flowbot_release,0.59412,0.05665,0.33230,0.00000,-0.00000,0.00000,0.00000,22.00,0.00,0.00,0.0000,0.0000,0.0000,0.0000,1,1
2026-08-25 16:06:43.789803,1757,flowbot,0.59412,0.05665,0.33230,0.00000,-0.00000,0.00000,0.00000,22.00,0.00,0.00,0.0000,0.0000,0.0000,0.0000,1,1
2026-08-25 16:06:43.850251,1758,flowbot,0.59412,0.05665,0.33230,0.00000,-0.00000,0.00000,0.00000,22.00,0.00,0.00,0.0000,0.0000,0.0000,0.0000,1,1
2026-08-25 16:06:43.905685,1759,flowbot,0.59412,0.05665,0.33230,0.00000,-0.00000,0.00000,0.00000,22.00,0.00,0.00,0.0000,0.0000,0.0000,0.0000,1,1
2026-08-25 16:06:43.957142,1760,flowbot,0.59412,0.05665,0.33230,0.00000,-0.00000,0.00000,0.00000,22.00,0.00,0.00,0.0000,0.0000,0.0000,0.0000,1,1
2026-08-25 16:06:44.008794,1761,flowbot,0.59412,0.05665,0.33230,0.00000,-0.00000,0.00000,0.00000,22.00,0.00,0.00,0.0000,0.0000,0.0000,0.0000,0,0
2026-08-25 16:06:44.065698,1762,flowbot,0.59412,0.05665,0.33230,0.00000,-0.00000,0.00000,0.00000,22.00,0.00,0.00,0.0000,0.0000,0.0000,0.0000,0,0
2026-08-25 16:06:44.118879,1763,flowbot,0.59412,0.05665,0.33230,0.00000,-0.00000,0.00000,0.00000,22.00,0.00,0.00,0.0000,0.0000,0.0000,0.0000,0,0
2026-08-25 16:06:44.173074,1764,flowbot,0.59412,0.05665,0.33230,0.00000,-0.00000,0.00000,0.00000,22.00,0.00,0.00,0.0000,0.1943,-1.0743,0.0000,0,0
2026-08-25 16:06:44.226171,1765,flowbot,0.59412,0.05665,0.33230,0.00000,-0.00000,0.00000,0.00000,22.00,0.00,0.00,0.0000,0.1943,-1.0743,0.0000,0,0
2026-08-25 16:06:44.280136,1766,flowbot,0.59412,0.05665,0.33230,0.00000,-0.00000,0.00000,0.00000,22.00,0.00,0.00,0.0000,0.1943,-1.0743,0.0000,0,0
2026-08-25 16:06:44.336634,1767,flowbot,0.59412,0.05665,0.33230,0.00000,-0.00000,0.00000,0.00000,22.00,0.00,0.00,0.0000,0.1943,-1.0743,0.0000,0,0
2026-08-25 16:06:44.388750,1768,flowbot,0.59412,0.05665,0.33230,0.00000,-0.00000,0.00000,0.00000,22.00,0.00,0.00,0.0000,0.1714,-1.0571,0.0000,0,0
2026-08-25 16:06:44.442653,1769,flowbot,0.59412,0.05665,0.33230,0.00000,-0.00000,0.00000,0.00000,22.00,0.00,0.00,0.0000,0.1714,-1.0571,0.0000,0,0
2026-08-25 16:06:44.495622,1770,flowbot,0.59412,0.05665,0.33230,0.00000,-0.00000,0.00000,0.00000,22.00,0.00,0.00,0.0000,0.1714,-1.0571,0.0000,0,0
2026-08-25 16:06:44.544574,1771,flowbot,0.59412,0.05665,0.33230,0.00000,-0.00000,0.00000,0.00000,22.00,0.00,0.00,0.0000,0.1714,-1.0571,0.0000,0,0
2026-08-25 16:06:44.596593,1772,flowbot,0.59412,0.05665,0.33230,0.00000,-0.00000,0.00000,0.00000,22.00,0.00,0.00,0.0000,0.2000,-1.0629,0.0000,0,0
2026-08-25 16:06:44.651608,1773,flowbot,0.59412,0.05665,0.33230,0.00000,-0.00000,0.00000,0.00000,22.00,0.00,0.00,0.0000,0.2000,-1.0629,0.0000,0,0
2026-08-25 16:06:44.702413,1774,flowbot,0.59412,0.05665,0.33230,0.00000,-0.00000,0.00000,0.00000,22.00,0.00,0.00,0.0000,0.2000,-1.0629,0.0000,0,0
2026-08-25 16:06:44.752321,1775,flowbot,0.59412,0.05665,0.33230,0.00000,-0.00000,0.00000,0.00000,22.00,0.00,0.00,0.0000,0.2000,-1.0629,0.0000,0,0
2026-08-25 16:06:44.804826,1776,flowbot,0.59412,0.05665,0.33230,0.00000,-0.00000,0.00000,0.00000,22.00,0.00,0.00,0.0000,0.0000,0.0000,0.0000,0,0
2026-08-25 16:06:44.860951,1777,flowbot,0.59412,0.05665,0.33230,0.00000,-0.00000,0.00000,0.00000,22.00,0.00,0.00,0.0000,0.0000,0.0000,0.0000,0,0
2026-08-25 16:06:44.915307,1778,flowbot,0.59412,0.05665,0.33230,0.00000,-0.00000,0.00000,0.00000,22.00,0.00,0.00,0.0000,0.0000,0.0000,0.0000,0,0
2026-08-25 16:06:44.965205,1779,franka,0.59412,0.05665,0.33230,0.00000,-0.00000,0.00000,0.00000,22.00,0.00,0.00,0.0000,0.0000,0.0000,0.0000,1,0
2026-08-25 16:06:45.021031,1780,franka,0.59412,0.05665,0.33230,0.00000,-0.00000,0.00000,0.00000,22.00,0.00,0.00,0.0000,0.0000,0.0000,0.0000,0,0
2026-08-25 16:06:45.069552,1781,franka,0.59413,0.05664,0.33235,0.00000,0.00000,0.00000,0.00000,22.00,0.00,0.00,0.0000,0.0000,0.0000,0.0000,0,0
2026-08-25 16:06:45.123110,1782,franka,0.59413,0.05664,0.33236,0.00000,0.00000,0.00000,0.00000,22.00,0.00,0.00,0.0000,0.0000,0.0000,0.0000,0,0
2026-08-25 16:06:45.177215,1783,franka,0.59413,0.05664,0.33236,0.00000,0.00000,0.00000,0.00000,22.00,0.00,0.00,0.0000,0.0000,0.0000,0.0000,0,0
2026-08-25 16:06:45.231739,1784,franka,0.59413,0.05664,0.33236,0.00000,0.00000,0.00000,0.00000,22.00,0.00,0.00,0.0000,0.0000,0.0000,0.0000,0,0
2026-08-25 16:06:45.286199,1785,franka,0.59413,0.05664,0.33236,0.00000,0.00000,0.00000,0.00000,22.00,0.00,0.00,0.0000,0.0000,0.0000,0.0000,0,0
2026-08-25 16:06:45.339601,1786,franka,0.59413,0.05665,0.33237,0.00000,0.00000,0.00000,0.00000,22.00,0.00,0.00,0.0000,0.0000,0.0000,0.0000,0,0
2026-08-25 16:06:45.392966,1787,franka,0.59413,0.05664,0.33236,0.00000,0.00000,0.00000,0.00000,22.00,0.00,0.00,0.0000,-0.1743,0.0429,0.0000,0,0
2026-08-25 16:06:45.446486,1788,franka,0.59413,0.05664,0.33237,0.00000,0.00000,0.00000,0.00000,22.00,0.00,0.00,-0.0114,-0.1629,0.1771,0.0000,0,0
2026-08-25 16:06:45.500008,1789,franka,0.59350,0.05662,0.33243,-0.02955,0.00000,0.00000,0.00000,22.00,0.00,0.00,-0.0114,-0.1629,0.1771,0.0000,0,0
2026-08-25 16:06:45.553528,1790,franka,0.59261,0.05662,0.33234,-0.00053,0.00000,0.00000,0.00000,22.00,0.00,0.00,-0.0114,-0.1629,0.1771,0.0000,0,0
2026-08-25 16:06:45.607535,1791,franka,0.59261,0.05663,0.33247,-0.00000,0.00000,0.00000,0.00000,22.00,0.00,0.00,-0.0086,0.1829,0.5000,0.0000,0,0
2026-08-25 16:06:45.661015,1792,franka,0.59257,0.05662,0.33442,-0.00000,0.00000,0.03000,0.00000,22.00,0.00,0.00,0.0000,0.1314,0.5743,0.0000,0,0
2026-08-25 16:06:45.714651,1793,franka,0.59261,0.05659,0.33616,-0.00000,0.00000,0.03000,0.00000,22.00,0.00,0.00,0.0000,0.1343,0.5629,0.0000,0,0
2026-08-25 16:06:45.768732,1794,franka,0.59260,0.05661,0.33765,-0.00000,0.00000,0.03000,0.00000,22.00,0.00,0.00,0.0000,0.0943,0.4971,0.0000,0,0
2026-08-25 16:06:45.822550,1795,franka,0.59257,0.05661,0.33897,-0.00000,0.00000,0.03000,0.00000,22.00,0.00,0.00,0.0000,0.0714,0.2257,-0.0171,0,0
2026-08-25 16:06:45.876081,1796,franka,0.59260,0.05659,0.34037,-0.00000,0.00000,0.01153,0.00000,22.00,0.00,0.00,0.0000,0.0229,0.0257,0.0000,0,0
2026-08-25 16:06:45.929554,1797,franka,0.59262,0.05659,0.34064,-0.00000,0.00000,0.00000,0.00000,22.00,0.00,0.00,-0.1600,0.0000,0.0000,0.0000,0,0
2026-08-25 16:06:45.982979,1798,franka,0.59261,0.05664,0.34053,-0.00000,-0.00117,0.00000,0.00000,22.00,0.00,0.00,-0.2429,0.0171,0.0000,-0.0314,0,0
2026-08-25 16:06:46.036562,1799,franka,0.59260,0.05585,0.34047,-0.00000,-0.02998,-0.00000,0.00000,22.00,0.00,0.00,-0.3600,0.0000,0.0000,-0.0029,0,0
2026-08-25 16:06:46.090185,1800,franka,0.59262,0.05436,0.34060,-0.00000,-0.03000,-0.00000,0.00000,22.00,0.00,0.00,-0.4686,0.0000,0.0000,0.0000,0,0
2026-08-25 16:06:46.143746,1801,franka,0.59263,0.05269,0.34060,-0.00000,-0.03000,-0.00000,0.00000,22.00,0.00,0.00,-0.5171,0.0229,0.0000,0.0000,0,0
2026-08-25 16:06:46.197720,1802,franka,0.59259,0.05129,0.34042,-0.00000,-0.03000,-0.00000,0.00000,22.00,0.00,0.00,-0.5686,0.0457,0.0000,-0.0200,0,0
2026-08-25 16:06:46.251527,1803,franka,0.59261,0.04979,0.34056,-0.00000,-0.03000,0.00000,0.00000,22.00,0.00,0.00,-0.5971,0.0743,0.0000,-0.0486,0,0
2026-08-25 16:06:46.305095,1804,franka,0.59263,0.04820,0.34059,-0.00000,-0.03000,0.00000,0.00000,22.00,0.00,0.00,-0.6086,0.0571,0.0000,-0.0514,0,0
2026-08-25 16:06:46.358608,1805,franka,0.59261,0.04673,0.34051,-0.00000,-0.03000,0.00000,0.00000,22.00,0.00,0.00,-0.5886,0.0343,0.0000,-0.0371,0,0
2026-08-25 16:06:46.412105,1806,franka,0.59260,0.04522,0.34049,-0.00000,-0.03000,0.00000,0.00000,22.00,0.00,0.00,-0.5686,0.0143,0.0000,-0.0229,0,0
2026-08-25 16:06:46.465672,1807,franka,0.59262,0.04364,0.34057,-0.00000,-0.03000,0.00000,0.00000,22.00,0.00,0.00,-0.5571,0.0029,0.0000,-0.0086,0,0
2026-08-25 16:06:46.519361,1808,franka,0.59261,0.04215,0.34055,-0.00000,-0.03000,0.00000,0.00000,22.00,0.00,0.00,-0.5457,0.0000,0.0000,-0.0086,0,0
2026-08-25 16:06:46.572818,1809,franka,0.59261,0.03909,0.34053,-0.00000,-0.03000,0.00000,0.00000,22.00,0.00,0.00,-0.5286,0.0114,0.0000,-0.0143,0,0
2026-08-25 16:06:46.626306,1810,franka,0.59261,0.03761,0.34056,-0.00000,-0.03000,0.00000,0.00000,22.00,0.00,0.00,-0.5057,0.0114,0.0000,-0.0143,0,0
2026-08-25 16:06:46.680499,1811,franka,0.59260,0.03614,0.34052,-0.00000,-0.03000,0.00000,0.00000,22.00,0.00,0.00,-0.4714,0.0200,0.0000,-0.0200,0,0
2026-08-25 16:06:46.734008,1812,franka,0.59260,0.03456,0.34052,-0.00000,-0.03000,0.00000,0.00000,22.00,0.00,0.00,-0.4629,0.0429,0.0000,-0.0400,0,0
2026-08-25 16:06:46.787472,1813,franka,0.59261,0.03302,0.34055,-0.00000,-0.03000,0.00000,0.00000,22.00,0.00,0.00,-0.4429,0.0486,0.0000,-0.0400,0,0
2026-08-25 16:06:46.841033,1814,franka,0.59261,0.03155,0.34054,-0.00000,-0.03000,0.00000,0.00000,22.00,0.00,0.00,-0.4057,0.0371,0.0000,-0.0400,0,0
2026-08-25 16:06:46.894507,1815,franka,0.59260,0.03002,0.34053,-0.00000,-0.03000,0.00000,0.00000,22.00,0.00,0.00,-0.3371,0.0000,0.0000,0.0000,0,0
2026-08-25 16:06:46.948035,1816,franka,0.59261,0.02852,0.34055,-0.00000,-0.03000,0.00000,0.00000,22.00,0.00,0.00,-0.3400,0.0000,0.0000,0.0000,0,0
2026-08-25 16:06:47.001733,1817,franka,0.59261,0.02699,0.34055,-0.00000,-0.03000,0.00000,0.00000,22.00,0.00,0.00,-0.4000,0.0400,0.0000,-0.0286,0,0
2026-08-25 16:06:47.055346,1818,franka,0.59261,0.02548,0.34053,-0.00000,-0.03000,0.00000,0.00000,22.00,0.00,0.00,-0.4400,0.0029,0.0000,-0.0286,0,0
2026-08-25 16:06:47.109699,1819,franka,0.59260,0.02398,0.34054,-0.00000,-0.03000,0.00000,0.00000,22.00,0.00,0.00,-0.4200,0.0000,0.0000,-0.0200,0,0
2026-08-25 16:06:47.163281,1820,franka,0.59261,0.02249,0.34055,-0.00000,-0.03000,0.00000,0.00000,22.00,0.00,0.00,-0.3943,0.0000,0.0000,0.0000,0,0
2026-08-25 16:06:47.216863,1821,franka,0.59261,0.02096,0.34054,-0.00000,-0.03000,0.00000,0.00000,22.00,0.00,0.00,-0.1829,0.0000,0.0000,0.0000,0,0
2026-08-25 16:06:47.270252,1822,franka,0.59261,0.01951,0.34054,-0.00000,-0.02453,0.00000,0.00000,22.00,0.00,0.00,0.0000,0.0000,0.0000,-0.0371,0,0
2026-08-25 16:06:47.323894,1823,franka,0.59261,0.01886,0.34055,-0.00000,-0.00000,0.00000,0.00000,22.00,0.00,0.00,0.0000,0.0000,0.0000,0.0000,0,0
2026-08-25 16:06:47.377323,1824,franka,0.59260,0.01893,0.34054,-0.00000,-0.00000,0.00000,0.00000,22.00,0.00,0.00,0.0000,0.0000,0.0000,0.0000,0,0
2026-08-25 16:06:47.430851,1825,franka,0.59261,0.01893,0.34055,-0.00000,-0.00000,0.00000,0.00000,22.00,0.00,0.00,0.0000,0.0000,0.0000,0.0000,0,0
2026-08-25 16:06:47.484729,1826,franka,0.59260,0.01895,0.34055,-0.00000,-0.00000,0.00000,0.00000,22.00,0.00,0.00,0.0000,0.0000,0.0000,0.0000,0,0
2026-08-25 16:06:47.539230,1827,franka,0.59260,0.01896,0.34055,-0.00000,-0.00000,0.00000,0.00000,22.00,0.00,0.00,0.0000,0.0000,0.0000,0.0000,0,0
2026-08-25 16:06:47.592684,1828,franka,0.59261,0.01893,0.34055,-0.00000,-0.00000,0.00000,0.00000,22.00,0.00,0.00,0.0000,0.0000,0.0000,0.0000,0,0
2026-08-25 16:06:47.646003,1829,franka,0.59260,0.01896,0.34056,-0.00000,-0.00000,0.00000,0.00000,22.00,0.00,0.00,0.0000,0.0000,0.0000,0.0000,0,0
2026-08-25 16:06:47.699547,1830,franka,0.59260,0.01895,0.34055,-0.00000,-0.00000,0.00000,0.00000,22.00,0.00,0.00,0.0000,0.0000,0.0000,0.0000,0,0
2026-08-25 16:06:47.753221,1831,franka,0.59261,0.01892,0.34055,-0.00000,-0.00000,0.00000,0.00000,22.00,0.00,0.00,0.0000,0.0000,0.0000,0.0000,0,0
2026-08-25 16:06:47.807797,1832,franka,0.59260,0.01896,0.34056,-0.00000,-0.00000,0.00000,0.00000,22.00,0.00,0.00,0.0000,0.0000,0.0000,0.0000,0,0
2026-08-25 16:06:47.861353,1833,franka,0.59260,0.01895,0.34055,-0.00000,-0.00000,0.00000,0.00000,22.00,0.00,0.00,0.0000,0.0000,0.0000,0.0000,0,0
2026-08-25 16:06:47.914860,1834,franka,0.59261,0.01894,0.34055,-0.00000,-0.00000,0.00000,0.00000,22.00,0.00,0.00,0.0000,0.0000,0.0000,0.0000,0,0
2026-08-25 16:06:47.968459,1835,franka,0.59260,0.01896,0.34056,-0.00000,-0.00000,0.00000,0.00000,22.00,0.00,0.00,0.0000,0.0000,0.0000,0.0000,0,0
2026-08-25 16:06:48.022080,1836,franka,0.59260,0.01895,0.34055,-0.00000,-0.00000,0.00000,0.00000,22.00,0.00,0.00,0.0000,0.0000,0.0000,0.0000,0,0
2026-08-25 16:06:48.075696,1837,franka,0.59260,0.01895,0.34055,-0.00000,-0.00000,0.00000,0.00000,22.00,0.00,0.00,0.0000,0.0000,0.0000,0.0000,0,0
2026-08-25 16:06:48.129387,1838,franka,0.59261,0.01895,0.34056,-0.00000,-0.00000,0.00000,0.00000,22.00,0.00,0.00,0.0000,0.0000,0.0000,0.0000,0,0
2026-08-25 16:06:48.183040,1839,franka,0.59261,0.01895,0.34056,-0.00000,-0.00000,0.00000,0.00000,22.00,0.00,0.00,0.0000,0.0000,0.0000,0.0000,0,0
2026-08-25 16:06:48.237035,1840,franka,0.59260,0.01895,0.34055,-0.00000,-0.00000,0.00000,0.00000,22.00,0.00,0.00,0.0000,0.0000,0.0000,0.0000,0,0
2026-08-25 16:06:48.291196,1841,franka,0.59261,0.01895,0.34055,-0.00000,-0.00000,0.00000,0.00000,22.00,0.00,0.00,0.0000,0.0000,0.0000,0.0000,0,0
2026-08-25 16:06:48.344754,1842,franka,0.59261,0.01895,0.34055,-0.00000,-0.00000,0.00000,0.00000,22.00,0.00,0.00,0.0000,0.0000,0.0000,0.0000,0,0
2026-08-25 16:06:48.398270,1843,franka,0.59260,0.01895,0.34055,-0.00000,-0.00000,0.00000,0.00000,22.00,0.00,0.00,0.0000,0.0000,0.0000,0.0000,0,0
2026-08-25 16:06:48.451708,1844,franka,0.59261,0.01895,0.34056,-0.00000,-0.00000,0.00000,0.00000,22.00,0.00,0.00,0.0000,0.0000,0.0000,0.0000,0,0
2026-08-25 16:06:48.505403,1845,franka,0.59261,0.01895,0.34055,-0.00000,-0.00000,0.00000,0.00000,22.00,0.00,0.00,-0.0914,0.0000,0.0200,0.0000,0,0
2026-08-25 16:06:48.559204,1846,franka,0.59261,0.01889,0.34056,-0.00000,-0.00677,0.00000,0.00000,22.00,0.00,0.00,-0.2086,0.0000,0.0543,0.0000,0,0
2026-08-25 16:06:48.613115,1847,franka,0.59261,0.01808,0.34055,-0.00000,-0.02362,0.00000,0.00000,22.00,0.00,0.00,-0.1971,0.0000,0.0000,0.0000,0,0
2026-08-25 16:06:48.667757,1848,franka,0.59261,0.01726,0.34055,-0.00000,-0.00752,0.00000,0.00000,22.00,0.00,0.00,-0.2857,0.0000,0.0000,0.0000,0,0
2026-08-25 16:06:48.721456,1849,franka,0.59261,0.01634,0.34053,-0.00000,-0.03000,0.00000,0.00000,22.00,0.00,0.00,-0.3086,0.0000,0.0000,0.0000,0,0
2026-08-25 16:06:48.775747,1850,franka,0.59261,0.01497,0.34054,-0.00000,-0.03000,0.00000,0.00000,22.00,0.00,0.00,-0.3971,0.0000,0.0000,0.0000,0,0
2026-08-25 16:06:48.829504,1851,franka,0.59261,0.01327,0.34054,-0.00000,-0.03000,0.00000,0.00000,22.00,0.00,0.00,-0.4086,0.0000,0.0000,0.0000,0,0
2026-08-25 16:06:48.884560,1852,franka,0.59261,0.01180,0.34056,-0.00000,-0.03000,0.00000,0.00000,22.00,0.00,0.00,-0.4229,0.0114,0.0000,-0.0171,0,0
2026-08-25 16:06:48.938011,1853,franka,0.59260,0.01032,0.34052,-0.00000,-0.03000,0.00000,0.00000,22.00,0.00,0.00,-0.4657,0.0143,0.0000,-0.0229,0,0
2026-08-25 16:06:48.991867,1854,franka,0.59261,0.00873,0.34053,-0.00000,-0.03000,0.00000,0.00000,22.00,0.00,0.00,-0.4857,0.0000,0.0000,0.0000,0,0
2026-08-25 16:06:49.045284,1855,franka,0.59261,0.00583,0.34055,-0.00000,-0.03000,0.00000,0.00000,22.00,0.00,0.00,-0.4657,0.0000,0.0000,-0.0057,0,0
2026-08-25 16:06:49.099680,1856,franka,0.59260,0.00422,0.34051,-0.00000,-0.03000,0.00000,0.00000,22.00,0.00,0.00,-0.4400,0.0400,0.0000,-0.0314,0,0
2026-08-25 16:06:49.153256,1857,franka,0.59261,0.00271,0.34055,-0.00000,-0.03000,0.00000,0.00000,22.00,0.00,0.00,-0.4257,0.0600,0.0000,-0.0486,0,0
2026-08-25 16:06:49.206921,1858,franka,0.59261,0.00121,0.34055,-0.00000,-0.03000,0.00000,0.00000,22.00,0.00,0.00,-0.4057,0.0457,0.0000,-0.0457,0,0
2026-08-25 16:06:49.260401,1859,franka,0.59261,-0.00033,0.34053,-0.00000,-0.03000,0.00000,0.00000,22.00,0.00,0.00,-0.4000,0.0457,0.0000,-0.0457,0,0
2026-08-25 16:06:49.313852,1860,franka,0.59261,-0.00184,0.34053,-0.00000,-0.03000,0.00000,0.00000,22.00,0.00,0.00,-0.3971,0.0543,0.0000,-0.0514,0,0
2026-08-25 16:06:49.367302,1861,franka,0.59261,-0.00331,0.34055,-0.00000,-0.03000,0.00000,0.00000,22.00,0.00,0.00,-0.3771,0.0714,0.0000,-0.0657,0,0
2026-08-25 16:06:49.420947,1862,franka,0.59261,-0.00487,0.34054,-0.00000,-0.03000,0.00000,0.00000,22.00,0.00,0.00,-0.3714,0.0771,0.0000,-0.0743,0,0
2026-08-25 16:06:49.474549,1863,franka,0.59261,-0.00642,0.34055,-0.00000,-0.03000,0.00000,0.00000,22.00,0.00,0.00,-0.3686,0.0829,0.0000,-0.0771,0,0
2026-08-25 16:06:49.528353,1864,franka,0.59260,-0.00790,0.34056,-0.00000,-0.03000,0.00000,0.00000,22.00,0.00,0.00,-0.3657,0.0771,0.0000,-0.0714,0,0
2026-08-25 16:06:49.581799,1865,franka,0.59259,-0.00939,0.34056,-0.00000,-0.03000,0.00000,0.00000,22.00,0.00,0.00,-0.3629,0.0657,0.0000,-0.0657,0,0
2026-08-25 16:06:49.635471,1866,franka,0.59258,-0.01092,0.34055,-0.00000,-0.03000,0.00000,0.00000,22.00,0.00,0.00,-0.3286,0.0514,0.0000,-0.0571,0,0
2026-08-25 16:06:49.689096,1867,franka,0.59258,-0.01244,0.34057,-0.00000,-0.03000,0.00000,0.00000,22.00,0.00,0.00,-0.3229,0.0457,0.0000,-0.0457,0,0
2026-08-25 16:06:49.742454,1868,franka,0.59258,-0.01397,0.34056,-0.00000,-0.03000,0.00000,0.00000,22.00,0.00,0.00,-0.3429,0.0343,0.0000,-0.0371,0,0
2026-08-25 16:06:49.796096,1869,franka,0.59258,-0.01548,0.34056,-0.00000,-0.03000,0.00000,0.00000,22.00,0.00,0.00,-0.3514,0.0343,0.0000,-0.0371,0,0
2026-08-25 16:06:49.849517,1870,franka,0.59258,-0.01700,0.34056,-0.00000,-0.03000,0.00000,0.00000,22.00,0.00,0.00,-0.3371,0.0257,0.0000,-0.0400,0,0
2026-08-25 16:06:49.903028,1871,franka,0.59258,-0.01848,0.34057,-0.00000,-0.03000,0.00000,0.00000,22.00,0.00,0.00,-0.2800,0.0200,0.0000,-0.0600,0,0
2026-08-25 16:06:49.957338,1872,franka,0.59258,-0.02152,0.34056,-0.00000,-0.03000,0.00000,0.00000,22.00,0.00,0.00,-0.2600,0.0114,-0.0514,-0.0486,0,0
2026-08-25 16:06:50.011479,1873,franka,0.59258,-0.02302,0.34056,-0.00000,-0.03000,0.00000,0.00000,22.00,0.00,0.00,-0.3057,0.0057,-0.0457,-0.0514,0,0
2026-08-25 16:06:50.066165,1874,franka,0.59258,-0.02454,0.34056,-0.00000,-0.03000,0.00000,0.00000,22.00,0.00,0.00,-0.3600,0.0200,-0.0114,-0.0657,0,0
2026-08-25 16:06:50.119797,1875,franka,0.59258,-0.02603,0.34057,-0.00000,-0.03000,0.00000,0.00000,22.00,0.00,0.00,-0.3629,0.0314,0.0000,-0.0771,0,0
2026-08-25 16:06:50.173332,1876,franka,0.59258,-0.02757,0.34057,-0.00000,-0.03000,0.00000,0.00000,22.00,0.00,0.00,-0.3657,0.0257,0.0000,-0.0771,0,0
2026-08-25 16:06:50.227155,1877,franka,0.59257,-0.02908,0.34057,-0.00000,-0.03000,0.00000,0.00000,22.00,0.00,0.00,-0.3714,0.0229,0.0000,-0.0714,0,0
2026-08-25 16:06:50.281683,1878,franka,0.59258,-0.03057,0.34057,-0.00000,-0.03000,0.00000,0.00000,22.00,0.00,0.00,-0.3771,0.0343,0.0000,-0.0657,0,0
2026-08-25 16:06:50.335806,1879,franka,0.59257,-0.03209,0.34056,-0.00000,-0.03000,0.00000,0.00000,22.00,0.00,0.00,-0.4086,0.0371,0.0000,-0.0657,0,0
2026-08-25 16:06:50.389495,1880,franka,0.59258,-0.03361,0.34057,-0.00000,-0.03000,0.00000,0.00000,22.00,0.00,0.00,-0.4200,0.0457,0.0000,-0.0771,0,0
2026-08-25 16:06:50.443619,1881,franka,0.59258,-0.03515,0.34057,-0.00000,-0.03000,0.00000,0.00000,22.00,0.00,0.00,-0.4143,0.0286,0.0000,-0.0800,0,0
2026-08-25 16:06:50.497248,1882,franka,0.59257,-0.03666,0.34057,-0.00000,-0.03000,0.00000,0.00000,22.00,0.00,0.00,-0.4171,0.0257,0.0000,-0.0829,0,0
2026-08-25 16:06:50.551478,1883,franka,0.59258,-0.03816,0.34057,-0.00000,-0.03000,0.00000,0.00000,22.00,0.00,0.00,-0.4371,0.0000,0.0000,-0.0800,0,0
2026-08-25 16:06:50.605117,1884,franka,0.59258,-0.03965,0.34057,-0.00000,-0.03000,0.00000,0.00000,22.00,0.00,0.00,-0.3943,0.0000,0.0000,-0.0743,0,0
2026-08-25 16:06:50.658722,1885,franka,0.59258,-0.04117,0.34057,-0.00000,-0.03000,0.00000,0.00000,22.00,0.00,0.00,-0.4057,0.0000,0.0000,-0.0800,0,0
2026-08-25 16:06:50.712443,1886,franka,0.59258,-0.04419,0.34057,-0.00000,-0.03000,0.00000,0.00000,22.00,0.00,0.00,-0.3171,0.0000,0.0000,-0.0600,0,0
2026-08-25 16:06:50.765789,1887,franka,0.59258,-0.04569,0.34056,-0.00000,-0.03000,0.00000,0.00000,22.00,0.00,0.00,-0.3029,0.0000,0.0000,0.0000,0,0
2026-08-25 16:06:50.819719,1888,franka,0.59258,-0.04718,0.34056,-0.00000,-0.03000,0.00000,0.00000,22.00,0.00,0.00,-0.2629,0.0000,0.0000,0.0000,0,0
2026-08-25 16:06:50.873009,1889,franka,0.59258,-0.04871,0.34056,-0.00000,-0.03000,0.00000,0.00000,22.00,0.00,0.00,-0.1771,0.0143,0.0000,-0.0857,0,0
2026-08-25 16:06:50.926630,1890,franka,0.59258,-0.04975,0.34055,-0.00000,-0.00568,0.00000,0.00000,22.00,0.00,0.00,-0.0400,0.0343,0.0000,-0.0857,0,0
2026-08-25 16:06:50.980828,1891,franka,0.59257,-0.04997,0.34055,-0.00000,-0.00000,0.00000,0.00000,22.00,0.00,0.00,0.0000,0.0000,0.0000,0.0000,0,0
2026-08-25 16:06:51.034771,1892,franka,0.59258,-0.04978,0.34056,-0.00000,-0.00000,0.00000,0.00000,22.00,0.00,0.00,0.0000,0.0000,0.0000,0.0000,0,0
2026-08-25 16:06:51.089006,1893,franka,0.59258,-0.04981,0.34055,-0.00000,-0.00000,0.00000,0.00000,22.00,0.00,0.00,0.0000,0.0000,0.0000,0.0000,0,0
2026-08-25 16:06:51.142625,1894,franka,0.59258,-0.04988,0.34055,-0.00000,-0.00000,0.00000,0.00000,22.00,0.00,0.00,0.0000,0.0000,0.0000,0.0000,0,0
2026-08-25 16:06:51.196230,1895,franka,0.59258,-0.04984,0.34055,-0.00000,-0.00000,0.00000,0.00000,22.00,0.00,0.00,0.0000,0.0000,0.0000,0.0000,0,0
2026-08-25 16:06:51.249753,1896,franka,0.59258,-0.04986,0.34055,-0.00000,-0.00000,0.00000,0.00000,22.00,0.00,0.00,0.0000,0.0000,0.0000,0.0000,0,0
2026-08-25 16:06:51.304677,1897,franka,0.59258,-0.04985,0.34055,-0.00000,-0.00000,0.00000,0.00000,22.00,0.00,0.00,0.0000,0.0000,0.0000,0.0000,0,0
2026-08-25 16:06:51.358413,1898,franka,0.59258,-0.04984,0.34056,-0.00000,-0.00000,0.00000,0.00000,22.00,0.00,0.00,0.0000,0.0000,0.0000,0.0000,0,1
2026-08-25 16:06:51.412063,1899,franka,0.59258,-0.04987,0.34053,-0.00000,-0.00000,0.00000,0.00000,22.00,0.00,0.00,0.0000,0.0000,0.0000,0.0000,0,1
2026-08-25 16:06:51.466008,1900,franka,0.59258,-0.04985,0.34055,-0.00000,-0.00000,0.00000,0.00000,22.00,0.00,0.00,0.0000,0.0000,0.0000,0.0000,0,1
2026-08-25 16:06:51.520753,1901,franka,0.59258,-0.04986,0.34054,-0.00000,-0.00000,0.00000,0.00000,22.00,0.00,0.00,0.0000,0.0000,0.0000,0.0000,0,1
2026-08-25 16:06:51.574489,1902,franka,0.59258,-0.04985,0.34054,-0.00000,-0.00000,0.00000,0.00000,22.00,0.00,0.00,0.0000,0.0000,0.0000,0.0000,0,1
2026-08-25 16:06:51.629088,1903,franka,0.59258,-0.04985,0.34055,-0.00000,-0.00000,0.00000,0.00000,22.00,0.00,0.00,0.0000,0.0000,0.0000,0.0000,0,1
2026-08-25 16:06:51.682608,1904,franka,0.59258,-0.04985,0.34055,-0.00000,-0.00000,0.00000,0.00000,22.00,0.00,0.00,0.0000,0.0000,0.0000,0.0000,0,1
2026-08-25 16:06:51.736223,1905,franka,0.59258,-0.04984,0.34054,-0.00000,-0.00000,0.00000,0.00000,22.00,0.00,0.00,0.0000,0.0000,0.0000,0.0000,0,0
2026-08-25 16:06:51.789781,1906,franka,0.59258,-0.04985,0.34055,-0.00000,-0.00000,0.00000,0.00000,22.00,0.00,0.00,0.0000,0.0000,0.0000,0.0000,0,0
2026-08-25 16:06:51.843450,1907,franka,0.59258,-0.04985,0.34054,-0.00000,-0.00000,0.00000,0.00000,22.00,0.00,0.00,0.0000,0.0000,0.0000,0.0000,0,0
2026-08-25 16:06:51.897531,1908,franka,0.59258,-0.04984,0.34055,-0.00000,-0.00000,0.00000,0.00000,22.00,0.00,0.00,0.0000,0.0000,0.0000,0.0000,0,0
2026-08-25 16:06:51.951141,1909,franka,0.59258,-0.04985,0.34055,-0.00000,-0.00000,0.00000,0.00000,22.00,0.00,0.00,0.0000,0.0000,0.0000,0.0000,0,0
2026-08-25 16:06:52.004820,1910,franka,0.59258,-0.04985,0.34055,-0.00000,-0.00000,0.00000,0.00000,22.00,0.00,0.00,0.0000,0.0000,0.0000,0.0000,0,0
2026-08-25 16:06:52.058683,1911,franka,0.59258,-0.04985,0.34054,-0.00000,-0.00000,0.00000,0.00000,22.00,0.00,0.00,0.0000,0.0000,0.0000,0.0000,0,0
2026-08-25 16:06:52.112387,1912,franka,0.59258,-0.04985,0.34055,-0.00000,-0.00000,0.00000,0.00000,22.00,0.00,0.00,0.0000,0.0000,0.0000,0.0000,0,0
2026-08-25 16:06:52.166253,1913,franka,0.59258,-0.04984,0.34055,-0.00000,-0.00000,0.00000,0.00000,22.00,0.00,0.00,0.0000,0.0000,0.0000,0.0000,0,0
2026-08-25 16:06:52.219524,1914,franka,0.59258,-0.04985,0.34054,-0.00000,-0.00000,0.00000,0.00000,22.00,0.00,0.00,0.0000,0.0000,0.0000,0.0000,0,0
2026-08-25 16:06:52.273035,1915,franka,0.59258,-0.04985,0.34055,-0.00000,-0.00000,0.00000,0.00000,22.00,0.00,0.00,0.0000,0.0000,0.0000,0.0000,0,0
2026-08-25 16:06:52.326418,1916,franka,0.59258,-0.04985,0.34055,-0.00000,-0.00000,0.00000,0.00000,22.00,0.00,0.00,0.0000,0.0000,0.0000,0.0000,0,0
2026-08-25 16:06:52.380115,1917,franka,0.59258,-0.04985,0.34055,-0.00000,-0.00000,0.00000,0.00000,22.00,0.00,0.00,0.0000,0.0000,0.0000,0.0000,0,0
2026-08-25 16:06:52.433860,1918,franka,0.59258,-0.04985,0.34055,-0.00000,-0.00000,0.00000,0.00000,22.00,0.00,0.00,0.0000,0.0000,0.0000,0.0000,0,0
2026-08-25 16:06:52.487643,1919,franka,0.59258,-0.04985,0.34055,-0.00000,-0.00000,0.00000,0.00000,22.00,0.00,0.00,0.0000,0.0000,0.0000,0.0000,0,0
2026-08-25 16:06:52.541216,1920,franka,0.59258,-0.04985,0.34055,-0.00000,-0.00000,0.00000,0.00000,22.00,0.00,0.00,0.0000,0.0000,0.0000,0.0000,0,0
2026-08-25 16:06:52.596687,1921,franka,0.59258,-0.04985,0.34055,-0.00000,-0.00000,0.00000,0.00000,22.00,0.00,0.00,0.0000,0.0000,0.0000,0.0000,0,0
2026-08-25 16:06:52.650215,1922,franka,0.59258,-0.04985,0.34055,-0.00000,-0.00000,0.00000,0.00000,22.00,0.00,0.00,0.0000,0.0000,0.0000,0.0000,0,0
2026-08-25 16:06:52.703741,1923,franka,0.59258,-0.04985,0.34055,-0.00000,-0.00000,0.00000,0.00000,22.00,0.00,0.00,-0.0029,0.0000,0.0000,0.0000,0,0
2026-08-25 16:06:52.757315,1924,franka,0.59258,-0.04985,0.34055,-0.00000,-0.00000,0.00000,0.00000,22.00,0.00,0.00,-0.0029,0.0000,0.0000,0.0000,0,0
2026-08-25 16:06:52.810978,1925,franka,0.59258,-0.04985,0.34054,-0.00000,-0.00000,0.00000,0.00000,22.00,0.00,0.00,0.0000,0.0000,0.0000,0.0000,0,0
2026-08-25 16:06:52.864688,1926,franka,0.59258,-0.04985,0.34055,-0.00000,-0.00000,0.00000,0.00000,22.00,0.00,0.00,0.0000,0.0000,0.0000,0.0000,0,0
2026-08-25 16:06:52.918325,1927,franka,0.59258,-0.04985,0.34055,-0.00000,-0.00000,0.00000,0.00000,22.00,0.00,0.00,0.0000,0.0000,0.0000,0.0000,0,0
2026-08-25 16:06:52.971912,1928,franka,0.59258,-0.04985,0.34055,-0.00000,-0.00000,0.00000,0.00000,22.00,0.00,0.00,0.0000,0.0000,0.0000,0.0000,0,0
2026-08-25 16:06:53.025543,1929,franka,0.59258,-0.04985,0.34054,-0.00000,-0.00000,0.00000,0.00000,22.00,0.00,0.00,0.0000,0.0000,0.0000,0.0000,0,0
2026-08-25 16:06:53.079066,1930,franka,0.59258,-0.04985,0.34055,-0.00000,-0.00000,0.00000,0.00000,22.00,0.00,0.00,0.0000,0.0000,0.0000,0.0000,0,0
2026-08-25 16:06:53.132501,1931,franka,0.59258,-0.04985,0.34055,-0.00000,-0.00000,0.00000,0.00000,22.00,0.00,0.00,0.0000,0.0000,0.0000,0.0000,0,0
2026-08-25 16:06:53.186162,1932,franka,0.59258,-0.04985,0.34055,-0.00000,-0.00000,0.00000,0.00000,22.00,0.00,0.00,0.0000,0.0000,0.0000,0.0000,0,0
2026-08-25 16:06:53.239891,1933,franka,0.59258,-0.04985,0.34055,-0.00000,-0.00000,0.00000,0.00000,22.00,0.00,0.00,0.0000,0.0000,0.0000,0.0000,0,0
2026-08-25 16:06:53.293524,1934,franka,0.59258,-0.04985,0.34054,-0.00000,-0.00000,0.00000,0.00000,22.00,0.00,0.00,0.0000,0.0000,0.0000,0.0000,0,0
2026-08-25 16:06:53.347166,1935,franka,0.59258,-0.04985,0.34055,-0.00000,-0.00000,0.00000,0.00000,22.00,0.00,0.00,0.0000,0.0000,0.0000,0.0000,0,0
2026-08-25 16:06:53.400968,1936,franka,0.59258,-0.04985,0.34054,-0.00000,-0.00000,0.00000,0.00000,22.00,0.00,0.00,0.0000,0.0000,0.0000,0.0000,0,0
2026-08-25 16:06:53.454664,1937,franka,0.59258,-0.04985,0.34054,-0.00000,-0.00000,0.00000,0.00000,22.00,0.00,0.00,0.0000,0.0000,0.0000,0.0000,0,0
2026-08-25 16:06:53.508191,1938,franka,0.59258,-0.04985,0.34055,-0.00000,-0.00000,0.00000,0.00000,22.00,0.00,0.00,0.0000,0.0000,0.0000,0.0000,0,0
2026-08-25 16:06:53.561882,1939,franka,0.59258,-0.04985,0.34055,-0.00000,-0.00000,0.00000,0.00000,22.00,0.00,0.00,0.0000,0.0000,0.0000,0.0000,0,0
2026-08-25 16:06:53.614292,1940,franka,0.59258,-0.04985,0.34055,-0.00000,-0.00000,0.00000,0.00000,22.00,0.00,0.00,0.0000,0.0000,0.0000,0.0000,0,0
2026-08-25 16:06:53.667829,1941,franka,0.59258,-0.04985,0.34054,-0.00000,-0.00000,0.00000,0.00000,22.00,0.00,0.00,0.0000,0.0000,0.0000,0.0000,0,0
2026-08-25 16:06:53.721317,1942,franka,0.59258,-0.04985,0.34055,-0.00000,-0.00000,0.00000,0.00000,22.00,0.00,0.00,0.0000,0.0000,0.0000,0.0000,0,0
2026-08-25 16:06:53.774832,1943,franka,0.59258,-0.04985,0.34055,-0.00000,-0.00000,0.00000,0.00000,22.00,0.00,0.00,0.0000,0.0000,0.0000,0.0000,0,0
2026-08-25 16:06:53.829027,1944,franka,0.59258,-0.04985,0.34055,-0.00000,-0.00000,0.00000,0.00000,22.00,0.00,0.00,0.0000,0.0000,0.0000,0.0000,0,0
2026-08-25 16:06:53.883124,1945,franka,0.59258,-0.04985,0.34054,-0.00000,-0.00000,0.00000,0.00000,22.00,0.00,0.00,0.0000,0.0000,0.0000,0.0000,0,0
2026-08-25 16:06:53.936742,1946,franka,0.59258,-0.04985,0.34054,-0.00000,-0.00000,0.00000,0.00000,22.00,0.00,0.00,0.0000,0.0000,0.0000,0.0000,0,0
2026-08-25 16:06:53.990286,1947,franka,0.59258,-0.04985,0.34054,-0.00000,-0.00000,0.00000,0.00000,22.00,0.00,0.00,0.0000,0.0000,0.0000,0.0000,0,0
2026-08-25 16:06:54.044245,1948,franka,0.59258,-0.04984,0.34055,-0.00000,-0.00000,0.00000,0.00000,22.00,0.00,0.00,0.0000,0.0000,0.0000,0.0000,0,0
2026-08-25 16:06:54.097853,1949,franka,0.59258,-0.04985,0.34055,-0.00000,-0.00000,0.00000,0.00000,22.00,0.00,0.00,0.0000,0.0000,0.0000,0.0000,0,0
2026-08-25 16:06:54.151491,1950,franka,0.59258,-0.04985,0.34055,-0.00000,-0.00000,0.00000,0.00000,22.00,0.00,0.00,0.0000,0.0000,0.0000,0.0000,0,0
2026-08-25 16:06:54.205291,1951,franka,0.59258,-0.04985,0.34055,-0.00000,-0.00000,0.00000,0.00000,22.00,0.00,0.00,0.0000,0.0000,0.0000,0.0000,0,0
2026-08-25 16:06:54.259170,1952,franka,0.59258,-0.04985,0.34055,-0.00000,-0.00000,0.00000,0.00000,22.00,0.00,0.00,0.0000,0.0000,0.0000,0.0000,0,0
2026-08-25 16:06:54.312615,1953,franka,0.59258,-0.04985,0.34055,-0.00000,-0.00000,0.00000,0.00000,22.00,0.00,0.00,0.0000,0.0000,0.0000,0.0000,0,0
2026-08-25 16:06:54.365985,1954,franka,0.59258,-0.04985,0.34054,-0.00000,-0.00000,0.00000,0.00000,22.00,0.00,0.00,0.0000,0.0000,0.0000,0.0000,0,0
2026-08-25 16:06:54.420595,1955,franka,0.59258,-0.04985,0.34054,-0.00000,-0.00000,0.00000,0.00000,22.00,0.00,0.00,0.0000,0.0000,0.0000,0.0000,0,0
2026-08-25 16:06:54.469920,1956,franka,0.59258,-0.04985,0.34054,-0.00000,-0.00000,0.00000,0.00000,22.00,0.00,0.00,0.0000,0.0000,0.0000,0.0000,0,0
2026-08-25 16:06:54.523899,1957,franka,0.59258,-0.04985,0.34054,-0.00000,-0.00000,0.00000,0.00000,22.00,0.00,0.00,0.0000,0.0000,0.0000,0.0000,0,0
2026-08-25 16:06:54.577482,1958,franka,0.59258,-0.04985,0.34054,-0.00000,-0.00000,0.00000,0.00000,22.00,0.00,0.00,0.0000,0.0000,0.0000,0.0000,0,0
2026-08-25 16:06:54.632197,1959,franka,0.59258,-0.04985,0.34054,-0.00000,-0.00000,0.00000,0.00000,22.00,0.00,0.00,0.0000,0.0000,0.0000,0.0000,0,0
2026-08-25 16:06:54.686083,1960,franka,0.59258,-0.04984,0.34054,-0.00000,-0.00000,0.00000,0.00000,22.00,0.00,0.00,0.0000,0.0000,0.0000,0.0000,0,0
2026-08-25 16:06:54.739693,1961,franka,0.59258,-0.04985,0.34054,-0.00000,-0.00000,0.00000,0.00000,22.00,0.00,0.00,0.0000,0.0000,0.0000,0.0000,0,0
2026-08-25 16:06:54.793328,1962,franka,0.59258,-0.04985,0.34054,-0.00000,-0.00000,0.00000,0.00000,22.00,0.00,0.00,0.0000,0.0000,0.0000,0.0000,0,0
2026-08-25 16:06:54.846927,1963,franka,0.59258,-0.04985,0.34054,-0.00000,-0.00000,0.00000,0.00000,22.00,0.00,0.00,0.0000,0.0000,0.0000,0.0000,0,0
2026-08-25 16:06:54.900437,1964,franka,0.59258,-0.04985,0.34054,-0.00000,-0.00000,0.00000,0.00000,22.00,0.00,0.00,0.0000,0.0000,0.0000,0.0000,0,0
2026-08-25 16:06:54.953863,1965,franka,0.59258,-0.04985,0.34054,-0.00000,-0.00000,0.00000,0.00000,22.00,0.00,0.00,0.0000,0.0000,0.0000,0.0000,0,0
2026-08-25 16:06:55.007561,1966,franka,0.59258,-0.04985,0.34055,-0.00000,-0.00000,0.00000,0.00000,22.00,0.00,0.00,0.0000,0.0000,0.0000,0.0000,0,0
2026-08-25 16:06:55.061222,1967,franka,0.59258,-0.04985,0.34055,-0.00000,-0.00000,0.00000,0.00000,22.00,0.00,0.00,0.0000,0.0000,0.0000,0.0000,0,0
2026-08-25 16:06:55.111877,1968,franka,0.59258,-0.04985,0.34054,-0.00000,-0.00000,0.00000,0.00000,22.00,0.00,0.00,0.0000,0.0000,0.0000,0.0000,0,0
2026-08-25 16:06:55.166078,1969,franka,0.59258,-0.04985,0.34054,-0.00000,-0.00000,0.00000,0.00000,22.00,0.00,0.00,0.0000,0.0000,0.0000,0.0000,0,0
2026-08-25 16:06:55.219773,1970,franka,0.59258,-0.04985,0.34055,-0.00000,-0.00000,0.00000,0.00000,22.00,0.00,0.00,0.0000,0.0000,0.0000,0.0000,0,0
2026-08-25 16:06:55.273348,1971,franka,0.59258,-0.04985,0.34055,-0.00000,-0.00000,0.00000,0.00000,22.00,0.00,0.00,0.0000,0.0000,0.0000,0.0000,0,0
2026-08-25 16:06:55.328292,1972,franka,0.59258,-0.04985,0.34055,-0.00000,-0.00000,0.00000,0.00000,22.00,0.00,0.00,0.0000,0.0000,0.0000,0.0000,0,0
2026-08-25 16:06:55.381999,1973,franka,0.59258,-0.04985,0.34055,-0.00000,-0.00000,0.00000,0.00000,22.00,0.00,0.00,0.0000,0.0000,0.0000,0.0000,1,0
2026-08-25 16:06:55.435903,1974,flowbot,0.59258,-0.04985,0.34054,-0.00000,-0.00000,0.00000,0.00000,22.00,0.00,0.00,0.0000,0.0000,0.0000,0.0000,1,0
2026-08-25 16:06:55.490346,1975,flowbot,0.59258,-0.04985,0.34054,-0.00000,-0.00000,0.00000,0.00000,22.00,0.00,0.00,0.0000,0.0000,0.0000,0.0000,1,0
2026-08-25 16:06:55.545758,1976,flowbot,0.59258,-0.04985,0.34054,-0.00000,-0.00000,0.00000,0.00000,22.00,0.00,0.00,0.0000,0.0000,0.0000,0.0000,1,0
2026-08-25 16:06:55.600531,1977,flowbot,0.59258,-0.04985,0.34054,-0.00000,-0.00000,0.00000,0.00000,22.00,0.00,0.00,0.0000,0.0000,0.0000,0.0000,1,0
2026-08-25 16:06:55.650227,1978,flowbot,0.59258,-0.04985,0.34054,-0.00000,-0.00000,0.00000,0.00000,22.00,0.00,0.00,0.0000,0.0000,0.0000,0.0000,1,0
2026-08-25 16:06:55.705024,1979,flowbot,0.59258,-0.04985,0.34054,-0.00000,-0.00000,0.00000,0.00000,22.00,0.00,0.00,0.0000,0.0000,0.0000,0.0000,1,0
2026-08-25 16:06:55.761046,1980,flowbot,0.59258,-0.04985,0.34054,-0.00000,-0.00000,0.00000,0.00000,22.00,0.00,0.00,0.0000,0.0000,0.0000,0.0000,1,0
2026-08-25 16:06:55.812207,1981,flowbot,0.59258,-0.04985,0.34054,-0.00000,-0.00000,0.00000,0.00000,22.00,0.00,0.00,0.0000,0.0000,0.0000,0.0000,1,0
2026-08-25 16:06:55.862804,1982,flowbot,0.59258,-0.04985,0.34054,-0.00000,-0.00000,0.00000,0.00000,22.00,0.00,0.00,0.0000,0.0000,0.0000,0.0000,0,0
2026-08-25 16:06:55.918364,1983,flowbot,0.59258,-0.04985,0.34054,-0.00000,-0.00000,0.00000,0.00000,22.00,0.00,0.00,0.0000,0.0000,0.0000,0.0000,0,0
2026-08-25 16:06:55.976252,1984,flowbot,0.59258,-0.04985,0.34054,-0.00000,-0.00000,0.00000,0.00000,22.00,0.00,0.00,0.0000,0.0000,0.0000,0.0000,0,0
2026-08-25 16:06:56.026468,1985,flowbot,0.59258,-0.04985,0.34054,-0.00000,-0.00000,0.00000,0.00000,22.00,0.00,0.00,0.0000,0.0000,0.0000,0.0000,0,0
2026-08-25 16:06:56.077083,1986,flowbot,0.59258,-0.04985,0.34054,-0.00000,-0.00000,0.00000,0.00000,22.00,0.00,0.00,0.0000,0.0000,0.0000,0.0000,0,0
2026-08-25 16:06:56.133075,1987,flowbot,0.59258,-0.04985,0.34054,-0.00000,-0.00000,0.00000,0.00000,22.00,0.00,0.00,0.0000,0.0000,0.0000,0.0000,0,0
2026-08-25 16:06:56.189431,1988,flowbot,0.59258,-0.04985,0.34054,-0.00000,-0.00000,0.00000,0.00000,22.00,0.00,0.00,0.0000,0.0000,0.0000,0.0000,0,0
2026-08-25 16:06:56.236777,1989,flowbot,0.59258,-0.04985,0.34054,-0.00000,-0.00000,0.00000,0.00000,22.00,0.00,0.00,0.0000,0.0000,0.0000,0.0000,0,0
2026-08-25 16:06:56.290357,1990,flowbot,0.59258,-0.04985,0.34054,-0.00000,-0.00000,0.00000,0.00000,22.00,0.00,0.00,0.0000,0.0000,0.0000,0.0000,0,0
2026-08-25 16:06:56.343434,1991,flowbot,0.59258,-0.04985,0.34054,-0.00000,-0.00000,0.00000,0.00000,22.00,0.00,0.00,0.0000,0.0000,0.0000,0.0000,0,0
2026-08-25 16:06:56.393555,1992,flowbot,0.59258,-0.04985,0.34054,-0.00000,-0.00000,0.00000,0.00000,22.00,0.00,0.00,0.0000,0.0000,0.0000,0.0000,0,0
2026-08-25 16:06:56.455955,1993,flowbot,0.59258,-0.04985,0.34054,-0.00000,-0.00000,0.00000,0.00000,26.00,26.00,26.00,0.0000,0.0000,0.0000,0.0000,0,1
2026-08-25 16:06:56.502616,1994,flowbot,0.59258,-0.04985,0.34054,-0.00000,-0.00000,0.00000,0.00000,26.00,26.00,26.00,0.0000,0.0000,0.0000,0.0000,0,1
2026-08-25 16:06:56.562107,1995,flowbot,0.59258,-0.04985,0.34054,-0.00000,-0.00000,0.00000,0.00000,26.00,26.00,26.00,0.0000,0.0000,0.0000,0.0000,0,1
2026-08-25 16:06:56.611528,1996,flowbot,0.59258,-0.04985,0.34054,-0.00000,-0.00000,0.00000,0.00000,26.00,26.00,26.00,0.0000,0.0000,0.0000,0.0000,0,1
2026-08-25 16:06:56.662952,1997,flowbot,0.59258,-0.04985,0.34054,-0.00000,-0.00000,0.00000,0.00000,26.00,26.00,26.00,0.0000,0.0000,0.0000,0.0000,0,1
2026-08-25 16:06:56.718554,1998,flowbot,0.59258,-0.04985,0.34054,-0.00000,-0.00000,0.00000,0.00000,26.00,26.00,26.00,0.0000,0.0000,0.0000,0.0000,0,1
2026-08-25 16:06:56.768927,1999,flowbot,0.59258,-0.04985,0.34054,-0.00000,-0.00000,0.00000,0.00000,26.00,26.00,26.00,0.0000,0.0000,0.0000,0.0000,0,1
2026-08-25 16:06:56.821064,2000,flowbot,0.59258,-0.04985,0.34054,-0.00000,-0.00000,0.00000,0.00000,26.00,26.00,26.00,0.0000,0.0000,0.0000,0.0000,0,0
2026-08-25 16:06:56.873519,2001,flowbot,0.59258,-0.04985,0.34054,-0.00000,-0.00000,0.00000,0.00000,26.00,26.00,26.00,0.0000,0.0000,0.0000,0.0000,0,0
2026-08-25 16:06:56.928454,2002,flowbot,0.59258,-0.04985,0.34054,-0.00000,-0.00000,0.00000,0.00000,26.00,26.00,26.00,0.0000,0.0000,0.0000,0.0000,0,0
2026-08-25 16:06:56.980776,2003,flowbot,0.59258,-0.04985,0.34054,-0.00000,-0.00000,0.00000,0.00000,26.00,26.00,26.00,0.0000,0.0000,0.0000,0.0000,0,0
2026-08-25 16:06:57.032615,2004,flowbot,0.59258,-0.04985,0.34054,-0.00000,-0.00000,0.00000,0.00000,26.00,26.00,26.00,0.0000,0.0000,0.0000,0.0000,0,0
2026-08-25 16:06:57.088703,2005,flowbot,0.59258,-0.04985,0.34054,-0.00000,-0.00000,0.00000,0.00000,26.00,26.00,26.00,0.0000,0.0000,0.0000,0.0000,0,0
2026-08-25 16:06:57.141892,2006,flowbot,0.59258,-0.04985,0.34054,-0.00000,-0.00000,0.00000,0.00000,26.00,26.00,26.00,0.0000,0.0000,0.0000,0.0000,0,0
2026-08-25 16:06:57.194880,2007,flowbot,0.59258,-0.04985,0.34054,-0.00000,-0.00000,0.00000,0.00000,26.00,26.00,26.00,0.0000,0.0000,0.0000,0.0000,0,0
2026-08-25 16:06:57.255598,2008,flowbot,0.59258,-0.04985,0.34054,-0.00000,-0.00000,0.00000,0.00000,26.00,26.00,26.00,0.0000,0.0000,0.0000,0.0000,0,0
2026-08-25 16:06:57.308601,2009,flowbot,0.59258,-0.04985,0.34054,-0.00000,-0.00000,0.00000,0.00000,26.00,26.00,26.00,0.0000,0.0000,0.0000,0.0000,0,0
2026-08-25 16:06:57.354914,2010,flowbot,0.59258,-0.04985,0.34054,-0.00000,-0.00000,0.00000,0.00000,26.00,26.00,26.00,0.0000,0.0000,0.0000,0.0000,0,0
2026-08-25 16:06:57.410199,2011,flowbot,0.59258,-0.04985,0.34054,-0.00000,-0.00000,0.00000,0.00000,26.00,26.00,26.00,0.0000,0.0000,0.0000,0.0000,0,0
2026-08-25 16:06:57.466084,2012,flowbot,0.59258,-0.04985,0.34054,-0.00000,-0.00000,0.00000,0.00000,26.00,26.00,26.00,0.0000,0.0000,0.0000,0.0000,0,0
2026-08-25 16:06:57.517085,2013,flowbot,0.59258,-0.04985,0.34054,-0.00000,-0.00000,0.00000,0.00000,26.00,26.00,26.00,0.0000,0.0000,0.0000,0.0000,0,0
2026-08-25 16:06:57.570981,2014,flowbot,0.59258,-0.04985,0.34054,-0.00000,-0.00000,0.00000,0.00000,26.00,26.00,26.00,0.0000,0.0000,0.0000,0.0000,0,0
2026-08-25 16:06:57.623680,2015,flowbot,0.59258,-0.04985,0.34054,-0.00000,-0.00000,0.00000,0.00000,26.00,26.00,26.00,0.0000,0.0000,0.0000,0.0000,0,0
2026-08-25 16:06:57.676522,2016,flowbot,0.59258,-0.04985,0.34054,-0.00000,-0.00000,0.00000,0.00000,26.00,26.00,26.00,0.0000,0.0000,0.0000,0.0000,0,0
2026-08-25 16:06:57.727245,2017,flowbot,0.59258,-0.04985,0.34054,-0.00000,-0.00000,0.00000,0.00000,26.00,26.00,26.00,0.0000,0.0000,0.0000,0.0000,0,0
2026-08-25 16:06:57.779937,2018,flowbot,0.59258,-0.04985,0.34054,-0.00000,-0.00000,0.00000,0.00000,26.00,26.00,26.00,0.0000,0.0000,0.0000,0.0000,0,0
2026-08-25 16:06:57.830548,2019,flowbot,0.59258,-0.04985,0.34054,-0.00000,-0.00000,0.00000,0.00000,26.00,26.00,26.00,0.0000,0.0000,0.0000,0.0000,0,0
2026-08-25 16:06:57.889251,2020,flowbot,0.59258,-0.04985,0.34054,-0.00000,-0.00000,0.00000,0.00000,26.00,26.00,26.00,0.0000,0.0000,0.0000,0.0000,0,0
2026-08-25 16:06:57.942180,2021,flowbot,0.59258,-0.04985,0.34054,-0.00000,-0.00000,0.00000,0.00000,26.00,26.00,26.00,0.0000,0.0000,0.0000,0.0000,0,0
2026-08-25 16:06:57.996644,2022,flowbot,0.59258,-0.04985,0.34054,-0.00000,-0.00000,0.00000,0.00000,25.00,25.00,25.00,0.0000,0.0000,-0.8657,0.0000,0,0
2026-08-25 16:06:58.052933,2023,flowbot,0.59258,-0.04985,0.34054,-0.00000,-0.00000,0.00000,0.00000,25.00,25.00,25.00,0.0000,0.0000,-0.8657,0.0000,0,0
2026-08-25 16:06:58.102121,2024,flowbot,0.59258,-0.04985,0.34054,-0.00000,-0.00000,0.00000,0.00000,25.00,25.00,25.00,0.0000,0.0000,-0.8657,0.0000,0,0
2026-08-25 16:06:58.157003,2025,flowbot,0.59258,-0.04985,0.34054,-0.00000,-0.00000,0.00000,0.00000,25.00,25.00,25.00,0.0000,0.0000,-0.8657,0.0000,0,0
2026-08-25 16:06:58.206967,2026,flowbot,0.59258,-0.04985,0.34054,-0.00000,-0.00000,0.00000,0.00000,24.00,24.00,24.00,0.0000,0.0000,-0.7429,0.0000,0,0
2026-08-25 16:06:58.256766,2027,flowbot,0.59258,-0.04985,0.34054,-0.00000,-0.00000,0.00000,0.00000,24.00,24.00,24.00,0.0000,0.0000,-0.7429,0.0000,0,0
2026-08-25 16:06:58.311105,2028,flowbot,0.59258,-0.04985,0.34054,-0.00000,-0.00000,0.00000,0.00000,24.00,24.00,24.00,0.0000,0.0000,-0.7429,0.0000,0,0
2026-08-25 16:06:58.368099,2029,flowbot,0.59258,-0.04985,0.34054,-0.00000,-0.00000,0.00000,0.00000,24.00,24.00,24.00,0.0000,0.0000,-0.7429,0.0000,0,0
2026-08-25 16:06:58.420123,2030,flowbot,0.59258,-0.04985,0.34054,-0.00000,-0.00000,0.00000,0.00000,22.00,22.00,22.00,0.0000,0.0000,-1.1000,0.0000,0,0
2026-08-25 16:06:58.477796,2031,flowbot,0.59258,-0.04985,0.34054,-0.00000,-0.00000,0.00000,0.00000,22.00,22.00,22.00,0.0000,0.0000,-1.1000,0.0000,0,0
2026-08-25 16:06:58.526125,2032,flowbot,0.59258,-0.04985,0.34054,-0.00000,-0.00000,0.00000,0.00000,22.00,22.00,22.00,0.0000,0.0000,-1.1000,0.0000,0,0
2026-08-25 16:06:58.581947,2033,flowbot,0.59258,-0.04985,0.34054,-0.00000,-0.00000,0.00000,0.00000,22.00,22.00,22.00,0.0000,0.0000,-1.1000,0.0000,0,0
2026-08-25 16:06:58.632483,2034,flowbot,0.59258,-0.04985,0.34054,-0.00000,-0.00000,0.00000,0.00000,21.00,21.00,21.00,0.0000,0.0000,-0.4914,0.0000,0,0
2026-08-25 16:06:58.688016,2035,flowbot,0.59258,-0.04985,0.34054,-0.00000,-0.00000,0.00000,0.00000,21.00,21.00,21.00,0.0000,0.0000,-0.4914,0.0000,0,0
2026-08-25 16:06:58.743135,2036,flowbot,0.59258,-0.04985,0.34054,-0.00000,-0.00000,0.00000,0.00000,21.00,21.00,21.00,0.0000,0.0000,-0.4914,0.0000,0,0
2026-08-25 16:06:58.793047,2037,flowbot,0.59258,-0.04985,0.34054,-0.00000,-0.00000,0.00000,0.00000,21.00,21.00,21.00,0.0000,0.0000,-0.4914,0.0000,0,0
2026-08-25 16:06:58.845835,2038,flowbot,0.59258,-0.04985,0.34054,-0.00000,-0.00000,0.00000,0.00000,21.00,21.00,21.00,0.0000,0.0000,-0.4286,0.0000,0,0
2026-08-25 16:06:58.900722,2039,flowbot,0.59258,-0.04985,0.34054,-0.00000,-0.00000,0.00000,0.00000,21.00,21.00,21.00,0.0000,0.0000,-0.4286,0.0000,0,0
2026-08-25 16:06:58.951731,2040,flowbot,0.59258,-0.04985,0.34054,-0.00000,-0.00000,0.00000,0.00000,21.00,21.00,21.00,0.0000,0.0000,-0.4286,0.0000,0,0
2026-08-25 16:06:59.007623,2041,flowbot,0.59258,-0.04985,0.34054,-0.00000,-0.00000,0.00000,0.00000,21.00,21.00,21.00,0.0000,0.0000,-0.4286,0.0000,0,0
2026-08-25 16:06:59.058166,2042,flowbot,0.59258,-0.04985,0.34054,-0.00000,-0.00000,0.00000,0.00000,19.00,19.00,19.00,0.0000,0.0000,-1.3314,0.0000,0,0
2026-08-25 16:06:59.113128,2043,flowbot,0.59258,-0.04985,0.34054,-0.00000,-0.00000,0.00000,0.00000,19.00,19.00,19.00,0.0000,0.0000,-1.3314,0.0000,0,0
2026-08-25 16:06:59.165088,2044,flowbot,0.59258,-0.04985,0.34054,-0.00000,-0.00000,0.00000,0.00000,19.00,19.00,19.00,0.0000,0.0000,-1.3314,0.0000,0,0
2026-08-25 16:06:59.215088,2045,flowbot,0.59258,-0.04985,0.34054,-0.00000,-0.00000,0.00000,0.00000,19.00,19.00,19.00,0.0000,0.0000,-1.3314,0.0000,0,0
2026-08-25 16:06:59.266755,2046,flowbot,0.59258,-0.04985,0.34054,-0.00000,-0.00000,0.00000,0.00000,17.00,17.00,17.00,0.0000,0.0000,-1.0571,0.0000,0,0
2026-08-25 16:06:59.320516,2047,flowbot,0.59258,-0.04985,0.34054,-0.00000,-0.00000,0.00000,0.00000,17.00,17.00,17.00,0.0000,0.0000,-1.0571,0.0000,0,0
2026-08-25 16:06:59.373222,2048,flowbot,0.59258,-0.04985,0.34054,-0.00000,-0.00000,0.00000,0.00000,17.00,17.00,17.00,0.0000,0.0000,-1.0571,0.0000,0,0
2026-08-25 16:06:59.425164,2049,flowbot,0.59258,-0.04985,0.34054,-0.00000,-0.00000,0.00000,0.00000,17.00,17.00,17.00,0.0000,0.0000,-1.0571,0.0000,0,0
2026-08-25 16:06:59.476067,2050,flowbot,0.59258,-0.04985,0.34054,-0.00000,-0.00000,0.00000,0.00000,17.00,17.00,17.00,0.0000,0.0000,-0.1514,0.0000,0,0
2026-08-25 16:06:59.528480,2051,flowbot,0.59258,-0.04985,0.34054,-0.00000,-0.00000,0.00000,0.00000,17.00,17.00,17.00,0.0000,0.0000,-0.1514,0.0000,0,0
2026-08-25 16:06:59.582651,2052,flowbot,0.59258,-0.04985,0.34054,-0.00000,-0.00000,0.00000,0.00000,17.00,17.00,17.00,0.0000,0.0000,-0.1514,0.0000,0,0
2026-08-25 16:06:59.637649,2053,flowbot,0.59258,-0.04985,0.34054,-0.00000,-0.00000,0.00000,0.00000,17.00,17.00,17.00,0.0000,0.0000,-0.1514,0.0000,0,0
2026-08-25 16:06:59.686577,2054,flowbot,0.59258,-0.04985,0.34054,-0.00000,-0.00000,0.00000,0.00000,16.00,16.00,16.00,0.0000,0.0000,-0.7943,0.0000,0,0
2026-08-25 16:06:59.740050,2055,flowbot,0.59258,-0.04985,0.34054,-0.00000,-0.00000,0.00000,0.00000,16.00,16.00,16.00,0.0000,0.0000,-0.7943,0.0000,0,0
2026-08-25 16:06:59.794845,2056,flowbot,0.59258,-0.04985,0.34054,-0.00000,-0.00000,0.00000,0.00000,16.00,16.00,16.00,0.0000,0.0000,-0.7943,0.0000,0,0
2026-08-25 16:06:59.844243,2057,flowbot,0.59258,-0.04985,0.34054,-0.00000,-0.00000,0.00000,0.00000,16.00,16.00,16.00,0.0000,0.0000,-0.7943,0.0000,0,0
2026-08-25 16:06:59.899156,2058,flowbot,0.59258,-0.04985,0.34054,-0.00000,-0.00000,0.00000,0.00000,14.00,14.00,14.00,0.0000,0.0000,-1.4286,0.0000,0,0
2026-08-25 16:06:59.948094,2059,flowbot,0.59258,-0.04985,0.34054,-0.00000,-0.00000,0.00000,0.00000,14.00,14.00,14.00,0.0000,0.0000,-1.4286,0.0000,0,0
2026-08-25 16:07:00.000076,2060,flowbot,0.59258,-0.04985,0.34054,-0.00000,-0.00000,0.00000,0.00000,14.00,14.00,14.00,0.0000,0.0000,-1.4286,0.0000,0,0
2026-08-25 16:07:00.051564,2061,flowbot,0.59258,-0.04985,0.34054,-0.00000,-0.00000,0.00000,0.00000,14.00,14.00,14.00,0.0000,0.0000,-1.4286,0.0000,0,0
2026-08-25 16:07:00.106582,2062,flowbot,0.59258,-0.04985,0.34054,-0.00000,-0.00000,0.00000,0.00000,13.00,13.00,13.00,0.0000,0.0000,-0.4143,0.0000,0,0
2026-08-25 16:07:00.158111,2063,flowbot,0.59258,-0.04985,0.34054,-0.00000,-0.00000,0.00000,0.00000,13.00,13.00,13.00,0.0000,0.0000,-0.4143,0.0000,0,0
2026-08-25 16:07:00.210471,2064,flowbot,0.59258,-0.04985,0.34054,-0.00000,-0.00000,0.00000,0.00000,13.00,13.00,13.00,0.0000,0.0000,-0.4143,0.0000,0,0
2026-08-25 16:07:00.265625,2065,flowbot,0.59258,-0.04985,0.34054,-0.00000,-0.00000,0.00000,0.00000,13.00,13.00,13.00,0.0000,0.0000,-0.4143,0.0000,0,0
2026-08-25 16:07:00.320671,2066,flowbot,0.59258,-0.04985,0.34054,-0.00000,-0.00000,0.00000,0.00000,13.00,13.00,13.00,0.0000,0.1086,-0.2229,0.0000,0,0
2026-08-25 16:07:00.378751,2067,flowbot,0.59258,-0.04985,0.34054,-0.00000,-0.00000,0.00000,0.00000,13.00,13.00,13.00,0.0000,0.1086,-0.2229,0.0000,0,0
2026-08-25 16:07:00.430984,2068,flowbot,0.59258,-0.04985,0.34054,-0.00000,-0.00000,0.00000,0.00000,13.00,13.00,13.00,0.0000,0.1086,-0.2229,0.0000,0,0
2026-08-25 16:07:00.481132,2069,flowbot,0.59258,-0.04985,0.34054,-0.00000,-0.00000,0.00000,0.00000,11.00,11.00,11.00,0.0000,0.0000,-1.1686,0.0000,0,0
2026-08-25 16:07:00.534849,2070,flowbot,0.59258,-0.04985,0.34054,-0.00000,-0.00000,0.00000,0.00000,11.00,11.00,11.00,0.0000,0.0000,-1.1686,0.0000,0,0
2026-08-25 16:07:00.585974,2071,flowbot,0.59258,-0.04985,0.34054,-0.00000,-0.00000,0.00000,0.00000,11.00,11.00,11.00,0.0000,0.0000,-1.1686,0.0000,0,0
2026-08-25 16:07:00.636986,2072,flowbot,0.59258,-0.04985,0.34054,-0.00000,-0.00000,0.00000,0.00000,11.00,11.00,11.00,0.0000,0.0000,-1.1686,0.0000,0,0
2026-08-25 16:07:00.688591,2073,flowbot,0.59258,-0.04985,0.34054,-0.00000,-0.00000,0.00000,0.00000,10.00,10.00,10.00,0.0000,0.0000,-0.8000,0.0000,0,0
2026-08-25 16:07:00.742582,2074,flowbot,0.59258,-0.04985,0.34054,-0.00000,-0.00000,0.00000,0.00000,10.00,10.00,10.00,0.0000,0.0000,-0.8000,0.0000,0,0
2026-08-25 16:07:00.800147,2075,flowbot,0.59258,-0.04985,0.34054,-0.00000,-0.00000,0.00000,0.00000,10.00,10.00,10.00,0.0000,0.0000,-0.8000,0.0000,0,0
2026-08-25 16:07:00.851924,2076,flowbot,0.59258,-0.04985,0.34054,-0.00000,-0.00000,0.00000,0.00000,10.00,10.00,10.00,0.0000,0.0000,-0.8000,0.0000,0,0
2026-08-25 16:07:00.904264,2077,flowbot,0.59258,-0.04985,0.34054,-0.00000,-0.00000,0.00000,0.00000,9.00,9.00,9.00,0.0000,0.0000,-0.5486,0.0000,0,0
2026-08-25 16:07:00.955094,2078,flowbot,0.59258,-0.04985,0.34054,-0.00000,-0.00000,0.00000,0.00000,9.00,9.00,9.00,0.0000,0.0000,-0.5486,0.0000,0,0
2026-08-25 16:07:01.009519,2079,flowbot,0.59258,-0.04985,0.34054,-0.00000,-0.00000,0.00000,0.00000,9.00,9.00,9.00,0.0000,0.0000,-0.5486,0.0000,0,0
2026-08-25 16:07:01.063611,2080,flowbot,0.59258,-0.04985,0.34054,-0.00000,-0.00000,0.00000,0.00000,9.00,9.00,9.00,0.0000,0.0000,-0.5486,0.0000,0,0
2026-08-25 16:07:01.117094,2081,flowbot,0.59258,-0.04985,0.34054,-0.00000,-0.00000,0.00000,0.00000,7.00,7.00,7.00,0.0000,0.0000,-1.0457,0.0000,0,0
2026-08-25 16:07:01.175763,2082,flowbot,0.59258,-0.04985,0.34054,-0.00000,-0.00000,0.00000,0.00000,7.00,7.00,7.00,0.0000,0.0000,-1.0457,0.0000,0,0
2026-08-25 16:07:01.228037,2083,flowbot,0.59258,-0.04985,0.34054,-0.00000,-0.00000,0.00000,0.00000,7.00,7.00,7.00,0.0000,0.0000,-1.0457,0.0000,0,0
2026-08-25 16:07:01.280916,2084,flowbot,0.59258,-0.04985,0.34054,-0.00000,-0.00000,0.00000,0.00000,7.00,7.00,7.00,0.0000,0.0000,-1.0457,0.0000,0,0
2026-08-25 16:07:01.334662,2085,flowbot,0.59258,-0.04985,0.34054,-0.00000,-0.00000,0.00000,0.00000,7.00,7.00,7.00,0.0000,0.0000,-0.1229,0.0000,0,0
2026-08-25 16:07:01.389650,2086,flowbot,0.59258,-0.04985,0.34054,-0.00000,-0.00000,0.00000,0.00000,7.00,7.00,7.00,0.0000,0.0000,-0.1229,0.0000,0,0
2026-08-25 16:07:01.445051,2087,flowbot,0.59258,-0.04985,0.34054,-0.00000,-0.00000,0.00000,0.00000,7.00,7.00,7.00,0.0000,0.0000,-0.1229,0.0000,0,0
2026-08-25 16:07:01.495453,2088,flowbot,0.59258,-0.04985,0.34054,-0.00000,-0.00000,0.00000,0.00000,7.00,7.00,7.00,0.0000,0.0000,-0.1229,0.0000,0,0
2026-08-25 16:07:01.544925,2089,flowbot,0.59258,-0.04985,0.34054,-0.00000,-0.00000,0.00000,0.00000,6.00,6.00,6.00,0.0000,0.0000,-0.8857,0.0000,0,0
2026-08-25 16:07:01.597888,2090,flowbot,0.59258,-0.04985,0.34054,-0.00000,-0.00000,0.00000,0.00000,6.00,6.00,6.00,0.0000,0.0000,-0.8857,0.0000,0,0
2026-08-25 16:07:01.648773,2091,flowbot,0.59258,-0.04985,0.34054,-0.00000,-0.00000,0.00000,0.00000,6.00,6.00,6.00,0.0000,0.0000,-0.8857,0.0000,0,0
2026-08-25 16:07:01.701673,2092,flowbot,0.59258,-0.04985,0.34054,-0.00000,-0.00000,0.00000,0.00000,6.00,6.00,6.00,0.0000,0.0000,-0.8857,0.0000,0,0
2026-08-25 16:07:01.752498,2093,flowbot,0.59258,-0.04985,0.34054,-0.00000,-0.00000,0.00000,0.00000,5.00,5.00,5.00,0.0000,0.0000,-0.5771,0.0000,0,0
2026-08-25 16:07:01.806452,2094,flowbot,0.59258,-0.04985,0.34054,-0.00000,-0.00000,0.00000,0.00000,5.00,5.00,5.00,0.0000,0.0000,-0.5771,0.0000,0,0
2026-08-25 16:07:01.861727,2095,flowbot,0.59258,-0.04985,0.34054,-0.00000,-0.00000,0.00000,0.00000,5.00,5.00,5.00,0.0000,0.0000,-0.5771,0.0000,0,0
2026-08-25 16:07:01.916895,2096,flowbot,0.59258,-0.04985,0.34054,-0.00000,-0.00000,0.00000,0.00000,5.00,5.00,5.00,0.0000,0.0000,-0.5771,0.0000,0,0
2026-08-25 16:07:01.968683,2097,flowbot,0.59258,-0.04985,0.34054,-0.00000,-0.00000,0.00000,0.00000,5.00,5.00,5.00,0.0000,0.0000,0.0000,0.0000,0,0
2026-08-25 16:07:02.022379,2098,flowbot,0.59258,-0.04985,0.34054,-0.00000,-0.00000,0.00000,0.00000,5.00,5.00,5.00,0.0000,0.0000,0.0000,0.0000,0,0
2026-08-25 16:07:02.077291,2099,flowbot,0.59258,-0.04985,0.34054,-0.00000,-0.00000,0.00000,0.00000,5.00,5.00,5.00,0.0000,0.0000,0.0000,0.0000,0,0
2026-08-25 16:07:02.127620,2100,flowbot,0.59258,-0.04985,0.34054,-0.00000,-0.00000,0.00000,0.00000,5.00,5.00,5.00,0.0000,0.0000,0.0000,0.0000,0,0
2026-08-25 16:07:02.179837,2101,flowbot,0.59258,-0.04985,0.34054,-0.00000,-0.00000,0.00000,0.00000,3.00,3.00,3.00,0.0000,0.0000,-0.9771,0.0000,0,0
2026-08-25 16:07:02.235101,2102,flowbot,0.59258,-0.04985,0.34054,-0.00000,-0.00000,0.00000,0.00000,3.00,3.00,3.00,0.0000,0.0000,-0.9771,0.0000,0,0
2026-08-25 16:07:02.287927,2103,flowbot,0.59258,-0.04985,0.34054,-0.00000,-0.00000,0.00000,0.00000,3.00,3.00,3.00,0.0000,0.0000,-0.9771,0.0000,0,0
2026-08-25 16:07:02.342519,2104,flowbot,0.59258,-0.04985,0.34054,-0.00000,-0.00000,0.00000,0.00000,3.00,3.00,3.00,0.0000,0.0000,-0.9771,0.0000,0,0
2026-08-25 16:07:02.403408,2105,flowbot,0.59258,-0.04985,0.34054,-0.00000,-0.00000,0.00000,0.00000,3.00,3.00,3.00,0.0000,0.0000,0.0000,0.0000,0,0
2026-08-25 16:07:02.454592,2106,flowbot,0.59258,-0.04985,0.34054,-0.00000,-0.00000,0.00000,0.00000,3.00,3.00,3.00,0.0000,0.0000,0.0000,0.0000,0,0
2026-08-25 16:07:02.510278,2107,flowbot,0.59258,-0.04985,0.34054,-0.00000,-0.00000,0.00000,0.00000,3.00,3.00,3.00,0.0000,0.0000,0.0000,0.0000,0,0
2026-08-25 16:07:02.560627,2108,flowbot,0.59258,-0.04985,0.34054,-0.00000,-0.00000,0.00000,0.00000,2.00,2.00,2.00,0.0000,0.0000,-0.9857,0.0000,0,0
2026-08-25 16:07:02.613656,2109,flowbot,0.59258,-0.04985,0.34054,-0.00000,-0.00000,0.00000,0.00000,2.00,2.00,2.00,0.0000,0.0000,-0.9857,0.0000,0,0
2026-08-25 16:07:02.664929,2110,flowbot,0.59258,-0.04985,0.34054,-0.00000,-0.00000,0.00000,0.00000,2.00,2.00,2.00,0.0000,0.0000,-0.9857,0.0000,0,0
2026-08-25 16:07:02.716089,2111,flowbot,0.59258,-0.04985,0.34054,-0.00000,-0.00000,0.00000,0.00000,2.00,2.00,2.00,0.0000,0.0000,-0.9857,0.0000,0,0
2026-08-25 16:07:02.770804,2112,flowbot,0.59258,-0.04985,0.34054,-0.00000,-0.00000,0.00000,0.00000,2.00,2.00,2.00,0.0000,0.0000,-0.1229,0.0000,0,0
2026-08-25 16:07:02.822621,2113,flowbot,0.59258,-0.04985,0.34054,-0.00000,-0.00000,0.00000,0.00000,2.00,2.00,2.00,0.0000,0.0000,-0.1229,0.0000,0,0
2026-08-25 16:07:02.875672,2114,flowbot,0.59258,-0.04985,0.34054,-0.00000,-0.00000,0.00000,0.00000,2.00,2.00,2.00,0.0000,0.0000,-0.1229,0.0000,0,0
2026-08-25 16:07:02.930258,2115,flowbot,0.59258,-0.04985,0.34054,-0.00000,-0.00000,0.00000,0.00000,2.00,2.00,2.00,0.0000,0.0000,-0.1229,0.0000,0,0
2026-08-25 16:07:02.982279,2116,flowbot,0.59258,-0.04985,0.34054,-0.00000,-0.00000,0.00000,0.00000,1.00,1.00,1.00,0.0000,0.0000,-0.3429,0.0000,0,0
2026-08-25 16:07:03.037340,2117,flowbot,0.59258,-0.04985,0.34054,-0.00000,-0.00000,0.00000,0.00000,1.00,1.00,1.00,0.0000,0.0000,-0.3429,0.0000,0,0
2026-08-25 16:07:03.089930,2118,flowbot,0.59258,-0.04985,0.34054,-0.00000,-0.00000,0.00000,0.00000,1.00,1.00,1.00,0.0000,0.0000,-0.3429,0.0000,0,0
2026-08-25 16:07:03.141818,2119,flowbot,0.59258,-0.04985,0.34054,-0.00000,-0.00000,0.00000,0.00000,1.00,1.00,1.00,0.0000,0.0000,-0.3429,0.0000,0,0
2026-08-25 16:07:03.192978,2120,flowbot,0.59258,-0.04985,0.34054,-0.00000,-0.00000,0.00000,0.00000,0.00,0.00,0.00,0.0000,0.0000,-1.0143,0.0000,0,0
2026-08-25 16:07:03.249904,2121,flowbot,0.59258,-0.04985,0.34054,-0.00000,-0.00000,0.00000,0.00000,0.00,0.00,0.00,0.0000,0.0000,-1.0143,0.0000,0,0
2026-08-25 16:07:03.300166,2122,flowbot,0.59258,-0.04985,0.34054,-0.00000,-0.00000,0.00000,0.00000,0.00,0.00,0.00,0.0000,0.0000,-1.0143,0.0000,0,0
2026-08-25 16:07:03.353191,2123,flowbot,0.59258,-0.04985,0.34054,-0.00000,-0.00000,0.00000,0.00000,0.00,0.00,0.00,0.0000,0.0000,-1.0143,0.0000,0,0
2026-08-25 16:07:03.405546,2124,flowbot,0.59258,-0.04985,0.34054,-0.00000,-0.00000,0.00000,0.00000,0.00,0.00,0.00,0.0000,0.0000,-0.2714,0.0000,0,0
2026-08-25 16:07:03.459383,2125,flowbot,0.59258,-0.04985,0.34054,-0.00000,-0.00000,0.00000,0.00000,0.00,0.00,0.00,0.0000,0.0000,-0.2714,0.0000,0,0
2026-08-25 16:07:03.514231,2126,flowbot,0.59258,-0.04985,0.34054,-0.00000,-0.00000,0.00000,0.00000,0.00,0.00,0.00,0.0000,0.0000,-0.2714,0.0000,0,0
2026-08-25 16:07:03.570408,2127,flowbot,0.59258,-0.04985,0.34054,-0.00000,-0.00000,0.00000,0.00000,0.00,0.00,0.00,0.0000,0.0000,-0.2714,0.0000,0,0
2026-08-25 16:07:03.620981,2128,flowbot,0.59258,-0.04985,0.34054,-0.00000,-0.00000,0.00000,0.00000,0.00,0.00,0.00,0.0000,0.0000,0.0000,0.0000,0,0
2026-08-25 16:07:03.675759,2129,flowbot,0.59258,-0.04985,0.34054,-0.00000,-0.00000,0.00000,0.00000,0.00,0.00,0.00,0.0000,0.0000,0.0000,0.0000,0,0
2026-08-25 16:07:03.730342,2130,flowbot,0.59258,-0.04985,0.34054,-0.00000,-0.00000,0.00000,0.00000,0.00,0.00,0.00,0.0000,0.0000,0.0000,0.0000,0,0
2026-08-25 16:07:03.785196,2131,flowbot,0.59258,-0.04985,0.34054,-0.00000,-0.00000,0.00000,0.00000,0.00,0.00,0.00,0.0000,0.0000,0.0000,0.0000,0,0
2026-08-25 16:07:03.834804,2132,flowbot,0.59258,-0.04985,0.34054,-0.00000,-0.00000,0.00000,0.00000,0.00,0.00,0.00,0.0000,0.0000,0.0000,0.0000,0,0
2026-08-25 16:07:03.887948,2133,flowbot,0.59258,-0.04985,0.34054,-0.00000,-0.00000,0.00000,0.00000,0.00,0.00,0.00,0.0000,0.0000,0.0000,0.0000,0,0
2026-08-25 16:07:03.942519,2134,flowbot,0.59258,-0.04985,0.34054,-0.00000,-0.00000,0.00000,0.00000,0.00,0.00,0.00,0.0000,0.0000,0.0000,0.0000,0,0
2026-08-25 16:07:03.993011,2135,flowbot,0.59258,-0.04985,0.34054,-0.00000,-0.00000,0.00000,0.00000,0.00,0.00,0.00,0.0000,0.0000,0.0000,0.0000,0,0
2026-08-25 16:07:04.044151,2136,flowbot,0.59258,-0.04985,0.34054,-0.00000,-0.00000,0.00000,0.00000,0.00,0.00,0.00,0.0000,0.0000,0.0000,0.0000,0,0
2026-08-25 16:07:04.096352,2137,flowbot,0.59258,-0.04985,0.34054,-0.00000,-0.00000,0.00000,0.00000,0.00,0.00,0.00,0.0000,0.0000,0.0000,0.0000,0,0
2026-08-25 16:07:04.151227,2138,flowbot,0.59258,-0.04985,0.34054,-0.00000,-0.00000,0.00000,0.00000,0.00,0.00,0.00,0.0000,0.0000,0.0000,0.0000,0,0
2026-08-25 16:07:04.205633,2139,flowbot,0.59258,-0.04985,0.34054,-0.00000,-0.00000,0.00000,0.00000,0.00,0.00,0.00,0.0000,0.0000,0.0000,0.0000,0,0
2026-08-25 16:07:04.257501,2140,flowbot,0.59258,-0.04985,0.34054,-0.00000,-0.00000,0.00000,0.00000,0.00,0.00,0.00,0.0000,0.0000,0.0000,0.0000,0,0
2026-08-25 16:07:04.310730,2141,flowbot,0.59258,-0.04985,0.34054,-0.00000,-0.00000,0.00000,0.00000,0.00,0.00,0.00,0.0000,0.0000,0.0000,0.0000,0,0
2026-08-25 16:07:04.370618,2142,flowbot,0.59258,-0.04985,0.34054,-0.00000,-0.00000,0.00000,0.00000,0.00,0.00,0.00,0.0000,0.0000,0.0000,0.0000,0,0
2026-08-25 16:07:04.416006,2143,flowbot,0.59258,-0.04985,0.34054,-0.00000,-0.00000,0.00000,0.00000,0.00,0.00,0.00,0.0000,0.0000,0.0000,0.0000,0,0
2026-08-25 16:07:04.471568,2144,flowbot,0.59258,-0.04985,0.34054,-0.00000,-0.00000,0.00000,0.00000,0.00,0.00,0.00,0.0000,0.0000,0.0000,0.0000,0,0
2026-08-25 16:07:04.527383,2145,flowbot,0.59258,-0.04985,0.34054,-0.00000,-0.00000,0.00000,0.00000,0.00,0.00,0.00,0.0000,0.0000,0.0000,0.0000,0,0
2026-08-25 16:07:04.584227,2146,flowbot,0.59258,-0.04985,0.34054,-0.00000,-0.00000,0.00000,0.00000,0.00,0.00,0.00,0.0000,0.0000,0.0000,0.0000,0,0
2026-08-25 16:07:04.626949,2147,flowbot,0.59258,-0.04985,0.34054,-0.00000,-0.00000,0.00000,0.00000,0.00,0.00,0.00,0.0000,0.0000,0.0000,0.0000,0,0
2026-08-25 16:07:04.686741,2148,flowbot,0.59258,-0.04985,0.34054,-0.00000,-0.00000,0.00000,0.00000,0.00,0.00,0.00,0.0000,0.0000,0.0000,0.0000,0,0
2026-08-25 16:07:04.730287,2149,flowbot,0.59258,-0.04985,0.34054,-0.00000,-0.00000,0.00000,0.00000,0.00,0.00,0.00,0.0000,0.0000,0.0000,0.0000,0,0
2026-08-25 16:07:04.784755,2150,flowbot,0.59258,-0.04985,0.34054,-0.00000,-0.00000,0.00000,0.00000,0.00,0.00,0.00,0.0000,0.0000,0.0000,0.0000,0,0
2026-08-25 16:07:04.839651,2151,flowbot,0.59258,-0.04985,0.34054,-0.00000,-0.00000,0.00000,0.00000,0.00,0.00,0.00,0.0000,0.0000,0.0000,0.0000,0,0
2026-08-25 16:07:04.892137,2152,flowbot,0.59258,-0.04985,0.34054,-0.00000,-0.00000,0.00000,0.00000,0.00,0.00,0.00,0.0000,0.0000,0.0000,0.0000,0,0
2026-08-25 16:07:04.945538,2153,flowbot,0.59258,-0.04985,0.34054,-0.00000,-0.00000,0.00000,0.00000,0.00,0.00,0.00,0.0000,0.0000,0.0000,0.0000,0,0
2026-08-25 16:07:04.997430,2154,flowbot,0.59258,-0.04985,0.34054,-0.00000,-0.00000,0.00000,0.00000,0.00,0.00,0.00,0.0000,0.0000,0.0000,0.0000,0,0
2026-08-25 16:07:05.050864,2155,flowbot,0.59258,-0.04985,0.34054,-0.00000,-0.00000,0.00000,0.00000,0.00,0.00,0.00,0.0000,0.0000,0.0000,0.0000,0,0
2026-08-25 16:07:05.108579,2156,flowbot,0.59258,-0.04985,0.34054,-0.00000,-0.00000,0.00000,0.00000,0.00,0.00,0.00,0.0000,0.0000,0.0000,0.0000,0,0
2026-08-25 16:07:05.156211,2157,flowbot,0.59258,-0.04985,0.34054,-0.00000,-0.00000,0.00000,0.00000,0.00,0.00,0.00,0.0000,0.0000,0.0000,0.0000,0,0
2026-08-25 16:07:05.211043,2158,flowbot,0.59258,-0.04985,0.34054,-0.00000,-0.00000,0.00000,0.00000,0.00,0.00,0.00,0.0000,0.0000,0.0000,0.0000,0,0
2026-08-25 16:07:05.263724,2159,flowbot,0.59258,-0.04985,0.34054,-0.00000,-0.00000,0.00000,0.00000,0.00,0.00,0.00,0.0000,0.0000,0.0000,0.0000,0,0
2026-08-25 16:07:05.318918,2160,flowbot,0.59258,-0.04985,0.34054,-0.00000,-0.00000,0.00000,0.00000,0.00,0.00,0.00,0.0000,0.0000,0.0000,0.0000,0,0
2026-08-25 16:07:05.376261,2161,flowbot,0.59258,-0.04985,0.34054,-0.00000,-0.00000,0.00000,0.00000,0.00,0.00,0.00,0.0000,0.0000,0.0000,0.0000,0,0
2026-08-25 16:07:05.424708,2162,flowbot,0.59258,-0.04985,0.34054,-0.00000,-0.00000,0.00000,0.00000,0.00,0.00,0.00,0.0000,0.0000,0.0000,0.0000,0,0
2026-08-25 16:07:05.472004,2163,flowbot,0.59258,-0.04985,0.34054,-0.00000,-0.00000,0.00000,0.00000,0.00,0.00,0.00,0.0000,0.0000,0.0000,0.0000,0,0
2026-08-25 16:07:05.527286,2164,flowbot,0.59258,-0.04985,0.34054,-0.00000,-0.00000,0.00000,0.00000,0.00,0.00,0.00,0.0000,0.0000,0.0000,0.0000,0,0
2026-08-25 16:07:05.584349,2165,flowbot,0.59258,-0.04985,0.34054,-0.00000,-0.00000,0.00000,0.00000,0.00,0.00,0.00,0.0000,0.0000,0.0000,0.0000,0,0
2026-08-25 16:07:05.638114,2166,flowbot,0.59258,-0.04985,0.34054,-0.00000,-0.00000,0.00000,0.00000,0.00,0.00,0.00,0.0000,0.0000,0.0000,0.0000,0,0
2026-08-25 16:07:05.691692,2167,flowbot,0.59258,-0.04985,0.34054,-0.00000,-0.00000,0.00000,0.00000,0.00,0.00,0.00,0.0000,0.0000,0.0000,0.0000,0,0
2026-08-25 16:07:05.745343,2168,flowbot,0.59258,-0.04985,0.34054,-0.00000,-0.00000,0.00000,0.00000,0.00,0.00,0.00,0.0000,0.0000,0.0000,0.0000,0,0
2026-08-25 16:07:05.796942,2169,flowbot,0.59258,-0.04985,0.34054,-0.00000,-0.00000,0.00000,0.00000,0.00,0.00,0.00,0.0000,0.0000,0.0000,0.0000,0,0
2026-08-25 16:07:05.849004,2170,flowbot,0.59258,-0.04985,0.34054,-0.00000,-0.00000,0.00000,0.00000,0.00,0.00,0.00,0.0000,0.0000,0.0000,0.0000,0,0
2026-08-25 16:07:05.903609,2171,flowbot,0.59258,-0.04985,0.34054,-0.00000,-0.00000,0.00000,0.00000,0.00,0.00,0.00,0.0000,0.0000,0.0000,0.0000,0,0
2026-08-25 16:07:05.955128,2172,flowbot,0.59258,-0.04985,0.34054,-0.00000,-0.00000,0.00000,0.00000,0.00,0.00,0.00,0.0000,0.0000,0.0000,0.0000,0,0
2026-08-25 16:07:06.008922,2173,flowbot,0.59258,-0.04985,0.34054,-0.00000,-0.00000,0.00000,0.00000,0.00,0.00,0.00,0.0000,0.0000,0.0000,0.0000,0,0
2026-08-25 16:07:06.060652,2174,flowbot,0.59258,-0.04985,0.34054,-0.00000,-0.00000,0.00000,0.00000,0.00,0.00,0.00,0.0000,0.0000,0.0000,0.0000,0,0
2026-08-25 16:07:06.111560,2175,flowbot,0.59258,-0.04985,0.34054,-0.00000,-0.00000,0.00000,0.00000,0.00,0.00,0.00,0.0000,0.0000,0.0000,0.0000,0,0
2026-08-25 16:07:06.167493,2176,flowbot,0.59258,-0.04985,0.34054,-0.00000,-0.00000,0.00000,0.00000,0.00,0.00,0.00,0.0000,0.0000,0.0000,0.0000,0,0
2026-08-25 16:07:06.218393,2177,flowbot,0.59258,-0.04985,0.34054,-0.00000,-0.00000,0.00000,0.00000,0.00,0.00,0.00,0.0000,0.0000,0.0000,0.0000,0,0
2026-08-25 16:07:06.272026,2178,flowbot,0.59258,-0.04985,0.34054,-0.00000,-0.00000,0.00000,0.00000,0.00,0.00,0.00,0.0000,0.0000,0.0000,0.0000,0,0
2026-08-25 16:07:06.322115,2179,flowbot,0.59258,-0.04985,0.34054,-0.00000,-0.00000,0.00000,0.00000,0.00,0.00,0.00,0.0000,0.0000,0.0000,0.0000,0,0
2026-08-25 16:07:06.376032,2180,flowbot,0.59258,-0.04985,0.34054,-0.00000,-0.00000,0.00000,0.00000,0.00,0.00,0.00,0.0000,0.0000,0.0000,0.0000,0,0
2026-08-25 16:07:06.429419,2181,flowbot,0.59258,-0.04985,0.34054,-0.00000,-0.00000,0.00000,0.00000,0.00,0.00,0.00,0.0000,0.0000,0.0000,0.0000,0,0
2026-08-25 16:07:06.484733,2182,flowbot,0.59258,-0.04985,0.34054,-0.00000,-0.00000,0.00000,0.00000,0.00,0.00,0.00,0.0000,0.0000,0.0000,0.0000,0,0
2026-08-25 16:07:06.535806,2183,flowbot,0.59258,-0.04985,0.34054,-0.00000,-0.00000,0.00000,0.00000,0.00,0.00,0.00,0.0000,0.0000,0.0000,0.0000,0,0
2026-08-25 16:07:06.589632,2184,flowbot,0.59258,-0.04985,0.34054,-0.00000,-0.00000,0.00000,0.00000,0.00,0.00,0.00,0.0000,0.0000,0.0000,0.0000,0,0
2026-08-25 16:07:06.643157,2185,flowbot,0.59258,-0.04985,0.34054,-0.00000,-0.00000,0.00000,0.00000,0.00,0.00,0.00,0.0000,0.0000,0.0000,0.0000,0,0
2026-08-25 16:07:06.699200,2186,flowbot,0.59258,-0.04985,0.34054,-0.00000,-0.00000,0.00000,0.00000,0.00,0.00,0.00,0.0000,0.0000,0.0000,0.0000,0,0
2026-08-25 16:07:06.759832,2187,flowbot,0.59258,-0.04985,0.34054,-0.00000,-0.00000,0.00000,0.00000,0.00,0.00,0.00,0.0000,0.0000,0.0000,0.0000,0,0
2026-08-25 16:07:06.812337,2188,flowbot,0.59258,-0.04985,0.34054,-0.00000,-0.00000,0.00000,0.00000,0.00,0.00,0.00,0.0000,0.0000,0.0000,0.0000,0,0
2026-08-25 16:07:06.866941,2189,flowbot,0.59258,-0.04985,0.34054,-0.00000,-0.00000,0.00000,0.00000,0.00,0.00,0.00,0.0000,0.0000,0.0000,0.0000,0,0
2026-08-25 16:07:06.911665,2190,flowbot,0.59258,-0.04985,0.34054,-0.00000,-0.00000,0.00000,0.00000,0.00,0.00,0.00,0.0000,0.0000,0.0000,0.0000,0,0
2026-08-25 16:07:06.967345,2191,flowbot,0.59258,-0.04985,0.34054,-0.00000,-0.00000,0.00000,0.00000,0.00,0.00,0.00,0.0000,0.0000,0.0000,0.0000,0,0
2026-08-25 16:07:07.022904,2192,flowbot,0.59258,-0.04985,0.34054,-0.00000,-0.00000,0.00000,0.00000,0.00,0.00,0.00,0.0000,0.0000,0.0000,0.0000,0,0
2026-08-25 16:07:07.074684,2193,flowbot,0.59258,-0.04985,0.34054,-0.00000,-0.00000,0.00000,0.00000,0.00,0.00,0.00,0.0000,0.0000,0.0000,0.0000,0,0
2026-08-25 16:07:07.126324,2194,flowbot,0.59258,-0.04985,0.34054,-0.00000,-0.00000,0.00000,0.00000,0.00,0.00,0.00,0.0000,0.0000,0.0000,0.0000,0,0
2026-08-25 16:07:07.179453,2195,flowbot,0.59258,-0.04985,0.34054,-0.00000,-0.00000,0.00000,0.00000,0.00,0.00,0.00,0.0000,0.0000,0.0000,0.0000,0,0
2026-08-25 16:07:07.229294,2196,flowbot,0.59258,-0.04985,0.34054,-0.00000,-0.00000,0.00000,0.00000,0.00,0.00,0.00,0.0000,0.0000,0.0000,0.0000,0,0
2026-08-25 16:07:07.282779,2197,flowbot,0.59258,-0.04985,0.34054,-0.00000,-0.00000,0.00000,0.00000,0.00,0.00,0.00,0.0000,0.0000,0.0000,0.0000,0,0
2026-08-25 16:07:07.336063,2198,flowbot,0.59258,-0.04985,0.34054,-0.00000,-0.00000,0.00000,0.00000,0.00,0.00,0.00,0.0000,0.0000,0.0000,0.0000,0,0
2026-08-25 16:07:07.394360,2199,flowbot,0.59258,-0.04985,0.34054,-0.00000,-0.00000,0.00000,0.00000,0.00,0.00,0.00,0.0000,0.0000,0.0000,0.0000,0,0
2026-08-25 16:07:07.442768,2200,flowbot,0.59258,-0.04985,0.34054,-0.00000,-0.00000,0.00000,0.00000,0.00,0.00,0.00,0.0000,0.0000,0.0000,0.0000,0,0
2026-08-25 16:07:07.495313,2201,flowbot,0.59258,-0.04985,0.34054,-0.00000,-0.00000,0.00000,0.00000,0.00,0.00,0.00,0.0000,0.0000,0.0000,0.0000,0,0
2026-08-25 16:07:07.549005,2202,flowbot,0.59258,-0.04985,0.34054,-0.00000,-0.00000,0.00000,0.00000,0.00,0.00,0.00,0.0000,0.0000,0.0000,0.0000,0,0
2026-08-25 16:07:07.600052,2203,flowbot,0.59258,-0.04985,0.34054,-0.00000,-0.00000,0.00000,0.00000,0.00,0.00,0.00,0.0000,0.0000,0.0000,0.0000,0,0
2026-08-25 16:07:07.653763,2204,flowbot,0.59258,-0.04985,0.34054,-0.00000,-0.00000,0.00000,0.00000,0.00,0.00,0.00,0.0000,0.0000,0.0000,0.0000,0,0
2026-08-25 16:07:07.708359,2205,flowbot,0.59258,-0.04985,0.34054,-0.00000,-0.00000,0.00000,0.00000,0.00,0.00,0.00,0.0000,0.0000,0.0000,0.0000,0,0
2026-08-25 16:07:07.758036,2206,flowbot,0.59258,-0.04985,0.34054,-0.00000,-0.00000,0.00000,0.00000,0.00,0.00,0.00,0.0000,0.0000,0.0000,0.0000,0,0
2026-08-25 16:07:07.813224,2207,flowbot,0.59258,-0.04985,0.34054,-0.00000,-0.00000,0.00000,0.00000,0.00,0.00,0.00,0.0000,0.0000,0.0000,0.0000,0,0
2026-08-25 16:07:07.866898,2208,flowbot,0.59258,-0.04985,0.34054,-0.00000,-0.00000,0.00000,0.00000,0.00,0.00,0.00,0.0000,0.0000,0.0000,0.0000,0,0
2026-08-25 16:07:07.920311,2209,flowbot,0.59258,-0.04985,0.34054,-0.00000,-0.00000,0.00000,0.00000,0.00,0.00,0.00,0.0000,0.0000,0.0000,0.0000,0,0
2026-08-25 16:07:07.968229,2210,flowbot,0.59258,-0.04985,0.34054,-0.00000,-0.00000,0.00000,0.00000,0.00,0.00,0.00,0.0000,0.0000,0.0000,0.0000,0,0
2026-08-25 16:07:08.021916,2211,flowbot,0.59258,-0.04985,0.34054,-0.00000,-0.00000,0.00000,0.00000,0.00,0.00,0.00,0.0000,0.0000,0.0000,0.0000,0,0
2026-08-25 16:07:08.073032,2212,flowbot,0.59258,-0.04985,0.34054,-0.00000,-0.00000,0.00000,0.00000,0.00,0.00,0.00,0.0000,0.0000,0.0000,0.0000,0,0
2026-08-25 16:07:08.126770,2213,flowbot,0.59258,-0.04985,0.34054,-0.00000,-0.00000,0.00000,0.00000,0.00,0.00,0.00,0.0000,0.0000,0.0000,0.0000,0,0
2026-08-25 16:07:08.180655,2214,flowbot,0.59258,-0.04985,0.34054,-0.00000,-0.00000,0.00000,0.00000,0.00,0.00,0.00,0.0000,0.0000,0.0000,0.0000,0,0
2026-08-25 16:07:08.234997,2215,flowbot,0.59258,-0.04985,0.34054,-0.00000,-0.00000,0.00000,0.00000,0.00,0.00,0.00,0.0000,0.0000,0.0000,0.0000,0,0
2026-08-25 16:07:08.288811,2216,flowbot,0.59258,-0.04985,0.34054,-0.00000,-0.00000,0.00000,0.00000,0.00,0.00,0.00,0.0000,0.0000,0.0000,0.0000,0,0
2026-08-25 16:07:08.342783,2217,flowbot,0.59258,-0.04985,0.34054,-0.00000,-0.00000,0.00000,0.00000,0.00,0.00,0.00,0.0000,0.0000,0.0000,0.0000,0,0
2026-08-25 16:07:08.396535,2218,flowbot,0.59258,-0.04985,0.34054,-0.00000,-0.00000,0.00000,0.00000,0.00,0.00,0.00,0.0000,0.0000,0.0000,0.0000,0,0
2026-08-25 16:07:08.450056,2219,flowbot,0.59258,-0.04985,0.34054,-0.00000,-0.00000,0.00000,0.00000,0.00,0.00,0.00,0.0000,0.0000,0.0000,0.0000,0,0
2026-08-25 16:07:08.503549,2220,flowbot,0.59258,-0.04985,0.34054,-0.00000,-0.00000,0.00000,0.00000,0.00,0.00,0.00,0.0000,0.0000,0.0000,0.0000,0,0
2026-08-25 16:07:08.557064,2221,flowbot,0.59258,-0.04985,0.34054,-0.00000,-0.00000,0.00000,0.00000,0.00,0.00,0.00,0.0000,0.0000,0.0000,0.0000,0,0
2026-08-25 16:07:08.610590,2222,flowbot,0.59258,-0.04985,0.34054,-0.00000,-0.00000,0.00000,0.00000,0.00,0.00,0.00,0.0000,0.0000,0.0000,0.0000,0,0
2026-08-25 16:07:08.664166,2223,flowbot,0.59258,-0.04985,0.34054,-0.00000,-0.00000,0.00000,0.00000,0.00,0.00,0.00,0.0000,0.0000,0.0000,0.0000,0,0
2026-08-25 16:07:08.717704,2224,flowbot,0.59258,-0.04985,0.34054,-0.00000,-0.00000,0.00000,0.00000,0.00,0.00,0.00,0.0000,0.0000,0.0000,0.0000,0,0
2026-08-25 16:07:08.771479,2225,flowbot,0.59258,-0.04985,0.34054,-0.00000,-0.00000,0.00000,0.00000,0.00,0.00,0.00,0.0000,0.0000,0.0000,0.0000,0,0
2026-08-25 16:07:08.825017,2226,flowbot,0.59258,-0.04985,0.34054,-0.00000,-0.00000,0.00000,0.00000,0.00,0.00,0.00,0.0000,0.0000,0.0000,0.0000,0,0
2026-08-25 16:07:08.878435,2227,flowbot,0.59258,-0.04985,0.34054,-0.00000,-0.00000,0.00000,0.00000,0.00,0.00,0.00,0.0000,0.0000,0.0000,0.0000,0,0
2026-08-25 16:07:08.931865,2228,flowbot,0.59258,-0.04985,0.34054,-0.00000,-0.00000,0.00000,0.00000,0.00,0.00,0.00,0.0000,0.0000,0.0000,0.0000,0,0
2026-08-25 16:07:08.985271,2229,flowbot,0.59258,-0.04985,0.34054,-0.00000,-0.00000,0.00000,0.00000,0.00,0.00,0.00,0.0000,0.0000,0.0000,0.0000,0,0
2026-08-25 16:07:09.038766,2230,flowbot,0.59258,-0.04985,0.34054,-0.00000,-0.00000,0.00000,0.00000,0.00,0.00,0.00,0.0000,0.0000,0.0000,0.0000,0,0
2026-08-25 16:07:09.092308,2231,flowbot,0.59258,-0.04985,0.34054,-0.00000,-0.00000,0.00000,0.00000,0.00,0.00,0.00,0.0000,0.0000,0.0000,0.0000,0,0
2026-08-25 16:07:09.145864,2232,flowbot,0.59258,-0.04985,0.34054,-0.00000,-0.00000,0.00000,0.00000,0.00,0.00,0.00,0.0000,0.0000,0.0000,0.0000,0,0
2026-08-25 16:07:09.200252,2233,flowbot,0.59258,-0.04985,0.34054,-0.00000,-0.00000,0.00000,0.00000,0.00,0.00,0.00,0.0000,0.0000,0.0000,0.0000,0,0
2026-08-25 16:07:09.253705,2234,flowbot,0.59258,-0.04985,0.34054,-0.00000,-0.00000,0.00000,0.00000,0.00,0.00,0.00,0.0000,0.0000,0.0000,0.0000,0,0
2026-08-25 16:07:09.307079,2235,flowbot,0.59258,-0.04985,0.34054,-0.00000,-0.00000,0.00000,0.00000,0.00,0.00,0.00,0.0000,0.0000,0.0000,0.0000,0,0
2026-08-25 16:07:09.360549,2236,flowbot,0.59258,-0.04985,0.34054,-0.00000,-0.00000,0.00000,0.00000,0.00,0.00,0.00,0.0000,0.0000,0.0000,0.0000,0,0
2026-08-25 16:07:09.413894,2237,flowbot,0.59258,-0.04985,0.34054,-0.00000,-0.00000,0.00000,0.00000,0.00,0.00,0.00,0.0000,0.0000,0.0000,0.0000,0,0
2026-08-25 16:07:09.467309,2238,flowbot,0.59258,-0.04985,0.34054,-0.00000,-0.00000,0.00000,0.00000,0.00,0.00,0.00,0.0000,0.0000,0.0000,0.0000,0,0
2026-08-25 16:07:09.521004,2239,flowbot,0.59258,-0.04985,0.34054,-0.00000,-0.00000,0.00000,0.00000,0.00,0.00,0.00,0.0000,0.0000,0.0000,0.0000,0,0
2026-08-25 16:07:09.574552,2240,flowbot,0.59258,-0.04985,0.34054,-0.00000,-0.00000,0.00000,0.00000,0.00,0.00,0.00,0.0000,0.0000,0.0000,0.0000,0,0
2026-08-25 16:07:09.628074,2241,flowbot,0.59258,-0.04985,0.34054,-0.00000,-0.00000,0.00000,0.00000,0.00,0.00,0.00,0.0000,0.0000,0.0000,0.0000,0,0
2026-08-25 16:07:09.683367,2242,flowbot,0.59258,-0.04985,0.34054,-0.00000,-0.00000,0.00000,0.00000,0.00,0.00,0.00,0.0000,0.0000,0.0000,0.0000,0,0
2026-08-25 16:07:09.736701,2243,flowbot,0.59258,-0.04985,0.34054,-0.00000,-0.00000,0.00000,0.00000,0.00,0.00,0.00,0.0000,0.0000,0.0000,0.0000,0,0
2026-08-25 16:07:09.789111,2244,flowbot,0.59258,-0.04985,0.34054,-0.00000,-0.00000,0.00000,0.00000,0.00,0.00,0.00,0.0000,0.0000,0.0000,0.0000,0,0
2026-08-25 16:07:09.840431,2245,flowbot,0.59258,-0.04985,0.34054,-0.00000,-0.00000,0.00000,0.00000,0.00,0.00,0.00,0.0000,0.0000,0.0000,0.0000,0,0
2026-08-25 16:07:09.893392,2246,flowbot,0.59258,-0.04985,0.34054,-0.00000,-0.00000,0.00000,0.00000,0.00,0.00,0.00,0.0000,0.0000,0.0000,0.0000,0,0
2026-08-25 16:07:09.946976,2247,flowbot,0.59258,-0.04985,0.34054,-0.00000,-0.00000,0.00000,0.00000,0.00,0.00,0.00,0.0000,0.0000,0.0000,0.0000,0,0
2026-08-25 16:07:10.009104,2248,flowbot,0.59258,-0.04985,0.34054,-0.00000,-0.00000,0.00000,0.00000,0.00,0.00,0.00,0.0000,0.0000,0.0000,0.0000,0,0
2026-08-25 16:07:10.063207,2249,flowbot,0.59258,-0.04985,0.34054,-0.00000,-0.00000,0.00000,0.00000,0.00,0.00,0.00,0.0000,0.0000,0.0000,0.0000,0,0
2026-08-25 16:07:10.111947,2250,flowbot,0.59258,-0.04985,0.34054,-0.00000,-0.00000,0.00000,0.00000,0.00,0.00,0.00,0.0000,0.0000,0.0000,0.0000,0,0
2026-08-25 16:07:10.174492,2251,flowbot,0.59258,-0.04985,0.34054,-0.00000,-0.00000,0.00000,0.00000,0.00,0.00,0.00,0.0000,0.0000,0.0000,0.0000,0,0
2026-08-25 16:07:10.216212,2252,flowbot,0.59258,-0.04985,0.34054,-0.00000,-0.00000,0.00000,0.00000,0.00,0.00,0.00,0.0000,0.0000,0.0000,0.0000,0,0
2026-08-25 16:07:10.268337,2253,flowbot,0.59258,-0.04985,0.34054,-0.00000,-0.00000,0.00000,0.00000,0.00,0.00,0.00,0.0000,0.0000,0.0000,0.0000,0,0
2026-08-25 16:07:10.318946,2254,flowbot,0.59258,-0.04985,0.34054,-0.00000,-0.00000,0.00000,0.00000,0.00,0.00,0.00,0.0000,0.0000,0.0000,0.0000,0,0
2026-08-25 16:07:10.367460,2255,flowbot,0.59258,-0.04985,0.34054,-0.00000,-0.00000,0.00000,0.00000,0.00,0.00,0.00,0.0000,0.0000,0.0000,0.0000,0,0
2026-08-25 16:07:10.422949,2256,flowbot,0.59258,-0.04985,0.34054,-0.00000,-0.00000,0.00000,0.00000,0.00,0.00,0.00,0.0000,0.0000,0.0000,0.0000,0,0
2026-08-25 16:07:10.477136,2257,flowbot,0.59258,-0.04985,0.34054,-0.00000,-0.00000,0.00000,0.00000,0.00,0.00,0.00,0.0000,0.0000,0.0000,0.0000,0,0
2026-08-25 16:07:10.526463,2258,flowbot,0.59258,-0.04985,0.34054,-0.00000,-0.00000,0.00000,0.00000,0.00,0.00,0.00,0.0000,0.0000,0.0000,0.0000,0,0
2026-08-25 16:07:10.575091,2259,flowbot,0.59258,-0.04985,0.34054,-0.00000,-0.00000,0.00000,0.00000,0.00,0.00,0.00,0.0000,0.0000,0.0000,0.0000,0,0
2026-08-25 16:07:10.629863,2260,flowbot,0.59258,-0.04985,0.34054,-0.00000,-0.00000,0.00000,0.00000,0.00,0.00,0.00,0.0000,0.0000,0.0000,0.0000,0,0
2026-08-25 16:07:10.681819,2261,flowbot,0.59258,-0.04985,0.34054,-0.00000,-0.00000,0.00000,0.00000,0.00,0.00,0.00,0.0000,0.0000,0.0000,0.0000,0,0
2026-08-25 16:07:10.734337,2262,flowbot,0.59258,-0.04985,0.34054,-0.00000,-0.00000,0.00000,0.00000,0.00,0.00,0.00,0.0000,0.0000,0.0000,0.0000,0,0
2026-08-25 16:07:10.783887,2263,flowbot,0.59258,-0.04985,0.34054,-0.00000,-0.00000,0.00000,0.00000,0.00,0.00,0.00,0.0000,0.0000,0.0000,0.0000,0,0
